lon,lat
12.23070,42.46719
12.22009,42.46719
12.22547,42.46131
12.22533,42.47307
12.23601,42.46719
12.22540,42.46719
12.23077,42.46131
12.23064,42.47307
12.21479,42.46719
12.22016,42.46131
12.22003,42.47307
12.22553,42.45544
12.22526,42.47894
12.24131,42.46719
12.23608,42.46131
12.23594,42.47307
12.23084,42.45544
12.23057,42.47894
12.20948,42.46719
12.21486,42.46131
12.21472,42.47307
12.22023,42.45544
12.21996,42.47894
12.22560,42.44956
12.22520,42.48482
12.24662,42.46719
12.24138,42.46131
12.24125,42.47307
12.23614,42.45544
12.23587,42.47894
12.23091,42.44956
12.23050,42.48482
12.20418,42.46719
12.20955,42.46131
12.20942,42.47307
12.21492,42.45544
12.21465,42.47894
12.22030,42.44956
12.21989,42.48482
12.22513,42.49070
12.25192,42.46719
12.24669,42.46131
12.24655,42.47307
12.24145,42.45544
12.24118,42.47894
12.23621,42.44956
12.23581,42.48482
12.23097,42.44368
12.23043,42.49070
12.19887,42.46719
12.20425,42.46131
12.20411,42.47307
12.20962,42.45544
12.20935,42.47894
12.21499,42.44956
12.21459,42.48482
12.21982,42.49070
12.22506,42.49657
12.25723,42.46719
12.25199,42.46131
12.25186,42.47307
12.24675,42.45544
12.24648,42.47894
12.24152,42.44956
12.23628,42.44368
12.19881,42.47307
12.20404,42.47894
12.20928,42.48482
12.21452,42.49070
12.21976,42.49657
12.26253,42.46719
12.25730,42.46131
12.25716,42.47307
12.25206,42.45544
12.24682,42.44956
12.24158,42.44368
12.23635,42.43781
12.19350,42.47307
12.19874,42.47894
12.20398,42.48482
12.20921,42.49070
12.21445,42.49657
12.26784,42.46719
12.26260,42.46131
12.26247,42.47307
12.25736,42.45544
12.25213,42.44956
12.24689,42.44368
12.24165,42.43781
12.23641,42.43193
12.18820,42.47307
12.19343,42.47894
12.19867,42.48482
12.20391,42.49070
12.20915,42.49657
12.21438,42.50245
12.27314,42.46719
12.26791,42.46131
12.26777,42.47307
12.26267,42.45544
12.25743,42.44956
12.25219,42.44368
12.24696,42.43781
12.24172,42.43193
12.23648,42.42605
12.18813,42.47894
12.19337,42.48482
12.19860,42.49070
12.20384,42.49657
12.20908,42.50245
12.21432,42.50833
12.27321,42.46131
12.26797,42.45544
12.26274,42.44956
12.25750,42.44368
12.25226,42.43781
12.24702,42.43193
12.24179,42.42605
12.18282,42.47894
12.18806,42.48482
12.19330,42.49070
12.19854,42.49657
12.20377,42.50245
12.20901,42.50833
12.27328,42.45544
12.26804,42.44956
12.26280,42.44368
12.25757,42.43781
12.25233,42.43193
12.24709,42.42605
12.17752,42.47894
12.18276,42.48482
12.18799,42.49070
12.19323,42.49657
12.19847,42.50245
12.20371,42.50833
12.20894,42.51420
12.27858,42.45544
12.27335,42.44956
12.26811,42.44368
12.26287,42.43781
12.25763,42.43193
12.25240,42.42605
12.24716,42.42018
12.17745,42.48482
12.18269,42.49070
12.18793,42.49657
12.19316,42.50245
12.19840,42.50833
12.20364,42.51420
12.27865,42.44956
12.27341,42.44368
12.26818,42.43781
12.26294,42.43193
12.25770,42.42605
12.25246,42.42018
12.24723,42.41430
12.17215,42.48482
12.17738,42.49070
12.18262,42.49657
12.18786,42.50245
12.19310,42.50833
12.19833,42.51420
12.20357,42.52008
12.27872,42.44368
12.27348,42.43781
12.26824,42.43193
12.26301,42.42605
12.25777,42.42018
12.17208,42.49070
12.17732,42.49657
12.18255,42.50245
12.18779,42.50833
12.19303,42.51420
12.28402,42.44368
12.27879,42.43781
12.27355,42.43193
12.26831,42.42605
12.26307,42.42018
12.25784,42.41430
12.16677,42.49070
12.17201,42.49657
12.17725,42.50245
12.18249,42.50833
12.18772,42.51420
12.19296,42.52008
12.28933,42.44368
12.28409,42.43781
12.27885,42.43193
12.27362,42.42605
12.26838,42.42018
12.26314,42.41430
12.16147,42.49070
12.16671,42.49657
12.17194,42.50245
12.17718,42.50833
12.18242,42.51420
12.18766,42.52008
12.29463,42.44368
12.28940,42.43781
12.28926,42.44956
12.28416,42.43193
12.27892,42.42605
12.27368,42.42018
12.26845,42.41430
12.15616,42.49070
12.16140,42.49657
12.16664,42.50245
12.17188,42.50833
12.17711,42.51420
12.18235,42.52008
12.29470,42.43781
12.28947,42.43193
12.28423,42.42605
12.27899,42.42018
12.27375,42.41430
12.26852,42.40842
12.15086,42.49070
12.15610,42.49657
12.16133,42.50245
12.16657,42.50833
12.17181,42.51420
12.17705,42.52008
12.18228,42.52595
12.30001,42.43781
12.29477,42.43193
12.28953,42.42605
12.28430,42.42018
12.27906,42.41430
12.27382,42.40842
12.26858,42.40255
12.15079,42.49657
12.15603,42.50245
12.16127,42.50833
12.16650,42.51420
12.17174,42.52008
12.17698,42.52595
12.30008,42.43193
12.29484,42.42605
12.28960,42.42018
12.28436,42.41430
12.27913,42.40842
12.27389,42.40255
12.26865,42.39667
12.14549,42.49657
12.15072,42.50245
12.15596,42.50833
12.16120,42.51420
12.16644,42.52008
12.17167,42.52595
12.17691,42.53183
12.30014,42.42605
12.29491,42.42018
12.28967,42.41430
12.28443,42.40842
12.27919,42.40255
12.27396,42.39667
12.26872,42.39079
12.14542,42.50245
12.15066,42.50833
12.15589,42.51420
12.16113,42.52008
12.16637,42.52595
12.17161,42.53183
12.30545,42.42605
12.30021,42.42018
12.29497,42.41430
12.28974,42.40842
12.28450,42.40255
12.27926,42.39667
12.27402,42.39079
12.14011,42.50245
12.14535,42.50833
12.15059,42.51420
12.15583,42.52008
12.16106,42.52595
12.16630,42.53183
12.17154,42.53771
12.30552,42.42018
12.30028,42.41430
12.29504,42.40842
12.28980,42.40255
12.28457,42.39667
12.27933,42.39079
12.27409,42.38492
12.14005,42.50833
12.14528,42.51420
12.15052,42.52008
12.15576,42.52595
12.16100,42.53183
12.16623,42.53771
12.17147,42.54358
12.31082,42.42018
12.30558,42.41430
12.30035,42.40842
12.29511,42.40255
12.28987,42.39667
12.28463,42.39079
12.27940,42.38492
12.13998,42.51420
12.14522,42.52008
12.15045,42.52595
12.15569,42.53183
12.16093,42.53771
12.16617,42.54358
12.17140,42.54946
12.31089,42.41430
12.30565,42.40842
12.30041,42.40255
12.29518,42.39667
12.28994,42.39079
12.28470,42.38492
12.13991,42.52008
12.14515,42.52595
12.15039,42.53183
12.15562,42.53771
12.16086,42.54358
12.16610,42.54946
12.31619,42.41430
12.31096,42.40842
12.30572,42.40255
12.30048,42.39667
12.29524,42.39079
12.29001,42.38492
12.13461,42.52008
12.13984,42.52595
12.14508,42.53183
12.15032,42.53771
12.15556,42.54358
12.16079,42.54946
12.32150,42.41430
12.31626,42.40842
12.31102,42.40255
12.30579,42.39667
12.30055,42.39079
12.29531,42.38492
12.29007,42.37904
12.13454,42.52595
12.13978,42.53183
12.14501,42.53771
12.15025,42.54358
12.15549,42.54946
12.16073,42.55534
12.32157,42.40842
12.31633,42.40255
12.31109,42.39667
12.30585,42.39079
12.30062,42.38492
12.29538,42.37904
12.13447,42.53183
12.13971,42.53771
12.14495,42.54358
12.15018,42.54946
12.15542,42.55534
12.32687,42.40842
12.32163,42.40255
12.31640,42.39667
12.31116,42.39079
12.30592,42.38492
12.30068,42.37904
12.29545,42.37316
12.12917,42.53183
12.13440,42.53771
12.13964,42.54358
12.14488,42.54946
12.15012,42.55534
12.33218,42.40842
12.32694,42.40255
12.32170,42.39667
12.31646,42.39079
12.31123,42.38492
12.30599,42.37904
12.30075,42.37316
12.12386,42.53183
12.12910,42.53771
12.13434,42.54358
12.13957,42.54946
12.14481,42.55534
12.15005,42.56121
12.33224,42.40255
12.32701,42.39667
12.32177,42.39079
12.31653,42.38492
12.31129,42.37904
12.30606,42.37316
12.30082,42.36729
12.11856,42.53183
12.12379,42.53771
12.12903,42.54358
12.13427,42.54946
12.13951,42.55534
12.14474,42.56121
12.33755,42.40255
12.33231,42.39667
12.32707,42.39079
12.32184,42.38492
12.31660,42.37904
12.31136,42.37316
12.30612,42.36729
12.11849,42.53771
12.12373,42.54358
12.12896,42.54946
12.13420,42.55534
12.13944,42.56121
12.14468,42.56709
12.33762,42.39667
12.33238,42.39079
12.32714,42.38492
12.32190,42.37904
12.31667,42.37316
12.31143,42.36729
12.30619,42.36141
12.11318,42.53771
12.11842,42.54358
12.12366,42.54946
12.12890,42.55534
12.13413,42.56121
12.13937,42.56709
12.33768,42.39079
12.33245,42.38492
12.32721,42.37904
12.32197,42.37316
12.31673,42.36729
12.31150,42.36141
12.10788,42.53771
12.11312,42.54358
12.11835,42.54946
12.12359,42.55534
12.12883,42.56121
12.13407,42.56709
12.13930,42.57297
12.34299,42.39079
12.33775,42.38492
12.33251,42.37904
12.32728,42.37316
12.32204,42.36729
12.31680,42.36141
12.10781,42.54358
12.11305,42.54946
12.11829,42.55534
12.12352,42.56121
12.12876,42.56709
12.13400,42.57297
12.34306,42.38492
12.33782,42.37904
12.33258,42.37316
12.32734,42.36729
12.32211,42.36141
12.10774,42.54946
12.11298,42.55534
12.11822,42.56121
12.12346,42.56709
12.12869,42.57297
12.13393,42.57884
12.34836,42.38492
12.34312,42.37904
12.33789,42.37316
12.33265,42.36729
12.32741,42.36141
12.32217,42.35553
12.10244,42.54946
12.10768,42.55534
12.11291,42.56121
12.11815,42.56709
12.12339,42.57297
12.12863,42.57884
12.35367,42.38492
12.34843,42.37904
12.34319,42.37316
12.33795,42.36729
12.33272,42.36141
12.32748,42.35553
12.09713,42.54946
12.10237,42.55534
12.10761,42.56121
12.11285,42.56709
12.11808,42.57297
12.12332,42.57884
12.35897,42.38492
12.35373,42.37904
12.34850,42.37316
12.34326,42.36729
12.33802,42.36141
12.33278,42.35553
12.32755,42.34966
12.09183,42.54946
12.09707,42.55534
12.10230,42.56121
12.10754,42.56709
12.11278,42.57297
12.11802,42.57884
12.36428,42.38492
12.35904,42.37904
12.35380,42.37316
12.34856,42.36729
12.34333,42.36141
12.33809,42.35553
12.33285,42.34966
12.09176,42.55534
12.09700,42.56121
12.10224,42.56709
12.10747,42.57297
12.11271,42.57884
12.11795,42.58472
12.36434,42.37904
12.35911,42.37316
12.35387,42.36729
12.34863,42.36141
12.34339,42.35553
12.33816,42.34966
12.33292,42.34378
12.08646,42.55534
12.09169,42.56121
12.09693,42.56709
12.10217,42.57297
12.10740,42.57884
12.11264,42.58472
12.11788,42.59060
12.36441,42.37316
12.35917,42.36729
12.35394,42.36141
12.34870,42.35553
12.34346,42.34966
12.33822,42.34378
12.08639,42.56121
12.09162,42.56709
12.09686,42.57297
12.10210,42.57884
12.10734,42.58472
12.11257,42.59060
12.36972,42.37316
12.36448,42.36729
12.35924,42.36141
12.35400,42.35553
12.34877,42.34966
12.34353,42.34378
12.33829,42.33790
12.08108,42.56121
12.08632,42.56709
12.09156,42.57297
12.09679,42.57884
12.10203,42.58472
12.10727,42.59060
12.36978,42.36729
12.36455,42.36141
12.35931,42.35553
12.35407,42.34966
12.34883,42.34378
12.34360,42.33790
12.33836,42.33203
12.08101,42.56709
12.08625,42.57297
12.09149,42.57884
12.09673,42.58472
12.10196,42.59060
12.10720,42.59647
12.37509,42.36729
12.36985,42.36141
12.36461,42.35553
12.35938,42.34966
12.35414,42.34378
12.34890,42.33790
12.34366,42.33203
12.08095,42.57297
12.08618,42.57884
12.09142,42.58472
12.09666,42.59060
12.10190,42.59647
12.37516,42.36141
12.36992,42.35553
12.36468,42.34966
12.35944,42.34378
12.35421,42.33790
12.34897,42.33203
12.34373,42.32615
12.07564,42.57297
12.08088,42.57884
12.08612,42.58472
12.09135,42.59060
12.09659,42.59647
12.38046,42.36141
12.37522,42.35553
12.36999,42.34966
12.36475,42.34378
12.35951,42.33790
12.35427,42.33203
12.34904,42.32615
12.34380,42.32027
12.07034,42.57297
12.07557,42.57884
12.08081,42.58472
12.08605,42.59060
12.09129,42.59647
12.09652,42.60235
12.38053,42.35553
12.37529,42.34966
12.37005,42.34378
12.36482,42.33790
12.35958,42.33203
12.35434,42.32615
12.34910,42.32027
12.06503,42.57297
12.07027,42.57884
12.07551,42.58472
12.08074,42.59060
12.08598,42.59647
12.09122,42.60235
12.38060,42.34966
12.37536,42.34378
12.37012,42.33790
12.36488,42.33203
12.35965,42.32615
12.35441,42.32027
12.06496,42.57884
12.07020,42.58472
12.07544,42.59060
12.08068,42.59647
12.08591,42.60235
12.09115,42.60823
12.38590,42.34966
12.38066,42.34378
12.37543,42.33790
12.37019,42.33203
12.36495,42.32615
12.35971,42.32027
12.35448,42.31440
12.05966,42.57884
12.06490,42.58472
12.07013,42.59060
12.07537,42.59647
12.08061,42.60235
12.08585,42.60823
12.39121,42.34966
12.38597,42.34378
12.38073,42.33790
12.37549,42.33203
12.37026,42.32615
12.36502,42.32027
12.35978,42.31440
12.35454,42.30852
12.05959,42.58472
12.06483,42.59060
12.07007,42.59647
12.07530,42.60235
12.08054,42.60823
12.08578,42.61410
12.39127,42.34378
12.38604,42.33790
12.38080,42.33203
12.37556,42.32615
12.37032,42.32027
12.36509,42.31440
12.35985,42.30852
12.05429,42.58472
12.05952,42.59060
12.06476,42.59647
12.07000,42.60235
12.07524,42.60823
12.39658,42.34378
12.39134,42.33790
12.38610,42.33203
12.38087,42.32615
12.37563,42.32027
12.37039,42.31440
12.36515,42.30852
12.04898,42.58472
12.05422,42.59060
12.05946,42.59647
12.06469,42.60235
12.06993,42.60823
12.39665,42.33790
12.39141,42.33203
12.38617,42.32615
12.38093,42.32027
12.37570,42.31440
12.37046,42.30852
12.04368,42.58472
12.04891,42.59060
12.05415,42.59647
12.05939,42.60235
12.06463,42.60823
12.06986,42.61410
12.39671,42.33203
12.39148,42.32615
12.38624,42.32027
12.38100,42.31440
12.37576,42.30852
12.37053,42.30264
12.04361,42.59060
12.04885,42.59647
12.05408,42.60235
12.05932,42.60823
12.06456,42.61410
12.39678,42.32615
12.39154,42.32027
12.38631,42.31440
12.38107,42.30852
12.37583,42.30264
12.03830,42.59060
12.04354,42.59647
12.04878,42.60235
12.05402,42.60823
12.05925,42.61410
12.06449,42.61998
12.39685,42.32027
12.39161,42.31440
12.38637,42.30852
12.38114,42.30264
12.37590,42.29677
12.03824,42.59647
12.04347,42.60235
12.04871,42.60823
12.05395,42.61410
12.05919,42.61998
12.40215,42.32027
12.39692,42.31440
12.39168,42.30852
12.38644,42.30264
12.38120,42.29677
12.37597,42.29089
12.03293,42.59647
12.03817,42.60235
12.04341,42.60823
12.04864,42.61410
12.05388,42.61998
12.05912,42.62586
12.40746,42.32027
12.40222,42.31440
12.39698,42.30852
12.39175,42.30264
12.38651,42.29677
12.38127,42.29089
12.03286,42.60235
12.03810,42.60823
12.04334,42.61410
12.04858,42.61998
12.05381,42.62586
12.41276,42.32027
12.40753,42.31440
12.40739,42.32615
12.40229,42.30852
12.39705,42.30264
12.39181,42.29677
12.38658,42.29089
12.38134,42.28501
12.02756,42.60235
12.03280,42.60823
12.03803,42.61410
12.04327,42.61998
12.04851,42.62586
12.05375,42.63173
12.41283,42.31440
12.40759,42.30852
12.40236,42.30264
12.39712,42.29677
12.39188,42.29089
12.38664,42.28501
12.02225,42.60235
12.02749,42.60823
12.03273,42.61410
12.03797,42.61998
12.04320,42.62586
12.04844,42.63173
12.41814,42.31440
12.41290,42.30852
12.40766,42.30264
12.40242,42.29677
12.39719,42.29089
12.39195,42.28501
12.38671,42.27914
12.02219,42.60823
12.02742,42.61410
12.03266,42.61998
12.03790,42.62586
12.04314,42.63173
12.04837,42.63761
12.41820,42.30852
12.41297,42.30264
12.40773,42.29677
12.40249,42.29089
12.39725,42.28501
12.39202,42.27914
12.02212,42.61410
12.02736,42.61998
12.03259,42.62586
12.03783,42.63173
12.04307,42.63761
12.04831,42.64349
12.41827,42.30264
12.41303,42.29677
12.40780,42.29089
12.40256,42.28501
12.39732,42.27914
12.39208,42.27326
12.01681,42.61410
12.02205,42.61998
12.02729,42.62586
12.03253,42.63173
12.03776,42.63761
12.04300,42.64349
12.04824,42.64936
12.42358,42.30264
12.41834,42.29677
12.41310,42.29089
12.40786,42.28501
12.40263,42.27914
12.39739,42.27326
12.01675,42.61998
12.02198,42.62586
12.02722,42.63173
12.03246,42.63761
12.03770,42.64349
12.04293,42.64936
12.42888,42.30264
12.42364,42.29677
12.41841,42.29089
12.41317,42.28501
12.40793,42.27914
12.40269,42.27326
12.39746,42.26738
12.01144,42.61998
12.01668,42.62586
12.02192,42.63173
12.02715,42.63761
12.03239,42.64349
12.03763,42.64936
12.42895,42.29677
12.42371,42.29089
12.41847,42.28501
12.41324,42.27914
12.40800,42.27326
12.40276,42.26738
12.39752,42.26151
12.00614,42.61998
12.01137,42.62586
12.01661,42.63173
12.02185,42.63761
12.02709,42.64349
12.03232,42.64936
12.03756,42.65524
12.42902,42.29089
12.42378,42.28501
12.41854,42.27914
12.41330,42.27326
12.40807,42.26738
12.40283,42.26151
12.00607,42.62586
12.01131,42.63173
12.01654,42.63761
12.02178,42.64349
12.02702,42.64936
12.03226,42.65524
12.42908,42.28501
12.42385,42.27914
12.41861,42.27326
12.41337,42.26738
12.40813,42.26151
12.40290,42.25563
12.00600,42.63173
12.01124,42.63761
12.01648,42.64349
12.02171,42.64936
12.02695,42.65524
12.03219,42.66112
12.43439,42.28501
12.42915,42.27914
12.42391,42.27326
12.41868,42.26738
12.41344,42.26151
12.40820,42.25563
12.40296,42.24976
12.00070,42.63173
12.00593,42.63761
12.01117,42.64349
12.01641,42.64936
12.02165,42.65524
12.02688,42.66112
12.43446,42.27914
12.42922,42.27326
12.42398,42.26738
12.41874,42.26151
12.41351,42.25563
12.40827,42.24976
12.00063,42.63761
12.00587,42.64349
12.01110,42.64936
12.01634,42.65524
12.02158,42.66112
12.02682,42.66699
12.43976,42.27914
12.43452,42.27326
12.42929,42.26738
12.42405,42.26151
12.41881,42.25563
12.41357,42.24976
12.40834,42.24388
11.99532,42.63761
12.00056,42.64349
12.00580,42.64936
12.01104,42.65524
12.01627,42.66112
12.02151,42.66699
12.02675,42.67287
12.43983,42.27326
12.43459,42.26738
12.42935,42.26151
12.42412,42.25563
12.41888,42.24976
12.41364,42.24388
12.40840,42.23800
11.99526,42.64349
12.00049,42.64936
12.00573,42.65524
12.01097,42.66112
12.01621,42.66699
12.02144,42.67287
12.02668,42.67875
12.44513,42.27326
12.43990,42.26738
12.43466,42.26151
12.42942,42.25563
12.42418,42.24976
12.41895,42.24388
12.41371,42.23800
11.99519,42.64936
12.00043,42.65524
12.00566,42.66112
12.01090,42.66699
12.01614,42.67287
12.02138,42.67875
12.44520,42.26738
12.43996,42.26151
12.43473,42.25563
12.42949,42.24976
12.42425,42.24388
12.41902,42.23800
11.98988,42.64936
11.99512,42.65524
12.00036,42.66112
12.00560,42.66699
12.01083,42.67287
12.01607,42.67875
12.02131,42.68462
12.45051,42.26738
12.44527,42.26151
12.44003,42.25563
12.43480,42.24976
12.42956,42.24388
12.42432,42.23800
12.41908,42.23213
11.98458,42.64936
11.98982,42.65524
11.99505,42.66112
12.00029,42.66699
12.00553,42.67287
12.01077,42.67875
12.01600,42.68462
12.45581,42.26738
12.45058,42.26151
12.44534,42.25563
12.44010,42.24976
12.43486,42.24388
12.42963,42.23800
12.42439,42.23213
12.41915,42.22625
11.98451,42.65524
11.98975,42.66112
11.99499,42.66699
12.00022,42.67287
12.00546,42.67875
12.01070,42.68462
12.01594,42.69050
12.45588,42.26151
12.45064,42.25563
12.44541,42.24976
12.44017,42.24388
12.43493,42.23800
12.42969,42.23213
11.98444,42.66112
11.98968,42.66699
11.99492,42.67287
12.00016,42.67875
12.00539,42.68462
12.01063,42.69050
12.01587,42.69638
12.46119,42.26151
12.45595,42.25563
12.45071,42.24976
12.44547,42.24388
12.44024,42.23800
12.43500,42.23213
11.97914,42.66112
11.98438,42.66699
11.98961,42.67287
11.99485,42.67875
12.00009,42.68462
12.00533,42.69050
12.01056,42.69638
12.46125,42.25563
12.45602,42.24976
12.45078,42.24388
12.44554,42.23800
12.44030,42.23213
12.43507,42.22625
11.97907,42.66699
11.98431,42.67287
11.98955,42.67875
11.99478,42.68462
12.00002,42.69050
12.00526,42.69638
12.01050,42.70225
12.46656,42.25563
12.46132,42.24976
12.45608,42.24388
12.45085,42.23800
12.44561,42.23213
12.44037,42.22625
11.97900,42.67287
11.98424,42.67875
11.98948,42.68462
11.99472,42.69050
11.99995,42.69638
12.00519,42.70225
12.01043,42.70813
12.46663,42.24976
12.46139,42.24388
12.45615,42.23800
12.45091,42.23213
12.44568,42.22625
12.44044,42.22037
11.97894,42.67875
11.98417,42.68462
11.98941,42.69050
11.99465,42.69638
11.99989,42.70225
12.00512,42.70813
12.01036,42.71401
12.46669,42.24388
12.46146,42.23800
12.45622,42.23213
12.45098,42.22625
12.44574,42.22037
12.44051,42.21450
11.97363,42.67875
11.97887,42.68462
11.98411,42.69050
11.98934,42.69638
11.99458,42.70225
11.99982,42.70813
12.00506,42.71401
12.47200,42.24388
12.46676,42.23800
12.46152,42.23213
12.45629,42.22625
12.45105,42.22037
12.44581,42.21450
11.97880,42.69050
11.98404,42.69638
11.98928,42.70225
11.99451,42.70813
11.99975,42.71401
12.00499,42.71988
12.47207,42.23800
12.46683,42.23213
12.46159,42.22625
12.45635,42.22037
12.45112,42.21450
12.44588,42.20862
11.97350,42.69050
11.97873,42.69638
11.98397,42.70225
11.98921,42.70813
11.99445,42.71401
11.99968,42.71988
12.00492,42.72576
12.47737,42.23800
12.47213,42.23213
12.46690,42.22625
12.46166,42.22037
12.45642,42.21450
12.45118,42.20862
12.44595,42.20274
11.97343,42.69638
11.97867,42.70225
11.98390,42.70813
11.98914,42.71401
11.99438,42.71988
11.99962,42.72576
12.47744,42.23213
12.47220,42.22625
12.46696,42.22037
12.46173,42.21450
12.45649,42.20862
12.45125,42.20274
11.97336,42.70225
11.97860,42.70813
11.98384,42.71401
11.98907,42.71988
11.99431,42.72576
11.99955,42.73164
12.48274,42.23213
12.47751,42.22625
12.47227,42.22037
12.46703,42.21450
12.46179,42.20862
12.45656,42.20274
11.96806,42.70225
11.97329,42.70813
11.97853,42.71401
11.98377,42.71988
11.98901,42.72576
11.99424,42.73164
12.48805,42.23213
12.48281,42.22625
12.47757,42.22037
12.47234,42.21450
12.46710,42.20862
12.46186,42.20274
12.45662,42.19687
11.96275,42.70225
11.96799,42.70813
11.97323,42.71401
11.97846,42.71988
11.98370,42.72576
11.98894,42.73164
11.99418,42.73751
12.48812,42.22625
12.48288,42.22037
12.47764,42.21450
12.47240,42.20862
12.46717,42.20274
12.46193,42.19687
12.45669,42.19099
11.96268,42.70813
11.96792,42.71401
11.97316,42.71988
11.97840,42.72576
11.98363,42.73164
11.98887,42.73751
11.99411,42.74339
12.48818,42.22037
12.48295,42.21450
12.47771,42.20862
12.47247,42.20274
12.46723,42.19687
12.46200,42.19099
11.96262,42.71401
11.96785,42.71988
11.97309,42.72576
11.97833,42.73164
11.98357,42.73751
11.98880,42.74339
11.99941,42.74339
12.49349,42.22037
12.48825,42.21450
12.48301,42.20862
12.47778,42.20274
12.47254,42.19687
12.46730,42.19099
11.95731,42.71401
11.96255,42.71988
11.96779,42.72576
11.97302,42.73164
11.97826,42.73751
11.98350,42.74339
11.98874,42.74927
12.49356,42.21450
12.48832,42.20862
12.48308,42.20274
12.47784,42.19687
12.47261,42.19099
12.46737,42.18511
11.95724,42.71988
11.96248,42.72576
11.96772,42.73164
11.97296,42.73751
11.97819,42.74339
11.98343,42.74927
11.98867,42.75514
12.49886,42.21450
12.49362,42.20862
12.48839,42.20274
12.48315,42.19687
12.47791,42.19099
12.47267,42.18511
12.46744,42.17924
11.95194,42.71988
11.95718,42.72576
11.96241,42.73164
11.96765,42.73751
11.97289,42.74339
11.97813,42.74927
11.98336,42.75514
11.98860,42.76102
12.49893,42.20862
12.49369,42.20274
12.48845,42.19687
12.48322,42.19099
12.47798,42.18511
12.47274,42.17924
12.46750,42.17336
11.95187,42.72576
11.95711,42.73164
11.96235,42.73751
11.96758,42.74339
11.97282,42.74927
11.97806,42.75514
11.98330,42.76102
12.49900,42.20274
12.49376,42.19687
12.48852,42.19099
12.48328,42.18511
12.47805,42.17924
12.47281,42.17336
11.94657,42.72576
11.95180,42.73164
11.95704,42.73751
11.96228,42.74339
11.96752,42.74927
11.97275,42.75514
11.97799,42.76102
11.98323,42.76690
12.49906,42.19687
12.49383,42.19099
12.48859,42.18511
12.48335,42.17924
12.47811,42.17336
12.47288,42.16748
11.94650,42.73164
11.95174,42.73751
11.95697,42.74339
11.96221,42.74927
11.96745,42.75514
11.97269,42.76102
11.97792,42.76690
11.98316,42.77277
12.50437,42.19687
12.49913,42.19099
12.49389,42.18511
12.48866,42.17924
12.48342,42.17336
12.47818,42.16748
11.94643,42.73751
11.95167,42.74339
11.95690,42.74927
11.96214,42.75514
11.96738,42.76102
11.97262,42.76690
11.97785,42.77277
12.50444,42.19099
12.49920,42.18511
12.49396,42.17924
12.48872,42.17336
12.48349,42.16748
11.94636,42.74339
11.95160,42.74927
11.95684,42.75514
11.96207,42.76102
11.96731,42.76690
11.97255,42.77277
11.97779,42.77865
12.50974,42.19099
12.50450,42.18511
12.49927,42.17924
12.49403,42.17336
12.48879,42.16748
12.48355,42.16161
11.94106,42.74339
11.94629,42.74927
11.95153,42.75514
11.95677,42.76102
11.96201,42.76690
11.96724,42.77277
11.97248,42.77865
11.97772,42.78452
12.51505,42.19099
12.50981,42.18511
12.50457,42.17924
12.49933,42.17336
12.49410,42.16748
12.48886,42.16161
11.94099,42.74927
11.94623,42.75514
11.95146,42.76102
11.95670,42.76690
11.96194,42.77277
11.96718,42.77865
11.97241,42.78452
12.52035,42.19099
12.51511,42.18511
12.50988,42.17924
12.50464,42.17336
12.49940,42.16748
12.49416,42.16161
12.48893,42.15573
11.94092,42.75514
11.94616,42.76102
11.95140,42.76690
11.95663,42.77277
11.96187,42.77865
11.96711,42.78452
11.97235,42.79040
12.52042,42.18511
12.51518,42.17924
12.50994,42.17336
12.50471,42.16748
12.49947,42.16161
12.49423,42.15573
11.94085,42.76102
11.94609,42.76690
11.95133,42.77277
11.95657,42.77865
11.96180,42.78452
11.96704,42.79040
12.52572,42.18511
12.52049,42.17924
12.51525,42.17336
12.51001,42.16748
12.50477,42.16161
12.49954,42.15573
11.93555,42.76102
11.94079,42.76690
11.94602,42.77277
11.95126,42.77865
11.95650,42.78452
11.96174,42.79040
11.96697,42.79628
12.53103,42.18511
12.52579,42.17924
12.52055,42.17336
12.51532,42.16748
12.51008,42.16161
12.50484,42.15573
12.49960,42.14985
11.93548,42.76690
11.94072,42.77277
11.94596,42.77865
11.95119,42.78452
11.95643,42.79040
11.96167,42.79628
12.53110,42.17924
12.52586,42.17336
12.52062,42.16748
12.51538,42.16161
12.51015,42.15573
12.50491,42.14985
12.49967,42.14398
11.93541,42.77277
11.94065,42.77865
11.94589,42.78452
11.95113,42.79040
11.95636,42.79628
11.96160,42.80215
12.53116,42.17336
12.52593,42.16748
12.52069,42.16161
12.51545,42.15573
12.51021,42.14985
12.50498,42.14398
11.93011,42.77277
11.93535,42.77865
11.94058,42.78452
11.94582,42.79040
11.95106,42.79628
11.95630,42.80215
11.96153,42.80803
12.53647,42.17336
12.53123,42.16748
12.52599,42.16161
12.52076,42.15573
12.51552,42.14985
12.51028,42.14398
12.50504,42.13810
11.93004,42.77865
11.93528,42.78452
11.94052,42.79040
11.94575,42.79628
11.95099,42.80215
11.95623,42.80803
12.53654,42.16748
12.53130,42.16161
12.52606,42.15573
12.52082,42.14985
12.51559,42.14398
12.51035,42.13810
12.50511,42.13222
11.92474,42.77865
11.92997,42.78452
11.93521,42.79040
11.94045,42.79628
11.94569,42.80215
11.95092,42.80803
11.95616,42.81391
12.53660,42.16161
12.53137,42.15573
12.52613,42.14985
12.52089,42.14398
12.51565,42.13810
12.51042,42.13222
11.92467,42.78452
11.92991,42.79040
11.93514,42.79628
11.94038,42.80215
11.94562,42.80803
11.95086,42.81391
11.95609,42.81978
12.54191,42.16161
12.53667,42.15573
12.53143,42.14985
12.52620,42.14398
12.52096,42.13810
12.51572,42.13222
12.51048,42.12635
11.91936,42.78452
11.92460,42.79040
11.92984,42.79628
11.93508,42.80215
11.94031,42.80803
11.94555,42.81391
11.95079,42.81978
12.54721,42.16161
12.54198,42.15573
12.53674,42.14985
12.53150,42.14398
12.52626,42.13810
12.52103,42.13222
12.51579,42.12635
12.51055,42.12047
11.91930,42.79040
11.92453,42.79628
11.92977,42.80215
11.93501,42.80803
11.94025,42.81391
11.94548,42.81978
11.95072,42.82566
12.54728,42.15573
12.54204,42.14985
12.53681,42.14398
12.53157,42.13810
12.52633,42.13222
12.52109,42.12635
12.51586,42.12047
11.91399,42.79040
11.91923,42.79628
11.92447,42.80215
11.92970,42.80803
11.93494,42.81391
11.94018,42.81978
11.94542,42.82566
12.54735,42.14985
12.54211,42.14398
12.53687,42.13810
12.53164,42.13222
12.52640,42.12635
12.52116,42.12047
12.51592,42.11459
11.91392,42.79628
11.91916,42.80215
11.92440,42.80803
11.92964,42.81391
11.93487,42.81978
11.94011,42.82566
11.94535,42.83154
12.55265,42.14985
12.54742,42.14398
12.54218,42.13810
12.53694,42.13222
12.53170,42.12635
12.52647,42.12047
12.52123,42.11459
11.90862,42.79628
11.91386,42.80215
11.91909,42.80803
11.92433,42.81391
11.92957,42.81978
11.93481,42.82566
11.94004,42.83154
12.55272,42.14398
12.54748,42.13810
12.54225,42.13222
12.53701,42.12635
12.53177,42.12047
12.52653,42.11459
12.52130,42.10872
11.90855,42.80215
11.91379,42.80803
11.91903,42.81391
11.92426,42.81978
11.92950,42.82566
11.93474,42.83154
11.93998,42.83741
12.55279,42.13810
12.54755,42.13222
12.54231,42.12635
12.53708,42.12047
12.53184,42.11459
12.52660,42.10872
11.90848,42.80803
11.91372,42.81391
11.91896,42.81978
11.92420,42.82566
11.92943,42.83154
11.93467,42.83741
11.93991,42.84329
12.55286,42.13222
12.54762,42.12635
12.54238,42.12047
12.53714,42.11459
12.53191,42.10872
12.52667,42.10284
11.90318,42.80803
11.90842,42.81391
11.91365,42.81978
11.91889,42.82566
11.92413,42.83154
11.92937,42.83741
11.93460,42.84329
12.55816,42.13222
12.55292,42.12635
12.54769,42.12047
12.54245,42.11459
12.53721,42.10872
12.53197,42.10284
12.52674,42.09696
11.90311,42.81391
11.90835,42.81978
11.91359,42.82566
11.91882,42.83154
11.92406,42.83741
11.92930,42.84329
11.93454,42.84917
12.55823,42.12635
12.55299,42.12047
12.54775,42.11459
12.54252,42.10872
12.53728,42.10284
12.53204,42.09696
11.89781,42.81391
11.90304,42.81978
11.90828,42.82566
11.91352,42.83154
11.91876,42.83741
11.92399,42.84329
11.92923,42.84917
12.56353,42.12635
12.55830,42.12047
12.55306,42.11459
12.54782,42.10872
12.54258,42.10284
12.53735,42.09696
12.53211,42.09109
11.89774,42.81978
11.90298,42.82566
11.90821,42.83154
11.91345,42.83741
11.91869,42.84329
11.92393,42.84917
11.92916,42.85504
12.56884,42.12635
12.56360,42.12047
12.55836,42.11459
12.55313,42.10872
12.54789,42.10284
12.54265,42.09696
12.53741,42.09109
11.89243,42.81978
11.89767,42.82566
11.90291,42.83154
11.90815,42.83741
11.91338,42.84329
11.91862,42.84917
11.92386,42.85504
11.92910,42.86092
12.56891,42.12047
12.56367,42.11459
12.55843,42.10872
12.55319,42.10284
12.54796,42.09696
12.54272,42.09109
12.53748,42.08521
11.89237,42.82566
11.89760,42.83154
11.90284,42.83741
11.90808,42.84329
11.91332,42.84917
11.91855,42.85504
11.92379,42.86092
12.57421,42.12047
12.56897,42.11459
12.56374,42.10872
12.55850,42.10284
12.55326,42.09696
12.54802,42.09109
12.54279,42.08521
11.89230,42.83154
11.89754,42.83741
11.90277,42.84329
11.90801,42.84917
11.91325,42.85504
11.91849,42.86092
11.92372,42.86680
12.57428,42.11459
12.56904,42.10872
12.56380,42.10284
12.55857,42.09696
12.55333,42.09109
12.54809,42.08521
12.54285,42.07933
11.88699,42.83154
11.89223,42.83741
11.89747,42.84329
11.90271,42.84917
11.90794,42.85504
11.91318,42.86092
11.91842,42.86680
12.57435,42.10872
12.56911,42.10284
12.56387,42.09696
12.55863,42.09109
12.55340,42.08521
12.54816,42.07933
11.88169,42.83154
11.88693,42.83741
11.89216,42.84329
11.89740,42.84917
11.90264,42.85504
11.90788,42.86092
11.91311,42.86680
11.91835,42.87267
12.57441,42.10284
12.56918,42.09696
12.56394,42.09109
12.55870,42.08521
12.55346,42.07933
12.54823,42.07346
11.88162,42.83741
11.88686,42.84329
11.89210,42.84917
11.89733,42.85504
11.90257,42.86092
11.90781,42.86680
11.91305,42.87267
12.57972,42.10284
12.57448,42.09696
12.56924,42.09109
12.56401,42.08521
12.55877,42.07933
12.55353,42.07346
12.54829,42.06758
11.87632,42.83741
11.88155,42.84329
11.88679,42.84917
11.89203,42.85504
11.89727,42.86092
11.90250,42.86680
11.90774,42.87267
11.91298,42.87855
12.58502,42.10284
12.57979,42.09696
12.57455,42.09109
12.56931,42.08521
12.56407,42.07933
12.55884,42.07346
12.55360,42.06758
12.54299,42.06758
12.54836,42.06170
11.87625,42.84329
11.88149,42.84917
11.88672,42.85504
11.89196,42.86092
11.89720,42.86680
11.90244,42.87267
11.90767,42.87855
11.91291,42.88443
12.58509,42.09696
12.57985,42.09109
12.57462,42.08521
12.56938,42.07933
12.56414,42.07346
12.55890,42.06758
12.55367,42.06170
12.54843,42.05583
11.87618,42.84917
11.88142,42.85504
11.88666,42.86092
11.89189,42.86680
11.89713,42.87267
11.90237,42.87855
11.90761,42.88443
12.58516,42.09109
12.57992,42.08521
12.57468,42.07933
12.56945,42.07346
12.56421,42.06758
12.55897,42.06170
12.55373,42.05583
12.54850,42.04995
11.87611,42.85504
11.88135,42.86092
11.88659,42.86680
11.89183,42.87267
11.89706,42.87855
11.90230,42.88443
11.90754,42.89030
12.58523,42.08521
12.57999,42.07933
12.57475,42.07346
12.56951,42.06758
12.56428,42.06170
12.55904,42.05583
12.55380,42.04995
11.87081,42.85504
11.87605,42.86092
11.88128,42.86680
11.88652,42.87267
11.89176,42.87855
11.89700,42.88443
11.90223,42.89030
11.90747,42.89618
12.58530,42.07933
12.58006,42.07346
12.57482,42.06758
12.56958,42.06170
12.56435,42.05583
12.55911,42.04995
12.55387,42.04407
11.87074,42.86092
11.87598,42.86680
11.88122,42.87267
11.88645,42.87855
11.89169,42.88443
11.89693,42.89030
11.90217,42.89618
12.58536,42.07346
12.58013,42.06758
12.57489,42.06170
12.56965,42.05583
12.56441,42.04995
12.55918,42.04407
12.55394,42.03820
11.86544,42.86092
11.87067,42.86680
11.87591,42.87267
11.88115,42.87855
11.88639,42.88443
11.89162,42.89030
11.89686,42.89618
11.90210,42.90206
12.59067,42.07346
12.58543,42.06758
12.58019,42.06170
12.57496,42.05583
12.56972,42.04995
12.56448,42.04407
12.55924,42.03820
11.86537,42.86680
11.87061,42.87267
11.87584,42.87855
11.88108,42.88443
11.88632,42.89030
11.89156,42.89618
11.89679,42.90206
12.59074,42.06758
12.58550,42.06170
12.58026,42.05583
12.57502,42.04995
12.56979,42.04407
12.56455,42.03820
12.55931,42.03232
11.86006,42.86680
11.86530,42.87267
11.87054,42.87855
11.87578,42.88443
11.88101,42.89030
11.88625,42.89618
11.89149,42.90206
11.89673,42.90793
12.59604,42.06758
12.59080,42.06170
12.58557,42.05583
12.58033,42.04995
12.57509,42.04407
12.56985,42.03820
12.56462,42.03232
11.86000,42.87267
11.86523,42.87855
11.87047,42.88443
11.87571,42.89030
11.88095,42.89618
11.88618,42.90206
11.89142,42.90793
12.59611,42.06170
12.59087,42.05583
12.58563,42.04995
12.58040,42.04407
12.57516,42.03820
12.56992,42.03232
12.56468,42.02644
11.85469,42.87267
11.85993,42.87855
11.86517,42.88443
11.87040,42.89030
11.87564,42.89618
11.88088,42.90206
11.88612,42.90793
12.59618,42.05583
12.59094,42.04995
12.58570,42.04407
12.58046,42.03820
12.57523,42.03232
12.56999,42.02644
11.85462,42.87855
11.85986,42.88443
11.86510,42.89030
11.87034,42.89618
11.87557,42.90206
11.88081,42.90793
11.88605,42.91381
12.60148,42.05583
12.59624,42.04995
12.59101,42.04407
12.58577,42.03820
12.58053,42.03232
12.57529,42.02644
12.57006,42.02057
11.84932,42.87855
11.85456,42.88443
11.85979,42.89030
11.86503,42.89618
11.87027,42.90206
11.87551,42.90793
11.88074,42.91381
12.60155,42.04995
12.59631,42.04407
12.59107,42.03820
12.58584,42.03232
12.58060,42.02644
12.57536,42.02057
12.57012,42.01469
11.84925,42.88443
11.85449,42.89030
11.85973,42.89618
11.86496,42.90206
11.87020,42.90793
11.87544,42.91381
11.88068,42.91969
12.60162,42.04407
12.59638,42.03820
12.59114,42.03232
12.58590,42.02644
12.58067,42.02057
12.57543,42.01469
12.56482,42.01469
12.57019,42.00881
11.84918,42.89030
11.85442,42.89618
11.85966,42.90206
11.86490,42.90793
11.87013,42.91381
11.87537,42.91969
12.60168,42.03820
12.59645,42.03232
12.59121,42.02644
12.58597,42.02057
12.58073,42.01469
12.57550,42.00881
12.56489,42.00881
12.57026,42.00294
11.84388,42.89030
11.84912,42.89618
11.85435,42.90206
11.85959,42.90793
11.86483,42.91381
11.87007,42.91969
11.87530,42.92556
12.60175,42.03232
12.59651,42.02644
12.59128,42.02057
12.58604,42.01469
12.58080,42.00881
12.57556,42.00294
12.56495,42.00294
12.57033,41.99706
11.84381,42.89618
11.84905,42.90206
11.85429,42.90793
11.85952,42.91381
11.86476,42.91969
11.87000,42.92556
11.87524,42.93144
12.60182,42.02644
12.59658,42.02057
12.59134,42.01469
12.58611,42.00881
12.58087,42.00294
12.57563,41.99706
12.57039,41.99119
11.83851,42.89618
11.84374,42.90206
11.84898,42.90793
11.85422,42.91381
11.85946,42.91969
11.86469,42.92556
11.86993,42.93144
11.87517,42.93732
12.60189,42.02057
12.59665,42.01469
12.59141,42.00881
12.58617,42.00294
12.58094,41.99706
12.57570,41.99119
12.57046,41.98531
11.83844,42.90206
11.84368,42.90793
11.84891,42.91381
11.85415,42.91969
11.85939,42.92556
11.86463,42.93144
11.86986,42.93732
12.60195,42.01469
12.59672,42.00881
12.59148,42.00294
12.58624,41.99706
12.58100,41.99119
12.57577,41.98531
11.83313,42.90206
11.83837,42.90793
11.84361,42.91381
11.84885,42.91969
11.85408,42.92556
11.85932,42.93144
11.86456,42.93732
12.60202,42.00881
12.59678,42.00294
12.59155,41.99706
12.58631,41.99119
12.58107,41.98531
12.57583,41.97943
11.83307,42.90793
11.83830,42.91381
11.84354,42.91969
11.84878,42.92556
11.85402,42.93144
11.85925,42.93732
11.86449,42.94319
12.60733,42.00881
12.60209,42.00294
12.59685,41.99706
12.59161,41.99119
12.58638,41.98531
12.58114,41.97943
12.57590,41.97356
11.82776,42.90793
11.83300,42.91381
11.83824,42.91969
11.84347,42.92556
11.84871,42.93144
11.85395,42.93732
11.85919,42.94319
12.60739,42.00294
12.60216,41.99706
12.59692,41.99119
12.59168,41.98531
12.58644,41.97943
12.58121,41.97356
11.82769,42.91381
11.83293,42.91969
11.83817,42.92556
11.84341,42.93144
11.84864,42.93732
11.85388,42.94319
11.85912,42.94907
12.60746,41.99706
12.60222,41.99119
12.59699,41.98531
12.59175,41.97943
12.58651,41.97356
12.58127,41.96768
11.82763,42.91969
11.83286,42.92556
11.83810,42.93144
11.84334,42.93732
11.84858,42.94319
11.85381,42.94907
12.60753,41.99119
12.60229,41.98531
12.59705,41.97943
12.59182,41.97356
12.58658,41.96768
12.58134,41.96180
11.82232,42.91969
11.82756,42.92556
11.83280,42.93144
11.83803,42.93732
11.84327,42.94319
11.84851,42.94907
11.85375,42.95495
12.61283,41.99119
12.60760,41.98531
12.60236,41.97943
12.59712,41.97356
12.59188,41.96768
12.58665,41.96180
12.58141,41.95593
11.81702,42.91969
11.82225,42.92556
11.82749,42.93144
11.83273,42.93732
11.83797,42.94319
11.84320,42.94907
11.84844,42.95495
12.61290,41.98531
12.60766,41.97943
12.60243,41.97356
12.59719,41.96768
12.59195,41.96180
12.58671,41.95593
11.81695,42.92556
11.82219,42.93144
11.82742,42.93732
11.83266,42.94319
11.83790,42.94907
11.84314,42.95495
11.84837,42.96082
12.61297,41.97943
12.60773,41.97356
12.60249,41.96768
12.59726,41.96180
12.59202,41.95593
12.58678,41.95005
11.81688,42.93144
11.82212,42.93732
11.82735,42.94319
11.83259,42.94907
11.83783,42.95495
11.84307,42.96082
11.84830,42.96670
12.61827,41.97943
12.61304,41.97356
12.60780,41.96768
12.60256,41.96180
12.59732,41.95593
12.59209,41.95005
12.58685,41.94417
11.81681,42.93732
11.82205,42.94319
11.82729,42.94907
11.83252,42.95495
11.83776,42.96082
11.84300,42.96670
12.61834,41.97356
12.61310,41.96768
12.60787,41.96180
12.60263,41.95593
12.59739,41.95005
12.59215,41.94417
12.58692,41.93830
11.81151,42.93732
11.81674,42.94319
11.82198,42.94907
11.82722,42.95495
11.83246,42.96082
11.83769,42.96670
11.84293,42.97258
12.61841,41.96768
12.61317,41.96180
12.60793,41.95593
12.60270,41.95005
12.59746,41.94417
12.59222,41.93830
12.58698,41.93242
11.81144,42.94319
11.81668,42.94907
11.82191,42.95495
11.82715,42.96082
11.83239,42.96670
11.83763,42.97258
11.84286,42.97845
12.61848,41.96180
12.61324,41.95593
12.60800,41.95005
12.60276,41.94417
12.59753,41.93830
12.59229,41.93242
11.80613,42.94319
11.81137,42.94907
11.81661,42.95495
11.82185,42.96082
11.82708,42.96670
11.83232,42.97258
11.83756,42.97845
12.62378,41.96180
12.61854,41.95593
12.61331,41.95005
12.60807,41.94417
12.60283,41.93830
12.59759,41.93242
12.59236,41.92654
11.80607,42.94907
11.81130,42.95495
11.81654,42.96082
11.82178,42.96670
11.82702,42.97258
11.83225,42.97845
11.83749,42.98433
12.62385,41.95593
12.61861,41.95005
12.61337,41.94417
12.60814,41.93830
12.60290,41.93242
12.59766,41.92654
12.59242,41.92067
11.80076,42.94907
11.80600,42.95495
11.81124,42.96082
11.81647,42.96670
11.82171,42.97258
11.82695,42.97845
11.83219,42.98433
12.62392,41.95005
12.61868,41.94417
12.61344,41.93830
12.60820,41.93242
12.60297,41.92654
12.59773,41.92067
12.59249,41.91479
11.80069,42.95495
11.80593,42.96082
11.81117,42.96670
11.81641,42.97258
11.82164,42.97845
11.82688,42.98433
12.62398,41.94417
12.61875,41.93830
12.61351,41.93242
12.60827,41.92654
12.60303,41.92067
12.59780,41.91479
12.58719,41.91479
12.59256,41.90891
11.79539,42.95495
11.80063,42.96082
11.80586,42.96670
11.81110,42.97258
11.81634,42.97845
11.82158,42.98433
11.82681,42.99021
12.62405,41.93830
12.61881,41.93242
12.61358,41.92654
12.60834,41.92067
12.60310,41.91479
12.59786,41.90891
12.59263,41.90304
11.79532,42.96082
11.80056,42.96670
11.80580,42.97258
11.81103,42.97845
11.81627,42.98433
11.82151,42.99021
11.82675,42.99608
12.62412,41.93242
12.61888,41.92654
12.61364,41.92067
12.60841,41.91479
12.60317,41.90891
12.59793,41.90304
12.59269,41.89716
11.79525,42.96670
11.80049,42.97258
11.80573,42.97845
11.81097,42.98433
11.81620,42.99021
11.82144,42.99608
12.62419,41.92654
12.61895,41.92067
12.61371,41.91479
12.60847,41.90891
12.60324,41.90304
12.59800,41.89716
11.78995,42.96670
11.79519,42.97258
11.80042,42.97845
11.80566,42.98433
11.81090,42.99021
11.81614,42.99608
11.82137,43.00196
12.62949,41.92654
12.62425,41.92067
12.61902,41.91479
12.61378,41.90891
12.60854,41.90304
12.60330,41.89716
12.59807,41.89128
11.78988,42.97258
11.79512,42.97845
11.80036,42.98433
11.80559,42.99021
11.81083,42.99608
11.81607,43.00196
12.62956,41.92067
12.62432,41.91479
12.61908,41.90891
12.61385,41.90304
12.60861,41.89716
12.60337,41.89128
12.59813,41.88541
11.78458,42.97258
11.78981,42.97845
11.79505,42.98433
11.80029,42.99021
11.80553,42.99608
11.81076,43.00196
11.81600,43.00784
12.62963,41.91479
12.62439,41.90891
12.61915,41.90304
12.61391,41.89716
12.60868,41.89128
12.60344,41.88541
12.59820,41.87953
11.78451,42.97845
11.78975,42.98433
11.79498,42.99021
11.80022,42.99608
11.80546,43.00196
11.81070,43.00784
12.62969,41.90891
12.62446,41.90304
12.61922,41.89716
12.61398,41.89128
12.60874,41.88541
12.60351,41.87953
11.77920,42.97845
11.78444,42.98433
11.78968,42.99021
11.79492,42.99608
11.80015,43.00196
11.80539,43.00784
11.81063,43.01371
12.63500,41.90891
12.62976,41.90304
12.62452,41.89716
12.61929,41.89128
12.61405,41.88541
12.60881,41.87953
12.60357,41.87365
11.77914,42.98433
11.78437,42.99021
11.78961,42.99608
11.79485,43.00196
11.80009,43.00784
11.80532,43.01371
12.63507,41.90304
12.62983,41.89716
12.62459,41.89128
12.61935,41.88541
12.61412,41.87953
12.60888,41.87365
12.60364,41.86778
11.77383,42.98433
11.77907,42.99021
11.78431,42.99608
11.78954,43.00196
11.79478,43.00784
11.80002,43.01371
11.80526,43.01959
12.63513,41.89716
12.62990,41.89128
12.62466,41.88541
12.61942,41.87953
12.61418,41.87365
12.60895,41.86778
12.60371,41.86190
11.77376,42.99021
11.77900,42.99608
11.78424,43.00196
11.78948,43.00784
11.79471,43.01371
11.79995,43.01959
12.64044,41.89716
12.63520,41.89128
12.62996,41.88541
12.62473,41.87953
12.61949,41.87365
12.61425,41.86778
12.60901,41.86190
12.60378,41.85602
11.76846,42.99021
11.77370,42.99608
11.77893,43.00196
11.78417,43.00784
11.78941,43.01371
11.79465,43.01959
11.79988,43.02547
12.64051,41.89128
12.63527,41.88541
12.63003,41.87953
12.62479,41.87365
12.61956,41.86778
12.61432,41.86190
12.60908,41.85602
12.60384,41.85015
11.76839,42.99608
11.77363,43.00196
11.77887,43.00784
11.78410,43.01371
11.78934,43.01959
11.79458,43.02547
12.63534,41.87953
12.63010,41.87365
12.62486,41.86778
12.61962,41.86190
12.61439,41.85602
12.60915,41.85015
12.60391,41.84427
11.76832,43.00196
11.77356,43.00784
11.77880,43.01371
11.78404,43.01959
11.78927,43.02547
11.79451,43.03134
12.64064,41.87953
12.63540,41.87365
12.63017,41.86778
12.62493,41.86190
12.61969,41.85602
12.61445,41.85015
12.60922,41.84427
12.60398,41.83839
11.76302,43.00196
11.76826,43.00784
11.77349,43.01371
11.77873,43.01959
11.78397,43.02547
11.78921,43.03134
11.79444,43.03722
12.64071,41.87365
12.63547,41.86778
12.63023,41.86190
12.62500,41.85602
12.61976,41.85015
12.61452,41.84427
12.60928,41.83839
11.75771,43.00196
11.76295,43.00784
11.76819,43.01371
11.77343,43.01959
11.77866,43.02547
11.78390,43.03134
11.78914,43.03722
12.64078,41.86778
12.63554,41.86190
12.63030,41.85602
12.62506,41.85015
12.61983,41.84427
12.61459,41.83839
12.60935,41.83252
11.75765,43.00784
11.76288,43.01371
11.76812,43.01959
11.77336,43.02547
11.77860,43.03134
11.78383,43.03722
11.78907,43.04310
12.64084,41.86190
12.63561,41.85602
12.63037,41.85015
12.62513,41.84427
12.61989,41.83839
12.61466,41.83252
12.60942,41.82664
11.75234,43.00784
11.75758,43.01371
11.76282,43.01959
11.76805,43.02547
11.77329,43.03134
11.77853,43.03722
11.78377,43.04310
12.64091,41.85602
12.63567,41.85015
12.63044,41.84427
12.62520,41.83839
12.61996,41.83252
12.61472,41.82664
12.60949,41.82076
11.75227,43.01371
11.75751,43.01959
11.76275,43.02547
11.76799,43.03134
11.77322,43.03722
11.77846,43.04310
12.64622,41.85602
12.64098,41.85015
12.63574,41.84427
12.63050,41.83839
12.62527,41.83252
12.62003,41.82664
12.61479,41.82076
12.60955,41.81489
11.74697,43.01371
11.75221,43.01959
11.75744,43.02547
11.76268,43.03134
11.76792,43.03722
11.77316,43.04310
11.77839,43.04897
12.64628,41.85015
12.64105,41.84427
12.63581,41.83839
12.63057,41.83252
12.62533,41.82664
12.62010,41.82076
12.61486,41.81489
12.60962,41.80901
11.74690,43.01959
11.75214,43.02547
11.75738,43.03134
11.76261,43.03722
11.76785,43.04310
11.77309,43.04897
11.77833,43.05485
12.64635,41.84427
12.64111,41.83839
12.63588,41.83252
12.63064,41.82664
12.62540,41.82076
12.62016,41.81489
12.61493,41.80901
12.60969,41.80313
11.74683,43.02547
11.75207,43.03134
11.75731,43.03722
11.76255,43.04310
11.76778,43.04897
11.77302,43.05485
12.65166,41.84427
12.64642,41.83839
12.64118,41.83252
12.63594,41.82664
12.63071,41.82076
12.62547,41.81489
12.62023,41.80901
12.61499,41.80313
11.74153,43.02547
11.74677,43.03134
11.75200,43.03722
11.75724,43.04310
11.76248,43.04897
11.76772,43.05485
12.64649,41.83252
12.64125,41.82664
12.63601,41.82076
12.63077,41.81489
12.62554,41.80901
12.62030,41.80313
12.61506,41.79726
11.74146,43.03134
11.74670,43.03722
11.75194,43.04310
11.75717,43.04897
11.76241,43.05485
11.76765,43.06072
12.65179,41.83252
12.64655,41.82664
12.64132,41.82076
12.63608,41.81489
12.63084,41.80901
12.62561,41.80313
12.62037,41.79726
12.61513,41.79138
11.73616,43.03134
11.74139,43.03722
11.74663,43.04310
11.75187,43.04897
11.75711,43.05485
11.76234,43.06072
11.76758,43.06660
12.65186,41.82664
12.64662,41.82076
12.64139,41.81489
12.63615,41.80901
12.63091,41.80313
12.62567,41.79726
12.62044,41.79138
11.73609,43.03722
11.74133,43.04310
11.74656,43.04897
11.75180,43.05485
11.75704,43.06072
11.76228,43.06660
12.65193,41.82076
12.64669,41.81489
12.64145,41.80901
12.63622,41.80313
12.63098,41.79726
12.62574,41.79138
12.62050,41.78550
11.73078,43.03722
11.73602,43.04310
11.74126,43.04897
11.74650,43.05485
11.75173,43.06072
11.75697,43.06660
11.76221,43.07248
12.65200,41.81489
12.64676,41.80901
12.64152,41.80313
12.63628,41.79726
12.63105,41.79138
12.62581,41.78550
12.62057,41.77963
11.72548,43.03722
11.73072,43.04310
11.73595,43.04897
11.74119,43.05485
11.74643,43.06072
11.75167,43.06660
11.75690,43.07248
11.76214,43.07835
12.65730,41.81489
12.65206,41.80901
12.64683,41.80313
12.64159,41.79726
12.63635,41.79138
12.63111,41.78550
12.62588,41.77963
12.62064,41.77375
11.72541,43.04310
11.73065,43.04897
11.73589,43.05485
11.74112,43.06072
11.74636,43.06660
11.75160,43.07248
11.75684,43.07835
12.65213,41.80313
12.64689,41.79726
12.64166,41.79138
12.63642,41.78550
12.63118,41.77963
12.62594,41.77375
12.62071,41.76787
11.72011,43.04310
11.72534,43.04897
11.73058,43.05485
11.73582,43.06072
11.74106,43.06660
11.74629,43.07248
11.75153,43.07835
12.65744,41.80313
12.65220,41.79726
12.64696,41.79138
12.64172,41.78550
12.63649,41.77963
12.63125,41.77375
12.62601,41.76787
11.71480,43.04310
11.72004,43.04897
11.72528,43.05485
11.73051,43.06072
11.73575,43.06660
11.74099,43.07248
12.65750,41.79726
12.65227,41.79138
12.64703,41.78550
12.64179,41.77963
12.63655,41.77375
12.63132,41.76787
12.62608,41.76200
11.70950,43.04310
11.71487,43.03722
11.71473,43.04897
11.71997,43.05485
11.72521,43.06072
11.73045,43.06660
11.73568,43.07248
11.74092,43.07835
12.66281,41.79726
12.65757,41.79138
12.65233,41.78550
12.64710,41.77963
12.64186,41.77375
12.63662,41.76787
12.63138,41.76200
12.62615,41.75612
11.70419,43.04310
11.70943,43.04897
11.71467,43.05485
11.71990,43.06072
11.72514,43.06660
11.73038,43.07248
11.73562,43.07835
12.65764,41.78550
12.65240,41.77963
12.64716,41.77375
12.64193,41.76787
12.63669,41.76200
12.63145,41.75612
12.62621,41.75024
11.70412,43.04897
11.70936,43.05485
11.71460,43.06072
11.71984,43.06660
11.72507,43.07248
11.73031,43.07835
11.73555,43.08423
12.66294,41.78550
12.65771,41.77963
12.65247,41.77375
12.64723,41.76787
12.64199,41.76200
12.63676,41.75612
12.63152,41.75024
12.62628,41.74437
11.70406,43.05485
11.70929,43.06072
11.71453,43.06660
11.71977,43.07248
11.72501,43.07835
11.73024,43.08423
11.73548,43.09011
12.65777,41.77375
12.65254,41.76787
12.64730,41.76200
12.64206,41.75612
12.63682,41.75024
12.63159,41.74437
12.62635,41.73849
11.69875,43.05485
11.70399,43.06072
11.70923,43.06660
11.71446,43.07248
11.71970,43.07835
11.72494,43.08423
11.73018,43.09011
11.73541,43.09598
12.66308,41.77375
12.65784,41.76787
12.65260,41.76200
12.64737,41.75612
12.64213,41.75024
12.63689,41.74437
12.63165,41.73849
11.70392,43.06660
11.70916,43.07248
11.71440,43.07835
11.71963,43.08423
11.72487,43.09011
11.73011,43.09598
11.73535,43.10186
12.66315,41.76787
12.65791,41.76200
12.65267,41.75612
12.64743,41.75024
12.64220,41.74437
12.63696,41.73849
12.63172,41.73262
11.69862,43.06660
11.70385,43.07248
11.70909,43.07835
11.71433,43.08423
11.71957,43.09011
11.72480,43.09598
11.73004,43.10186
12.66321,41.76200
12.65798,41.75612
12.65274,41.75024
12.64750,41.74437
12.64226,41.73849
12.63703,41.73262
12.63179,41.72674
11.69855,43.07248
11.70379,43.07835
11.70902,43.08423
11.71426,43.09011
11.71950,43.09598
11.72474,43.10186
11.72997,43.10774
12.66852,41.76200
12.66328,41.75612
12.65804,41.75024
12.65281,41.74437
12.64757,41.73849
12.64233,41.73262
12.63709,41.72674
11.69848,43.07835
11.70372,43.08423
11.70896,43.09011
11.71419,43.09598
11.71943,43.10186
11.72467,43.10774
11.72991,43.11361
12.66859,41.75612
12.66335,41.75024
12.65811,41.74437
12.65287,41.73849
12.64764,41.73262
12.64240,41.72674
12.63716,41.72086
11.69318,43.07835
11.69841,43.08423
11.70365,43.09011
11.70889,43.09598
11.71413,43.10186
11.71936,43.10774
11.72460,43.11361
12.66342,41.74437
12.65818,41.73849
12.65294,41.73262
12.64770,41.72674
12.64247,41.72086
12.63723,41.71499
11.69311,43.08423
11.69835,43.09011
11.70358,43.09598
11.70882,43.10186
11.71406,43.10774
11.71930,43.11361
12.66872,41.74437
12.66348,41.73849
12.65825,41.73262
12.65301,41.72674
12.64777,41.72086
12.64253,41.71499
12.63192,41.71499
12.63730,41.70911
11.68780,43.08423
11.69304,43.09011
11.69828,43.09598
11.70352,43.10186
11.70875,43.10774
11.71399,43.11361
11.71923,43.11949
12.66879,41.73849
12.66355,41.73262
12.65831,41.72674
12.65308,41.72086
12.64784,41.71499
12.64260,41.70911
12.63199,41.70911
12.63736,41.70323
11.68774,43.09011
11.69297,43.09598
11.69821,43.10186
11.70345,43.10774
11.70869,43.11361
11.71392,43.11949
12.66362,41.72674
12.65838,41.72086
12.65314,41.71499
12.64791,41.70911
12.64267,41.70323
12.63206,41.70323
12.63743,41.69736
11.68243,43.09011
11.68767,43.09598
11.69291,43.10186
11.69814,43.10774
11.70338,43.11361
11.70862,43.11949
11.71386,43.12537
12.66892,41.72674
12.66369,41.72086
12.65845,41.71499
12.65321,41.70911
12.64797,41.70323
12.64274,41.69736
12.62675,41.70323
12.63213,41.69736
12.63750,41.69148
11.68236,43.09598
11.68760,43.10186
11.69284,43.10774
11.69808,43.11361
11.70331,43.11949
11.70855,43.12537
12.66899,41.72086
12.66375,41.71499
12.65852,41.70911
12.65328,41.70323
12.64804,41.69736
12.64280,41.69148
12.63219,41.69148
12.63757,41.68560
11.67706,43.09598
11.68230,43.10186
11.68753,43.10774
11.69277,43.11361
11.69801,43.11949
11.70325,43.12537
11.70848,43.13124
12.66906,41.71499
12.66382,41.70911
12.65858,41.70323
12.65335,41.69736
12.64811,41.69148
12.64287,41.68560
12.63763,41.67973
11.67175,43.09598
11.67699,43.10186
11.68223,43.10774
11.68747,43.11361
11.69270,43.11949
11.69794,43.12537
11.70318,43.13124
12.67436,41.71499
12.66913,41.70911
12.66389,41.70323
12.65865,41.69736
12.65341,41.69148
12.64818,41.68560
12.64294,41.67973
12.63770,41.67385
11.67169,43.10186
11.67692,43.10774
11.68216,43.11361
11.68740,43.11949
11.69264,43.12537
11.69787,43.13124
11.70311,43.13712
12.67443,41.70911
12.66919,41.70323
12.66396,41.69736
12.65872,41.69148
12.65348,41.68560
12.64824,41.67973
12.64301,41.67385
11.66638,43.10186
11.67162,43.10774
11.67686,43.11361
11.68209,43.11949
11.68733,43.12537
11.69257,43.13124
11.69780,43.13712
12.67450,41.70323
12.66926,41.69736
12.66402,41.69148
12.65879,41.68560
12.65355,41.67973
12.64831,41.67385
12.64307,41.66797
11.66631,43.10774
11.67155,43.11361
11.67679,43.11949
11.68202,43.12537
11.68726,43.13124
11.69250,43.13712
11.69774,43.14300
12.66933,41.69148
12.66409,41.68560
12.65885,41.67973
12.65362,41.67385
12.64838,41.66797
12.64314,41.66210
11.66101,43.10774
11.66624,43.11361
11.67148,43.11949
11.67672,43.12537
11.68196,43.13124
11.68719,43.13712
11.69243,43.14300
12.66940,41.68560
12.66416,41.67973
12.65892,41.67385
12.65368,41.66797
12.64845,41.66210
12.63784,41.66210
12.64321,41.65622
11.66094,43.11361
11.66618,43.11949
11.67141,43.12537
11.67665,43.13124
11.68189,43.13712
11.68713,43.14300
11.69236,43.14887
12.66946,41.67973
12.66423,41.67385
12.65899,41.66797
12.65375,41.66210
12.64851,41.65622
12.64328,41.65034
11.66087,43.11949
11.66611,43.12537
11.67135,43.13124
11.67658,43.13712
11.68182,43.14300
11.68706,43.14887
12.67477,41.67973
12.66953,41.67385
12.66429,41.66797
12.65906,41.66210
12.65382,41.65622
12.64858,41.65034
12.63797,41.65034
12.64334,41.64447
11.65557,43.11949
11.66080,43.12537
11.66604,43.13124
11.67128,43.13712
11.67652,43.14300
11.68175,43.14887
11.68699,43.15475
12.67484,41.67385
12.66960,41.66797
12.66436,41.66210
12.65912,41.65622
12.65389,41.65034
12.64865,41.64447
12.64341,41.63859
11.65550,43.12537
11.66074,43.13124
11.66597,43.13712
11.67121,43.14300
11.67645,43.14887
11.68169,43.15475
11.68692,43.16063
12.67490,41.66797
12.66967,41.66210
12.66443,41.65622
12.65919,41.65034
12.65395,41.64447
12.64872,41.63859
11.65543,43.13124
11.66067,43.13712
11.66591,43.14300
11.67114,43.14887
11.67638,43.15475
11.68162,43.16063
11.68686,43.16650
12.68021,41.66797
12.67497,41.66210
12.66973,41.65622
12.66450,41.65034
12.65926,41.64447
12.65402,41.63859
12.64878,41.63271
11.65013,43.13124
11.65536,43.13712
11.66060,43.14300
11.66584,43.14887
11.67108,43.15475
11.67631,43.16063
11.68155,43.16650
11.68679,43.17238
12.68028,41.66210
12.67504,41.65622
12.66980,41.65034
12.66456,41.64447
12.65933,41.63859
12.65409,41.63271
12.64885,41.62684
11.65006,43.13712
11.65530,43.14300
11.66053,43.14887
11.66577,43.15475
11.67101,43.16063
11.67625,43.16650
11.68148,43.17238
12.68034,41.65622
12.67511,41.65034
12.66987,41.64447
12.66463,41.63859
12.65939,41.63271
12.65416,41.62684
12.64355,41.62684
12.64892,41.62096
11.64999,43.14300
11.65523,43.14887
11.66047,43.15475
11.66570,43.16063
11.67094,43.16650
11.67618,43.17238
12.68041,41.65034
12.67517,41.64447
12.66994,41.63859
12.66470,41.63271
12.65946,41.62684
12.65422,41.62096
12.64899,41.61508
11.64469,43.14300
11.64992,43.14887
11.65516,43.15475
11.66040,43.16063
11.66564,43.16650
11.67087,43.17238
11.67611,43.17826
12.68048,41.64447
12.67524,41.63859
12.67000,41.63271
12.66477,41.62684
12.65953,41.62096
12.65429,41.61508
12.64368,41.61508
12.64905,41.60921
11.64462,43.14887
11.64986,43.15475
11.65509,43.16063
11.66033,43.16650
11.66557,43.17238
11.67081,43.17826
12.68055,41.63859
12.67531,41.63271
12.67007,41.62684
12.66483,41.62096
12.65960,41.61508
12.65436,41.60921
12.64375,41.60921
12.64912,41.60333
11.64455,43.15475
11.64979,43.16063
11.65503,43.16650
11.66026,43.17238
11.66550,43.17826
11.67074,43.18413
12.68061,41.63271
12.67538,41.62684
12.67014,41.62096
12.66490,41.61508
12.65966,41.60921
12.65443,41.60333
12.64382,41.60333
12.64919,41.59745
11.63925,43.15475
11.64448,43.16063
11.64972,43.16650
11.65496,43.17238
11.66020,43.17826
11.66543,43.18413
11.67067,43.19001
12.68068,41.62684
12.67544,41.62096
12.67021,41.61508
12.66497,41.60921
12.65973,41.60333
12.65449,41.59745
12.64926,41.59158
11.63918,43.16063
11.64442,43.16650
11.64965,43.17238
11.65489,43.17826
11.66013,43.18413
11.66537,43.19001
11.67060,43.19589
12.68075,41.62096
12.67551,41.61508
12.67027,41.60921
12.66504,41.60333
12.65980,41.59745
12.65456,41.59158
12.64395,41.59158
12.64932,41.58570
11.63911,43.16650
11.64435,43.17238
11.64959,43.17826
11.65482,43.18413
11.66006,43.19001
11.66530,43.19589
11.67054,43.20176
12.68082,41.61508
12.67558,41.60921
12.67034,41.60333
12.66510,41.59745
12.65987,41.59158
12.65463,41.58570
12.64402,41.58570
12.64939,41.57982
11.63904,43.17238
11.64428,43.17826
11.64952,43.18413
11.65476,43.19001
11.65999,43.19589
11.66523,43.20176
12.68088,41.60921
12.67565,41.60333
12.67041,41.59745
12.66517,41.59158
12.65993,41.58570
12.65470,41.57982
12.64946,41.57395
11.63898,43.17826
11.64421,43.18413
11.64945,43.19001
11.65469,43.19589
11.65993,43.20176
11.66516,43.20764
12.68095,41.60333
12.67571,41.59745
12.67048,41.59158
12.66524,41.58570
12.66000,41.57982
12.65476,41.57395
12.64953,41.56807
11.63367,43.17826
11.63891,43.18413
11.64415,43.19001
11.64938,43.19589
11.65462,43.20176
11.65986,43.20764
11.66510,43.21352
12.68626,41.60333
12.68102,41.59745
12.67578,41.59158
12.67054,41.58570
12.66531,41.57982
12.66007,41.57395
12.65483,41.56807
12.64959,41.56219
11.63360,43.18413
11.63884,43.19001
11.64408,43.19589
11.64932,43.20176
11.65455,43.20764
11.65979,43.21352
11.66503,43.21939
12.68632,41.59745
12.68109,41.59158
12.67585,41.58570
12.67061,41.57982
12.66537,41.57395
12.66014,41.56807
12.65490,41.56219
11.63354,43.19001
11.63877,43.19589
11.64401,43.20176
11.64925,43.20764
11.65449,43.21352
11.65972,43.21939
11.66496,43.22527
12.68639,41.59158
12.68115,41.58570
12.67592,41.57982
12.67068,41.57395
12.66544,41.56807
12.66020,41.56219
12.65497,41.55632
11.62823,43.19001
11.63347,43.19589
11.63871,43.20176
11.64394,43.20764
11.64918,43.21352
11.65442,43.21939
11.65966,43.22527
11.66489,43.23115
12.68646,41.58570
12.68122,41.57982
12.67598,41.57395
12.67075,41.56807
12.66551,41.56219
12.66027,41.55632
12.65503,41.55044
11.62816,43.19589
11.63340,43.20176
11.63864,43.20764
11.64388,43.21352
11.64911,43.21939
11.65435,43.22527
11.65959,43.23115
12.68653,41.57982
12.68129,41.57395
12.67605,41.56807
12.67081,41.56219
12.66558,41.55632
12.66034,41.55044
12.65510,41.54456
11.62810,43.20176
11.63333,43.20764
11.63857,43.21352
11.64381,43.21939
11.64905,43.22527
11.65428,43.23115
11.65952,43.23702
12.68659,41.57395
12.68136,41.56807
12.67612,41.56219
12.67088,41.55632
12.66564,41.55044
12.66041,41.54456
12.65517,41.53869
11.62803,43.20764
11.63327,43.21352
11.63850,43.21939
11.64374,43.22527
11.64898,43.23115
11.65422,43.23702
11.65945,43.24290
12.68666,41.56807
12.68142,41.56219
12.67619,41.55632
12.67095,41.55044
12.66571,41.54456
12.66047,41.53869
12.64986,41.53869
12.65524,41.53281
11.62796,43.21352
11.63320,43.21939
11.63844,43.22527
11.64367,43.23115
11.64891,43.23702
11.65415,43.24290
12.68673,41.56219
12.68149,41.55632
12.67625,41.55044
12.67102,41.54456
12.66578,41.53869
12.66054,41.53281
12.64993,41.53281
12.65530,41.52693
11.62266,43.21352
11.62789,43.21939
11.63313,43.22527
11.63837,43.23115
11.64361,43.23702
11.64884,43.24290
12.68680,41.55632
12.68156,41.55044
12.67632,41.54456
12.67108,41.53869
12.66585,41.53281
12.66061,41.52693
12.65537,41.52106
11.62259,43.21939
11.62783,43.22527
11.63306,43.23115
11.63830,43.23702
11.64354,43.24290
11.64878,43.24878
12.68686,41.55044
12.68163,41.54456
12.67639,41.53869
12.67115,41.53281
12.66591,41.52693
12.66068,41.52106
12.65544,41.51518
11.62252,43.22527
11.62776,43.23115
11.63300,43.23702
11.63823,43.24290
11.64347,43.24878
11.64871,43.25465
12.68693,41.54456
12.68170,41.53869
12.67646,41.53281
12.67122,41.52693
12.66598,41.52106
12.66075,41.51518
12.65551,41.50930
11.61722,43.22527
11.62245,43.23115
11.62769,43.23702
11.63293,43.24290
11.63817,43.24878
11.64340,43.25465
12.69224,41.54456
12.68700,41.53869
12.68176,41.53281
12.67653,41.52693
12.67129,41.52106
12.66605,41.51518
12.66081,41.50930
12.65558,41.50343
11.61715,43.23115
11.62239,43.23702
11.62762,43.24290
11.63286,43.24878
11.63810,43.25465
11.64334,43.26053
12.69231,41.53869
12.68707,41.53281
12.68183,41.52693
12.67659,41.52106
12.67136,41.51518
12.66612,41.50930
12.66088,41.50343
12.65564,41.49755
11.61184,43.23115
11.61708,43.23702
11.62232,43.24290
11.62756,43.24878
11.63279,43.25465
11.63803,43.26053
11.64327,43.26641
12.69237,41.53281
12.68714,41.52693
12.68190,41.52106
12.67666,41.51518
12.67142,41.50930
12.66619,41.50343
12.66095,41.49755
12.65571,41.49167
11.61178,43.23702
11.61701,43.24290
11.62225,43.24878
11.62749,43.25465
11.63273,43.26053
11.63796,43.26641
12.69768,41.53281
12.69244,41.52693
12.68720,41.52106
12.68197,41.51518
12.67673,41.50930
12.67149,41.50343
12.66625,41.49755
12.66102,41.49167
12.65578,41.48580
11.60647,43.23702
11.61171,43.24290
11.61695,43.24878
11.62218,43.25465
11.62742,43.26053
11.63266,43.26641
12.69775,41.52693
12.69251,41.52106
12.68727,41.51518
12.68203,41.50930
12.67680,41.50343
12.67156,41.49755
12.66632,41.49167
12.66108,41.48580
12.65585,41.47992
11.60117,43.23702
11.60640,43.24290
11.61164,43.24878
11.61688,43.25465
11.62212,43.26053
11.62735,43.26641
11.63259,43.27228
12.69781,41.52106
12.69258,41.51518
12.68734,41.50930
12.68210,41.50343
12.67686,41.49755
12.67163,41.49167
12.66639,41.48580
12.66115,41.47992
12.65591,41.47405
11.60110,43.24290
11.60634,43.24878
11.61157,43.25465
11.61681,43.26053
11.62205,43.26641
11.62729,43.27228
11.63252,43.27816
12.69264,41.50930
12.68741,41.50343
12.68217,41.49755
12.67693,41.49167
12.67169,41.48580
12.66646,41.47992
12.66122,41.47405
12.65598,41.46817
11.60103,43.24878
11.60627,43.25465
11.61151,43.26053
11.61674,43.26641
11.62198,43.27228
11.62722,43.27816
12.69271,41.50343
12.68747,41.49755
12.68224,41.49167
12.67700,41.48580
12.67176,41.47992
12.66652,41.47405
12.66129,41.46817
12.65605,41.46229
11.59573,43.24878
11.60096,43.25465
11.60620,43.26053
11.61144,43.26641
11.61668,43.27228
11.62191,43.27816
11.62715,43.28404
12.69278,41.49755
12.68754,41.49167
12.68230,41.48580
12.67707,41.47992
12.67183,41.47405
12.66659,41.46817
12.66135,41.46229
12.65074,41.46229
12.65612,41.45642
11.59566,43.25465
11.60090,43.26053
11.60613,43.26641
11.61137,43.27228
11.61661,43.27816
11.62185,43.28404
11.62708,43.28991
12.69808,41.49755
12.69285,41.49167
12.68761,41.48580
12.68237,41.47992
12.67713,41.47405
12.67190,41.46817
12.66666,41.46229
12.66142,41.45642
12.65081,41.45642
12.65618,41.45054
11.59559,43.26053
11.60083,43.26641
11.60607,43.27228
11.61130,43.27816
11.61654,43.28404
11.62178,43.28991
11.62702,43.29579
12.69815,41.49167
12.69291,41.48580
12.68768,41.47992
12.68244,41.47405
12.67720,41.46817
12.67196,41.46229
12.66673,41.45642
12.66149,41.45054
12.65088,41.45054
12.65625,41.44466
11.59552,43.26641
11.60076,43.27228
11.60600,43.27816
11.61124,43.28404
11.61647,43.28991
11.62171,43.29579
12.69822,41.48580
12.69298,41.47992
12.68774,41.47405
12.68251,41.46817
12.67727,41.46229
12.67203,41.45642
12.66679,41.45054
12.66156,41.44466
12.64557,41.45054
12.65095,41.44466
12.65632,41.43879
11.59022,43.26641
11.59546,43.27228
11.60069,43.27816
11.60593,43.28404
11.61117,43.28991
11.61641,43.29579
11.62164,43.30167
12.69305,41.47405
12.68781,41.46817
12.68257,41.46229
12.67734,41.45642
12.67210,41.45054
12.66686,41.44466
12.66162,41.43879
12.64564,41.44466
12.65101,41.43879
12.65639,41.43291
11.59015,43.27228
11.59539,43.27816
11.60063,43.28404
11.60586,43.28991
11.61110,43.29579
11.61634,43.30167
12.68788,41.46229
12.68264,41.45642
12.67740,41.45054
12.67217,41.44466
12.66693,41.43879
12.66169,41.43291
12.64571,41.43879
12.65108,41.43291
12.65645,41.42703
11.59008,43.27816
11.59532,43.28404
11.60056,43.28991
11.60580,43.29579
11.61103,43.30167
11.61627,43.30754
12.68271,41.45054
12.67747,41.44466
12.67223,41.43879
12.66700,41.43291
12.66176,41.42703
12.64578,41.43291
12.65115,41.42703
12.65652,41.42116
11.58478,43.27816
11.59002,43.28404
11.59525,43.28991
11.60049,43.29579
11.60573,43.30167
11.61097,43.30754
11.61620,43.31342
12.68801,41.45054
12.68278,41.44466
12.67754,41.43879
12.67230,41.43291
12.66706,41.42703
12.66183,41.42116
12.64584,41.42703
12.65122,41.42116
12.65659,41.41528
11.58471,43.28404
11.58995,43.28991
11.59519,43.29579
11.60042,43.30167
11.60566,43.30754
11.61090,43.31342
12.68808,41.44466
12.68284,41.43879
12.67761,41.43291
12.67237,41.42703
12.66713,41.42116
12.66189,41.41528
12.64591,41.42116
12.65128,41.41528
12.65666,41.40940
11.58464,43.28991
11.58988,43.29579
11.59512,43.30167
11.60036,43.30754
11.60559,43.31342
11.61083,43.31929
12.68815,41.43879
12.68291,41.43291
12.67767,41.42703
12.67244,41.42116
12.66720,41.41528
12.66196,41.40940
12.64598,41.41528
12.65135,41.40940
12.65672,41.40353
11.57934,43.28991
11.58458,43.29579
11.58981,43.30167
11.59505,43.30754
11.60029,43.31342
11.60553,43.31929
11.61076,43.32517
12.68298,41.42703
12.67774,41.42116
12.67250,41.41528
12.66727,41.40940
12.66203,41.40353
12.64605,41.40940
12.65142,41.40353
12.65679,41.39765
11.57927,43.29579
11.58451,43.30167
11.58975,43.30754
11.59498,43.31342
11.60022,43.31929
11.60546,43.32517
12.68828,41.42703
12.68305,41.42116
12.67781,41.41528
12.67257,41.40940
12.66733,41.40353
12.66210,41.39765
12.64074,41.40940
12.64611,41.40353
12.65149,41.39765
12.65686,41.39177
11.57397,43.29579
11.57920,43.30167
11.58444,43.30754
11.58968,43.31342
11.59492,43.31929
11.60015,43.32517
11.60539,43.33105
12.67788,41.40940
12.67264,41.40353
12.66740,41.39765
12.66216,41.39177
12.64081,41.40353
12.64618,41.39765
12.65155,41.39177
12.65693,41.38590
11.57390,43.30167
11.57914,43.30754
11.58437,43.31342
11.58961,43.31929
11.59485,43.32517
11.60009,43.33105
12.68318,41.40940
12.67794,41.40353
12.67271,41.39765
12.66747,41.39177
12.66223,41.38590
12.64088,41.39765
12.64625,41.39177
12.65162,41.38590
12.65699,41.38002
11.56859,43.30167
11.57383,43.30754
11.57907,43.31342
11.58431,43.31929
11.58954,43.32517
11.59478,43.33105
12.67801,41.39765
12.67277,41.39177
12.66754,41.38590
12.66230,41.38002
12.64094,41.39177
12.64632,41.38590
12.65169,41.38002
12.65706,41.37414
11.56329,43.30167
11.56853,43.30754
11.57376,43.31342
11.57900,43.31929
11.58424,43.32517
11.58948,43.33105
11.59471,43.33692
12.67808,41.39177
12.67284,41.38590
12.66760,41.38002
12.66237,41.37414
12.64101,41.38590
12.64638,41.38002
12.65176,41.37414
12.65713,41.36827
11.56322,43.30754
11.56846,43.31342
11.57370,43.31929
11.57893,43.32517
11.58417,43.33105
11.58941,43.33692
12.67815,41.38590
12.67291,41.38002
12.66767,41.37414
12.66243,41.36827
12.64108,41.38002
12.64645,41.37414
12.65182,41.36827
12.65720,41.36239
11.55792,43.30754
11.56315,43.31342
11.56839,43.31929
11.57363,43.32517
11.57887,43.33105
11.58410,43.33692
11.58934,43.34280
12.67821,41.38002
12.67298,41.37414
12.66774,41.36827
12.66250,41.36239
12.64115,41.37414
12.64652,41.36827
12.65189,41.36239
12.65726,41.35651
11.55785,43.31342
11.56309,43.31929
11.56832,43.32517
11.57356,43.33105
11.57880,43.33692
11.58403,43.34280
11.58927,43.34868
12.67304,41.36827
12.66781,41.36239
12.66257,41.35651
12.64121,41.36827
12.64659,41.36239
12.65196,41.35651
12.65733,41.35064
11.55778,43.31929
11.56302,43.32517
11.56825,43.33105
11.57349,43.33692
11.57873,43.34280
11.58397,43.34868
12.67311,41.36239
12.66787,41.35651
12.66264,41.35064
12.64128,41.36239
12.64665,41.35651
12.65203,41.35064
12.65740,41.34476
11.55771,43.32517
11.56295,43.33105
11.56819,43.33692
11.57342,43.34280
11.57866,43.34868
11.58390,43.35455
12.67318,41.35651
12.66794,41.35064
12.66270,41.34476
12.63598,41.36239
12.64135,41.35651
12.64672,41.35064
12.65209,41.34476
12.65747,41.33888
11.55241,43.32517
11.55764,43.33105
11.56288,43.33692
11.56812,43.34280
11.57336,43.34868
11.57859,43.35455
11.58383,43.36043
12.67325,41.35064
12.66801,41.34476
12.66277,41.33888
12.63604,41.35651
12.64142,41.35064
12.64679,41.34476
12.65216,41.33888
12.65753,41.33301
11.55234,43.33105
11.55758,43.33692
11.56281,43.34280
11.56805,43.34868
11.57329,43.35455
11.57853,43.36043
11.58914,43.36043
12.66808,41.33888
12.66284,41.33301
12.63074,41.35651
12.63611,41.35064
12.64148,41.34476
12.64686,41.33888
12.65223,41.33301
12.65760,41.32713
11.54703,43.33105
11.55227,43.33692
11.55751,43.34280
11.56275,43.34868
11.56798,43.35455
11.57322,43.36043
11.57846,43.36631
12.66814,41.33301
12.66291,41.32713
12.63081,41.35064
12.63618,41.34476
12.64155,41.33888
12.64692,41.33301
12.65230,41.32713
12.65767,41.32125
11.54173,43.33105
11.54697,43.33692
11.55220,43.34280
11.55744,43.34868
11.56268,43.35455
11.56792,43.36043
11.57315,43.36631
11.57839,43.37218
12.66821,41.32713
12.66297,41.32125
12.63087,41.34476
12.63625,41.33888
12.64162,41.33301
12.64699,41.32713
12.65236,41.32125
12.65774,41.31538
11.54166,43.33692
11.54690,43.34280
11.55214,43.34868
11.55737,43.35455
11.56261,43.36043
11.56785,43.36631
11.57309,43.37218
12.66304,41.31538
12.63094,41.33888
12.63631,41.33301
12.64169,41.32713
12.64706,41.32125
12.65243,41.31538
12.65780,41.30950
11.54159,43.34280
11.54683,43.34868
11.55207,43.35455
11.55731,43.36043
11.56254,43.36631
11.56778,43.37218
12.66311,41.30950
12.63638,41.32713
12.64175,41.32125
12.64713,41.31538
12.65250,41.30950
12.65787,41.30362
11.53629,43.34280
11.54153,43.34868
11.54676,43.35455
11.55200,43.36043
11.55724,43.36631
11.56248,43.37218
11.56771,43.37806
12.66318,41.30362
12.63108,41.32713
12.63645,41.32125
12.64182,41.31538
12.64719,41.30950
12.65257,41.30362
12.65794,41.29775
11.53622,43.34868
11.54146,43.35455
11.54670,43.36043
11.55193,43.36631
11.55717,43.37218
11.56241,43.37806
11.56765,43.38394
12.66324,41.29775
12.63114,41.32125
12.63652,41.31538
12.64189,41.30950
12.64726,41.30362
12.65263,41.29775
12.65801,41.29187
11.53092,43.34868
11.53615,43.35455
11.54139,43.36043
11.54663,43.36631
11.55187,43.37218
11.55710,43.37806
11.56234,43.38394
11.57295,43.38394
12.66331,41.29187
12.63121,41.31538
12.63658,41.30950
12.64196,41.30362
12.64733,41.29775
12.65270,41.29187
12.65807,41.28599
11.53085,43.35455
11.53609,43.36043
11.54132,43.36631
11.54656,43.37218
11.55180,43.37806
11.55704,43.38394
11.56227,43.38981
12.66338,41.28599
12.62591,41.31538
12.63128,41.30950
12.63665,41.30362
12.64202,41.29775
12.64740,41.29187
12.65277,41.28599
12.65814,41.28012
11.53078,43.36043
11.53602,43.36631
11.54126,43.37218
11.54649,43.37806
11.55173,43.38394
11.55697,43.38981
11.56221,43.39569
12.66345,41.28012
12.62597,41.30950
12.63135,41.30362
12.63672,41.29775
12.64209,41.29187
12.64746,41.28599
12.65284,41.28012
12.65821,41.27424
11.53071,43.36631
11.53595,43.37218
11.54119,43.37806
11.54643,43.38394
11.55166,43.38981
11.55690,43.39569
11.56751,43.39569
11.56214,43.40157
12.62604,41.30362
12.63141,41.29775
12.63679,41.29187
12.64216,41.28599
12.64753,41.28012
12.65290,41.27424
12.65828,41.26836
11.53065,43.37218
11.53588,43.37806
11.54112,43.38394
11.54636,43.38981
11.55160,43.39569
11.55683,43.40157
11.56207,43.40744
12.62611,41.29775
12.63148,41.29187
12.63685,41.28599
12.64223,41.28012
12.64760,41.27424
12.65297,41.26836
12.65834,41.26249
11.53058,43.37806
11.53582,43.38394
11.54105,43.38981
11.54629,43.39569
11.55153,43.40157
11.55677,43.40744
12.62618,41.29187
12.63155,41.28599
12.63692,41.28012
12.64229,41.27424
12.64767,41.26836
12.65304,41.26249
12.65841,41.25661
11.52527,43.37806
11.53051,43.38394
11.53575,43.38981
11.54099,43.39569
11.54622,43.40157
11.55146,43.40744
11.55670,43.41332
12.62624,41.28599
12.63162,41.28012
12.63699,41.27424
12.64236,41.26836
12.64773,41.26249
12.65311,41.25661
12.65848,41.25073
11.51997,43.37806
11.52521,43.38394
11.53044,43.38981
11.53568,43.39569
11.54092,43.40157
11.54616,43.40744
11.55139,43.41332
11.55663,43.41920
12.62631,41.28012
12.63168,41.27424
12.63706,41.26836
12.64243,41.26249
12.64780,41.25661
12.65317,41.25073
12.65855,41.24486
11.51990,43.38394
11.52514,43.38981
11.53038,43.39569
11.53561,43.40157
11.54085,43.40744
11.54609,43.41332
11.55133,43.41920
12.62638,41.27424
12.63175,41.26836
12.63712,41.26249
12.64250,41.25661
12.64787,41.25073
12.65324,41.24486
12.65861,41.23898
11.51460,43.38394
11.51983,43.38981
11.52507,43.39569
11.53031,43.40157
11.53555,43.40744
11.54078,43.41332
11.54602,43.41920
12.62107,41.27424
12.62645,41.26836
12.63182,41.26249
12.63719,41.25661
12.64256,41.25073
12.64794,41.24486
12.65331,41.23898
11.51453,43.38981
11.51977,43.39569
11.52500,43.40157
11.53024,43.40744
11.53548,43.41332
11.54072,43.41920
12.62114,41.26836
12.62651,41.26249
12.63189,41.25661
12.63726,41.25073
12.64263,41.24486
12.64800,41.23898
12.65338,41.23310
11.50922,43.38981
11.51446,43.39569
11.51970,43.40157
11.52494,43.40744
11.53017,43.41332
11.53541,43.41920
11.54065,43.42507
12.62121,41.26249
12.62658,41.25661
12.63195,41.25073
12.63733,41.24486
12.64270,41.23898
12.64807,41.23310
12.65344,41.22723
11.50916,43.39569
11.51439,43.40157
11.51963,43.40744
11.52487,43.41332
11.53011,43.41920
11.53534,43.42507
11.54058,43.43095
12.62128,41.25661
12.62665,41.25073
12.63202,41.24486
12.63739,41.23898
12.64277,41.23310
12.64814,41.22723
12.65351,41.22135
11.50909,43.40157
11.51433,43.40744
11.51956,43.41332
11.52480,43.41920
11.53004,43.42507
11.53528,43.43095
11.54051,43.43683
12.62134,41.25073
12.62672,41.24486
12.63209,41.23898
12.63746,41.23310
12.64283,41.22723
12.64821,41.22135
11.50378,43.40157
11.50902,43.40744
11.51426,43.41332
11.51950,43.41920
11.52473,43.42507
11.52997,43.43095
11.53521,43.43683
12.62141,41.24486
12.62678,41.23898
12.63216,41.23310
12.63753,41.22723
12.64290,41.22135
12.64827,41.21548
11.50372,43.40744
11.50895,43.41332
11.51419,43.41920
11.51943,43.42507
11.52467,43.43095
11.52990,43.43683
11.53514,43.44270
12.61611,41.24486
12.62148,41.23898
12.62685,41.23310
12.63222,41.22723
12.63760,41.22135
12.64297,41.21548
12.64834,41.20960
11.49841,43.40744
11.50365,43.41332
11.50889,43.41920
11.51412,43.42507
11.51936,43.43095
11.52460,43.43683
11.52984,43.44270
12.61617,41.23898
12.62155,41.23310
12.62692,41.22723
12.63229,41.22135
12.63766,41.21548
12.64304,41.20960
12.64841,41.20372
11.49834,43.41332
11.50358,43.41920
11.50882,43.42507
11.51406,43.43095
11.51929,43.43683
11.52453,43.44270
11.52977,43.44858
12.61624,41.23310
12.62161,41.22723
12.62699,41.22135
12.63236,41.21548
12.63773,41.20960
12.64310,41.20372
12.64848,41.19785
11.49828,43.41920
11.50351,43.42507
11.50875,43.43095
11.51399,43.43683
11.51923,43.44270
11.52446,43.44858
11.52970,43.45446
12.61631,41.22723
12.62168,41.22135
12.62705,41.21548
12.63243,41.20960
12.63780,41.20372
12.64317,41.19785
12.64855,41.19197
11.49297,43.41920
11.49821,43.42507
11.50345,43.43095
11.50868,43.43683
11.51392,43.44270
11.51916,43.44858
11.52440,43.45446
12.61638,41.22135
12.62175,41.21548
12.62712,41.20960
12.63249,41.20372
12.63787,41.19785
12.64324,41.19197
12.64861,41.18609
11.48767,43.41920
11.49290,43.42507
11.49814,43.43095
11.50338,43.43683
11.50862,43.44270
11.51385,43.44858
11.51909,43.45446
11.52433,43.46033
12.62182,41.20960
12.62719,41.20372
12.63256,41.19785
12.63793,41.19197
12.64331,41.18609
12.65392,41.18609
12.64868,41.18022
11.48760,43.42507
11.49284,43.43095
11.49807,43.43683
11.50331,43.44270
11.50855,43.44858
11.51379,43.45446
11.51902,43.46033
11.52426,43.46621
12.61651,41.20960
12.62188,41.20372
12.62726,41.19785
12.63263,41.19197
12.63800,41.18609
12.64338,41.18022
12.65399,41.18022
12.64875,41.17434
11.48753,43.43095
11.49277,43.43683
11.49801,43.44270
11.50324,43.44858
11.50848,43.45446
11.51372,43.46033
11.51896,43.46621
11.52419,43.47209
12.61658,41.20372
12.62195,41.19785
12.62732,41.19197
12.63270,41.18609
12.63807,41.18022
12.64344,41.17434
12.65405,41.17434
12.64882,41.16846
11.48746,43.43683
11.49270,43.44270
11.49794,43.44858
11.50318,43.45446
11.50841,43.46033
11.51365,43.46621
11.51889,43.47209
11.52413,43.47796
12.61665,41.19785
12.62202,41.19197
12.62739,41.18609
12.63276,41.18022
12.63814,41.17434
12.64351,41.16846
12.65412,41.16846
12.64888,41.16259
11.48216,43.43683
11.48740,43.44270
11.49263,43.44858
11.49787,43.45446
11.50311,43.46033
11.50835,43.46621
11.51358,43.47209
11.51882,43.47796
12.61134,41.19785
12.61671,41.19197
12.62209,41.18609
12.62746,41.18022
12.63283,41.17434
12.63821,41.16846
12.64358,41.16259
12.64895,41.15671
11.48209,43.44270
11.48733,43.44858
11.49257,43.45446
11.49780,43.46033
11.50304,43.46621
11.50828,43.47209
11.51352,43.47796
12.61141,41.19197
12.61678,41.18609
12.62215,41.18022
12.62753,41.17434
12.63290,41.16846
12.63827,41.16259
12.64365,41.15671
11.47679,43.44270
11.48202,43.44858
11.48726,43.45446
11.49250,43.46033
11.49774,43.46621
11.50297,43.47209
11.50821,43.47796
12.61148,41.18609
12.61685,41.18022
12.62222,41.17434
12.62760,41.16846
12.63297,41.16259
12.63834,41.15671
12.64371,41.15083
11.47672,43.44858
11.48196,43.45446
11.48719,43.46033
11.49243,43.46621
11.49767,43.47209
11.50291,43.47796
11.50814,43.48384
12.61154,41.18022
12.61692,41.17434
12.62229,41.16846
12.62766,41.16259
12.63304,41.15671
12.63841,41.15083
12.64378,41.14496
11.47141,43.44858
11.47665,43.45446
11.48189,43.46033
11.48713,43.46621
11.49236,43.47209
11.49760,43.47796
11.50284,43.48384
11.50808,43.48972
12.61161,41.17434
12.61698,41.16846
12.62236,41.16259
12.62773,41.15671
12.63310,41.15083
12.63848,41.14496
12.64385,41.13908
11.47135,43.45446
11.47658,43.46033
11.48182,43.46621
11.48706,43.47209
11.49230,43.47796
11.49753,43.48384
11.50277,43.48972
12.61168,41.16846
12.61705,41.16259
12.62243,41.15671
12.62780,41.15083
12.63317,41.14496
12.63854,41.13908
12.64392,41.13320
11.47128,43.46033
11.47652,43.46621
11.48175,43.47209
11.48699,43.47796
11.49223,43.48384
11.49747,43.48972
11.50270,43.49559
12.61175,41.16259
12.61712,41.15671
12.62249,41.15083
12.62787,41.14496
12.63324,41.13908
12.63861,41.13320
12.64398,41.12733
11.46597,43.46033
11.47121,43.46621
11.47645,43.47209
11.48169,43.47796
11.48692,43.48384
11.49216,43.48972
11.49740,43.49559
12.61182,41.15671
12.61719,41.15083
12.62256,41.14496
12.62793,41.13908
12.63331,41.13320
12.63868,41.12733
12.64405,41.12145
11.46591,43.46621
11.47114,43.47209
11.47638,43.47796
11.48162,43.48384
11.48686,43.48972
11.49209,43.49559
11.49733,43.50147
12.61188,41.15083
12.61726,41.14496
12.62263,41.13908
12.62800,41.13320
12.63337,41.12733
12.63875,41.12145
12.64412,41.11557
11.46584,43.47209
11.47108,43.47796
11.47631,43.48384
11.48155,43.48972
11.48679,43.49559
11.49203,43.50147
11.49726,43.50735
12.61195,41.14496
12.61732,41.13908
12.62270,41.13320
12.62807,41.12733
12.63344,41.12145
12.63881,41.11557
12.64419,41.10970
11.46577,43.47796
11.47101,43.48384
11.47625,43.48972
11.48148,43.49559
11.48672,43.50147
11.49196,43.50735
11.49720,43.51322
12.61202,41.13908
12.61739,41.13320
12.62276,41.12733
12.62814,41.12145
12.63351,41.11557
12.63888,41.10970
12.64425,41.10382
11.46047,43.47796
11.46570,43.48384
11.47094,43.48972
11.47618,43.49559
11.48142,43.50147
11.48665,43.50735
11.49189,43.51322
11.49713,43.51910
12.61209,41.13320
12.61746,41.12733
12.62283,41.12145
12.62820,41.11557
12.63358,41.10970
12.63895,41.10382
12.64432,41.09794
11.45516,43.47796
11.46040,43.48384
11.46564,43.48972
11.47087,43.49559
11.47611,43.50147
11.48135,43.50735
11.48659,43.51322
11.49182,43.51910
12.60678,41.13320
12.61215,41.12733
12.61753,41.12145
12.62290,41.11557
12.62827,41.10970
12.63364,41.10382
12.63902,41.09794
11.45509,43.48384
11.46033,43.48972
11.46557,43.49559
11.47081,43.50147
11.47604,43.50735
11.48128,43.51322
11.48652,43.51910
11.49176,43.52498
12.61222,41.12145
12.61759,41.11557
12.62297,41.10970
12.62834,41.10382
12.63371,41.09794
12.63908,41.09207
11.45503,43.48972
11.46026,43.49559
11.46550,43.50147
11.47074,43.50735
11.47598,43.51322
11.48121,43.51910
11.48645,43.52498
12.60692,41.12145
12.61229,41.11557
12.61766,41.10970
12.62303,41.10382
12.62841,41.09794
12.63378,41.09207
12.63915,41.08619
11.45496,43.49559
11.46020,43.50147
11.46543,43.50735
11.47067,43.51322
11.47591,43.51910
11.48115,43.52498
11.48638,43.53085
12.60698,41.11557
12.61236,41.10970
12.61773,41.10382
12.62310,41.09794
12.62847,41.09207
12.63385,41.08619
11.45489,43.50147
11.46013,43.50735
11.46537,43.51322
11.47060,43.51910
11.47584,43.52498
11.48108,43.53085
12.60705,41.10970
12.61242,41.10382
12.61780,41.09794
12.62317,41.09207
12.62854,41.08619
12.63391,41.08031
11.44959,43.50147
11.45482,43.50735
11.46006,43.51322
11.46530,43.51910
11.47054,43.52498
11.47577,43.53085
11.48101,43.53673
12.60175,41.10970
12.60712,41.10382
12.61249,41.09794
12.61786,41.09207
12.62324,41.08619
12.62861,41.08031
12.63398,41.07444
11.44952,43.50735
11.45476,43.51322
11.45999,43.51910
11.46523,43.52498
11.47047,43.53085
11.47571,43.53673
11.48094,43.54261
12.60719,41.09794
12.61256,41.09207
12.61793,41.08619
12.62330,41.08031
12.62868,41.07444
12.63405,41.06856
11.44945,43.51322
11.45469,43.51910
11.45993,43.52498
11.46516,43.53085
11.47040,43.53673
11.47564,43.54261
12.60188,41.09794
12.60725,41.09207
12.61263,41.08619
12.61800,41.08031
12.62337,41.07444
12.62874,41.06856
12.63935,41.06856
12.63412,41.06268
11.44415,43.51322
11.44938,43.51910
11.45462,43.52498
11.45986,43.53085
11.46510,43.53673
11.47033,43.54261
11.47557,43.54848
12.60732,41.08619
12.61269,41.08031
12.61807,41.07444
12.62344,41.06856
12.62881,41.06268
12.63418,41.05681
11.43884,43.51322
11.44408,43.51910
11.44932,43.52498
11.45455,43.53085
11.45979,43.53673
11.46503,43.54261
11.47027,43.54848
11.47550,43.55436
12.60202,41.08619
12.60739,41.08031
12.61276,41.07444
12.61813,41.06856
12.62351,41.06268
12.62888,41.05681
12.63425,41.05093
11.43877,43.51910
11.44401,43.52498
11.44925,43.53085
11.45448,43.53673
11.45972,43.54261
11.46496,43.54848
11.47020,43.55436
12.60746,41.07444
12.61283,41.06856
12.61820,41.06268
12.62357,41.05681
12.62895,41.05093
12.63432,41.04505
11.43870,43.52498
11.44394,43.53085
11.44918,43.53673
11.45442,43.54261
11.45965,43.54848
11.46489,43.55436
11.47013,43.56024
12.60215,41.07444
12.60752,41.06856
12.61290,41.06268
12.61827,41.05681
12.62364,41.05093
12.62901,41.04505
12.63439,41.03918
11.43340,43.52498
11.43864,43.53085
11.44387,43.53673
11.44911,43.54261
11.45435,43.54848
11.45959,43.55436
11.46482,43.56024
11.47006,43.56611
12.60759,41.06268
12.61296,41.05681
12.61834,41.05093
12.62371,41.04505
12.62908,41.03918
12.63445,41.03330
11.43333,43.53085
11.43857,43.53673
11.44381,43.54261
11.44904,43.54848
11.45428,43.55436
11.45952,43.56024
11.46476,43.56611
12.60229,41.06268
12.60766,41.05681
12.61303,41.05093
12.61840,41.04505
12.62378,41.03918
12.62915,41.03330
12.63452,41.02742
11.43326,43.53673
11.43850,43.54261
11.44374,43.54848
11.44898,43.55436
11.45421,43.56024
11.45945,43.56611
11.46469,43.57199
12.60773,41.05093
12.61310,41.04505
12.61847,41.03918
12.62384,41.03330
12.62922,41.02742
12.63459,41.02155
11.42796,43.53673
11.43320,43.54261
11.43843,43.54848
11.44367,43.55436
11.44891,43.56024
11.45415,43.56611
11.45938,43.57199
12.60242,41.05093
12.60779,41.04505
12.61317,41.03918
12.61854,41.03330
12.62391,41.02742
12.62928,41.02155
12.63989,41.02155
12.63466,41.01567
11.42789,43.54261
11.43313,43.54848
11.43837,43.55436
11.44360,43.56024
11.44884,43.56611
11.45408,43.57199
11.45932,43.57786
12.60249,41.04505
12.60786,41.03918
12.61323,41.03330
12.61861,41.02742
12.62398,41.02155
12.62935,41.01567
12.63472,41.00979
11.42782,43.54848
11.43306,43.55436
11.43830,43.56024
11.44354,43.56611
11.44877,43.57199
11.45401,43.57786
11.45925,43.58374
12.60256,41.03918
12.60793,41.03330
12.61330,41.02742
12.61867,41.02155
12.62405,41.01567
12.62942,41.00979
12.63479,41.00392
11.42252,43.54848
11.42776,43.55436
11.43299,43.56024
11.43823,43.56611
11.44347,43.57199
11.44871,43.57786
11.45394,43.58374
12.60262,41.03330
12.60800,41.02742
12.61337,41.02155
12.61874,41.01567
12.62411,41.00979
12.62949,41.00392
12.63486,40.99804
11.42245,43.55436
11.42769,43.56024
11.43293,43.56611
11.43816,43.57199
11.44340,43.57786
11.44864,43.58374
11.45388,43.58962
12.60269,41.02742
12.60806,41.02155
12.61344,41.01567
12.61881,41.00979
12.62418,41.00392
12.62955,40.99804
12.63493,40.99216
11.42238,43.56024
11.42762,43.56611
11.43286,43.57199
11.43810,43.57786
11.44333,43.58374
11.44857,43.58962
11.45381,43.59549
12.60276,41.02155
12.60813,41.01567
12.61350,41.00979
12.61888,41.00392
12.62425,40.99804
12.62962,40.99216
12.63499,40.98629
11.41708,43.56024
11.42232,43.56611
11.42755,43.57199
11.43279,43.57786
11.43803,43.58374
11.44327,43.58962
11.44850,43.59549
11.45374,43.60137
12.60283,41.01567
12.60820,41.00979
12.61357,41.00392
12.61894,40.99804
12.62432,40.99216
12.62969,40.98629
12.63506,40.98041
11.41701,43.56611
11.42225,43.57199
11.42749,43.57786
11.43272,43.58374
11.43796,43.58962
11.44320,43.59549
11.44844,43.60137
11.45367,43.60725
12.60289,41.00979
12.60827,41.00392
12.61364,40.99804
12.61901,40.99216
12.62438,40.98629
12.62976,40.98041
12.63513,40.97453
11.41694,43.57199
11.42218,43.57786
11.42742,43.58374
11.43266,43.58962
11.43789,43.59549
11.44313,43.60137
11.44837,43.60725
12.60296,41.00392
12.60833,40.99804
12.61371,40.99216
12.61908,40.98629
12.62445,40.98041
12.62982,40.97453
12.63520,40.96866
11.41164,43.57199
11.41688,43.57786
11.42211,43.58374
11.42735,43.58962
11.43259,43.59549
11.43783,43.60137
11.44306,43.60725
11.44830,43.61312
12.60303,40.99804
12.60840,40.99216
12.61377,40.98629
12.61915,40.98041
12.62452,40.97453
12.62989,40.96866
12.63526,40.96278
11.41157,43.57786
11.41681,43.58374
11.42205,43.58962
11.42728,43.59549
11.43252,43.60137
11.43776,43.60725
11.44300,43.61312
11.44823,43.61900
12.60310,40.99216
12.60847,40.98629
12.61384,40.98041
12.61921,40.97453
12.62459,40.96866
12.62996,40.96278
12.63533,40.95690
11.41150,43.58374
11.41674,43.58962
11.42198,43.59549
11.42722,43.60137
11.43245,43.60725
11.43769,43.61312
11.44293,43.61900
11.44817,43.62488
12.60316,40.98629
12.60854,40.98041
12.61391,40.97453
12.61928,40.96866
12.62465,40.96278
12.63003,40.95690
11.40620,43.58374
11.41144,43.58962
11.41667,43.59549
11.42191,43.60137
11.42715,43.60725
11.43239,43.61312
11.43762,43.61900
11.44286,43.62488
12.59786,40.98629
12.60323,40.98041
12.60860,40.97453
12.61398,40.96866
12.61935,40.96278
12.62472,40.95690
12.63009,40.95103
11.41137,43.59549
11.41661,43.60137
11.42184,43.60725
11.42708,43.61312
11.43232,43.61900
11.43756,43.62488
12.59793,40.98041
12.60330,40.97453
12.60867,40.96866
12.61404,40.96278
12.61942,40.95690
12.62479,40.95103
11.40606,43.59549
11.41130,43.60137
11.41654,43.60725
11.42178,43.61312
11.42701,43.61900
11.43225,43.62488
11.43749,43.63075
12.59799,40.97453
12.60337,40.96866
12.60874,40.96278
12.61411,40.95690
12.61948,40.95103
12.62486,40.94515
11.40600,43.60137
11.41123,43.60725
11.41647,43.61312
11.42171,43.61900
11.42695,43.62488
11.43218,43.63075
11.43742,43.63663
12.59806,40.96866
12.60343,40.96278
12.60881,40.95690
12.61418,40.95103
12.61955,40.94515
12.62492,40.93928
11.40593,43.60725
11.41117,43.61312
11.41640,43.61900
11.42164,43.62488
11.42688,43.63075
11.43212,43.63663
11.43735,43.64251
12.59813,40.96278
12.60350,40.95690
12.60887,40.95103
12.61425,40.94515
12.61962,40.93928
12.63023,40.93928
12.62499,40.93340
11.40062,43.60725
11.40586,43.61312
11.41110,43.61900
11.41634,43.62488
11.42157,43.63075
11.42681,43.63663
11.43205,43.64251
11.43729,43.64838
12.59282,40.96278
12.59820,40.95690
12.60357,40.95103
12.60894,40.94515
12.61431,40.93928
12.61969,40.93340
12.63030,40.93340
12.62506,40.92752
11.40056,43.61312
11.40579,43.61900
11.41103,43.62488
11.41627,43.63075
11.42151,43.63663
11.42674,43.64251
11.43198,43.64838
12.59826,40.95103
12.60364,40.94515
12.60901,40.93928
12.61438,40.93340
12.61975,40.92752
12.63036,40.92752
12.62513,40.92165
11.40049,43.61900
11.40573,43.62488
11.41096,43.63075
11.41620,43.63663
11.42144,43.64251
11.42668,43.64838
11.43191,43.65426
12.59833,40.94515
12.60370,40.93928
12.60908,40.93340
12.61445,40.92752
12.61982,40.92165
12.62519,40.91577
11.39518,43.61900
11.40042,43.62488
11.40566,43.63075
11.41090,43.63663
11.41613,43.64251
11.42137,43.64838
11.42661,43.65426
11.43185,43.66014
12.59840,40.93928
12.60377,40.93340
12.60914,40.92752
12.61452,40.92165
12.61989,40.91577
12.63050,40.91577
12.62526,40.90989
11.39512,43.62488
11.40035,43.63075
11.40559,43.63663
11.41083,43.64251
11.41607,43.64838
11.42130,43.65426
11.42654,43.66014
12.59847,40.93340
12.60384,40.92752
12.60921,40.92165
12.61458,40.91577
12.61996,40.90989
12.63057,40.90989
12.62533,40.90402
11.38981,43.62488
11.39505,43.63075
11.40029,43.63663
11.40552,43.64251
11.41076,43.64838
11.41600,43.65426
11.42124,43.66014
11.42647,43.66601
12.59316,40.93340
12.59853,40.92752
12.60391,40.92165
12.60928,40.91577
12.61465,40.90989
12.62002,40.90402
12.63063,40.90402
12.62540,40.89814
11.39498,43.63663
11.40022,43.64251
11.40546,43.64838
11.41069,43.65426
11.41593,43.66014
11.42117,43.66601
11.42641,43.67189
12.59323,40.92752
12.59860,40.92165
12.60397,40.91577
12.60935,40.90989
12.61472,40.90402
12.62009,40.89814
12.63594,40.90402
12.63070,40.89814
12.62546,40.89226
11.38968,43.63663
11.39491,43.64251
11.40015,43.64838
11.40539,43.65426
11.41063,43.66014
11.41586,43.66601
11.42110,43.67189
12.59330,40.92165
12.59867,40.91577
12.60404,40.90989
12.60941,40.90402
12.61479,40.89814
12.62016,40.89226
12.63077,40.89226
12.62553,40.88639
11.38961,43.64251
11.39485,43.64838
11.40008,43.65426
11.40532,43.66014
11.41056,43.66601
11.41580,43.67189
11.42103,43.67777
12.59336,40.91577
12.59874,40.90989
12.60411,40.90402
12.60948,40.89814
12.61485,40.89226
12.62023,40.88639
12.63607,40.89226
12.63084,40.88639
12.62560,40.88051
11.38954,43.64838
11.39478,43.65426
11.40002,43.66014
11.40525,43.66601
11.41049,43.67189
11.41573,43.67777
11.42097,43.68364
12.59343,40.90989
12.59880,40.90402
12.60418,40.89814
12.60955,40.89226
12.61492,40.88639
12.62029,40.88051
12.63090,40.88051
12.62567,40.87463
11.38424,43.64838
11.38947,43.65426
11.39471,43.66014
11.39995,43.66601
11.40519,43.67189
11.41042,43.67777
11.41566,43.68364
12.59350,40.90402
12.59887,40.89814
12.60424,40.89226
12.60962,40.88639
12.61499,40.88051
12.62036,40.87463
12.63621,40.88051
12.63097,40.87463
12.62573,40.86876
11.38417,43.65426
11.38941,43.66014
11.39464,43.66601
11.39988,43.67189
11.40512,43.67777
11.41036,43.68364
11.41559,43.68952
12.59357,40.89814
12.59894,40.89226
12.60431,40.88639
12.60968,40.88051
12.61506,40.87463
12.62043,40.86876
12.63104,40.86876
12.62580,40.86288
11.38410,43.66014
11.38934,43.66601
11.39458,43.67189
11.39981,43.67777
11.40505,43.68364
11.41029,43.68952
11.41553,43.69540
12.59363,40.89226
12.59901,40.88639
12.60438,40.88051
12.60975,40.87463
12.61512,40.86876
12.62050,40.86288
12.63634,40.86876
12.63111,40.86288
12.62587,40.85700
11.37880,43.66014
11.38403,43.66601
11.38927,43.67189
11.39451,43.67777
11.39975,43.68364
11.40498,43.68952
11.41022,43.69540
11.41546,43.70127
12.59907,40.88051
12.60445,40.87463
12.60982,40.86876
12.61519,40.86288
12.62056,40.85700
12.63118,40.85700
12.62594,40.85113
11.37873,43.66601
11.38397,43.67189
11.38920,43.67777
11.39444,43.68364
11.39968,43.68952
11.40492,43.69540
11.41015,43.70127
11.41539,43.70715
12.59914,40.87463
12.60451,40.86876
12.60989,40.86288
12.61526,40.85700
12.62063,40.85113
12.63648,40.85700
12.63124,40.85113
12.62601,40.84525
11.37866,43.67189
11.38390,43.67777
11.38914,43.68364
11.39437,43.68952
11.39961,43.69540
11.40485,43.70127
11.41009,43.70715
12.59921,40.86876
12.60458,40.86288
12.60995,40.85700
12.61533,40.85113
12.62070,40.84525
12.63131,40.84525
12.62607,40.83937
11.37336,43.67189
11.37859,43.67777
11.38383,43.68364
11.38907,43.68952
11.39431,43.69540
11.39954,43.70127
11.40478,43.70715
11.41002,43.71303
12.59928,40.86288
12.60465,40.85700
12.61002,40.85113
12.61540,40.84525
12.62077,40.83937
12.63662,40.84525
12.63138,40.83937
12.62614,40.83350
11.37329,43.67777
11.37853,43.68364
11.38376,43.68952
11.38900,43.69540
11.39424,43.70127
11.39948,43.70715
11.40471,43.71303
11.40995,43.71890
12.59934,40.85700
12.60472,40.85113
12.61009,40.84525
12.61546,40.83937
12.62084,40.83350
12.63668,40.83937
12.63145,40.83350
12.62621,40.82762
11.37322,43.68364
11.37846,43.68952
11.38370,43.69540
11.38893,43.70127
11.39417,43.70715
11.39941,43.71303
11.40465,43.71890
12.60478,40.84525
12.61016,40.83937
12.61553,40.83350
12.62090,40.82762
12.64199,40.83937
12.63675,40.83350
12.63151,40.82762
12.62628,40.82174
11.37315,43.68952
11.37839,43.69540
11.38363,43.70127
11.38887,43.70715
11.39410,43.71303
11.39934,43.71890
11.40458,43.72478
12.60485,40.83937
12.61023,40.83350
12.61560,40.82762
12.62097,40.82174
12.64206,40.83350
12.63682,40.82762
12.63158,40.82174
12.62634,40.81587
11.37309,43.69540
11.37832,43.70127
11.38356,43.70715
11.38880,43.71303
11.39404,43.71890
11.39927,43.72478
11.40451,43.73066
12.60492,40.83350
12.61029,40.82762
12.61567,40.82174
12.62104,40.81587
12.64212,40.82762
12.63689,40.82174
12.63165,40.81587
12.62641,40.80999
11.37302,43.70127
11.37826,43.70715
11.38349,43.71303
11.38873,43.71890
11.39397,43.72478
11.39921,43.73066
12.60499,40.82762
12.61036,40.82174
12.61573,40.81587
12.62111,40.80999
12.64743,40.82762
12.64219,40.82174
12.63695,40.81587
12.63172,40.80999
12.62648,40.80411
11.36771,43.70127
11.37295,43.70715
11.37819,43.71303
11.38343,43.71890
11.38866,43.72478
11.39390,43.73066
11.39914,43.73653
12.59968,40.82762
12.60506,40.82174
12.61043,40.81587
12.61580,40.80999
12.62117,40.80411
12.64226,40.81587
12.63702,40.80999
12.63178,40.80411
12.62655,40.79824
11.36765,43.70715
11.37288,43.71303
11.37812,43.71890
11.38336,43.72478
11.38860,43.73066
11.39383,43.73653
11.39907,43.74241
12.59975,40.82174
12.60512,40.81587
12.61050,40.80999
12.61587,40.80411
12.62124,40.79824
12.64233,40.80999
12.63709,40.80411
12.63185,40.79824
12.62661,40.79236
11.36758,43.71303
11.37282,43.71890
11.37805,43.72478
11.38329,43.73066
11.38853,43.73653
11.39377,43.74241
11.40438,43.74241
11.39900,43.74829
12.59982,40.81587
12.60519,40.80999
12.61056,40.80411
12.61594,40.79824
12.62131,40.79236
12.64763,40.80999
12.64239,40.80411
12.63716,40.79824
12.63192,40.79236
12.62668,40.78648
11.36227,43.71303
11.36751,43.71890
11.37275,43.72478
11.37799,43.73066
11.38322,43.73653
11.38846,43.74241
11.39370,43.74829
11.39894,43.75416
12.59989,40.80999
12.60526,40.80411
12.61063,40.79824
12.61600,40.79236
12.62138,40.78648
12.64246,40.79824
12.63722,40.79236
12.63199,40.78648
12.62675,40.78061
11.36221,43.71890
11.36744,43.72478
11.37268,43.73066
11.37792,43.73653
11.38316,43.74241
11.38839,43.74829
11.39363,43.75416
12.60533,40.79824
12.61070,40.79236
12.61607,40.78648
12.62144,40.78061
12.64253,40.79236
12.63729,40.78648
12.63205,40.78061
12.62682,40.77473
11.35690,43.71890
11.36214,43.72478
11.36738,43.73066
11.37261,43.73653
11.37785,43.74241
11.38309,43.74829
11.38833,43.75416
11.39356,43.76004
12.60539,40.79236
12.61077,40.78648
12.61614,40.78061
12.62151,40.77473
12.64260,40.78648
12.63736,40.78061
12.63212,40.77473
12.62688,40.76885
11.35683,43.72478
11.36207,43.73066
11.36731,43.73653
11.37255,43.74241
11.37778,43.74829
11.38302,43.75416
11.38826,43.76004
11.39350,43.76592
12.61083,40.78061
12.61621,40.77473
12.62158,40.76885
12.64266,40.78061
12.63743,40.77473
12.63219,40.76885
12.62695,40.76298
11.35677,43.73066
11.36200,43.73653
11.36724,43.74241
11.37248,43.74829
11.37772,43.75416
11.38295,43.76004
11.38819,43.76592
12.60553,40.78061
12.61090,40.77473
12.61627,40.76885
12.62165,40.76298
12.64797,40.78061
12.64273,40.77473
12.63749,40.76885
12.63226,40.76298
12.62702,40.75710
11.35146,43.73066
11.35670,43.73653
11.36194,43.74241
11.36717,43.74829
11.37241,43.75416
11.37765,43.76004
11.38289,43.76592
11.38812,43.77179
12.61097,40.76885
12.61634,40.76298
12.62171,40.75710
12.64804,40.77473
12.64280,40.76885
12.63756,40.76298
12.63232,40.75710
12.62709,40.75122
11.35139,43.73653
11.35663,43.74241
11.36187,43.74829
11.36711,43.75416
11.37234,43.76004
11.37758,43.76592
11.38282,43.77179
11.38806,43.77767
12.61104,40.76298
12.61641,40.75710
12.62178,40.75122
12.64810,40.76885
12.64287,40.76298
12.63763,40.75710
12.63239,40.75122
12.62715,40.74535
11.35133,43.74241
11.35656,43.74829
11.36180,43.75416
11.36704,43.76004
11.37228,43.76592
11.37751,43.77179
11.38275,43.77767
12.61110,40.75710
12.61648,40.75122
12.62185,40.74535
12.64817,40.76298
12.64293,40.75710
12.63770,40.75122
12.63246,40.74535
12.62722,40.73947
11.35126,43.74829
11.35650,43.75416
11.36173,43.76004
11.36697,43.76592
11.37221,43.77179
11.37745,43.77767
11.38268,43.78355
12.60580,40.75710
12.61117,40.75122
12.61654,40.74535
12.62192,40.73947
12.64824,40.75710
12.64300,40.75122
12.63776,40.74535
12.63253,40.73947
12.62729,40.73359
11.35119,43.75416
11.35643,43.76004
11.36166,43.76592
11.36690,43.77179
11.37214,43.77767
11.37738,43.78355
11.38261,43.78942
12.61124,40.74535
12.61661,40.73947
12.62198,40.73359
12.64831,40.75122
12.64307,40.74535
12.63783,40.73947
12.63259,40.73359
12.62736,40.72772
11.34588,43.75416
11.35112,43.76004
11.35636,43.76592
11.36160,43.77179
11.36683,43.77767
11.37207,43.78355
11.37731,43.78942
11.38792,43.78942
11.38255,43.79530
12.61131,40.73947
12.61668,40.73359
12.62205,40.72772
12.64837,40.74535
12.64314,40.73947
12.63790,40.73359
12.63266,40.72772
12.62742,40.72184
11.34582,43.76004
11.35105,43.76592
11.35629,43.77179
11.36153,43.77767
11.36677,43.78355
11.37200,43.78942
11.37724,43.79530
11.38248,43.80118
12.61137,40.73359
12.61675,40.72772
12.62212,40.72184
12.64844,40.73947
12.64320,40.73359
12.63797,40.72772
12.63273,40.72184
12.62749,40.71596
11.34575,43.76592
11.35099,43.77179
11.35622,43.77767
11.36146,43.78355
11.36670,43.78942
11.37194,43.79530
11.37717,43.80118
12.61681,40.72184
12.62219,40.71596
12.64851,40.73359
12.64327,40.72772
12.63803,40.72184
12.63280,40.71596
12.62756,40.71009
11.34568,43.77179
11.35092,43.77767
11.35616,43.78355
11.36139,43.78942
11.36663,43.79530
11.37187,43.80118
11.37711,43.80705
12.61151,40.72184
12.61688,40.71596
12.62225,40.71009
12.64858,40.72772
12.64334,40.72184
12.63810,40.71596
12.63286,40.71009
12.62763,40.70421
11.34561,43.77767
11.35085,43.78355
11.35609,43.78942
11.36133,43.79530
11.36656,43.80118
11.37180,43.80705
11.37704,43.81293
12.61695,40.71009
12.62232,40.70421
12.64864,40.72184
12.64341,40.71596
12.63817,40.71009
12.63293,40.70421
12.62769,40.69833
11.34031,43.77767
11.34555,43.78355
11.35078,43.78942
11.35602,43.79530
11.36126,43.80118
11.36650,43.80705
11.37173,43.81293
11.37697,43.81881
12.61164,40.71009
12.61702,40.70421
12.62239,40.69833
12.65395,40.72184
12.64871,40.71596
12.64347,40.71009
12.63824,40.70421
12.63300,40.69833
12.62776,40.69246
11.34024,43.78355
11.34548,43.78942
11.35072,43.79530
11.35595,43.80118
11.36119,43.80705
11.36643,43.81293
11.37167,43.81881
12.61708,40.69833
12.62246,40.69246
12.65402,40.71596
12.64878,40.71009
12.64354,40.70421
12.63830,40.69833
12.63307,40.69246
12.62783,40.68658
11.34017,43.78942
11.34541,43.79530
11.35065,43.80118
11.35589,43.80705
11.36112,43.81293
11.36636,43.81881
11.37160,43.82468
12.61178,40.69833
12.61715,40.69246
12.62252,40.68658
12.65408,40.71009
12.64885,40.70421
12.64361,40.69833
12.63837,40.69246
12.63313,40.68658
12.62790,40.68071
11.34011,43.79530
11.34534,43.80118
11.35058,43.80705
11.35582,43.81293
11.36106,43.81881
11.36629,43.82468
11.37153,43.83056
12.61722,40.68658
12.62259,40.68071
12.65415,40.70421
12.64891,40.69833
12.64368,40.69246
12.63844,40.68658
12.63320,40.68071
12.62796,40.67483
11.33480,43.79530
11.34004,43.80118
11.34528,43.80705
11.35051,43.81293
11.35575,43.81881
11.36099,43.82468
11.36623,43.83056
12.61191,40.68658
12.61729,40.68071
12.62266,40.67483
12.65422,40.69833
12.64898,40.69246
12.64374,40.68658
12.63851,40.68071
12.63327,40.67483
12.62803,40.66895
11.33473,43.80118
11.33997,43.80705
11.34521,43.81293
11.35045,43.81881
11.35568,43.82468
11.36092,43.83056
11.36616,43.83643
12.61735,40.67483
12.62273,40.66895
12.65429,40.69246
12.64905,40.68658
12.64381,40.68071
12.63857,40.67483
12.63334,40.66895
12.62810,40.66308
11.33467,43.80705
11.33990,43.81293
11.34514,43.81881
11.35038,43.82468
11.35562,43.83056
11.36085,43.83643
11.36609,43.84231
12.62279,40.66308
12.65435,40.68658
12.64912,40.68071
12.64388,40.67483
12.63864,40.66895
12.63340,40.66308
12.62817,40.65720
11.32936,43.80705
11.33460,43.81293
11.33984,43.81881
11.34507,43.82468
11.35031,43.83056
11.35555,43.83643
11.36079,43.84231
11.36602,43.84819
12.61749,40.66308
12.62286,40.65720
12.65442,40.68071
12.64918,40.67483
12.64395,40.66895
12.63871,40.66308
12.63347,40.65720
12.62823,40.65132
11.32929,43.81293
11.33453,43.81881
11.33977,43.82468
11.34501,43.83056
11.35024,43.83643
11.35548,43.84231
11.36072,43.84819
11.36596,43.85406
12.62293,40.65132
12.65449,40.67483
12.64925,40.66895
12.64401,40.66308
12.63878,40.65720
12.63354,40.65132
12.62830,40.64545
11.32399,43.81293
11.32923,43.81881
11.33446,43.82468
11.33970,43.83056
11.34494,43.83643
11.35018,43.84231
11.35541,43.84819
11.36065,43.85406
12.61762,40.65132
12.62300,40.64545
12.65456,40.66895
12.64932,40.66308
12.64408,40.65720
12.63884,40.65132
12.63361,40.64545
12.62837,40.63957
11.32392,43.81881
11.32916,43.82468
11.33440,43.83056
11.33963,43.83643
11.34487,43.84231
11.35011,43.84819
11.35535,43.85406
11.36058,43.85994
12.62306,40.63957
12.65986,40.66895
12.65462,40.66308
12.64939,40.65720
12.64415,40.65132
12.63891,40.64545
12.63367,40.63957
12.62844,40.63369
11.32385,43.82468
11.32909,43.83056
11.33433,43.83643
11.33957,43.84231
11.34480,43.84819
11.35004,43.85406
11.35528,43.85994
11.36052,43.86582
12.61776,40.63957
12.62313,40.63369
12.65993,40.66308
12.65469,40.65720
12.64945,40.65132
12.64422,40.64545
12.63898,40.63957
12.63374,40.63369
12.62850,40.62782
11.32379,43.83056
11.32902,43.83643
11.33426,43.84231
11.33950,43.84819
11.34474,43.85406
11.34997,43.85994
11.35521,43.86582
12.62320,40.62782
12.66000,40.65720
12.65476,40.65132
12.64952,40.64545
12.64428,40.63957
12.63905,40.63369
12.63381,40.62782
12.62857,40.62194
11.32372,43.83643
11.32896,43.84231
11.33419,43.84819
11.33943,43.85406
11.34467,43.85994
11.34991,43.86582
11.35514,43.87169
12.66530,40.65720
12.66006,40.65132
12.65483,40.64545
12.64959,40.63957
12.64435,40.63369
12.63911,40.62782
12.63388,40.62194
12.62864,40.61606
11.32365,43.84231
11.32889,43.84819
11.33413,43.85406
11.33936,43.85994
11.34460,43.86582
11.34984,43.87169
11.35508,43.87757
12.66537,40.65132
12.66013,40.64545
12.65489,40.63957
12.64966,40.63369
12.64442,40.62782
12.63918,40.62194
12.63394,40.61606
12.62871,40.61019
11.31835,43.84231
11.32358,43.84819
11.32882,43.85406
11.33406,43.85994
11.33930,43.86582
11.34453,43.87169
11.34977,43.87757
12.66544,40.64545
12.66020,40.63957
12.65496,40.63369
12.64972,40.62782
12.64449,40.62194
12.63925,40.61606
12.63401,40.61019
12.62877,40.60431
11.31828,43.84819
11.32352,43.85406
11.32875,43.85994
11.33399,43.86582
11.33923,43.87169
11.34447,43.87757
11.34970,43.88345
12.66550,40.63957
12.66027,40.63369
12.65503,40.62782
12.64979,40.62194
12.64455,40.61606
12.63932,40.61019
12.63408,40.60431
12.62347,40.60431
12.62884,40.59843
11.31821,43.85406
11.32345,43.85994
11.32869,43.86582
11.33392,43.87169
11.33916,43.87757
11.34440,43.88345
11.34964,43.88932
12.66557,40.63369
12.66033,40.62782
12.65510,40.62194
12.64986,40.61606
12.64462,40.61019
12.63938,40.60431
12.63415,40.59843
12.62891,40.59256
11.31291,43.85406
11.31814,43.85994
11.32338,43.86582
11.32862,43.87169
11.33386,43.87757
11.33909,43.88345
11.34433,43.88932
12.66564,40.62782
12.66040,40.62194
12.65516,40.61606
12.64993,40.61019
12.64469,40.60431
12.63945,40.59843
12.63421,40.59256
11.31284,43.85994
11.31808,43.86582
11.32331,43.87169
11.32855,43.87757
11.33379,43.88345
11.33903,43.88932
11.34426,43.89520
12.66571,40.62194
12.66047,40.61606
12.65523,40.61019
12.64999,40.60431
12.64476,40.59843
12.63952,40.59256
12.63428,40.58668
11.31277,43.86582
11.31801,43.87169
11.32325,43.87757
11.32848,43.88345
11.33372,43.88932
11.33896,43.89520
11.34420,43.90108
12.66577,40.61606
12.66054,40.61019
12.65530,40.60431
12.65006,40.59843
12.64482,40.59256
12.63959,40.58668
12.63435,40.58080
11.31270,43.87169
11.31794,43.87757
11.32318,43.88345
11.32842,43.88932
11.33365,43.89520
11.33889,43.90108
12.67108,40.61606
12.66584,40.61019
12.66060,40.60431
12.65537,40.59843
12.65013,40.59256
12.64489,40.58668
12.63965,40.58080
12.63442,40.57493
11.31264,43.87757
11.31787,43.88345
11.32311,43.88932
11.32835,43.89520
11.33359,43.90108
11.33882,43.90695
12.67115,40.61019
12.66591,40.60431
12.66067,40.59843
12.65543,40.59256
12.65020,40.58668
12.64496,40.58080
12.63972,40.57493
12.63448,40.56905
11.30733,43.87757
11.31257,43.88345
11.31781,43.88932
11.32304,43.89520
11.32828,43.90108
11.33352,43.90695
11.33876,43.91283
12.67121,40.60431
12.66598,40.59843
12.66074,40.59256
12.65550,40.58668
12.65026,40.58080
12.64503,40.57493
12.63979,40.56905
12.63455,40.56317
11.30726,43.88345
11.31250,43.88932
11.31774,43.89520
11.32298,43.90108
11.32821,43.90695
11.33345,43.91283
11.33869,43.91871
12.67128,40.59843
12.66604,40.59256
12.66081,40.58668
12.65557,40.58080
12.65033,40.57493
12.64509,40.56905
12.63986,40.56317
12.63462,40.55730
11.30720,43.88932
11.31243,43.89520
11.31767,43.90108
11.32291,43.90695
11.32815,43.91283
11.33338,43.91871
11.33862,43.92458
12.67135,40.59256
12.66611,40.58668
12.66087,40.58080
12.65564,40.57493
12.65040,40.56905
12.64516,40.56317
12.63992,40.55730
12.63469,40.55142
11.30189,43.88932
11.30713,43.89520
11.31237,43.90108
11.31760,43.90695
11.32284,43.91283
11.32808,43.91871
11.33332,43.92458
12.67142,40.58668
12.66618,40.58080
12.66094,40.57493
12.65570,40.56905
12.65047,40.56317
12.64523,40.55730
12.63999,40.55142
11.30182,43.89520
11.30706,43.90108
11.31230,43.90695
11.31754,43.91283
11.32277,43.91871
11.32801,43.92458
11.33325,43.93046
12.67149,40.58080
12.66625,40.57493
12.66101,40.56905
12.65577,40.56317
12.65054,40.55730
12.64530,40.55142
12.64006,40.54554
11.30176,43.90108
11.30699,43.90695
11.31223,43.91283
11.31747,43.91871
11.32271,43.92458
11.32794,43.93046
11.33318,43.93634
12.67155,40.57493
12.66632,40.56905
12.66108,40.56317
12.65584,40.55730
12.65060,40.55142
12.64537,40.54554
12.64013,40.53967
11.29645,43.90108
11.30169,43.90695
11.30693,43.91283
11.31216,43.91871
11.31740,43.92458
11.32264,43.93046
11.32788,43.93634
12.67162,40.56905
12.66638,40.56317
12.66115,40.55730
12.65591,40.55142
12.65067,40.54554
12.64543,40.53967
12.64020,40.53379
11.29638,43.90695
11.30162,43.91283
11.30686,43.91871
11.31210,43.92458
11.31733,43.93046
11.32257,43.93634
11.32781,43.94221
12.67693,40.56905
12.67169,40.56317
12.66645,40.55730
12.66121,40.55142
12.65598,40.54554
12.65074,40.53967
12.64550,40.53379
12.64026,40.52791
11.29632,43.91283
11.30155,43.91871
11.30679,43.92458
11.31203,43.93046
11.31727,43.93634
11.32250,43.94221
11.32774,43.94809
12.67699,40.56317
12.67176,40.55730
12.66652,40.55142
12.66128,40.54554
12.65604,40.53967
12.65081,40.53379
12.64557,40.52791
12.64033,40.52204
11.29101,43.91283
11.29625,43.91871
11.30149,43.92458
11.30672,43.93046
11.31196,43.93634
11.31720,43.94221
11.32244,43.94809
12.67706,40.55730
12.67182,40.55142
12.66659,40.54554
12.66135,40.53967
12.65611,40.53379
12.65087,40.52791
12.64564,40.52204
12.64040,40.51616
11.29094,43.91871
11.29618,43.92458
11.30142,43.93046
11.30666,43.93634
11.31189,43.94221
11.31713,43.94809
11.32237,43.95397
12.67713,40.55142
12.67189,40.54554
12.66665,40.53967
12.66142,40.53379
12.65618,40.52791
12.65094,40.52204
12.64570,40.51616
11.29088,43.92458
11.29611,43.93046
11.30135,43.93634
11.30659,43.94221
11.31183,43.94809
11.31706,43.95397
12.67720,40.54554
12.67196,40.53967
12.66672,40.53379
12.66148,40.52791
12.65625,40.52204
12.65101,40.51616
12.64577,40.51028
11.28557,43.92458
11.29081,43.93046
11.29605,43.93634
11.30128,43.94221
11.30652,43.94809
11.31176,43.95397
11.31700,43.95984
12.67726,40.53967
12.67203,40.53379
12.66679,40.52791
12.66155,40.52204
12.65631,40.51616
12.65108,40.51028
12.64584,40.50441
11.28550,43.93046
11.29074,43.93634
11.29598,43.94221
11.30122,43.94809
11.30645,43.95397
11.31169,43.95984
11.31693,43.96572
12.68257,40.53967
12.67733,40.53379
12.67209,40.52791
12.66686,40.52204
12.66162,40.51616
12.65638,40.51028
12.65114,40.50441
11.28544,43.93634
11.29067,43.94221
11.29591,43.94809
11.30115,43.95397
11.30639,43.95984
11.31162,43.96572
11.31686,43.97160
12.68264,40.53379
12.67740,40.52791
12.67216,40.52204
12.66692,40.51616
12.66169,40.51028
12.65645,40.50441
12.65121,40.49853
11.28013,43.93634
11.28537,43.94221
11.29061,43.94809
11.29584,43.95397
11.30108,43.95984
11.30632,43.96572
11.31156,43.97160
12.68794,40.53379
12.68270,40.52791
12.67747,40.52204
12.67223,40.51616
12.66699,40.51028
12.66175,40.50441
12.65652,40.49853
12.65128,40.49265
11.28006,43.94221
11.28530,43.94809
11.29054,43.95397
11.29578,43.95984
11.30101,43.96572
11.30625,43.97160
12.68801,40.52791
12.68277,40.52204
12.67753,40.51616
12.67230,40.51028
12.66706,40.50441
12.66182,40.49853
12.65658,40.49265
12.65135,40.48678
11.28000,43.94809
11.28523,43.95397
11.29047,43.95984
11.29571,43.96572
11.30095,43.97160
11.30618,43.97747
12.68284,40.51616
12.67760,40.51028
12.67236,40.50441
12.66713,40.49853
12.66189,40.49265
12.65665,40.48678
12.65141,40.48090
11.27469,43.94809
11.27993,43.95397
11.28517,43.95984
11.29040,43.96572
11.29564,43.97160
11.30088,43.97747
11.30612,43.98335
12.68291,40.51028
12.67767,40.50441
12.67243,40.49853
12.66719,40.49265
12.66196,40.48678
12.65672,40.48090
12.64611,40.48090
12.65148,40.47502
11.27462,43.95397
11.27986,43.95984
11.28510,43.96572
11.29034,43.97160
11.29557,43.97747
11.30081,43.98335
11.30605,43.98923
12.68297,40.50441
12.67774,40.49853
12.67250,40.49265
12.66726,40.48678
12.66202,40.48090
12.65679,40.47502
12.65155,40.46915
11.27456,43.95984
11.27979,43.96572
11.28503,43.97160
11.29027,43.97747
11.29551,43.98335
11.30074,43.98923
11.30598,43.99510
12.68304,40.49853
12.67780,40.49265
12.67257,40.48678
12.66733,40.48090
12.66209,40.47502
12.65685,40.46915
11.26925,43.95984
11.27449,43.96572
11.27973,43.97160
11.28496,43.97747
11.29020,43.98335
11.29544,43.98923
11.30068,43.99510
11.30591,44.00098
12.68835,40.49853
12.68311,40.49265
12.67787,40.48678
12.67263,40.48090
12.66740,40.47502
12.66216,40.46915
12.65692,40.46327
11.26918,43.96572
11.27442,43.97160
11.27966,43.97747
11.28490,43.98335
11.29013,43.98923
11.29537,43.99510
11.30061,44.00098
11.30585,44.00686
12.68841,40.49265
12.68318,40.48678
12.67794,40.48090
12.67270,40.47502
12.66746,40.46915
12.66223,40.46327
12.65699,40.45739
11.27435,43.97747
11.27959,43.98335
11.28483,43.98923
11.29007,43.99510
11.29530,44.00098
11.30054,44.00686
11.30578,44.01273
12.68848,40.48678
12.68324,40.48090
12.67801,40.47502
12.67277,40.46915
12.66753,40.46327
12.66229,40.45739
12.65706,40.45152
11.26905,43.97747
11.27429,43.98335
11.27952,43.98923
11.28476,43.99510
11.29000,44.00098
11.29524,44.00686
11.30047,44.01273
11.30571,44.01861
12.68855,40.48090
12.68331,40.47502
12.67807,40.46915
12.67284,40.46327
12.66760,40.45739
12.66236,40.45152
12.65712,40.44564
11.27422,43.98923
11.27946,43.99510
11.28469,44.00098
11.28993,44.00686
11.29517,44.01273
11.30041,44.01861
11.30564,44.02449
12.69385,40.48090
12.68862,40.47502
12.68338,40.46915
12.67814,40.46327
12.67290,40.45739
12.66767,40.45152
12.66243,40.44564
12.65719,40.43976
11.26891,43.98923
11.27415,43.99510
11.27939,44.00098
11.28462,44.00686
11.28986,44.01273
11.29510,44.01861
11.30034,44.02449
11.30557,44.03036
12.68868,40.46915
12.68345,40.46327
12.67821,40.45739
12.67297,40.45152
12.66773,40.44564
12.66250,40.43976
12.65726,40.43389
11.27408,44.00098
11.27932,44.00686
11.28456,44.01273
11.28979,44.01861
11.29503,44.02449
11.30027,44.03036
11.31088,44.03036
11.30551,44.03624
12.69399,40.46915
12.68875,40.46327
12.68351,40.45739
12.67828,40.45152
12.67304,40.44564
12.66780,40.43976
12.66256,40.43389
12.65733,40.42801
11.26878,44.00098
11.27401,44.00686
11.27925,44.01273
11.28449,44.01861
11.28973,44.02449
11.29496,44.03036
11.30020,44.03624
11.31081,44.03624
11.30544,44.04212
12.68882,40.45739
12.68358,40.45152
12.67834,40.44564
12.67311,40.43976
12.66787,40.43389
12.66263,40.42801
12.65202,40.42801
12.65739,40.42214
11.27395,44.01273
11.27918,44.01861
11.28442,44.02449
11.28966,44.03036
11.29490,44.03624
11.30013,44.04212
11.31074,44.04212
11.30537,44.04799
12.69412,40.45739
12.68889,40.45152
12.68365,40.44564
12.67841,40.43976
12.67317,40.43389
12.66794,40.42801
12.66270,40.42214
12.65746,40.41626
11.26864,44.01273
11.27388,44.01861
11.27912,44.02449
11.28435,44.03036
11.28959,44.03624
11.29483,44.04212
11.30007,44.04799
11.31605,44.04212
11.31068,44.04799
11.30530,44.05387
12.68895,40.44564
12.68372,40.43976
12.67848,40.43389
12.67324,40.42801
12.66800,40.42214
12.66277,40.41626
11.27381,44.02449
11.27905,44.03036
11.28429,44.03624
11.28952,44.04212
11.29476,44.04799
11.30000,44.05387
11.31598,44.04799
11.31061,44.05387
11.30524,44.05975
12.69426,40.44564
12.68902,40.43976
12.68378,40.43389
12.67855,40.42801
12.67331,40.42214
12.66807,40.41626
12.66283,40.41038
11.26851,44.02449
11.27374,44.03036
11.27898,44.03624
11.28422,44.04212
11.28946,44.04799
11.29469,44.05387
11.29993,44.05975
11.31591,44.05387
11.31054,44.05975
11.30517,44.06562
12.69433,40.43976
12.68909,40.43389
12.68385,40.42801
12.67861,40.42214
12.67338,40.41626
12.66814,40.41038
12.66290,40.40451
11.27368,44.03624
11.27891,44.04212
11.28415,44.04799
11.28939,44.05387
11.29463,44.05975
11.29986,44.06562
11.32122,44.05387
11.31585,44.05975
11.31047,44.06562
11.30510,44.07150
12.69439,40.43389
12.68916,40.42801
12.68392,40.42214
12.67868,40.41626
12.67344,40.41038
12.66821,40.40451
12.66297,40.39863
11.27361,44.04212
11.27885,44.04799
11.28408,44.05387
11.28932,44.05975
11.29456,44.06562
11.29980,44.07150
11.32115,44.05975
11.31578,44.06562
11.31041,44.07150
11.30503,44.07738
12.69446,40.42801
12.68922,40.42214
12.68399,40.41626
12.67875,40.41038
12.67351,40.40451
12.66827,40.39863
12.66304,40.39275
11.27354,44.04799
11.27878,44.05387
11.28402,44.05975
11.28925,44.06562
11.29449,44.07150
11.29973,44.07738
11.32108,44.06562
11.31571,44.07150
11.31034,44.07738
11.30497,44.08325
12.69453,40.42214
12.68929,40.41626
12.68405,40.41038
12.67882,40.40451
12.67358,40.39863
12.66834,40.39275
12.66310,40.38688
11.27347,44.05387
11.27871,44.05975
11.28395,44.06562
11.28919,44.07150
11.29442,44.07738
11.29966,44.08325
11.32639,44.06562
11.32102,44.07150
11.31564,44.07738
11.31027,44.08325
11.30490,44.08913
12.69460,40.41626
12.68936,40.41038
12.68412,40.40451
12.67888,40.39863
12.67365,40.39275
12.66841,40.38688
11.27341,44.05975
11.27864,44.06562
11.28388,44.07150
11.28912,44.07738
11.29436,44.08325
11.29959,44.08913
11.32632,44.07150
11.32095,44.07738
11.31558,44.08325
11.31020,44.08913
11.30483,44.09500
12.69466,40.41038
12.68943,40.40451
12.68419,40.39863
12.67895,40.39275
12.67371,40.38688
12.66848,40.38100
11.27858,44.07150
11.28381,44.07738
11.28905,44.08325
11.29429,44.08913
11.29953,44.09500
11.32625,44.07738
11.32088,44.08325
11.31551,44.08913
11.31014,44.09500
11.30476,44.10088
12.69997,40.41038
12.69473,40.40451
12.68949,40.39863
12.68426,40.39275
12.67902,40.38688
12.67378,40.38100
12.66854,40.37512
11.28375,44.08325
11.28898,44.08913
11.29422,44.09500
11.29946,44.10088
11.33156,44.07738
11.32619,44.08325
11.32081,44.08913
11.31544,44.09500
11.31007,44.10088
11.30470,44.10676
12.70004,40.40451
12.69480,40.39863
12.68956,40.39275
12.68432,40.38688
12.67909,40.38100
12.67385,40.37512
11.28368,44.08913
11.28892,44.09500
11.29415,44.10088
11.29939,44.10676
11.33149,44.08325
11.32612,44.08913
11.32075,44.09500
11.31537,44.10088
11.31000,44.10676
11.30463,44.11263
12.70534,40.40451
12.70010,40.39863
12.69487,40.39275
12.68963,40.38688
12.68439,40.38100
12.67915,40.37512
12.67392,40.36925
11.28361,44.09500
11.28885,44.10088
11.29409,44.10676
11.29932,44.11263
11.33142,44.08913
11.32605,44.09500
11.32068,44.10088
11.31531,44.10676
11.30993,44.11263
11.30456,44.11851
12.70541,40.39863
12.70017,40.39275
12.69493,40.38688
12.68970,40.38100
12.68446,40.37512
12.67922,40.36925
12.67398,40.36337
11.28878,44.10676
11.29402,44.11263
11.29926,44.11851
11.33673,44.08913
11.33136,44.09500
11.32598,44.10088
11.32061,44.10676
11.31524,44.11263
11.30987,44.11851
11.30449,44.12439
12.70548,40.39275
12.70024,40.38688
12.69500,40.38100
12.68976,40.37512
12.68453,40.36925
12.67929,40.36337
12.67405,40.35749
11.29395,44.11851
11.29919,44.12439
11.33666,44.09500
11.33129,44.10088
11.32592,44.10676
11.32054,44.11263
11.31517,44.11851
11.30980,44.12439
11.30443,44.13026
12.70554,40.38688
12.70031,40.38100
12.69507,40.37512
12.68983,40.36925
12.68459,40.36337
12.67936,40.35749
12.67412,40.35162
11.29912,44.13026
11.33659,44.10088
11.33122,44.10676
11.32585,44.11263
11.32048,44.11851
11.31510,44.12439
11.30973,44.13026
11.30436,44.13614
12.70037,40.37512
12.69514,40.36925
12.68990,40.36337
12.68466,40.35749
12.67942,40.35162
12.67419,40.34574
11.34190,44.10088
11.33653,44.10676
11.33115,44.11263
11.32578,44.11851
11.32041,44.12439
11.31504,44.13026
11.30966,44.13614
11.30429,44.14202
12.70568,40.37512
12.70044,40.36925
12.69520,40.36337
12.68997,40.35749
12.68473,40.35162
12.67949,40.34574
12.67425,40.33986
11.34183,44.10676
11.33646,44.11263
11.33109,44.11851
11.32571,44.12439
11.32034,44.13026
11.31497,44.13614
11.30960,44.14202
12.70575,40.36925
12.70051,40.36337
12.69527,40.35749
12.69003,40.35162
12.68480,40.34574
12.67956,40.33986
11.34176,44.11263
11.33639,44.11851
11.33102,44.12439
11.32565,44.13026
11.32027,44.13614
11.31490,44.14202
11.30953,44.14789
12.70581,40.36337
12.70058,40.35749
12.69534,40.35162
12.69010,40.34574
12.68486,40.33986
12.67963,40.33399
11.34707,44.11263
11.34170,44.11851
11.33632,44.12439
11.33095,44.13026
11.32558,44.13614
11.32021,44.14202
11.31483,44.14789
11.30946,44.15377
12.70588,40.35749
12.70064,40.35162
12.69541,40.34574
12.69017,40.33986
12.68493,40.33399
12.67969,40.32811
11.34700,44.11851
11.34163,44.12439
11.33626,44.13026
11.33088,44.13614
11.32551,44.14202
11.32014,44.14789
11.31477,44.15377
12.71119,40.35749
12.70595,40.35162
12.70071,40.34574
12.69547,40.33986
12.69024,40.33399
12.68500,40.32811
12.67976,40.32223
11.34693,44.12439
11.34156,44.13026
11.33619,44.13614
11.33082,44.14202
11.32544,44.14789
11.32007,44.15377
11.31470,44.15965
12.71125,40.35162
12.70602,40.34574
12.70078,40.33986
12.69554,40.33399
12.69030,40.32811
12.68507,40.32223
12.67983,40.31636
11.35224,44.12439
11.34687,44.13026
11.34149,44.13614
11.33612,44.14202
11.33075,44.14789
11.32538,44.15377
11.32000,44.15965
12.71132,40.34574
12.70608,40.33986
12.70085,40.33399
12.69561,40.32811
12.69037,40.32223
12.68513,40.31636
12.67990,40.31048
11.35217,44.13026
11.34680,44.13614
11.34143,44.14202
11.33605,44.14789
11.33068,44.15377
11.32531,44.15965
11.31994,44.16552
12.71139,40.33986
12.70615,40.33399
12.70091,40.32811
12.69568,40.32223
12.69044,40.31636
12.68520,40.31048
12.67996,40.30460
11.35210,44.13614
11.34673,44.14202
11.34136,44.14789
11.33599,44.15377
11.33061,44.15965
11.32524,44.16552
11.31987,44.17140
12.70622,40.32811
12.70098,40.32223
12.69574,40.31636
12.69051,40.31048
12.68527,40.30460
12.68003,40.29873
11.35741,44.13614
11.35204,44.14202
11.34666,44.14789
11.34129,44.15377
11.33592,44.15965
11.33055,44.16552
11.32517,44.17140
12.71152,40.32811
12.70629,40.32223
12.70105,40.31636
12.69581,40.31048
12.69057,40.30460
12.68534,40.29873
12.68010,40.29285
11.35734,44.14202
11.35197,44.14789
11.34660,44.15377
11.34122,44.15965
11.33585,44.16552
11.33048,44.17140
11.32511,44.17728
12.71159,40.32223
12.70635,40.31636
12.70112,40.31048
12.69588,40.30460
12.69064,40.29873
12.68540,40.29285
11.35727,44.14789
11.35190,44.15377
11.34653,44.15965
11.34116,44.16552
11.33578,44.17140
11.33041,44.17728
11.32504,44.18315
12.71166,40.31636
12.70642,40.31048
12.70118,40.30460
12.69595,40.29873
12.69071,40.29285
12.68547,40.28697
11.35721,44.15377
11.35183,44.15965
11.34646,44.16552
11.34109,44.17140
11.33572,44.17728
11.33034,44.18315
11.32497,44.18903
12.71696,40.31636
12.71173,40.31048
12.70649,40.30460
12.70125,40.29873
12.69601,40.29285
12.69078,40.28697
12.68554,40.28110
11.36251,44.15377
11.35714,44.15965
11.35177,44.16552
11.34639,44.17140
11.34102,44.17728
11.33565,44.18315
11.33028,44.18903
12.71703,40.31048
12.71180,40.30460
12.70656,40.29873
12.70132,40.29285
12.69608,40.28697
12.69085,40.28110
12.68561,40.27522
11.36244,44.15965
11.35707,44.16552
11.35170,44.17140
11.34633,44.17728
11.34095,44.18315
11.33558,44.18903
11.33021,44.19491
12.71710,40.30460
12.71186,40.29873
12.70663,40.29285
12.70139,40.28697
12.69615,40.28110
12.69091,40.27522
12.68568,40.26934
11.36238,44.16552
11.35700,44.17140
11.35163,44.17728
11.34626,44.18315
11.34089,44.18903
11.33551,44.19491
11.33014,44.20078
12.71717,40.29873
12.71193,40.29285
12.70669,40.28697
12.70146,40.28110
12.69622,40.27522
12.69098,40.26934
12.68574,40.26347
11.36768,44.16552
11.36231,44.17140
11.35694,44.17728
11.35156,44.18315
11.34619,44.18903
11.34082,44.19491
11.33545,44.20078
12.71724,40.29285
12.71200,40.28697
12.70676,40.28110
12.70152,40.27522
12.69629,40.26934
12.69105,40.26347
12.68581,40.25759
11.36761,44.17140
11.36224,44.17728
11.35687,44.18315
11.35150,44.18903
11.34612,44.19491
11.34075,44.20078
11.33538,44.20666
12.71730,40.28697
12.71207,40.28110
12.70683,40.27522
12.70159,40.26934
12.69635,40.26347
12.69112,40.25759
11.37292,44.17140
11.36755,44.17728
11.36217,44.18315
11.35680,44.18903
11.35143,44.19491
11.34606,44.20078
11.34068,44.20666
12.71737,40.28110
12.71213,40.27522
12.70690,40.26934
12.70166,40.26347
12.69642,40.25759
12.69118,40.25171
11.37285,44.17728
11.36748,44.18315
11.36211,44.18903
11.35673,44.19491
11.35136,44.20078
11.34599,44.20666
11.34062,44.21254
12.72268,40.28110
12.71744,40.27522
12.71220,40.26934
12.70696,40.26347
12.70173,40.25759
12.69649,40.25171
12.69125,40.24584
11.37816,44.17728
11.37278,44.18315
11.36741,44.18903
11.36204,44.19491
11.35667,44.20078
11.35129,44.20666
11.34592,44.21254
12.72274,40.27522
12.71751,40.26934
12.71227,40.26347
12.70703,40.25759
12.70179,40.25171
12.69656,40.24584
12.69132,40.23996
11.37809,44.18315
11.37272,44.18903
11.36734,44.19491
11.36197,44.20078
11.35660,44.20666
11.35123,44.21254
11.34585,44.21841
12.72281,40.26934
12.71757,40.26347
12.71234,40.25759
12.70710,40.25171
12.70186,40.24584
12.69662,40.23996
12.69139,40.23408
11.37802,44.18903
11.37265,44.19491
11.36728,44.20078
11.36190,44.20666
11.35653,44.21254
11.35116,44.21841
11.34579,44.22429
12.72288,40.26347
12.71764,40.25759
12.71240,40.25171
12.70717,40.24584
12.70193,40.23996
12.69669,40.23408
12.69145,40.22821
11.38333,44.18903
11.37795,44.19491
11.37258,44.20078
11.36721,44.20666
11.36184,44.21254
11.35646,44.21841
11.35109,44.22429
12.72818,40.26347
12.72295,40.25759
12.71771,40.25171
12.71247,40.24584
12.70723,40.23996
12.70200,40.23408
12.69676,40.22821
12.69152,40.22233
11.38326,44.19491
11.37789,44.20078
11.37251,44.20666
11.36714,44.21254
11.36177,44.21841
11.35640,44.22429
11.35102,44.23017
12.72825,40.25759
12.72301,40.25171
12.71778,40.24584
12.71254,40.23996
12.70730,40.23408
12.70206,40.22821
12.69683,40.22233
11.38319,44.20078
11.37782,44.20666
11.37245,44.21254
11.36707,44.21841
11.36170,44.22429
11.35633,44.23017
11.35096,44.23604
12.72832,40.25171
12.72308,40.24584
12.71784,40.23996
12.71261,40.23408
12.70737,40.22821
12.70213,40.22233
12.69689,40.21645
11.38312,44.20666
11.37775,44.21254
11.37238,44.21841
11.36701,44.22429
11.36163,44.23017
11.35626,44.23604
12.72839,40.24584
12.72315,40.23996
12.71791,40.23408
12.71267,40.22821
12.70744,40.22233
12.70220,40.21645
12.69696,40.21058
11.38843,44.20666
11.38306,44.21254
11.37768,44.21841
11.37231,44.22429
11.36694,44.23017
11.36157,44.23604
11.35619,44.24192
12.72845,40.23996
12.72322,40.23408
12.71798,40.22821
12.71274,40.22233
12.70750,40.21645
12.70227,40.21058
11.38836,44.21254
11.38299,44.21841
11.37762,44.22429
11.37224,44.23017
11.36687,44.23604
11.36150,44.24192
11.35613,44.24780
12.72852,40.23408
12.72328,40.22821
12.71805,40.22233
12.71281,40.21645
12.70757,40.21058
12.70233,40.20470
11.39367,44.21254
11.38829,44.21841
11.38292,44.22429
11.37755,44.23017
11.37218,44.23604
11.36680,44.24192
11.36143,44.24780
11.35606,44.25367
12.73383,40.23408
12.72859,40.22821
12.72335,40.22233
12.71811,40.21645
12.71288,40.21058
12.70764,40.20470
12.70240,40.19882
11.39360,44.21841
11.38823,44.22429
11.38285,44.23017
11.37748,44.23604
11.37211,44.24192
11.36674,44.24780
11.36136,44.25367
12.73389,40.22821
12.72866,40.22233
12.72342,40.21645
12.71818,40.21058
12.71294,40.20470
12.70771,40.19882
12.70247,40.19295
11.39353,44.22429
11.38816,44.23017
11.38279,44.23604
11.37741,44.24192
11.37204,44.24780
11.36667,44.25367
11.36130,44.25955
12.73396,40.22233
12.72872,40.21645
12.72349,40.21058
12.71825,40.20470
12.71301,40.19882
12.70777,40.19295
12.70254,40.18707
11.39884,44.22429
11.39346,44.23017
11.38809,44.23604
11.38272,44.24192
11.37735,44.24780
11.37197,44.25367
11.36660,44.25955
12.73403,40.21645
12.72879,40.21058
12.72355,40.20470
12.71832,40.19882
12.71308,40.19295
12.70784,40.18707
11.39877,44.23017
11.39340,44.23604
11.38802,44.24192
11.38265,44.24780
11.37728,44.25367
11.37191,44.25955
12.73933,40.21645
12.73410,40.21058
12.72886,40.20470
12.72362,40.19882
12.71838,40.19295
12.71315,40.18707
12.70791,40.18119
11.39870,44.23604
11.39333,44.24192
11.38796,44.24780
11.38258,44.25367
11.37721,44.25955
11.37184,44.26543
12.73940,40.21058
12.73416,40.20470
12.72893,40.19882
12.72369,40.19295
12.71845,40.18707
12.71321,40.18119
12.70798,40.17532
11.40401,44.23604
11.39863,44.24192
11.39326,44.24780
11.38789,44.25367
11.38252,44.25955
11.37714,44.26543
11.37177,44.27130
12.73947,40.20470
12.73423,40.19882
12.72899,40.19295
12.72376,40.18707
12.71852,40.18119
12.71328,40.17532
12.70804,40.16944
11.40394,44.24192
11.39857,44.24780
11.39319,44.25367
11.38782,44.25955
11.38245,44.26543
11.37708,44.27130
12.73954,40.19882
12.73430,40.19295
12.72906,40.18707
12.72382,40.18119
12.71859,40.17532
12.71335,40.16944
12.70811,40.16357
11.40924,44.24192
11.40387,44.24780
11.39850,44.25367
11.39313,44.25955
11.38775,44.26543
11.38238,44.27130
11.37701,44.27718
12.73960,40.19295
12.73437,40.18707
12.72913,40.18119
12.72389,40.17532
12.71865,40.16944
12.71342,40.16357
11.40918,44.24780
11.40380,44.25367
11.39843,44.25955
11.39306,44.26543
11.38769,44.27130
11.38231,44.27718
11.37694,44.28306
12.74491,40.19295
12.73967,40.18707
12.73443,40.18119
12.72920,40.17532
12.72396,40.16944
12.71872,40.16357
12.71348,40.15769
11.40911,44.25367
11.40374,44.25955
11.39836,44.26543
11.39299,44.27130
11.38762,44.27718
11.38225,44.28306
12.74498,40.18707
12.73974,40.18119
12.73450,40.17532
12.72926,40.16944
12.72403,40.16357
12.71879,40.15769
12.71355,40.15181
11.41441,44.25367
11.40904,44.25955
11.40367,44.26543
11.39830,44.27130
11.39292,44.27718
11.38755,44.28306
11.38218,44.28893
12.74504,40.18119
12.73981,40.17532
12.73457,40.16944
12.72933,40.16357
12.72409,40.15769
12.71886,40.15181
12.71362,40.14594
11.41435,44.25955
11.40897,44.26543
11.40360,44.27130
11.39823,44.27718
11.39286,44.28306
11.38748,44.28893
12.74511,40.17532
12.73987,40.16944
12.73464,40.16357
12.72940,40.15769
12.72416,40.15181
12.71892,40.14594
11.41428,44.26543
11.40891,44.27130
11.40353,44.27718
11.39816,44.28306
11.39279,44.28893
11.38742,44.29481
12.75042,40.17532
12.74518,40.16944
12.73994,40.16357
12.73470,40.15769
12.72947,40.15181
12.72423,40.14594
12.71899,40.14006
11.41958,44.26543
11.41421,44.27130
11.40884,44.27718
11.40347,44.28306
11.39809,44.28893
11.39272,44.29481
11.38735,44.30069
12.75048,40.16944
12.74525,40.16357
12.74001,40.15769
12.73477,40.15181
12.72953,40.14594
12.72430,40.14006
12.71906,40.13418
11.41952,44.27130
11.41414,44.27718
11.40877,44.28306
11.40340,44.28893
11.39803,44.29481
11.39265,44.30069
11.38728,44.30656
12.75055,40.16357
12.74531,40.15769
12.74008,40.15181
12.73484,40.14594
12.72960,40.14006
12.72436,40.13418
12.71375,40.13418
12.71913,40.12831
11.42482,44.27130
11.41945,44.27718
11.41408,44.28306
11.40870,44.28893
11.40333,44.29481
11.39796,44.30069
11.39259,44.30656
12.75062,40.15769
12.74538,40.15181
12.74014,40.14594
12.73491,40.14006
12.72967,40.13418
12.72443,40.12831
11.42475,44.27718
11.41938,44.28306
11.41401,44.28893
11.40864,44.29481
11.40326,44.30069
11.39789,44.30656
11.39252,44.31244
12.75592,40.15769
12.75069,40.15181
12.74545,40.14594
12.74021,40.14006
12.73497,40.13418
12.72974,40.12831
12.72450,40.12243
11.42469,44.28306
11.41931,44.28893
11.41394,44.29481
11.40857,44.30069
11.40320,44.30656
11.39782,44.31244
12.75599,40.15181
12.75075,40.14594
12.74552,40.14006
12.74028,40.13418
12.73504,40.12831
12.72980,40.12243
11.42462,44.28893
11.41925,44.29481
11.41387,44.30069
11.40850,44.30656
11.40313,44.31244
11.39776,44.31832
12.75606,40.14594
12.75082,40.14006
12.74558,40.13418
12.74035,40.12831
12.73511,40.12243
12.72987,40.11655
11.42455,44.29481
11.41918,44.30069
11.41381,44.30656
11.40843,44.31244
11.40306,44.31832
11.39769,44.32419
12.76136,40.14594
12.75613,40.14006
12.75089,40.13418
12.74565,40.12831
12.74041,40.12243
12.73518,40.11655
12.72994,40.11068
11.42986,44.29481
11.42448,44.30069
11.41911,44.30656
11.41374,44.31244
11.40837,44.31832
11.40299,44.32419
11.39762,44.33007
12.76143,40.14006
12.75619,40.13418
12.75096,40.12831
12.74572,40.12243
12.74048,40.11655
12.73524,40.11068
12.72463,40.11068
12.73001,40.10480
11.42979,44.30069
11.42442,44.30656
11.41904,44.31244
11.41367,44.31832
11.40830,44.32419
11.40293,44.33007
12.76150,40.13418
12.75626,40.12831
12.75102,40.12243
12.74579,40.11655
12.74055,40.11068
12.73531,40.10480
12.72470,40.10480
12.73007,40.09892
11.43509,44.30069
11.42972,44.30656
11.42435,44.31244
11.41898,44.31832
11.41360,44.32419
11.40823,44.33007
11.40286,44.33595
12.76157,40.12831
12.75633,40.12243
12.75109,40.11655
12.74585,40.11068
12.74062,40.10480
12.73538,40.09892
12.73014,40.09305
11.43503,44.30656
11.42965,44.31244
11.42428,44.31832
11.41891,44.32419
11.41354,44.33007
11.40816,44.33595
12.76163,40.12243
12.75640,40.11655
12.75116,40.11068
12.74592,40.10480
12.74068,40.09892
12.73545,40.09305
11.44033,44.30656
11.43496,44.31244
11.42959,44.31832
11.42421,44.32419
11.41884,44.33007
11.41347,44.33595
11.40810,44.34182
12.76170,40.11655
12.75646,40.11068
12.75123,40.10480
12.74599,40.09892
12.74075,40.09305
12.73551,40.08717
11.44026,44.31244
11.43489,44.31832
11.42952,44.32419
11.42415,44.33007
11.41877,44.33595
11.41340,44.34182
12.76701,40.11655
12.76177,40.11068
12.75653,40.10480
12.75129,40.09892
12.74606,40.09305
12.74082,40.08717
12.73558,40.08129
11.44557,44.31244
11.44020,44.31832
11.43482,44.32419
11.42945,44.33007
11.42408,44.33595
11.41871,44.34182
11.41333,44.34770
12.76707,40.11068
12.76184,40.10480
12.75660,40.09892
12.75136,40.09305
12.74612,40.08717
12.74089,40.08129
11.44550,44.31832
11.44013,44.32419
11.43476,44.33007
11.42938,44.33595
11.42401,44.34182
11.41864,44.34770
11.41327,44.35357
12.77238,40.11068
12.76714,40.10480
12.76190,40.09892
12.75667,40.09305
12.75143,40.08717
12.74619,40.08129
12.74095,40.07542
11.44543,44.32419
11.44006,44.33007
11.43469,44.33595
11.42932,44.34182
11.42394,44.34770
11.41857,44.35357
11.41320,44.35945
12.77245,40.10480
12.76721,40.09892
12.76197,40.09305
12.75673,40.08717
12.75150,40.08129
12.74626,40.07542
12.74102,40.06954
11.45074,44.32419
11.44537,44.33007
11.43999,44.33595
11.43462,44.34182
11.42925,44.34770
11.42388,44.35357
11.41850,44.35945
12.77251,40.09892
12.76728,40.09305
12.76204,40.08717
12.75680,40.08129
12.75156,40.07542
12.74633,40.06954
12.74109,40.06366
11.45067,44.33007
11.44530,44.33595
11.43993,44.34182
11.43455,44.34770
11.42918,44.35357
11.42381,44.35945
11.41844,44.36533
12.77782,40.09892
12.77258,40.09305
12.76734,40.08717
12.76211,40.08129
12.75687,40.07542
12.75163,40.06954
12.74639,40.06366
11.45060,44.33595
11.44523,44.34182
11.43986,44.34770
11.43449,44.35357
11.42911,44.35945
11.42374,44.36533
12.77789,40.09305
12.77265,40.08717
12.76741,40.08129
12.76217,40.07542
12.75694,40.06954
12.75170,40.06366
12.74646,40.05779
11.45591,44.33595
11.45054,44.34182
11.44516,44.34770
11.43979,44.35357
11.43442,44.35945
11.42905,44.36533
11.42367,44.37120
12.77795,40.08717
12.77272,40.08129
12.76748,40.07542
12.76224,40.06954
12.75700,40.06366
12.75177,40.05779
12.74653,40.05191
11.45584,44.34182
11.45047,44.34770
11.44510,44.35357
11.43972,44.35945
11.43435,44.36533
11.42898,44.37120
11.42361,44.37708
12.77802,40.08129
12.77278,40.07542
12.76755,40.06954
12.76231,40.06366
12.75707,40.05779
12.75183,40.05191
11.45577,44.34770
11.45040,44.35357
11.44503,44.35945
11.43966,44.36533
11.43428,44.37120
11.42891,44.37708
11.42354,44.38296
12.78333,40.08129
12.77809,40.07542
12.77285,40.06954
12.76761,40.06366
12.76238,40.05779
12.75714,40.05191
12.75190,40.04603
11.46108,44.34770
11.45571,44.35357
11.45033,44.35945
11.44496,44.36533
11.43959,44.37120
11.43422,44.37708
11.42884,44.38296
11.42347,44.38883
12.78339,40.07542
12.77816,40.06954
12.77292,40.06366
12.76768,40.05779
12.76244,40.05191
12.75721,40.04603
12.75197,40.04016
11.46101,44.35357
11.45564,44.35945
11.45027,44.36533
11.44489,44.37120
11.43952,44.37708
11.43415,44.38296
11.42878,44.38883
12.78870,40.07542
12.78346,40.06954
12.77822,40.06366
12.77299,40.05779
12.76775,40.05191
12.76251,40.04603
12.75727,40.04016
11.46094,44.35945
11.45557,44.36533
11.45020,44.37120
11.44483,44.37708
11.43945,44.38296
11.43408,44.38883
11.42871,44.39471
12.78877,40.06954
12.78353,40.06366
12.77829,40.05779
12.77305,40.05191
12.76782,40.04603
12.76258,40.04016
12.75734,40.03428
11.46625,44.35945
11.46088,44.36533
11.45550,44.37120
11.45013,44.37708
11.44476,44.38296
11.43939,44.38883
11.43401,44.39471
12.78883,40.06366
12.78360,40.05779
12.77836,40.05191
12.77312,40.04603
12.76789,40.04016
12.76265,40.03428
12.75741,40.02840
11.46618,44.36533
11.46081,44.37120
11.45544,44.37708
11.45006,44.38296
11.44469,44.38883
11.43932,44.39471
11.43395,44.40059
12.78890,40.05779
12.78367,40.05191
12.77843,40.04603
12.77319,40.04016
12.76795,40.03428
12.76272,40.02840
12.75748,40.02253
11.46611,44.37120
11.46074,44.37708
11.45537,44.38296
11.45000,44.38883
11.44462,44.39471
11.43925,44.40059
11.43388,44.40646
12.78897,40.05191
12.78373,40.04603
12.77850,40.04016
12.77326,40.03428
12.76802,40.02840
12.76278,40.02253
12.75755,40.01665
11.47142,44.37120
11.46605,44.37708
11.46067,44.38296
11.45530,44.38883
11.44993,44.39471
11.44456,44.40059
11.43918,44.40646
12.79428,40.05191
12.78904,40.04603
12.78380,40.04016
12.77856,40.03428
12.77333,40.02840
12.76809,40.02253
12.76285,40.01665
11.47135,44.37708
11.46598,44.38296
11.46061,44.38883
11.45523,44.39471
11.44986,44.40059
11.44449,44.40646
12.79434,40.04603
12.78911,40.04016
12.78387,40.03428
12.77863,40.02840
12.77339,40.02253
12.76816,40.01665
12.76292,40.01077
11.47128,44.38296
11.46591,44.38883
11.46054,44.39471
11.45517,44.40059
11.44979,44.40646
11.44442,44.41234
12.79441,40.04016
12.78917,40.03428
12.78394,40.02840
12.77870,40.02253
12.77346,40.01665
12.76822,40.01077
12.76299,40.00490
11.47659,44.38296
11.47122,44.38883
11.46584,44.39471
11.46047,44.40059
11.45510,44.40646
11.44973,44.41234
11.44435,44.41822
12.79448,40.03428
12.78924,40.02840
12.78400,40.02253
12.77877,40.01665
12.77353,40.01077
12.76829,40.00490
12.76305,39.99902
11.48189,44.38296
11.47652,44.38883
11.47115,44.39471
11.46578,44.40059
11.46040,44.40646
11.45503,44.41234
11.44966,44.41822
12.79455,40.02840
12.78931,40.02253
12.78407,40.01665
12.77883,40.01077
12.77360,40.00490
12.76836,39.99902
12.76312,39.99314
11.48183,44.38883
11.47645,44.39471
11.47108,44.40059
11.46571,44.40646
11.46034,44.41234
11.45496,44.41822
11.44959,44.42409
12.79985,40.02840
12.79461,40.02253
12.78938,40.01665
12.78414,40.01077
12.77890,40.00490
12.77366,39.99902
12.76843,39.99314
11.48176,44.39471
11.47639,44.40059
11.47101,44.40646
11.46564,44.41234
11.46027,44.41822
11.45490,44.42409
11.44952,44.42997
12.79992,40.02253
12.79468,40.01665
12.78944,40.01077
12.78421,40.00490
12.77897,39.99902
12.77373,39.99314
12.76849,39.98727
11.48169,44.40059
11.47632,44.40646
11.47095,44.41234
11.46557,44.41822
11.46020,44.42409
11.45483,44.42997
11.44946,44.43585
12.79999,40.01665
12.79475,40.01077
12.78951,40.00490
12.78427,39.99902
12.77904,39.99314
12.77380,39.98727
11.48700,44.40059
11.48162,44.40646
11.47625,44.41234
11.47088,44.41822
11.46551,44.42409
11.46013,44.42997
11.45476,44.43585
11.44939,44.44172
12.80529,40.01665
12.80005,40.01077
12.79482,40.00490
12.78958,39.99902
12.78434,39.99314
12.77910,39.98727
12.77387,39.98139
11.49230,44.40059
11.48693,44.40646
11.48156,44.41234
11.47618,44.41822
11.47081,44.42409
11.46544,44.42997
11.46007,44.43585
11.45469,44.44172
12.80536,40.01077
12.80012,40.00490
12.79488,39.99902
12.78965,39.99314
12.78441,39.98727
12.77917,39.98139
12.77393,39.97551
11.49223,44.40646
11.48686,44.41234
11.48149,44.41822
11.47612,44.42409
11.47074,44.42997
11.46537,44.43585
11.46000,44.44172
12.80543,40.00490
12.80019,39.99902
12.79495,39.99314
12.78971,39.98727
12.78448,39.98139
12.77924,39.97551
11.49217,44.41234
11.48679,44.41822
11.48142,44.42409
11.47605,44.42997
11.47068,44.43585
11.46530,44.44172
11.45993,44.44760
12.81073,40.00490
12.80549,39.99902
12.80026,39.99314
12.79502,39.98727
12.78978,39.98139
12.78454,39.97551
12.77931,39.96964
11.49747,44.41234
11.49210,44.41822
11.48673,44.42409
11.48135,44.42997
11.47598,44.43585
11.47061,44.44172
11.46524,44.44760
12.81080,39.99902
12.80556,39.99314
12.80032,39.98727
12.79509,39.98139
12.78985,39.97551
12.78461,39.96964
12.77937,39.96376
11.49740,44.41822
11.49203,44.42409
11.48666,44.42997
11.48129,44.43585
11.47591,44.44172
11.47054,44.44760
11.46517,44.45348
12.81087,39.99314
12.80563,39.98727
12.80039,39.98139
12.79515,39.97551
12.78992,39.96964
12.78468,39.96376
12.77944,39.95788
11.50271,44.41822
11.49734,44.42409
11.49196,44.42997
11.48659,44.43585
11.48122,44.44172
11.47585,44.44760
11.47047,44.45348
11.46510,44.45935
12.81617,39.99314
12.81093,39.98727
12.80570,39.98139
12.80046,39.97551
12.79522,39.96964
12.78998,39.96376
12.78475,39.95788
11.50264,44.42409
11.49727,44.42997
11.49190,44.43585
11.48652,44.44172
11.48115,44.44760
11.47578,44.45348
11.47041,44.45935
11.46503,44.46523
12.81624,39.98727
12.81100,39.98139
12.80576,39.97551
12.80053,39.96964
12.79529,39.96376
12.79005,39.95788
12.78481,39.95201
11.50257,44.42997
11.49720,44.43585
11.49183,44.44172
11.48646,44.44760
11.48108,44.45348
11.47571,44.45935
11.47034,44.46523
12.81631,39.98139
12.81107,39.97551
12.80583,39.96964
12.80059,39.96376
12.79536,39.95788
12.79012,39.95201
12.78488,39.94613
11.50788,44.42997
11.50251,44.43585
11.49713,44.44172
11.49176,44.44760
11.48639,44.45348
11.48102,44.45935
11.47564,44.46523
11.47027,44.47111
12.81637,39.97551
12.81114,39.96964
12.80590,39.96376
12.80066,39.95788
12.79542,39.95201
12.79019,39.94613
12.78495,39.94025
11.50781,44.43585
11.50244,44.44172
11.49707,44.44760
11.49169,44.45348
11.48632,44.45935
11.48095,44.46523
11.47558,44.47111
12.81644,39.96964
12.81120,39.96376
12.80597,39.95788
12.80073,39.95201
12.79549,39.94613
12.79025,39.94025
12.78502,39.93438
11.50774,44.44172
11.50237,44.44760
11.49700,44.45348
11.49163,44.45935
11.48625,44.46523
11.48088,44.47111
11.47551,44.47698
12.82175,39.96964
12.81651,39.96376
12.81127,39.95788
12.80603,39.95201
12.80080,39.94613
12.79556,39.94025
12.79032,39.93438
12.78508,39.92850
11.50768,44.44760
11.50230,44.45348
11.49693,44.45935
11.49156,44.46523
11.48619,44.47111
11.48081,44.47698
11.47544,44.48286
12.82181,39.96376
12.81658,39.95788
12.81134,39.95201
12.80610,39.94613
12.80086,39.94025
12.79563,39.93438
12.79039,39.92850
11.51298,44.44760
11.50761,44.45348
11.50224,44.45935
11.49686,44.46523
11.49149,44.47111
11.48612,44.47698
11.48075,44.48286
11.47537,44.48874
12.82188,39.95788
12.81664,39.95201
12.81141,39.94613
12.80617,39.94025
12.80093,39.93438
12.79569,39.92850
12.79046,39.92262
11.51291,44.45348
11.50754,44.45935
11.50217,44.46523
11.49680,44.47111
11.49142,44.47698
11.48605,44.48286
11.48068,44.48874
12.82719,39.95788
12.82195,39.95201
12.81671,39.94613
12.81147,39.94025
12.80624,39.93438
12.80100,39.92850
12.79576,39.92262
11.51822,44.45348
11.51285,44.45935
11.50747,44.46523
11.50210,44.47111
11.49673,44.47698
11.49136,44.48286
11.48598,44.48874
12.82725,39.95201
12.82202,39.94613
12.81678,39.94025
12.81154,39.93438
12.80630,39.92850
12.80107,39.92262
12.79583,39.91675
11.51815,44.45935
11.51278,44.46523
11.50741,44.47111
11.50203,44.47698
11.49666,44.48286
11.49129,44.48874
11.48592,44.49461
12.83256,39.95201
12.82732,39.94613
12.82208,39.94025
12.81685,39.93438
12.81161,39.92850
12.80637,39.92262
12.80113,39.91675
12.79590,39.91087
11.52346,44.45935
11.51808,44.46523
11.51271,44.47111
11.50734,44.47698
11.50197,44.48286
11.49659,44.48874
11.49122,44.49461
11.48585,44.50049
12.82739,39.94025
12.82215,39.93438
12.81691,39.92850
12.81168,39.92262
12.80644,39.91675
12.80120,39.91087
12.79596,39.90500
11.52339,44.46523
11.51802,44.47111
11.51264,44.47698
11.50727,44.48286
11.50190,44.48874
11.49653,44.49461
11.49115,44.50049
12.83269,39.94025
12.82746,39.93438
12.82222,39.92850
12.81698,39.92262
12.81174,39.91675
12.80651,39.91087
12.80127,39.90500
11.52332,44.47111
11.51795,44.47698
11.51258,44.48286
11.50720,44.48874
11.50183,44.49461
11.49646,44.50049
11.49109,44.50637
12.82752,39.92850
12.82229,39.92262
12.81705,39.91675
12.81181,39.91087
12.80657,39.90500
12.80134,39.89912
11.52863,44.47111
11.52325,44.47698
11.51788,44.48286
11.51251,44.48874
11.50714,44.49461
11.50176,44.50049
11.49639,44.50637
12.83283,39.92850
12.82759,39.92262
12.82235,39.91675
12.81712,39.91087
12.81188,39.90500
12.80664,39.89912
12.80140,39.89324
11.52856,44.47698
11.52319,44.48286
11.51781,44.48874
11.51244,44.49461
11.50707,44.50049
11.50170,44.50637
11.49632,44.51224
12.83290,39.92262
12.82766,39.91675
12.82242,39.91087
12.81718,39.90500
12.81195,39.89912
12.80671,39.89324
11.52849,44.48286
11.52312,44.48874
11.51775,44.49461
11.51237,44.50049
11.50700,44.50637
11.50163,44.51224
11.49626,44.51812
12.83296,39.91675
12.82773,39.91087
12.82249,39.90500
12.81725,39.89912
12.81201,39.89324
12.80678,39.88737
11.53380,44.48286
11.52842,44.48874
11.52305,44.49461
11.51768,44.50049
11.51231,44.50637
11.50693,44.51224
11.50156,44.51812
11.49619,44.52400
12.83827,39.91675
12.83303,39.91087
12.82779,39.90500
12.82256,39.89912
12.81732,39.89324
12.81208,39.88737
12.80684,39.88149
11.53373,44.48874
11.52836,44.49461
11.52298,44.50049
11.51761,44.50637
11.51224,44.51224
11.50687,44.51812
11.50149,44.52400
12.83310,39.90500
12.82786,39.89912
12.82262,39.89324
12.81739,39.88737
12.81215,39.88149
12.80691,39.87561
11.53366,44.49461
11.52829,44.50049
11.52292,44.50637
11.51754,44.51224
11.51217,44.51812
11.50680,44.52400
11.50142,44.52987
12.83840,39.90500
12.83317,39.89912
12.82793,39.89324
12.82269,39.88737
12.81745,39.88149
12.81222,39.87561
12.80698,39.86974
11.53897,44.49461
11.53359,44.50049
11.52822,44.50637
11.52285,44.51224
11.51748,44.51812
11.51210,44.52400
11.50673,44.52987
12.83847,39.89912
12.83323,39.89324
12.82800,39.88737
12.82276,39.88149
12.81752,39.87561
12.81228,39.86974
11.53890,44.50049
11.53353,44.50637
11.52815,44.51224
11.52278,44.51812
11.51741,44.52400
11.51204,44.52987
11.50666,44.53575
12.83854,39.89324
12.83330,39.88737
12.82806,39.88149
12.82283,39.87561
12.81759,39.86974
12.81235,39.86386
11.53883,44.50637
11.53346,44.51224
11.52809,44.51812
11.52271,44.52400
11.51734,44.52987
11.51197,44.53575
11.50659,44.54163
12.84384,39.89324
12.83861,39.88737
12.83337,39.88149
12.82813,39.87561
12.82289,39.86974
12.81766,39.86386
12.81242,39.85798
11.53876,44.51224
11.53339,44.51812
11.52802,44.52400
11.52265,44.52987
11.51727,44.53575
11.51190,44.54163
11.50129,44.54163
11.50653,44.54750
12.84391,39.88737
12.83867,39.88149
12.83344,39.87561
12.82820,39.86974
12.82296,39.86386
12.81772,39.85798
11.53870,44.51812
11.53332,44.52400
11.52795,44.52987
11.52258,44.53575
11.51721,44.54163
11.51183,44.54750
11.50646,44.55338
12.84922,39.88737
12.84398,39.88149
12.83874,39.87561
12.83350,39.86974
12.82827,39.86386
12.82303,39.85798
12.81779,39.85211
11.54400,44.51812
11.53863,44.52400
11.53326,44.52987
11.52788,44.53575
11.52251,44.54163
11.51714,44.54750
11.51176,44.55338
12.84928,39.88149
12.84405,39.87561
12.83881,39.86974
12.83357,39.86386
12.82833,39.85798
12.82310,39.85211
12.81786,39.84623
11.54393,44.52400
11.53856,44.52987
11.53319,44.53575
11.52782,44.54163
11.52244,44.54750
11.51707,44.55338
11.51170,44.55926
12.85459,39.88149
12.84935,39.87561
12.84411,39.86974
12.83888,39.86386
12.83364,39.85798
12.82840,39.85211
12.82316,39.84623
12.81793,39.84035
11.54387,44.52987
11.53849,44.53575
11.53312,44.54163
11.52775,44.54750
11.52237,44.55338
11.51700,44.55926
11.51163,44.56513
12.84942,39.86974
12.84418,39.86386
12.83894,39.85798
12.83371,39.85211
12.82847,39.84623
12.82323,39.84035
12.81799,39.83448
11.54380,44.53575
11.53843,44.54163
11.53305,44.54750
11.52768,44.55338
11.52231,44.55926
11.51693,44.56513
12.85472,39.86974
12.84949,39.86386
12.84425,39.85798
12.83901,39.85211
12.83377,39.84623
12.82854,39.84035
12.82330,39.83448
11.54910,44.53575
11.54373,44.54163
11.53836,44.54750
11.53299,44.55338
11.52761,44.55926
11.52224,44.56513
11.51687,44.57101
12.86003,39.86974
12.85479,39.86386
12.84955,39.85798
12.84432,39.85211
12.83908,39.84623
12.83384,39.84035
12.82860,39.83448
12.82337,39.82860
11.54904,44.54163
11.54366,44.54750
11.53829,44.55338
11.53292,44.55926
11.52754,44.56513
11.52217,44.57101
11.51680,44.57689
12.85486,39.85798
12.84962,39.85211
12.84438,39.84623
12.83915,39.84035
12.83391,39.83448
12.82867,39.82860
12.82343,39.82272
11.54897,44.54750
11.54360,44.55338
11.53822,44.55926
11.53285,44.56513
11.52748,44.57101
11.52210,44.57689
11.51149,44.57689
12.85493,39.85211
12.84969,39.84623
12.84445,39.84035
12.83921,39.83448
12.83398,39.82860
12.82874,39.82272
11.55427,44.54750
11.54890,44.55338
11.54353,44.55926
11.53815,44.56513
11.53278,44.57101
11.52741,44.57689
11.52204,44.58276
12.86023,39.85211
12.85499,39.84623
12.84976,39.84035
12.84452,39.83448
12.83928,39.82860
12.83404,39.82272
11.55421,44.55338
11.54883,44.55926
11.54346,44.56513
11.53809,44.57101
11.53271,44.57689
11.52734,44.58276
11.52197,44.58864
12.86554,39.85211
12.86030,39.84623
12.85506,39.84035
12.84982,39.83448
12.84459,39.82860
12.83935,39.82272
12.83411,39.81685
11.55414,44.55926
11.54877,44.56513
11.54339,44.57101
11.53802,44.57689
11.53265,44.58276
11.52727,44.58864
11.51666,44.58864
11.52190,44.59452
12.86037,39.84035
12.85513,39.83448
12.84989,39.82860
12.84465,39.82272
12.83942,39.81685
12.83418,39.81097
11.55944,44.55926
11.55407,44.56513
11.54870,44.57101
11.54332,44.57689
11.53795,44.58276
11.53258,44.58864
11.52721,44.59452
11.52183,44.60039
12.86567,39.84035
12.86043,39.83448
12.85520,39.82860
12.84996,39.82272
12.84472,39.81685
12.83948,39.81097
12.83425,39.80509
11.55938,44.56513
11.55400,44.57101
11.54863,44.57689
11.54326,44.58276
11.53788,44.58864
11.53251,44.59452
11.52714,44.60039
12.86574,39.83448
12.86050,39.82860
12.85526,39.82272
12.85003,39.81685
12.84479,39.81097
12.83955,39.80509
12.83431,39.79922
11.55931,44.57101
11.55394,44.57689
11.54856,44.58276
11.54319,44.58864
11.53782,44.59452
11.53244,44.60039
11.52707,44.60627
12.86581,39.82860
12.86057,39.82272
12.85533,39.81685
12.85009,39.81097
12.84486,39.80509
12.83962,39.79922
11.55924,44.57689
11.55387,44.58276
11.54849,44.58864
11.54312,44.59452
11.53775,44.60039
11.53238,44.60627
11.52700,44.61214
12.86587,39.82272
12.86064,39.81685
12.85540,39.81097
12.85016,39.80509
12.84493,39.79922
12.83969,39.79334
11.55917,44.58276
11.55380,44.58864
11.54843,44.59452
11.54305,44.60039
11.53768,44.60627
11.53231,44.61214
11.52694,44.61802
12.86594,39.81685
12.86071,39.81097
12.85547,39.80509
12.85023,39.79922
12.84499,39.79334
12.83976,39.78746
11.55910,44.58864
11.55373,44.59452
11.54836,44.60039
11.54299,44.60627
11.53761,44.61214
11.53224,44.61802
11.52687,44.62390
12.87125,39.81685
12.86601,39.81097
12.86077,39.80509
12.85554,39.79922
12.85030,39.79334
12.84506,39.78746
12.83445,39.78746
12.83982,39.78159
11.56441,44.58864
11.55904,44.59452
11.55366,44.60039
11.54829,44.60627
11.54292,44.61214
11.53755,44.61802
11.53217,44.62390
11.52156,44.62390
11.52680,44.62977
12.87132,39.81097
12.86608,39.80509
12.86084,39.79922
12.85560,39.79334
12.85037,39.78746
12.84513,39.78159
12.83989,39.77571
11.56434,44.59452
11.55897,44.60039
11.55360,44.60627
11.54822,44.61214
11.54285,44.61802
11.53748,44.62390
11.53211,44.62977
11.52673,44.63565
12.87138,39.80509
12.86615,39.79922
12.86091,39.79334
12.85567,39.78746
12.85043,39.78159
12.84520,39.77571
12.83996,39.76983
11.56427,44.60039
11.55890,44.60627
11.55353,44.61214
11.54816,44.61802
11.54278,44.62390
11.53741,44.62977
11.53204,44.63565
11.52667,44.64153
12.87145,39.79922
12.86621,39.79334
12.86098,39.78746
12.85574,39.78159
12.85050,39.77571
12.84526,39.76983
11.56421,44.60627
11.55883,44.61214
11.55346,44.61802
11.54809,44.62390
11.54272,44.62977
11.53734,44.63565
11.53197,44.64153
11.52660,44.64740
12.87676,39.79922
12.87152,39.79334
12.86628,39.78746
12.86104,39.78159
12.85581,39.77571
12.85057,39.76983
12.84533,39.76396
11.56414,44.61214
11.55877,44.61802
11.55339,44.62390
11.54802,44.62977
11.54265,44.63565
11.53728,44.64153
11.53190,44.64740
11.52129,44.64740
11.52653,44.65328
12.87682,39.79334
12.87159,39.78746
12.86635,39.78159
12.86111,39.77571
12.85587,39.76983
12.85064,39.76396
11.56407,44.61802
11.55870,44.62390
11.55333,44.62977
11.54795,44.63565
11.54258,44.64153
11.53721,44.64740
11.53184,44.65328
11.52123,44.65328
11.52646,44.65916
12.87689,39.78746
12.87165,39.78159
12.86642,39.77571
12.86118,39.76983
12.85594,39.76396
12.85070,39.75808
11.56400,44.62390
11.55863,44.62977
11.55326,44.63565
11.54789,44.64153
11.54251,44.64740
11.53714,44.65328
11.53177,44.65916
11.52116,44.65916
11.52640,44.66503
12.87696,39.78159
12.87172,39.77571
12.86648,39.76983
12.86125,39.76396
12.85601,39.75808
12.85077,39.75220
11.56394,44.62977
11.55856,44.63565
11.55319,44.64153
11.54782,44.64740
11.54245,44.65328
11.53707,44.65916
11.53170,44.66503
11.52109,44.66503
11.52633,44.67091
12.88226,39.78159
12.87703,39.77571
12.87179,39.76983
12.86655,39.76396
12.86131,39.75808
12.85608,39.75220
12.84547,39.75220
12.85084,39.74633
11.56387,44.63565
11.55850,44.64153
11.55312,44.64740
11.54775,44.65328
11.54238,44.65916
11.53701,44.66503
11.53163,44.67091
11.51579,44.66503
11.52102,44.67091
11.52626,44.67679
12.88233,39.77571
12.87709,39.76983
12.87186,39.76396
12.86662,39.75808
12.86138,39.75220
12.85614,39.74633
12.84553,39.74633
12.85091,39.74045
11.56380,44.64153
11.55843,44.64740
11.55306,44.65328
11.54768,44.65916
11.54231,44.66503
11.53694,44.67091
11.53157,44.67679
11.51572,44.67091
11.52096,44.67679
11.52619,44.68266
12.88240,39.76983
12.87716,39.76396
12.87192,39.75808
12.86669,39.75220
12.86145,39.74633
12.85621,39.74045
12.84023,39.74633
12.84560,39.74045
12.85097,39.73457
11.56373,44.64740
11.55836,44.65328
11.55299,44.65916
11.54762,44.66503
11.54224,44.67091
11.53687,44.67679
11.53150,44.68266
11.51041,44.67091
11.51565,44.67679
11.52089,44.68266
11.52613,44.68854
12.88770,39.76983
12.88247,39.76396
12.87723,39.75808
12.87199,39.75220
12.86675,39.74633
12.86152,39.74045
12.85628,39.73457
12.84567,39.73457
12.85104,39.72870
11.56367,44.65328
11.55829,44.65916
11.55292,44.66503
11.54755,44.67091
11.54218,44.67679
11.53680,44.68266
11.53143,44.68854
11.50511,44.67091
11.51035,44.67679
11.51558,44.68266
11.52082,44.68854
11.52606,44.69442
12.88777,39.76396
12.88253,39.75808
12.87730,39.75220
12.87206,39.74633
12.86682,39.74045
12.86158,39.73457
12.85635,39.72870
12.84036,39.73457
12.85111,39.72282
11.55823,44.66503
11.55285,44.67091
11.54748,44.67679
11.54211,44.68266
11.53674,44.68854
11.53136,44.69442
11.49980,44.67091
11.50504,44.67679
11.51028,44.68266
11.51552,44.68854
11.52075,44.69442
11.52599,44.70029
12.88784,39.75808
12.88260,39.75220
12.87736,39.74633
12.87213,39.74045
12.86689,39.73457
12.86165,39.72870
12.85641,39.72282
12.84580,39.72282
11.55279,44.67679
11.54741,44.68266
11.54204,44.68854
11.53667,44.69442
11.53130,44.70029
11.49450,44.67091
11.49974,44.67679
11.50497,44.68266
11.51021,44.68854
11.51545,44.69442
11.52069,44.70029
11.52592,44.70617
12.88791,39.75220
12.88267,39.74633
12.87743,39.74045
12.87219,39.73457
12.86696,39.72870
11.55809,44.67679
11.55272,44.68266
11.54735,44.68854
11.54197,44.69442
11.53660,44.70029
11.53123,44.70617
11.48919,44.67091
11.49443,44.67679
11.49967,44.68266
11.50491,44.68854
11.51014,44.69442
11.51538,44.70029
11.52062,44.70617
11.52586,44.71205
12.88797,39.74633
12.88274,39.74045
12.87750,39.73457
12.87226,39.72870
11.54728,44.69442
11.54191,44.70029
11.53653,44.70617
11.53116,44.71205
11.48389,44.67091
11.48913,44.67679
11.49436,44.68266
11.49960,44.68854
11.50484,44.69442
11.51008,44.70029
11.51531,44.70617
11.52055,44.71205
12.88804,39.74045
12.88280,39.73457
12.87757,39.72870
11.54184,44.70617
11.53647,44.71205
11.47858,44.67091
11.48396,44.66503
11.48382,44.67679
11.48906,44.68266
11.49430,44.68854
11.49953,44.69442
11.50477,44.70029
11.51001,44.70617
11.51525,44.71205
12.88811,39.73457
12.88287,39.72870
11.47328,44.67091
11.47865,44.66503
11.47852,44.67679
11.48375,44.68266
11.48899,44.68854
11.49423,44.69442
11.49947,44.70029
11.50470,44.70617
12.88818,39.72870
11.46797,44.67091
11.47335,44.66503
11.47321,44.67679
11.47872,44.65916
11.47845,44.68266
11.48369,44.68854
11.48892,44.69442
11.49416,44.70029
11.49940,44.70617
11.46267,44.67091
11.46804,44.66503
11.46791,44.67679
11.47341,44.65916
11.47314,44.68266
11.47879,44.65328
11.47838,44.68854
11.48362,44.69442
11.48886,44.70029
11.49409,44.70617
11.45736,44.67091
11.46274,44.66503
11.46260,44.67679
11.46811,44.65916
11.46784,44.68266
11.47348,44.65328
11.47308,44.68854
11.47885,44.64740
11.47831,44.69442
11.48355,44.70029
11.48879,44.70617
11.45206,44.67091
11.45743,44.66503
11.45730,44.67679
11.46280,44.65916
11.46253,44.68266
11.46818,44.65328
11.46777,44.68854
11.47355,44.64740
11.47301,44.69442
11.47825,44.70029
11.48348,44.70617
11.44675,44.67091
11.45213,44.66503
11.45199,44.67679
11.45750,44.65916
11.45723,44.68266
11.46287,44.65328
11.46247,44.68854
11.46824,44.64740
11.46770,44.69442
11.47362,44.64153
11.47294,44.70029
11.47818,44.70617
11.48342,44.71205
11.44145,44.67091
11.44682,44.66503
11.44669,44.67679
11.45219,44.65916
11.45192,44.68266
11.45757,44.65328
11.45716,44.68854
11.46294,44.64740
11.46240,44.69442
11.46831,44.64153
11.46764,44.70029
11.47368,44.63565
11.47287,44.70617
11.47811,44.71205
11.44152,44.66503
11.44689,44.65916
11.44662,44.68266
11.45226,44.65328
11.45186,44.68854
11.45763,44.64740
11.45709,44.69442
11.46301,44.64153
11.46233,44.70029
11.46838,44.63565
11.46757,44.70617
11.47281,44.71205
11.43621,44.66503
11.44158,44.65916
11.44696,44.65328
11.44655,44.68854
11.45233,44.64740
11.45179,44.69442
11.45770,44.64153
11.45703,44.70029
11.46307,44.63565
11.46226,44.70617
11.43091,44.66503
11.43628,44.65916
11.44165,44.65328
11.44702,44.64740
11.44648,44.69442
11.45240,44.64153
11.45172,44.70029
11.45777,44.63565
11.42560,44.66503
11.43097,44.65916
11.43635,44.65328
11.44172,44.64740
11.44709,44.64153
11.44642,44.70029
11.45246,44.63565
11.42030,44.66503
11.42567,44.65916
11.43104,44.65328
11.43641,44.64740
11.44179,44.64153
11.44716,44.63565
11.45253,44.62977
11.42036,44.65916
11.42574,44.65328
11.43111,44.64740
11.43648,44.64153
11.44185,44.63565
11.44723,44.62977
11.45260,44.62390
11.42043,44.65328
11.42580,44.64740
11.43118,44.64153
11.43655,44.63565
11.44192,44.62977
11.44729,44.62390
11.45267,44.61802
11.42050,44.64740
11.42587,44.64153
11.43124,44.63565
11.43662,44.62977
11.44199,44.62390
11.44736,44.61802
11.45273,44.61214
11.41519,44.64740
11.42057,44.64153
11.42594,44.63565
11.43131,44.62977
11.43668,44.62390
11.44206,44.61802
11.44743,44.61214
11.41526,44.64153
11.42063,44.63565
11.42601,44.62977
11.43138,44.62390
11.43675,44.61802
11.44212,44.61214
11.40996,44.64153
11.41533,44.63565
11.42070,44.62977
11.42607,44.62390
11.43145,44.61802
11.43682,44.61214
11.44219,44.60627
11.40465,44.64153
11.41002,44.63565
11.41540,44.62977
11.42077,44.62390
11.42614,44.61802
11.43151,44.61214
11.43689,44.60627
11.39935,44.64153
11.40472,44.63565
11.41009,44.62977
11.41546,44.62390
11.42084,44.61802
11.42621,44.61214
11.43158,44.60627
11.43695,44.60039
11.39941,44.63565
11.40479,44.62977
11.41016,44.62390
11.41553,44.61802
11.42090,44.61214
11.42628,44.60627
11.43165,44.60039
11.39948,44.62977
11.40485,44.62390
11.41023,44.61802
11.41560,44.61214
11.42097,44.60627
11.42634,44.60039
11.43172,44.59452
11.39955,44.62390
11.40492,44.61802
11.41029,44.61214
11.41567,44.60627
11.42104,44.60039
11.42641,44.59452
11.43178,44.58864
11.39962,44.61802
11.40499,44.61214
11.41036,44.60627
11.41573,44.60039
11.42111,44.59452
11.42648,44.58864
11.39431,44.61802
11.39968,44.61214
11.40506,44.60627
11.41043,44.60039
11.41580,44.59452
11.42117,44.58864
11.42655,44.58276
11.39438,44.61214
11.39975,44.60627
11.40512,44.60039
11.41050,44.59452
11.41587,44.58864
11.42124,44.58276
11.38907,44.61214
11.39445,44.60627
11.39982,44.60039
11.40519,44.59452
11.41056,44.58864
11.41594,44.58276
11.42131,44.57689
11.38377,44.61214
11.38914,44.60627
11.39451,44.60039
11.39989,44.59452
11.40526,44.58864
11.41063,44.58276
11.41600,44.57689
11.42138,44.57101
11.37846,44.61214
11.38384,44.60627
11.38921,44.60039
11.39458,44.59452
11.39995,44.58864
11.40533,44.58276
11.41070,44.57689
11.41607,44.57101
11.37316,44.61214
11.37853,44.60627
11.38390,44.60039
11.38928,44.59452
11.39465,44.58864
11.40002,44.58276
11.40539,44.57689
11.41077,44.57101
11.36785,44.61214
11.37323,44.60627
11.37860,44.60039
11.38397,44.59452
11.38934,44.58864
11.39472,44.58276
11.40009,44.57689
11.40546,44.57101
11.36255,44.61214
11.36792,44.60627
11.37329,44.60039
11.37867,44.59452
11.38404,44.58864
11.38941,44.58276
11.39478,44.57689
11.40016,44.57101
11.40553,44.56513
11.35724,44.61214
11.36262,44.60627
11.36799,44.60039
11.37336,44.59452
11.37873,44.58864
11.38411,44.58276
11.38948,44.57689
11.39485,44.57101
11.40022,44.56513
11.35194,44.61214
11.35731,44.60627
11.36268,44.60039
11.36806,44.59452
11.37343,44.58864
11.37880,44.58276
11.38417,44.57689
11.38955,44.57101
11.39492,44.56513
11.34663,44.61214
11.35201,44.60627
11.35738,44.60039
11.36275,44.59452
11.36812,44.58864
11.37350,44.58276
11.37887,44.57689
11.38424,44.57101
11.34133,44.61214
11.34670,44.60627
11.34657,44.61802
11.35207,44.60039
11.35745,44.59452
11.36282,44.58864
11.36819,44.58276
11.37356,44.57689
11.37894,44.57101
11.33602,44.61214
11.34140,44.60627
11.34126,44.61802
11.34677,44.60039
11.35214,44.59452
11.35751,44.58864
11.36289,44.58276
11.36826,44.57689
11.37363,44.57101
11.33072,44.61214
11.33609,44.60627
11.33596,44.61802
11.34146,44.60039
11.34119,44.62390
11.34684,44.59452
11.35221,44.58864
11.35758,44.58276
11.36295,44.57689
11.36833,44.57101
11.32541,44.61214
11.33079,44.60627
11.33065,44.61802
11.33616,44.60039
11.33589,44.62390
11.34153,44.59452
11.34690,44.58864
11.35228,44.58276
11.35765,44.57689
11.36302,44.57101
11.32011,44.61214
11.32548,44.60627
11.32535,44.61802
11.33085,44.60039
11.33058,44.62390
11.33623,44.59452
11.34160,44.58864
11.34697,44.58276
11.35234,44.57689
11.35772,44.57101
11.31480,44.61214
11.32018,44.60627
11.32004,44.61802
11.32555,44.60039
11.32528,44.62390
11.33092,44.59452
11.33629,44.58864
11.34167,44.58276
11.34704,44.57689
11.35241,44.57101
11.30950,44.61214
11.31487,44.60627
11.31474,44.61802
11.32024,44.60039
11.31997,44.62390
11.32562,44.59452
11.32521,44.62977
11.33099,44.58864
11.33636,44.58276
11.34173,44.57689
11.34711,44.57101
11.30419,44.61214
11.30957,44.60627
11.30943,44.61802
11.31494,44.60039
11.31467,44.62390
11.32031,44.59452
11.31991,44.62977
11.32568,44.58864
11.33106,44.58276
11.33643,44.57689
11.34180,44.57101
11.29889,44.61214
11.30426,44.60627
11.30413,44.61802
11.30963,44.60039
11.30936,44.62390
11.31501,44.59452
11.31460,44.62977
11.32038,44.58864
11.32575,44.58276
11.33650,44.57101
11.29358,44.61214
11.29896,44.60627
11.29882,44.61802
11.30433,44.60039
11.30406,44.62390
11.30970,44.59452
11.30930,44.62977
11.31507,44.58864
11.32045,44.58276
11.28828,44.61214
11.29365,44.60627
11.29352,44.61802
11.29902,44.60039
11.29875,44.62390
11.30440,44.59452
11.30399,44.62977
11.30977,44.58864
11.31514,44.58276
11.28297,44.61214
11.28835,44.60627
11.28821,44.61802
11.29372,44.60039
11.29345,44.62390
11.29909,44.59452
11.30446,44.58864
11.27767,44.61214
11.28304,44.60627
11.28291,44.61802
11.28841,44.60039
11.28814,44.62390
11.29379,44.59452
11.29338,44.62977
11.29916,44.58864
11.27236,44.61214
11.27774,44.60627
11.27760,44.61802
11.28311,44.60039
11.28284,44.62390
11.28848,44.59452
11.28808,44.62977
11.29385,44.58864
11.26706,44.61214
11.27243,44.60627
11.27230,44.61802
11.27780,44.60039
11.27753,44.62390
11.28318,44.59452
11.28277,44.62977
11.28855,44.58864
11.28801,44.63565
11.26175,44.61214
11.26713,44.60627
11.26699,44.61802
11.27250,44.60039
11.27223,44.62390
11.27787,44.59452
11.27747,44.62977
11.28324,44.58864
11.28270,44.63565
11.28862,44.58276
11.25645,44.61214
11.26182,44.60627
11.26168,44.61802
11.26719,44.60039
11.26692,44.62390
11.27257,44.59452
11.27216,44.62977
11.27794,44.58864
11.28331,44.58276
11.28868,44.57689
11.25114,44.61214
11.25652,44.60627
11.25638,44.61802
11.26189,44.60039
11.26162,44.62390
11.26726,44.59452
11.26685,44.62977
11.27263,44.58864
11.27209,44.63565
11.27801,44.58276
11.28338,44.57689
11.28875,44.57101
11.24584,44.61214
11.25121,44.60627
11.25107,44.61802
11.25658,44.60039
11.25631,44.62390
11.26196,44.59452
11.26155,44.62977
11.26733,44.58864
11.26679,44.63565
11.27270,44.58276
11.27807,44.57689
11.28345,44.57101
11.28882,44.56513
11.24590,44.60627
11.24577,44.61802
11.25128,44.60039
11.25101,44.62390
11.25665,44.59452
11.25624,44.62977
11.26202,44.58864
11.26148,44.63565
11.26740,44.58276
11.27277,44.57689
11.27814,44.57101
11.28351,44.56513
11.29412,44.56513
11.28889,44.55926
11.24597,44.60039
11.25135,44.59452
11.25672,44.58864
11.25618,44.63565
11.26209,44.58276
11.26746,44.57689
11.27284,44.57101
11.27821,44.56513
11.28358,44.55926
11.29419,44.55926
11.28895,44.55338
11.24067,44.60039
11.24604,44.59452
11.25141,44.58864
11.25679,44.58276
11.26216,44.57689
11.26753,44.57101
11.27290,44.56513
11.27828,44.55926
11.28365,44.55338
11.29950,44.55926
11.29426,44.55338
11.28902,44.54750
11.24611,44.58864
11.25148,44.58276
11.25685,44.57689
11.26223,44.57101
11.26760,44.56513
11.27297,44.55926
11.27834,44.55338
11.28372,44.54750
11.29956,44.55338
11.29433,44.54750
11.28909,44.54163
11.24080,44.58864
11.24618,44.58276
11.25155,44.57689
11.25692,44.57101
11.26229,44.56513
11.26767,44.55926
11.27304,44.55338
11.27841,44.54750
11.28378,44.54163
11.30487,44.55338
11.29963,44.54750
11.29439,44.54163
11.28916,44.53575
11.24624,44.57689
11.25162,44.57101
11.25699,44.56513
11.26236,44.55926
11.26773,44.55338
11.27311,44.54750
11.27848,44.54163
11.28385,44.53575
11.30494,44.54750
11.29970,44.54163
11.29446,44.53575
11.28922,44.52987
11.24094,44.57689
11.24631,44.57101
11.25168,44.56513
11.25706,44.55926
11.26243,44.55338
11.26780,44.54750
11.27317,44.54163
11.27855,44.53575
11.28392,44.52987
11.31024,44.54750
11.30500,44.54163
11.29977,44.53575
11.29453,44.52987
11.28929,44.52400
11.24638,44.56513
11.25175,44.55926
11.25712,44.55338
11.26250,44.54750
11.26787,44.54163
11.27324,44.53575
11.27861,44.52987
11.28399,44.52400
11.31031,44.54163
11.30507,44.53575
11.29983,44.52987
11.29460,44.52400
11.28936,44.51812
11.24107,44.56513
11.24645,44.55926
11.25182,44.55338
11.25719,44.54750
11.26256,44.54163
11.26794,44.53575
11.27331,44.52987
11.27868,44.52400
11.28405,44.51812
11.31038,44.53575
11.30514,44.52987
11.29990,44.52400
11.29466,44.51812
11.28943,44.51224
11.24651,44.55338
11.25189,44.54750
11.25726,44.54163
11.26263,44.53575
11.26800,44.52987
11.27338,44.52400
11.27875,44.51812
11.28412,44.51224
11.31044,44.52987
11.30521,44.52400
11.29997,44.51812
11.29473,44.51224
11.28949,44.50637
11.24121,44.55338
11.24658,44.54750
11.25195,44.54163
11.25733,44.53575
11.26270,44.52987
11.26807,44.52400
11.27344,44.51812
11.27882,44.51224
11.28419,44.50637
11.31051,44.52400
11.30527,44.51812
11.30004,44.51224
11.29480,44.50637
11.28956,44.50049
11.24665,44.54163
11.25202,44.53575
11.25739,44.52987
11.26277,44.52400
11.26814,44.51812
11.27351,44.51224
11.27888,44.50637
11.31058,44.51812
11.30534,44.51224
11.30010,44.50637
11.29487,44.50049
11.24134,44.54163
11.24672,44.53575
11.25209,44.52987
11.25746,44.52400
11.26283,44.51812
11.26821,44.51224
11.27358,44.50637
11.31065,44.51224
11.30541,44.50637
11.30017,44.50049
11.29493,44.49461
11.24678,44.52987
11.25216,44.52400
11.25753,44.51812
11.26290,44.51224
11.26827,44.50637
11.27365,44.50049
11.31071,44.50637
11.30548,44.50049
11.30024,44.49461
11.24148,44.52987
11.24685,44.52400
11.25760,44.51224
11.26297,44.50637
11.30554,44.49461
11.30031,44.48874