UTC,ID,col,rdr,lat,lon,FL,SSR
18:39:12,0323,#cc33ff,1,42.877,9.012,0,SSR.
18:39:17,0323,#cc33ff,1,42.861,9.023,370,SSR.
18:39:23,0323,#cc33ff,1,42.859,9.042,370,SSR.
18:39:28,0323,#cc33ff,1,42.850,9.057,370,SSR.
18:39:34,0323,#cc33ff,1,42.834,9.067,370,SSR.
18:39:39,0323,#cc33ff,1,42.829,9.084,370,SSR.
18:39:45,0323,#cc33ff,1,42.820,9.100,370,SSR.
18:39:51,0323,#cc33ff,1,42.814,9.117,370,SSR.
18:39:56,0323,#cc33ff,1,42.798,9.128,370,SSR.
18:40:01,0323,#cc33ff,1,42.793,9.145,370,SSR.
18:40:08,0323,#cc33ff,1,42.784,9.162,370,SSR.
18:40:13,0323,#cc33ff,1,42.779,9.179,370,SSR.
18:40:18,0323,#cc33ff,1,42.763,9.190,370,SSR.
18:40:25,0323,#cc33ff,1,42.765,9.211,370,SSR.
18:40:30,0323,#cc33ff,1,42.753,9.225,370,SSR.
18:40:35,0323,#cc33ff,1,42.741,9.239,370,SSR.
18:40:41,0323,#cc33ff,1,42.732,9.254,370,SSR.
18:40:47,0323,#cc33ff,1,42.721,9.267,370,SSR.PR.
18:40:52,0323,#cc33ff,1,42.708,9.282,370,SSR.PR.
18:40:57,0323,#cc33ff,1,42.697,9.295,370,SSR.PR.
18:41:03,0323,#cc33ff,1,42.692,9.312,370,SSR.
18:41:09,0323,#cc33ff,1,42.687,9.331,370,SSR.PR.
18:41:14,0323,#cc33ff,1,42.682,9.348,370,SSR.PR.
18:41:20,0323,#cc33ff,1,42.673,9.363,370,SSR.
18:41:25,0323,#cc33ff,1,42.642,9.368,370,SSR.PR.
18:41:31,0323,#cc33ff,1,42.657,9.395,370,SSR.PR.
18:41:37,0323,#cc33ff,1,42.632,9.402,370,SSR.PR.
18:41:42,0323,#cc33ff,1,42.637,9.426,370,SSR.
18:41:47,0323,#cc33ff,1,42.619,9.436,370,SSR.PR.
18:41:54,0323,#cc33ff,1,42.629,9.463,370,SSR.
18:41:59,0323,#cc33ff,1,42.616,9.475,370,SSR.PR.
18:42:04,0323,#cc33ff,1,42.595,9.484,370,SSR.PR.
18:42:10,0323,#cc33ff,1,42.584,9.500,370,SSR.PR.
18:42:16,0323,#cc33ff,1,42.588,9.521,370,SSR.PR.
18:42:21,0323,#cc33ff,1,42.596,9.546,370,SSR.PR.
18:42:27,0323,#cc33ff,1,42.584,9.561,371,SSR.PR.
18:42:32,0323,#cc33ff,1,42.566,9.575,371,SSR.PR.
18:42:38,0323,#cc33ff,1,42.564,9.595,371,SSR.PR.
18:42:44,0323,#cc33ff,1,42.556,9.612,371,SSR.PR.
18:42:49,0323,#cc33ff,1,42.548,9.630,371,SSR.PR.
18:42:54,0323,#cc33ff,1,42.557,9.656,371,SSR.PR.
18:43:00,0323,#cc33ff,1,42.546,9.672,371,SSR.PR.
18:43:06,0323,#cc33ff,1,42.564,9.704,370,SSR.PR.
18:43:11,0323,#cc33ff,1,42.535,9.710,370,SSR.PR.
18:43:17,0323,#cc33ff,1,42.536,9.733,370,SSR.PR.
18:43:23,0323,#cc33ff,1,42.536,9.754,370,SSR.
18:43:28,0323,#cc33ff,1,42.531,9.774,370,SSR.PR.
18:43:33,0323,#cc33ff,1,42.520,9.789,370,SSR.PR.
18:43:40,0323,#cc33ff,1,42.520,9.811,370,SSR.PR.
18:43:45,0323,#cc33ff,1,42.515,9.830,370,SSR.PR.
18:43:50,0323,#cc33ff,1,42.515,9.852,370,SSR.PR.
18:43:56,0323,#cc33ff,1,42.515,9.874,370,SSR.PR.
18:44:02,0323,#cc33ff,1,42.495,9.885,370,SSR.PR.
18:44:07,0323,#cc33ff,1,42.501,9.909,370,SSR.PR.
18:44:12,0323,#cc33ff,1,42.493,9.928,370,SSR.PR.
18:44:18,0323,#cc33ff,1,42.485,9.945,370,SSR.PR.
18:44:24,0323,#cc33ff,1,42.487,9.967,370,SSR.PR.
18:44:29,0323,#cc33ff,1,42.479,9.985,370,SSR.PR.
18:44:35,0323,#cc33ff,1,42.473,10.004,370,SSR.PR.
18:44:40,0323,#cc33ff,1,42.475,10.027,370,SSR.PR.
18:44:46,0323,#cc33ff,1,42.460,10.040,370,SSR.PR.
18:44:52,0323,#cc33ff,1,42.470,10.067,370,SSR.PR.
18:44:57,0323,#cc33ff,1,42.454,10.081,370,SSR.PR.
18:45:02,0323,#cc33ff,1,42.458,10.105,370,SSR.PR.
18:45:08,0323,#cc33ff,1,42.462,10.129,370,SSR.PR.
18:45:14,0323,#cc33ff,1,42.451,10.145,370,SSR.PR.
18:45:19,0323,#cc33ff,1,42.423,10.150,370,SSR.PR.
18:45:24,0323,#cc33ff,1,42.440,10.181,370,SSR.PR.
18:45:31,0323,#cc33ff,1,42.437,10.202,370,SSR.PR.
18:45:36,0323,#cc33ff,1,42.434,10.222,370,SSR.PR.
18:45:41,0323,#cc33ff,1,42.423,10.237,370,SSR.PR.
null,null,null,null,null,null,null
18:39:12,0323,#cc33ff,3,42.888,9.019,370,SSR.
18:39:17,0323,#cc33ff,3,42.857,9.021,370,SSR.
18:39:23,0323,#cc33ff,3,42.859,9.042,370,SSR.
18:39:28,0323,#cc33ff,3,42.854,9.059,370,SSR.
18:39:34,0323,#cc33ff,3,42.838,9.070,370,SSR.
18:39:39,0323,#cc33ff,3,42.829,9.084,370,SSR.
18:39:45,0323,#cc33ff,3,42.830,9.107,370,SSR.
18:39:51,0323,#cc33ff,3,42.822,9.122,370,SSR.
18:39:56,0323,#cc33ff,3,42.806,9.132,370,SSR.
18:40:01,0323,#cc33ff,3,42.793,9.145,370,SSR.
18:40:08,0323,#cc33ff,3,42.788,9.162,370,SSR.
18:40:13,0323,#cc33ff,3,42.782,9.181,370,SSR.
18:40:18,0323,#cc33ff,3,42.771,9.194,370,SSR.
18:40:25,0323,#cc33ff,3,42.769,9.213,370,SSR.
18:40:30,0323,#cc33ff,3,42.766,9.233,370,SSR.
18:40:35,0323,#cc33ff,3,42.744,9.240,370,SSR.
18:40:41,0323,#cc33ff,3,42.736,9.256,370,SSR.
18:40:47,0323,#cc33ff,3,42.724,9.270,370,SSR.PR.
18:40:52,0323,#cc33ff,3,42.705,9.280,370,SSR.PR.
18:40:57,0323,#cc33ff,3,42.700,9.297,370,SSR.PR.
18:41:03,0323,#cc33ff,3,42.688,9.310,370,SSR.
18:41:09,0323,#cc33ff,3,42.687,9.331,370,SSR.PR.
18:41:14,0323,#cc33ff,3,42.682,9.348,370,SSR.PR.
18:41:20,0323,#cc33ff,3,42.683,9.368,370,SSR.
18:41:25,0323,#cc33ff,3,42.648,9.371,370,SSR.PR.
18:41:31,0323,#cc33ff,3,42.657,9.395,370,SSR.PR.
18:41:37,0323,#cc33ff,3,42.639,9.406,370,SSR.PR.
18:41:42,0323,#cc33ff,3,42.640,9.427,370,SSR.
18:41:47,0323,#cc33ff,3,42.619,9.436,370,SSR.PR.
18:41:54,0323,#cc33ff,3,42.633,9.465,370,SSR.
18:41:59,0323,#cc33ff,3,42.616,9.475,370,SSR.PR.
18:42:04,0323,#cc33ff,3,42.595,9.484,370,SSR.PR.
18:42:10,0323,#cc33ff,3,42.590,9.503,370,SSR.PR.
18:42:16,0323,#cc33ff,3,42.588,9.521,370,SSR.PR.
18:42:21,0323,#cc33ff,3,42.596,9.546,370,SSR.PR.
18:42:27,0323,#cc33ff,3,42.581,9.561,371,SSR.PR.
18:42:32,0323,#cc33ff,3,42.566,9.575,371,SSR.PR.
18:42:38,0323,#cc33ff,3,42.567,9.596,371,SSR.PR.
18:42:44,0323,#cc33ff,3,42.556,9.612,371,SSR.PR.
18:42:49,0323,#cc33ff,3,42.551,9.632,371,SSR.PR.
18:42:54,0323,#cc33ff,3,42.560,9.658,371,SSR.PR.
18:43:00,0323,#cc33ff,3,42.552,9.676,371,SSR.PR.
18:43:06,0323,#cc33ff,3,42.567,9.705,370,SSR.PR.
18:43:11,0323,#cc33ff,3,42.533,9.708,370,SSR.PR.
18:43:17,0323,#cc33ff,3,42.536,9.733,370,SSR.PR.
18:43:23,0323,#cc33ff,3,42.539,9.756,370,SSR.
18:43:28,0323,#cc33ff,3,42.536,9.777,370,SSR.PR.
18:43:33,0323,#cc33ff,3,42.520,9.789,370,SSR.PR.
18:43:40,0323,#cc33ff,3,42.523,9.812,370,SSR.PR.
18:43:45,0323,#cc33ff,3,42.517,9.832,370,SSR.PR.
18:43:50,0323,#cc33ff,3,42.515,9.852,370,SSR.PR.
18:43:56,0323,#cc33ff,3,42.517,9.876,370,SSR.PR.
18:44:02,0323,#cc33ff,3,42.499,9.887,370,SSR.PR.
18:44:07,0323,#cc33ff,3,42.501,9.909,370,SSR.PR.
18:44:12,0323,#cc33ff,3,42.495,9.929,370,SSR.PR.
18:44:18,0323,#cc33ff,3,42.490,9.947,370,SSR.PR.
18:44:24,0323,#cc33ff,3,42.487,9.968,370,SSR.PR.
18:44:29,0323,#cc33ff,3,42.479,9.985,370,SSR.PR.
18:44:35,0323,#cc33ff,3,42.476,10.005,370,SSR.PR.
18:44:40,0323,#cc33ff,3,42.478,10.029,370,SSR.PR.
18:44:46,0323,#cc33ff,3,42.462,10.042,370,SSR.PR.
18:44:52,0323,#cc33ff,3,42.460,10.061,370,SSR.PR.
18:44:57,0323,#cc33ff,3,42.454,10.081,370,SSR.PR.
18:45:02,0323,#cc33ff,3,42.463,10.107,370,SSR.PR.
18:45:08,0323,#cc33ff,3,42.460,10.127,370,SSR.PR.
18:45:14,0323,#cc33ff,3,42.454,10.146,370,SSR.PR.
18:45:19,0323,#cc33ff,3,42.434,10.157,370,SSR.PR.
18:45:24,0323,#cc33ff,3,42.440,10.181,370,SSR.PR.
18:45:31,0323,#cc33ff,3,42.434,10.201,370,SSR.PR.
18:45:36,0323,#cc33ff,3,42.436,10.223,370,SSR.PR.
18:45:41,0323,#cc33ff,3,42.423,10.239,370,SSR.PR.
null,null,null,null,null,null,null
18:40:37,0323,#cc33ff,2,42.736,9.244,370,SSR.
18:40:42,0323,#cc33ff,2,42.717,9.255,370,SSR.
18:40:49,0323,#cc33ff,2,42.718,9.279,370,SSR.
18:40:55,0323,#cc33ff,2,42.706,9.294,370,SSR.
18:41:00,0323,#cc33ff,2,42.704,9.314,370,SSR.
18:41:06,0323,#cc33ff,2,42.699,9.332,370,SSR.
18:41:13,0323,#cc33ff,2,42.687,9.347,370,SSR.PR.
18:41:18,0323,#cc33ff,2,42.672,9.360,370,SSR.PR.
18:41:24,0323,#cc33ff,2,42.656,9.374,370,SSR.PR.
18:41:31,0323,#cc33ff,2,42.651,9.392,370,SSR.PR.
18:41:36,0323,#cc33ff,2,42.649,9.414,370,SSR.PR.
18:41:42,0323,#cc33ff,2,42.631,9.425,370,SSR.
18:41:47,0323,#cc33ff,2,42.613,9.438,0,SSR.
18:41:54,0323,#cc33ff,2,42.620,9.462,0,SSR.
18:42:00,0323,#cc33ff,2,42.603,9.475,0,SSR.PR.
18:42:05,0323,#cc33ff,2,42.595,9.492,0,SSR.
18:42:12,0323,#cc33ff,2,42.592,9.513,370,SSR.
18:42:17,0323,#cc33ff,2,42.581,9.529,370,SSR.
18:42:23,0323,#cc33ff,2,42.579,9.550,371,SSR.PR.
18:42:29,0323,#cc33ff,2,42.564,9.565,371,SSR.PR.
18:42:35,0323,#cc33ff,2,42.559,9.585,371,SSR.PR.
18:42:41,0323,#cc33ff,2,42.560,9.608,371,SSR.PR.
18:42:47,0323,#cc33ff,2,42.557,9.629,371,SSR.PR.
18:42:52,0323,#cc33ff,2,42.533,9.642,371,SSR.
18:42:59,0323,#cc33ff,2,42.532,9.663,371,SSR.
18:43:04,0323,#cc33ff,2,42.544,9.692,371,SSR.PR.
18:43:10,0323,#cc33ff,2,42.535,9.710,370,SSR.PR.
18:43:17,0323,#cc33ff,2,42.532,9.732,0,SSR.PR.
18:43:22,0323,#cc33ff,2,42.530,9.754,370,SSR.PR.
18:43:28,0323,#cc33ff,2,42.513,9.768,370,SSR.PR.
18:43:34,0323,#cc33ff,2,42.510,9.791,370,SSR.PR.
18:43:40,0323,#cc33ff,2,42.505,9.810,370,SSR.PR.
18:43:46,0323,#cc33ff,2,42.505,9.833,370,SSR.PR.
18:43:52,0323,#cc33ff,2,42.505,9.857,370,SSR.
18:43:57,0323,#cc33ff,2,42.502,9.878,370,SSR.
18:44:04,0323,#cc33ff,2,42.499,9.899,370,SSR.PR.
18:44:09,0323,#cc33ff,2,42.490,9.919,370,SSR.PR.
18:44:15,0323,#cc33ff,2,42.493,9.943,370,SSR.PR.
18:44:22,0323,#cc33ff,2,42.487,9.962,370,SSR.PR.
18:44:27,0323,#cc33ff,2,42.482,9.982,370,SSR.PR.
18:44:33,0323,#cc33ff,2,42.468,9.998,370,SSR.
18:44:39,0323,#cc33ff,2,42.472,10.024,370,SSR.PR.
18:44:45,0323,#cc33ff,2,42.470,10.045,370,SSR.PR.
18:44:51,0323,#cc33ff,2,42.474,10.070,370,SSR.PR.
18:44:57,0323,#cc33ff,2,42.463,10.087,370,SSR.PR.
18:45:02,0323,#cc33ff,2,42.462,10.111,370,SSR.PR.
18:45:09,0323,#cc33ff,2,42.451,10.128,370,SSR.PR.
18:45:14,0323,#cc33ff,2,42.448,10.149,370,SSR.PR.
18:45:20,0323,#cc33ff,2,42.435,10.165,370,SSR.PR.
18:45:27,0323,#cc33ff,2,42.436,10.188,370,SSR.PR.
18:45:32,0323,#cc33ff,2,42.433,10.210,370,SSR.PR.
18:45:38,0323,#cc33ff,2,42.422,10.227,370,SSR.PR.
18:45:44,0323,#cc33ff,2,42.416,10.247,370,SSR.PR.
null,null,null,null,null,null,null
18:40:37,0323,#cc33ff,4,42.739,9.248,370,SSR.
18:40:42,0323,#cc33ff,4,42.720,9.258,370,SSR.
18:40:49,0323,#cc33ff,4,42.722,9.281,370,SSR.
18:40:55,0323,#cc33ff,4,42.709,9.295,370,SSR.
18:41:00,0323,#cc33ff,4,42.704,9.314,370,SSR.
18:41:06,0323,#cc33ff,4,42.699,9.332,370,SSR.
18:41:13,0323,#cc33ff,4,42.690,9.349,370,SSR.PR.
18:41:18,0323,#cc33ff,4,42.675,9.362,370,SSR.PR.
18:41:24,0323,#cc33ff,4,42.656,9.374,370,SSR.PR.
18:41:31,0323,#cc33ff,4,42.651,9.392,370,SSR.PR.
18:41:36,0323,#cc33ff,4,42.649,9.414,0,SSR.PR.
18:41:42,0323,#cc33ff,4,42.631,9.425,370,SSR.
18:41:47,0323,#cc33ff,4,42.619,9.441,0,SSR.
18:41:54,0323,#cc33ff,4,42.624,9.464,0,SSR.
18:42:00,0323,#cc33ff,4,42.606,9.476,0,SSR.PR.
18:42:05,0323,#cc33ff,4,42.601,9.495,0,SSR.
18:42:17,0323,#cc33ff,4,42.584,9.530,370,SSR.
18:42:23,0323,#cc33ff,4,42.582,9.551,371,SSR.PR.
18:42:29,0323,#cc33ff,4,42.564,9.565,371,SSR.PR.
18:42:35,0323,#cc33ff,4,42.562,9.587,371,SSR.PR.
18:42:41,0323,#cc33ff,4,42.563,9.609,371,SSR.PR.
18:42:47,0323,#cc33ff,4,42.560,9.632,371,SSR.PR.
18:42:52,0323,#cc33ff,4,42.533,9.642,371,SSR.
18:42:59,0323,#cc33ff,4,42.537,9.666,371,SSR.
18:43:04,0323,#cc33ff,4,42.547,9.693,371,SSR.PR.
18:43:10,0323,#cc33ff,4,42.535,9.711,370,SSR.PR.
18:43:17,0323,#cc33ff,4,42.536,9.734,370,SSR.PR.
18:43:22,0323,#cc33ff,4,42.530,9.754,370,SSR.PR.
18:43:28,0323,#cc33ff,4,42.516,9.769,370,SSR.PR.
18:43:34,0323,#cc33ff,4,42.510,9.791,370,SSR.PR.
18:43:40,0323,#cc33ff,4,42.505,9.810,370,SSR.PR.
18:43:46,0323,#cc33ff,4,42.511,9.836,370,SSR.PR.
18:43:52,0323,#cc33ff,4,42.510,9.860,370,SSR.
18:43:57,0323,#cc33ff,4,42.507,9.881,370,SSR.
18:44:04,0323,#cc33ff,4,42.496,9.898,370,SSR.PR.
18:44:09,0323,#cc33ff,4,42.496,9.920,370,SSR.PR.
18:44:15,0323,#cc33ff,4,42.498,9.946,370,SSR.PR.
18:44:22,0323,#cc33ff,4,42.487,9.962,370,SSR.PR.
18:44:27,0323,#cc33ff,4,42.482,9.982,370,SSR.PR.
18:44:33,0323,#cc33ff,4,42.468,9.999,370,SSR.
18:44:39,0323,#cc33ff,4,42.480,10.028,370,SSR.PR.
18:44:45,0323,#cc33ff,4,42.470,10.045,370,SSR.PR.
18:44:51,0323,#cc33ff,4,42.476,10.072,370,SSR.PR.
18:44:57,0323,#cc33ff,4,42.463,10.087,370,SSR.PR.
18:45:02,0323,#cc33ff,4,42.464,10.112,370,SSR.PR.
18:45:09,0323,#cc33ff,4,42.451,10.128,370,SSR.PR.
18:45:14,0323,#cc33ff,4,42.450,10.150,370,SSR.PR.
18:45:20,0323,#cc33ff,4,42.432,10.163,370,SSR.PR.
18:45:27,0323,#cc33ff,4,42.439,10.191,370,SSR.PR.
18:45:32,0323,#cc33ff,4,42.435,10.211,370,SSR.PR.
18:45:38,0323,#cc33ff,4,42.424,10.228,370,SSR.PR.
18:45:44,0323,#cc33ff,4,42.419,10.248,370,SSR.PR.
18:45:53,1235,#cc33ff,1,42.417,10.278,370,SSR.PR.
18:45:58,1235,#cc33ff,1,42.411,10.296,370,SSR.PR.
18:46:04,1235,#cc33ff,1,42.401,10.311,370,SSR.PR.
18:46:10,1235,#cc33ff,1,42.399,10.333,370,SSR.PR.
18:46:15,1235,#cc33ff,1,42.402,10.356,371,SSR.PR.
18:46:21,1235,#cc33ff,1,42.384,10.367,370,SSR.PR.
18:46:26,1235,#cc33ff,1,42.368,10.380,370,SSR.PR.
18:46:32,1235,#cc33ff,1,42.371,10.403,370,SSR.PR.
18:46:38,1235,#cc33ff,1,42.371,10.424,370,SSR.
18:46:43,1235,#cc33ff,1,42.357,10.439,370,SSR.
18:46:48,1235,#cc33ff,1,42.354,10.459,370,SSR.
18:46:54,1235,#cc33ff,1,42.348,10.477,370,SSR.
18:47:00,1235,#cc33ff,1,42.343,10.494,370,SSR.
18:47:05,1235,#cc33ff,1,42.337,10.513,370,SSR.        SPI.
18:47:10,1235,#cc33ff,1,42.326,10.528,370,SSR.        SPI.
18:47:17,1235,#cc33ff,1,42.316,10.544,370,SSR.        SPI.
18:47:22,1235,#cc33ff,1,42.311,10.562,370,SSR.        SPI.
18:47:27,1235,#cc33ff,1,42.307,10.582,370,SSR.        SPI.
18:47:33,1235,#cc33ff,1,42.305,10.602,370,SSR.
18:47:39,1235,#cc33ff,1,42.295,10.617,370,SSR.PR.
18:47:44,1235,#cc33ff,1,42.284,10.632,370,SSR.PR.
18:47:50,1235,#cc33ff,1,42.278,10.651,370,SSR.PR.
18:47:55,1235,#cc33ff,1,42.269,10.667,370,SSR.PR.
18:48:01,1235,#cc33ff,1,42.264,10.685,370,SSR.PR.
18:48:06,1235,#cc33ff,1,42.260,10.704,370,SSR.PR.
18:48:12,1235,#cc33ff,1,42.249,10.721,370,SSR.PR.
18:48:17,1235,#cc33ff,1,42.239,10.737,370,SSR.PR.
18:48:23,1235,#cc33ff,1,42.227,10.752,370,SSR.PR.
18:48:29,1235,#cc33ff,1,42.227,10.773,370,SSR.PR.
18:48:34,1235,#cc33ff,1,42.236,10.799,370,SSR.PR.
18:48:39,1235,#cc33ff,1,42.214,10.808,370,SSR.PR.
18:48:46,1235,#cc33ff,1,42.209,10.826,370,SSR.PR.
18:48:51,1235,#cc33ff,1,42.196,10.841,370,SSR.PR.
18:48:56,1235,#cc33ff,1,42.191,10.859,370,SSR.PR.
18:49:03,1235,#cc33ff,1,42.190,10.880,370,SSR.PR.
18:49:08,1235,#cc33ff,1,42.188,10.900,370,SSR.PR.
18:49:13,1235,#cc33ff,1,42.172,10.914,370,SSR.PR.
18:49:19,1235,#cc33ff,1,42.171,10.935,370,SSR.PR.
18:49:25,1235,#cc33ff,1,42.168,10.954,370,SSR.PR.
18:49:30,1235,#cc33ff,1,42.161,10.971,370,SSR.PR.
18:49:35,1235,#cc33ff,1,42.155,10.991,370,SSR.PR.
18:49:41,1235,#cc33ff,1,42.150,11.009,371,SSR.PR.
18:49:47,1235,#cc33ff,1,42.145,11.027,370,SSR.PR.
18:49:52,1235,#cc33ff,1,42.140,11.046,370,SSR.PR.
18:49:58,1235,#cc33ff,1,42.134,11.065,370,SSR.PR.
18:50:03,1235,#cc33ff,1,42.125,11.082,370,SSR.PR.
18:50:09,1235,#cc33ff,1,42.116,11.098,370,SSR.PR.
18:50:15,1235,#cc33ff,1,42.113,11.118,370,SSR.PR.
18:50:20,1235,#cc33ff,1,42.110,11.139,370,SSR.PR.
18:50:25,1235,#cc33ff,1,42.100,11.155,370,SSR.PR.
18:50:32,1235,#cc33ff,1,42.100,11.175,370,SSR.PR.
18:50:37,1235,#cc33ff,1,42.095,11.195,370,SSR.PR.
18:50:42,1235,#cc33ff,1,42.081,11.209,370,SSR.PR.
18:50:48,1235,#cc33ff,1,42.078,11.229,370,SSR.PR.
18:50:54,1235,#cc33ff,1,42.075,11.248,370,SSR.PR.
18:50:59,1235,#cc33ff,1,42.071,11.267,370,SSR.PR.
18:51:04,1235,#cc33ff,1,42.062,11.284,370,SSR.PR.
18:51:10,1235,#cc33ff,1,42.063,11.306,370,SSR.PR.
18:51:16,1235,#cc33ff,1,42.052,11.321,370,SSR.PR.
18:51:21,1235,#cc33ff,1,42.045,11.339,370,SSR.PR.
18:51:27,1235,#cc33ff,1,42.041,11.359,370,SSR.PR.
18:51:32,1235,#cc33ff,1,42.034,11.377,370,SSR.PR.
18:51:38,1235,#cc33ff,1,42.033,11.397,370,SSR.PR.
18:51:44,1235,#cc33ff,1,42.021,11.412,370,SSR.PR.
18:51:49,1235,#cc33ff,1,42.019,11.432,370,SSR.
18:51:55,1235,#cc33ff,1,42.009,11.448,370,SSR.
18:52:01,1235,#cc33ff,1,42.003,11.464,370,SSR.PR.
18:52:06,1235,#cc33ff,1,41.996,11.481,370,SSR.PR.
18:52:11,1235,#cc33ff,1,41.986,11.494,370,SSR.PR.
18:52:17,1235,#cc33ff,1,41.976,11.509,370,SSR.PR.
18:52:23,1235,#cc33ff,1,41.968,11.525,370,SSR.PR.
18:52:28,1235,#cc33ff,1,41.958,11.540,370,SSR.PR.
18:52:33,1235,#cc33ff,1,41.952,11.555,370,SSR.PR.
18:52:40,1235,#cc33ff,1,41.942,11.570,370,SSR.PR.
18:52:45,1235,#cc33ff,1,41.930,11.583,370,SSR.PR.
18:52:50,1235,#cc33ff,1,41.923,11.599,370,SSR.
18:52:55,1235,#cc33ff,1,41.914,11.613,370,SSR.PR.
18:53:02,1235,#cc33ff,1,41.904,11.628,370,SSR.PR.
18:53:07,1235,#cc33ff,1,41.900,11.644,370,SSR.
18:53:12,1235,#cc33ff,1,41.888,11.657,370,SSR.PR.
18:53:18,1235,#cc33ff,1,41.877,11.671,370,SSR.PR.
18:53:24,1235,#cc33ff,1,41.870,11.683,370,SSR.
18:53:29,1235,#cc33ff,1,41.857,11.696,370,SSR.PR.
18:53:34,1235,#cc33ff,1,41.849,11.708,370,SSR.
18:53:40,1235,#cc33ff,1,41.839,11.722,370,SSR.
18:53:46,1235,#cc33ff,1,41.826,11.733,370,SSR.PR.
18:53:51,1235,#cc33ff,1,41.818,11.747,370,SSR.
18:53:57,1235,#cc33ff,1,41.805,11.760,370,SSR.PR.
18:54:02,1235,#cc33ff,1,41.798,11.772,370,SSR.
18:54:08,1235,#cc33ff,1,41.785,11.785,370,SSR.PR.
18:54:14,1235,#cc33ff,1,41.776,11.797,370,SSR.
18:54:19,1235,#cc33ff,1,41.764,11.810,370,SSR.PR.
18:54:24,1235,#cc33ff,1,41.755,11.823,370,SSR.
18:54:30,1235,#cc33ff,1,41.740,11.836,370,SSR.PR.
18:54:35,1235,#cc33ff,1,41.733,11.848,370,SSR.
18:54:41,1235,#cc33ff,1,41.724,11.861,370,SSR.
18:54:46,1235,#cc33ff,1,41.712,11.874,370,SSR.
18:54:52,1235,#cc33ff,1,41.701,11.886,370,SSR.
18:54:58,1235,#cc33ff,1,41.690,11.900,370,SSR.
18:55:03,1235,#cc33ff,1,41.677,11.914,370,SSR.
18:55:09,1235,#cc33ff,1,41.663,11.931,370,SSR.PR.
18:55:14,1235,#cc33ff,1,41.650,11.947,370,SSR.PR.
18:55:20,1235,#cc33ff,1,41.639,11.960,370,SSR.PR.
18:55:25,1235,#cc33ff,1,41.633,11.969,370,SSR.
18:55:31,1235,#cc33ff,1,41.622,11.984,370,SSR.
18:55:37,1235,#cc33ff,1,41.611,11.998,370,SSR.
18:55:42,1235,#cc33ff,1,41.600,12.013,370,SSR.
18:55:47,1235,#cc33ff,1,41.589,12.028,370,SSR.
18:55:53,1235,#cc33ff,1,41.580,12.043,370,SSR.
18:55:58,1235,#cc33ff,1,41.569,12.058,370,SSR.
18:56:04,1235,#cc33ff,1,41.559,12.072,370,SSR.
18:56:09,1235,#cc33ff,1,41.548,12.088,370,SSR.
18:56:15,1235,#cc33ff,1,41.539,12.102,370,SSR.
18:56:21,1235,#cc33ff,1,41.529,12.116,370,SSR.
18:56:26,1235,#cc33ff,1,41.518,12.132,370,SSR.
18:56:31,1235,#cc33ff,1,41.509,12.146,370,SSR.
18:56:37,1235,#cc33ff,1,41.499,12.160,370,SSR.
18:56:43,1235,#cc33ff,1,41.490,12.174,370,SSR.
18:56:48,1235,#cc33ff,1,41.479,12.196,370,SSR.PR.
18:56:53,1235,#cc33ff,1,41.470,12.202,370,SSR.
18:57:00,1235,#cc33ff,1,41.461,12.225,370,SSR.PR.
18:57:05,1235,#cc33ff,1,41.450,12.230,370,SSR.
18:57:10,1235,#cc33ff,1,41.441,12.244,370,SSR.
18:57:16,1235,#cc33ff,1,41.432,12.259,370,SSR.
18:57:22,1235,#cc33ff,1,41.422,12.270,370,SSR.
18:57:27,1235,#cc33ff,1,41.412,12.293,370,SSR.PR.
18:57:32,1235,#cc33ff,1,41.403,12.303,370,SSR.PR.
18:57:37,1235,#cc33ff,1,41.393,12.319,370,SSR.PR.
18:57:44,1235,#cc33ff,1,41.384,12.334,370,SSR.PR.
18:57:49,1235,#cc33ff,1,41.374,12.345,370,SSR.PR.
18:57:54,1235,#cc33ff,1,41.364,12.354,370,SSR.
18:58:00,1235,#cc33ff,1,41.354,12.371,370,SSR.PR.
18:58:06,1235,#cc33ff,1,41.344,12.380,370,SSR.
18:58:11,1235,#cc33ff,1,41.335,12.397,370,SSR.PR.
18:58:17,1235,#cc33ff,1,41.326,12.415,370,SSR.PR.
18:58:22,1235,#cc33ff,1,41.315,12.426,370,SSR.PR.
18:58:28,1235,#cc33ff,1,41.306,12.442,370,SSR.PR.
18:58:33,1235,#cc33ff,1,41.294,12.446,370,SSR.
18:58:39,1235,#cc33ff,1,41.285,12.463,370,SSR.PR.
18:58:45,1235,#cc33ff,1,41.276,12.478,370,SSR.PR.
18:58:50,1235,#cc33ff,1,41.263,12.484,370,SSR.PR.
18:58:56,1235,#cc33ff,1,41.254,12.501,370,SSR.PR.
18:59:01,1235,#cc33ff,1,41.244,12.515,370,SSR.PR.
18:59:07,1235,#cc33ff,1,41.233,12.522,370,SSR.
18:59:13,1235,#cc33ff,1,41.225,12.544,370,SSR.PR.
18:59:18,1235,#cc33ff,1,41.214,12.554,370,SSR.PR.
18:59:23,1235,#cc33ff,1,41.205,12.570,370,SSR.PR.
18:59:30,1235,#cc33ff,1,41.195,12.584,370,SSR.PR.
18:59:35,1235,#cc33ff,1,41.185,12.596,371,SSR.PR.
18:59:40,1235,#cc33ff,1,41.176,12.612,371,SSR.PR.
18:59:45,1235,#cc33ff,1,41.165,12.622,370,SSR.PR.
18:59:52,1235,#cc33ff,1,41.157,12.643,370,SSR.PR.
18:59:57,1235,#cc33ff,1,41.143,12.646,370,SSR.PR.
19:00:02,1235,#cc33ff,1,41.137,12.671,370,SSR.PR.
19:00:08,1235,#cc33ff,1,41.124,12.677,370,SSR.PR.
19:00:14,1235,#cc33ff,1,41.117,12.697,370,SSR.PR.
19:00:19,1235,#cc33ff,1,41.105,12.705,370,SSR.PR.
19:00:25,1235,#cc33ff,1,41.096,12.721,371,SSR.PR.
19:00:30,1235,#cc33ff,1,41.085,12.731,371,SSR.PR.
19:00:36,1235,#cc33ff,1,41.074,12.746,371,SSR.PR.
19:00:41,1235,#cc33ff,1,41.063,12.756,370,SSR.PR.
19:00:47,1235,#cc33ff,1,41.052,12.766,370,SSR.PR.
19:00:52,1235,#cc33ff,1,41.043,12.782,370,SSR.PR.
19:00:58,1235,#cc33ff,1,41.034,12.801,370,SSR.PR.
19:01:03,1235,#cc33ff,1,41.021,12.806,370,SSR.PR.
19:01:09,1235,#cc33ff,1,41.011,12.819,370,SSR.PR.
19:01:14,1235,#cc33ff,1,40.999,12.829,370,SSR.PR.
19:01:20,1235,#cc33ff,1,40.987,12.840,370,SSR.PR.
19:01:26,1235,#cc33ff,1,40.980,12.859,370,SSR.PR.
19:01:31,1235,#cc33ff,1,40.963,12.859,370,SSR.PR.
19:01:36,1235,#cc33ff,1,40.956,12.878,370,SSR.PR.
19:01:43,1235,#cc33ff,1,40.946,12.890,370,SSR.PR.
19:01:48,1235,#cc33ff,1,40.931,12.896,370,SSR.PR.
19:01:53,1235,#cc33ff,1,40.921,12.907,370,SSR.PR.
19:02:00,1235,#cc33ff,1,40.911,12.924,370,SSR.PR.
19:02:05,1235,#cc33ff,1,40.900,12.935,370,SSR.PR.
19:02:10,1235,#cc33ff,1,40.887,12.943,370,SSR.PR.
19:02:16,1235,#cc33ff,1,40.873,12.946,371,SSR.PR.
19:02:27,1235,#cc33ff,1,40.853,12.972,370,SSR.PR.
19:02:32,1235,#cc33ff,1,40.839,12.973,370,SSR.PR.
19:02:38,1235,#cc33ff,1,40.830,12.985,370,SSR.PR.
19:02:44,1235,#cc33ff,1,40.814,12.986,370,SSR.PR.
19:02:49,1235,#cc33ff,1,40.803,12.990,370,SSR.PR.
19:02:55,1235,#cc33ff,1,40.793,12.997,370,SSR.PR.
19:03:00,1235,#cc33ff,1,40.779,12.999,370,SSR.PR.
19:03:06,1235,#cc33ff,1,40.767,13.001,370,SSR.PR.
19:03:12,1235,#cc33ff,1,40.753,13.002,370,SSR.PR.
19:03:17,1235,#cc33ff,1,40.750,13.027,370,SSR.PR.
19:03:22,1235,#cc33ff,1,40.728,13.009,370,SSR.PR.
19:03:29,1235,#cc33ff,1,40.718,13.017,370,SSR.PR.
19:03:34,1235,#cc33ff,1,40.705,13.018,370,SSR.
19:03:39,1235,#cc33ff,1,40.693,13.020,370,SSR.
19:03:45,1235,#cc33ff,1,40.683,13.031,370,SSR.PR.
19:03:51,1235,#cc33ff,1,40.669,13.032,370,SSR.PR.
19:03:56,1235,#cc33ff,1,40.659,13.039,370,SSR.PR.
19:04:02,1235,#cc33ff,1,40.647,13.044,370,SSR.PR.
19:04:07,1235,#cc33ff,1,40.638,13.054,370,SSR.
19:04:13,1235,#cc33ff,1,40.619,13.043,370,SSR.PR.
19:04:19,1235,#cc33ff,1,40.604,13.040,370,SSR.
19:04:24,1235,#cc33ff,1,40.593,13.048,370,SSR.PR.
19:04:29,1235,#cc33ff,1,40.586,13.062,370,SSR.PR.
19:04:36,1235,#cc33ff,1,40.567,13.050,370,SSR.
19:04:41,1235,#cc33ff,1,40.560,13.069,370,SSR.PR.
19:04:46,1235,#cc33ff,1,40.545,13.067,370,SSR.PR.
19:04:53,1235,#cc33ff,1,40.532,13.069,370,SSR.PR.
19:04:58,1235,#cc33ff,1,40.523,13.079,370,SSR.PR.
19:05:03,1235,#cc33ff,1,40.512,13.086,370,SSR.PR.
19:05:08,1235,#cc33ff,1,40.501,13.093,370,SSR.PR.
19:05:15,1235,#cc33ff,1,40.487,13.092,370,SSR.PR.
19:05:20,1235,#cc33ff,1,40.474,13.094,370,SSR.PR.
19:05:25,1235,#cc33ff,1,40.457,13.085,370,SSR.PR.
19:05:31,1235,#cc33ff,1,40.446,13.092,370,SSR.PR.
19:05:37,1235,#cc33ff,1,40.434,13.099,370,SSR.PR.
19:05:42,1235,#cc33ff,1,40.426,13.112,0,SSR.PR.
19:05:48,1235,#cc33ff,1,40.409,13.105,370,SSR.PR.
19:05:53,1235,#cc33ff,1,40.398,13.112,370,SSR.PR.
19:05:59,1235,#cc33ff,1,40.384,13.110,370,SSR.PR.
19:06:05,1235,#cc33ff,1,40.371,13.111,370,SSR.PR.
19:06:10,1235,#cc33ff,1,40.357,13.112,370,SSR.PR.
19:06:15,1235,#cc33ff,1,40.349,13.128,370,SSR.PR.
19:06:22,1235,#cc33ff,1,40.334,13.120,370,SSR.PR.
19:06:27,1235,#cc33ff,1,40.324,13.132,370,SSR.PR.
19:06:32,1235,#cc33ff,1,40.309,13.127,370,SSR.PR.
19:06:38,1235,#cc33ff,1,40.298,13.137,370,SSR.PR.
19:06:44,1235,#cc33ff,1,40.286,13.141,370,SSR.PR.
19:06:49,1235,#cc33ff,1,40.272,13.142,370,SSR.PR.
19:06:54,1235,#cc33ff,1,40.264,13.157,370,SSR.PR.
19:07:00,1235,#cc33ff,1,40.247,13.149,370,SSR.PR.
19:07:06,1235,#cc33ff,1,40.234,13.149,370,SSR.PR.
19:07:11,1235,#cc33ff,1,40.226,13.162,370,SSR.PR.
19:07:17,1235,#cc33ff,1,40.211,13.159,370,SSR.PR.
19:07:23,1235,#cc33ff,1,40.203,13.175,370,SSR.PR.
19:07:28,1235,#cc33ff,1,40.188,13.172,370,SSR.PR.
19:07:34,1235,#cc33ff,1,40.173,13.168,370,SSR.PR.
19:07:45,1235,#cc33ff,1,40.150,13.181,370,SSR.PR.
19:07:51,1235,#cc33ff,1,40.137,13.182,370,SSR.PR.
19:07:56,1235,#cc33ff,1,40.124,13.181,370,SSR.PR.
19:08:13,1235,#cc33ff,1,40.090,13.196,370,SSR.PR.
19:08:18,1235,#cc33ff,1,40.078,13.194,370,SSR.PR.
19:08:23,1235,#cc33ff,1,40.067,13.196,370,SSR.PR.
19:08:30,1235,#cc33ff,1,40.051,13.185,370,SSR.
19:08:35,1235,#cc33ff,1,40.039,13.187,370,SSR.PR.
19:08:40,1235,#cc33ff,1,40.026,13.185,370,SSR.PR.
19:08:46,1235,#cc33ff,1,40.016,13.194,370,SSR.PR.
19:08:52,1235,#cc33ff,1,40.001,13.186,370,SSR.PR.
19:08:57,1235,#cc33ff,1,39.991,13.187,370,SSR.PR.
19:09:03,1235,#cc33ff,1,39.976,13.178,370,SSR.PR.
19:09:08,1235,#cc33ff,1,39.963,13.176,370,SSR.PR.
19:09:14,1235,#cc33ff,1,39.956,13.196,370,SSR.PR.
19:09:19,1235,#cc33ff,1,39.944,13.194,370,SSR.PR.
19:09:30,1235,#cc33ff,1,39.921,13.197,370,SSR.PR.
19:09:36,1235,#cc33ff,1,39.906,13.188,370,SSR.PR.
19:09:42,1235,#cc33ff,1,39.898,13.201,370,SSR.PR.
19:09:47,1235,#cc33ff,1,39.879,13.175,370,SSR.
19:09:52,1235,#cc33ff,1,39.876,13.208,370,SSR.PR.
19:09:59,1235,#cc33ff,1,39.865,13.208,370,SSR.PR.
19:10:04,1235,#cc33ff,1,39.850,13.198,370,SSR.PR.
19:10:09,1235,#cc33ff,1,39.837,13.196,370,SSR.PR.
19:10:16,1235,#cc33ff,1,39.826,13.201,370,SSR.PR.
19:10:21,1235,#cc33ff,1,39.814,13.197,370,SSR.PR.
19:10:26,1235,#cc33ff,1,39.810,13.227,370,SSR.PR.
19:10:32,1235,#cc33ff,1,39.789,13.196,370,SSR.PR.
19:10:38,1235,#cc33ff,1,39.778,13.196,370,SSR.PR.
19:10:43,1235,#cc33ff,1,39.767,13.201,370,SSR.PR.
19:10:48,1235,#cc33ff,1,39.752,13.190,370,SSR.PR.
19:10:54,1235,#cc33ff,1,39.747,13.211,370,SSR.PR.
19:11:00,1235,#cc33ff,1,39.729,13.191,370,SSR.PR.
19:11:05,1235,#cc33ff,1,39.716,13.188,370,SSR.PR.
19:11:11,1235,#cc33ff,1,39.715,13.226,370,SSR.PR.
19:11:16,1235,#cc33ff,1,39.695,13.197,370,SSR.PR.
19:11:22,1235,#cc33ff,1,39.684,13.202,370,SSR.PR.
19:11:28,1235,#cc33ff,1,39.675,13.207,370,SSR.PR.
19:11:33,1235,#cc33ff,1,39.660,13.199,370,SSR.PR.
19:11:38,1235,#cc33ff,1,39.646,13.191,370,SSR.PR.
19:11:45,1235,#cc33ff,1,39.641,13.212,370,SSR.PR.
19:11:50,1235,#cc33ff,1,39.632,13.226,370,SSR.PR.
19:11:55,1235,#cc33ff,1,39.613,13.196,370,SSR.PR.
19:12:00,1235,#cc33ff,1,39.605,13.209,370,SSR.PR.
19:12:07,1235,#cc33ff,1,39.589,13.196,370,SSR.PR.
19:12:40,1235,#cc33ff,1,39.521,13.195,370,SSR.
19:12:45,1235,#cc33ff,1,39.511,13.199,370,SSR.
19:12:51,1235,#cc33ff,1,39.498,13.190,370,SSR.
19:12:57,1235,#cc33ff,1,39.488,13.194,370,SSR.
19:13:02,1235,#cc33ff,1,39.477,13.193,370,SSR.
19:13:07,1235,#cc33ff,1,39.467,13.197,370,SSR.
19:13:14,1235,#cc33ff,1,39.452,13.182,370,SSR.
19:13:19,1235,#cc33ff,1,39.444,13.192,370,SSR.
19:13:24,1235,#cc33ff,1,39.430,13.181,370,SSR.
19:13:31,1235,#cc33ff,1,39.419,13.180,370,SSR.
19:13:36,1235,#cc33ff,1,39.409,13.184,370,SSR.
19:13:41,1235,#cc33ff,1,39.398,13.183,370,SSR.
19:13:46,1235,#cc33ff,1,39.386,13.183,370,SSR.
19:13:53,1235,#cc33ff,1,39.376,13.182,370,SSR.
19:13:58,1235,#cc33ff,1,39.366,13.186,370,SSR.
19:14:03,1235,#cc33ff,1,39.353,13.175,370,SSR.
19:14:09,1235,#cc33ff,1,39.346,13.193,370,SSR.
19:14:15,1235,#cc33ff,1,39.332,13.178,370,SSR.
19:14:20,1235,#cc33ff,1,39.320,13.171,370,SSR.
19:14:26,1235,#cc33ff,1,39.308,13.164,370,SSR.
19:14:37,1235,#cc33ff,1,39.285,13.151,370,SSR.
null,null,null,null,null,null,null
18:45:53,1235,#cc33ff,3,42.417,10.278,370,SSR.PR.
18:45:58,1235,#cc33ff,3,42.406,10.293,370,SSR.PR.
18:46:04,1235,#cc33ff,3,42.400,10.313,370,SSR.PR.
18:46:10,1235,#cc33ff,3,42.403,10.336,370,SSR.PR.
18:46:15,1235,#cc33ff,3,42.396,10.353,371,SSR.PR.
18:46:21,1235,#cc33ff,3,42.386,10.369,370,SSR.PR.
18:46:26,1235,#cc33ff,3,42.369,10.382,370,SSR.PR.
18:46:32,1235,#cc33ff,3,42.370,10.404,370,SSR.PR.
18:46:38,1235,#cc33ff,3,42.375,10.427,370,SSR.
18:46:43,1235,#cc33ff,3,42.360,10.439,370,SSR.
18:46:48,1235,#cc33ff,3,42.356,10.460,370,SSR.
18:46:54,1235,#cc33ff,3,42.382,10.496,370,SSR.
18:47:00,1235,#cc33ff,3,42.347,10.497,370,SSR.
18:47:05,1235,#cc33ff,3,42.337,10.513,370,SSR.        SPI.
18:47:10,1235,#cc33ff,3,42.330,10.530,370,SSR.        SPI.
18:47:17,1235,#cc33ff,3,42.320,10.546,370,SSR.        SPI.
18:47:22,1235,#cc33ff,3,42.313,10.563,370,SSR.        SPI.
18:47:27,1235,#cc33ff,3,42.296,10.575,370,SSR.PR.     SPI.
18:47:33,1235,#cc33ff,3,42.313,10.606,370,SSR.
18:47:39,1235,#cc33ff,3,42.295,10.617,370,SSR.PR.
18:47:44,1235,#cc33ff,3,42.287,10.634,370,SSR.PR.
18:47:50,1235,#cc33ff,3,42.278,10.651,370,SSR.PR.
18:47:55,1235,#cc33ff,3,42.273,10.669,370,SSR.PR.
18:48:01,1235,#cc33ff,3,42.270,10.690,370,SSR.PR.
18:48:06,1235,#cc33ff,3,42.261,10.707,370,SSR.PR.
18:48:12,1235,#cc33ff,3,42.247,10.720,370,SSR.PR.
18:48:17,1235,#cc33ff,3,42.240,10.738,370,SSR.PR.
18:48:23,1235,#cc33ff,3,42.230,10.753,370,SSR.PR.
18:48:29,1235,#cc33ff,3,42.228,10.773,370,SSR.PR.
18:48:34,1235,#cc33ff,3,42.224,10.792,370,SSR.PR.
18:48:39,1235,#cc33ff,3,42.221,10.812,370,SSR.PR.
18:48:46,1235,#cc33ff,3,42.209,10.826,370,SSR.PR.
18:48:51,1235,#cc33ff,3,42.194,10.840,370,SSR.PR.
18:48:56,1235,#cc33ff,3,42.195,10.862,370,SSR.PR.
18:49:03,1235,#cc33ff,3,42.190,10.880,370,SSR.PR.
18:49:08,1235,#cc33ff,3,42.186,10.899,370,SSR.PR.
18:49:13,1235,#cc33ff,3,42.172,10.914,370,SSR.PR.
18:49:19,1235,#cc33ff,3,42.176,10.937,370,SSR.PR.
18:49:25,1235,#cc33ff,3,42.168,10.954,370,SSR.PR.
18:49:30,1235,#cc33ff,3,42.160,10.973,370,SSR.PR.
18:49:35,1235,#cc33ff,3,42.159,10.993,370,SSR.PR.
18:49:41,1235,#cc33ff,3,42.150,11.009,371,SSR.PR.
18:49:47,1235,#cc33ff,3,42.144,11.027,370,SSR.PR.
18:49:52,1235,#cc33ff,3,42.138,11.045,370,SSR.PR.
18:49:58,1235,#cc33ff,3,42.136,11.066,370,SSR.PR.
18:50:03,1235,#cc33ff,3,42.128,11.083,370,SSR.PR.
18:50:09,1235,#cc33ff,3,42.117,11.099,370,SSR.PR.
18:50:15,1235,#cc33ff,3,42.117,11.121,370,SSR.PR.
18:50:20,1235,#cc33ff,3,42.110,11.139,370,SSR.PR.
18:50:25,1235,#cc33ff,3,42.106,11.158,370,SSR.PR.
18:50:32,1235,#cc33ff,3,42.098,11.174,370,SSR.PR.
18:50:37,1235,#cc33ff,3,42.093,11.194,370,SSR.PR.
18:50:42,1235,#cc33ff,3,42.082,11.210,370,SSR.PR.
18:50:48,1235,#cc33ff,3,42.080,11.229,370,SSR.PR.
18:50:54,1235,#cc33ff,3,42.077,11.249,370,SSR.PR.
18:50:59,1235,#cc33ff,3,42.073,11.268,370,SSR.PR.
18:51:04,1235,#cc33ff,3,42.065,11.286,370,SSR.PR.
18:51:10,1235,#cc33ff,3,42.060,11.304,370,SSR.PR.
18:51:16,1235,#cc33ff,3,42.052,11.321,370,SSR.PR.
18:51:21,1235,#cc33ff,3,42.046,11.340,370,SSR.PR.
18:51:27,1235,#cc33ff,3,42.041,11.359,370,SSR.PR.
18:51:32,1235,#cc33ff,3,42.034,11.377,370,SSR.PR.
18:51:38,1235,#cc33ff,3,42.033,11.397,370,SSR.PR.
18:51:44,1235,#cc33ff,3,42.022,11.412,370,SSR.PR.
18:51:49,1235,#cc33ff,3,42.020,11.432,370,SSR.
18:51:55,1235,#cc33ff,3,42.008,11.447,370,SSR.
18:52:01,1235,#cc33ff,3,42.006,11.465,370,SSR.PR.
18:52:06,1235,#cc33ff,3,41.995,11.481,370,SSR.PR.
18:52:11,1235,#cc33ff,3,41.986,11.494,370,SSR.PR.
18:52:17,1235,#cc33ff,3,41.976,11.509,370,SSR.PR.
18:52:23,1235,#cc33ff,3,41.970,11.526,370,SSR.PR.
18:52:28,1235,#cc33ff,3,41.959,11.538,370,SSR.PR.
18:52:33,1235,#cc33ff,3,41.952,11.555,370,SSR.PR.
18:52:40,1235,#cc33ff,3,41.941,11.569,370,SSR.PR.
18:52:45,1235,#cc33ff,3,41.932,11.583,370,SSR.PR.
18:52:50,1235,#cc33ff,3,41.925,11.599,370,SSR.
18:52:55,1235,#cc33ff,3,41.914,11.613,370,SSR.PR.
18:53:02,1235,#cc33ff,3,41.905,11.629,370,SSR.PR.
18:53:07,1235,#cc33ff,3,41.900,11.644,370,SSR.
18:53:12,1235,#cc33ff,3,41.890,11.658,370,SSR.PR.
18:53:18,1235,#cc33ff,3,41.877,11.671,370,SSR.PR.
18:53:24,1235,#cc33ff,3,41.870,11.683,370,SSR.
18:53:29,1235,#cc33ff,3,41.857,11.696,370,SSR.PR.
18:53:34,1235,#cc33ff,3,41.851,11.709,370,SSR.
18:53:40,1235,#cc33ff,3,41.839,11.721,370,SSR.
18:53:46,1235,#cc33ff,3,41.826,11.733,370,SSR.PR.
18:53:51,1235,#cc33ff,3,41.818,11.747,370,SSR.
18:53:57,1235,#cc33ff,3,41.805,11.760,370,SSR.PR.
18:54:02,1235,#cc33ff,3,41.798,11.772,370,SSR.
18:54:08,1235,#cc33ff,3,41.783,11.785,370,SSR.PR.
18:54:14,1235,#cc33ff,3,41.777,11.797,370,SSR.
18:54:19,1235,#cc33ff,3,41.765,11.811,370,SSR.PR.
18:54:24,1235,#cc33ff,3,41.756,11.822,370,SSR.
18:54:30,1235,#cc33ff,3,41.741,11.837,370,SSR.PR.
18:54:35,1235,#cc33ff,3,41.734,11.848,370,SSR.
18:54:41,1235,#cc33ff,3,41.725,11.861,370,SSR.
18:54:46,1235,#cc33ff,3,41.712,11.874,370,SSR.
18:54:52,1235,#cc33ff,3,41.701,11.886,370,SSR.
18:54:58,1235,#cc33ff,3,41.691,11.900,370,SSR.
18:55:03,1235,#cc33ff,3,41.677,11.914,370,SSR.
18:55:09,1235,#cc33ff,3,41.663,11.931,370,SSR.PR.
18:55:14,1235,#cc33ff,3,41.650,11.947,370,SSR.PR.
18:55:20,1235,#cc33ff,3,41.639,11.960,370,SSR.PR.
18:55:25,1235,#cc33ff,3,41.633,11.969,370,SSR.
18:55:31,1235,#cc33ff,3,41.622,11.984,370,SSR.
18:55:37,1235,#cc33ff,3,41.611,11.998,370,SSR.
18:55:42,1235,#cc33ff,3,41.601,12.012,370,SSR.
18:55:47,1235,#cc33ff,3,41.589,12.028,370,SSR.
18:55:53,1235,#cc33ff,3,41.579,12.041,370,SSR.
18:55:58,1235,#cc33ff,3,41.569,12.057,370,SSR.
18:56:04,1235,#cc33ff,3,41.559,12.071,370,SSR.
18:56:09,1235,#cc33ff,3,41.549,12.087,370,SSR.
18:56:15,1235,#cc33ff,3,41.539,12.101,370,SSR.
18:56:21,1235,#cc33ff,3,41.529,12.116,370,SSR.
18:56:26,1235,#cc33ff,3,41.518,12.131,370,SSR.
18:56:31,1235,#cc33ff,3,41.509,12.145,370,SSR.
18:56:37,1235,#cc33ff,3,41.499,12.159,370,SSR.
18:56:43,1235,#cc33ff,3,41.490,12.173,370,SSR.
18:56:48,1235,#cc33ff,3,41.479,12.194,370,SSR.PR.
18:56:53,1235,#cc33ff,3,41.470,12.202,370,SSR.
18:57:00,1235,#cc33ff,3,41.461,12.224,370,SSR.PR.
18:57:05,1235,#cc33ff,3,41.450,12.231,370,SSR.
18:57:10,1235,#cc33ff,3,41.441,12.243,370,SSR.
18:57:16,1235,#cc33ff,3,41.431,12.257,370,SSR.
18:57:22,1235,#cc33ff,3,41.422,12.270,370,SSR.
18:57:27,1235,#cc33ff,3,41.413,12.294,370,SSR.PR.
18:57:32,1235,#cc33ff,3,41.403,12.303,370,SSR.PR.
18:57:37,1235,#cc33ff,3,41.393,12.319,370,SSR.PR.
18:57:44,1235,#cc33ff,3,41.384,12.334,370,SSR.PR.
18:57:49,1235,#cc33ff,3,41.374,12.344,370,SSR.PR.
18:57:54,1235,#cc33ff,3,41.363,12.352,370,SSR.
18:58:00,1235,#cc33ff,3,41.354,12.371,370,SSR.PR.
18:58:06,1235,#cc33ff,3,41.344,12.379,370,SSR.
18:58:11,1235,#cc33ff,3,41.335,12.398,370,SSR.PR.
18:58:17,1235,#cc33ff,3,41.325,12.413,370,SSR.PR.
18:58:22,1235,#cc33ff,3,41.315,12.426,370,SSR.PR.
18:58:28,1235,#cc33ff,3,41.305,12.440,370,SSR.PR.
18:58:33,1235,#cc33ff,3,41.293,12.444,370,SSR.
18:58:39,1235,#cc33ff,3,41.284,12.460,370,SSR.PR.
18:58:45,1235,#cc33ff,3,41.275,12.477,370,SSR.PR.
18:58:50,1235,#cc33ff,3,41.263,12.485,370,SSR.PR.
18:58:56,1235,#cc33ff,3,41.255,12.502,370,SSR.PR.
18:59:01,1235,#cc33ff,3,41.243,12.513,370,SSR.PR.
18:59:07,1235,#cc33ff,3,41.233,12.522,370,SSR.
18:59:13,1235,#cc33ff,3,41.224,12.541,370,SSR.PR.
18:59:18,1235,#cc33ff,3,41.215,12.555,370,SSR.PR.
18:59:23,1235,#cc33ff,3,41.205,12.570,370,SSR.PR.
18:59:30,1235,#cc33ff,3,41.194,12.583,370,SSR.PR.
18:59:35,1235,#cc33ff,3,41.185,12.594,371,SSR.PR.
18:59:40,1235,#cc33ff,3,41.175,12.608,371,SSR.PR.
18:59:45,1235,#cc33ff,3,41.164,12.620,370,SSR.PR.
18:59:52,1235,#cc33ff,3,41.156,12.640,370,SSR.PR.
18:59:57,1235,#cc33ff,3,41.143,12.647,370,SSR.PR.
19:00:02,1235,#cc33ff,3,41.134,12.662,370,SSR.PR.
19:00:08,1235,#cc33ff,3,41.124,12.675,370,SSR.PR.
19:00:14,1235,#cc33ff,3,41.116,12.694,370,SSR.PR.
19:00:19,1235,#cc33ff,3,41.104,12.704,370,SSR.PR.
19:00:25,1235,#cc33ff,3,41.095,12.719,371,SSR.PR.
19:00:30,1235,#cc33ff,3,41.085,12.731,371,SSR.PR.
19:00:36,1235,#cc33ff,3,41.072,12.740,371,SSR.PR.
19:00:41,1235,#cc33ff,3,41.062,12.754,370,SSR.PR.
19:00:47,1235,#cc33ff,3,41.052,12.767,370,SSR.PR.
19:00:52,1235,#cc33ff,3,41.042,12.781,370,SSR.PR.
19:00:58,1235,#cc33ff,3,41.032,12.792,370,SSR.PR.
19:01:03,1235,#cc33ff,3,41.020,12.805,370,SSR.PR.
19:01:09,1235,#cc33ff,3,41.007,12.810,370,SSR.PR.
19:01:14,1235,#cc33ff,3,40.997,12.824,370,SSR.PR.
19:01:20,1235,#cc33ff,3,40.987,12.840,370,SSR.PR.
19:01:26,1235,#cc33ff,3,40.979,12.856,370,SSR.PR.
19:01:31,1235,#cc33ff,3,40.964,12.860,370,SSR.PR.
19:01:36,1235,#cc33ff,3,40.955,12.876,370,SSR.PR.
19:01:43,1235,#cc33ff,3,40.946,12.890,370,SSR.PR.
19:01:48,1235,#cc33ff,3,40.936,12.907,370,SSR.PR.
19:01:53,1235,#cc33ff,3,40.919,12.903,370,SSR.PR.
19:02:00,1235,#cc33ff,3,40.907,12.915,370,SSR.PR.
19:02:05,1235,#cc33ff,3,40.899,12.933,370,SSR.PR.
19:02:10,1235,#cc33ff,3,40.886,12.941,370,SSR.PR.
19:02:16,1235,#cc33ff,3,40.874,12.949,371,SSR.PR.
19:02:22,1235,#cc33ff,3,40.866,12.967,371,SSR.PR.
19:02:27,1235,#cc33ff,3,40.851,12.968,370,SSR.PR.
19:02:32,1235,#cc33ff,3,40.838,12.971,370,SSR.PR.
19:02:38,1235,#cc33ff,3,40.830,12.985,370,SSR.PR.
19:02:44,1235,#cc33ff,3,40.818,12.992,370,SSR.PR.
19:02:49,1235,#cc33ff,3,40.803,12.990,370,SSR.PR.
19:02:55,1235,#cc33ff,3,40.791,12.993,370,SSR.PR.
19:03:00,1235,#cc33ff,3,40.778,12.997,370,SSR.PR.
19:03:06,1235,#cc33ff,3,40.765,12.996,370,SSR.PR.
19:03:12,1235,#cc33ff,3,40.753,13.002,370,SSR.PR.
19:03:17,1235,#cc33ff,3,40.741,13.005,370,SSR.PR.
19:03:22,1235,#cc33ff,3,40.730,13.013,370,SSR.PR.
19:03:29,1235,#cc33ff,3,40.718,13.017,370,SSR.PR.
19:03:34,1235,#cc33ff,3,40.705,13.018,370,SSR.
19:03:39,1235,#cc33ff,3,40.692,13.018,370,SSR.
19:03:45,1235,#cc33ff,3,40.683,13.031,370,SSR.PR.
19:03:51,1235,#cc33ff,3,40.666,13.025,370,SSR.PR.
19:03:56,1235,#cc33ff,3,40.656,13.032,370,SSR.PR.
19:04:02,1235,#cc33ff,3,40.645,13.039,370,SSR.PR.
19:04:07,1235,#cc33ff,3,40.636,13.049,370,SSR.
19:04:13,1235,#cc33ff,3,40.619,13.043,370,SSR.PR.
19:04:19,1235,#cc33ff,3,40.604,13.040,370,SSR.
19:04:24,1235,#cc33ff,3,40.591,13.043,370,SSR.PR.
19:04:29,1235,#cc33ff,3,40.583,13.054,370,SSR.PR.
19:04:36,1235,#cc33ff,3,40.566,13.047,370,SSR.
19:04:41,1235,#cc33ff,3,40.560,13.069,370,SSR.PR.
19:04:46,1235,#cc33ff,3,40.544,13.062,370,SSR.PR.
19:04:53,1235,#cc33ff,3,40.532,13.069,370,SSR.PR.
19:04:58,1235,#cc33ff,3,40.522,13.076,370,SSR.PR.
19:05:03,1235,#cc33ff,3,40.509,13.078,370,SSR.PR.
19:05:08,1235,#cc33ff,3,40.500,13.091,370,SSR.PR.
19:05:15,1235,#cc33ff,3,40.485,13.090,370,SSR.PR.
19:05:20,1235,#cc33ff,3,40.472,13.089,370,SSR.PR.
19:05:25,1235,#cc33ff,3,40.458,13.088,370,SSR.PR.
19:05:31,1235,#cc33ff,3,40.450,13.103,370,SSR.PR.
19:05:37,1235,#cc33ff,3,40.433,13.094,370,SSR.PR.
19:05:42,1235,#cc33ff,3,40.424,13.109,370,SSR.PR.
19:05:48,1235,#cc33ff,3,40.411,13.108,370,SSR.PR.
19:05:53,1235,#cc33ff,3,40.400,13.115,370,SSR.PR.
19:05:59,1235,#cc33ff,3,40.384,13.110,370,SSR.PR.
19:06:05,1235,#cc33ff,3,40.377,13.129,370,SSR.PR.
19:06:10,1235,#cc33ff,3,40.359,13.118,370,SSR.PR.
19:06:15,1235,#cc33ff,3,40.348,13.125,370,SSR.PR.
19:06:22,1235,#cc33ff,3,40.331,13.117,370,SSR.PR.
19:06:27,1235,#cc33ff,3,40.323,13.130,370,SSR.PR.
19:06:32,1235,#cc33ff,3,40.308,13.124,370,SSR.PR.
19:06:37,1235,#cc33ff,3,40.297,13.134,370,SSR.PR.
19:06:44,1235,#cc33ff,3,40.285,13.138,370,SSR.PR.
19:06:49,1235,#cc33ff,3,40.272,13.142,370,SSR.PR.
19:06:54,1235,#cc33ff,3,40.262,13.151,370,SSR.PR.
19:07:00,1235,#cc33ff,3,40.247,13.149,370,SSR.PR.
19:07:06,1235,#cc33ff,3,40.233,13.146,370,SSR.PR.
19:07:11,1235,#cc33ff,3,40.223,13.156,370,SSR.PR.
19:07:17,1235,#cc33ff,3,40.212,13.162,370,SSR.PR.
19:07:23,1235,#cc33ff,3,40.202,13.172,370,SSR.PR.
19:07:28,1235,#cc33ff,3,40.188,13.172,370,SSR.PR.
19:07:34,1235,#cc33ff,3,40.173,13.168,370,SSR.PR.
19:07:45,1235,#cc33ff,3,40.150,13.181,370,SSR.PR.
19:07:51,1235,#cc33ff,3,40.134,13.175,370,SSR.PR.
19:07:56,1235,#cc33ff,3,40.124,13.185,370,SSR.PR.
19:08:13,1235,#cc33ff,3,40.089,13.192,370,SSR.PR.
19:08:18,1235,#cc33ff,3,40.076,13.187,370,SSR.PR.
19:08:23,1235,#cc33ff,3,40.064,13.190,370,SSR.PR.
19:08:30,1235,#cc33ff,3,40.051,13.185,370,SSR.
19:08:35,1235,#cc33ff,3,40.040,13.191,370,SSR.PR.
19:08:40,1235,#cc33ff,3,40.024,13.179,370,SSR.PR.
19:08:46,1235,#cc33ff,3,40.014,13.188,370,SSR.PR.
19:08:52,1235,#cc33ff,3,40.001,13.182,370,SSR.PR.
19:08:57,1235,#cc33ff,3,39.990,13.184,370,SSR.PR.
19:09:03,1235,#cc33ff,3,39.978,13.185,370,SSR.PR.
19:09:08,1235,#cc33ff,3,39.967,13.191,370,SSR.PR.
19:09:14,1235,#cc33ff,3,39.956,13.196,370,SSR.PR.
19:09:19,1235,#cc33ff,3,39.942,13.191,370,SSR.PR.
19:09:30,1235,#cc33ff,3,39.921,13.197,370,SSR.PR.
19:09:36,1235,#cc33ff,3,39.906,13.188,370,SSR.PR.
19:09:42,1235,#cc33ff,3,39.897,13.197,370,SSR.PR.
19:09:47,1235,#cc33ff,3,39.876,13.167,370,SSR.
19:09:52,1235,#cc33ff,3,39.873,13.200,370,SSR.PR.
19:09:59,1235,#cc33ff,3,39.863,13.205,370,SSR.PR.
19:10:04,1235,#cc33ff,3,39.850,13.198,370,SSR.PR.
19:10:09,1235,#cc33ff,3,39.835,13.191,370,SSR.PR.
19:10:16,1235,#cc33ff,3,39.824,13.193,370,SSR.PR.
19:10:21,1235,#cc33ff,3,39.812,13.190,370,SSR.PR.
19:10:26,1235,#cc33ff,3,39.810,13.227,370,SSR.PR.
19:10:32,1235,#cc33ff,3,39.788,13.192,370,SSR.PR.
19:10:38,1235,#cc33ff,3,39.778,13.196,370,SSR.PR.
19:10:43,1235,#cc33ff,3,39.767,13.201,370,SSR.PR.
19:10:48,1235,#cc33ff,3,39.753,13.194,370,SSR.PR.
19:10:54,1235,#cc33ff,3,39.745,13.207,370,SSR.PR.
19:11:00,1235,#cc33ff,3,39.728,13.187,370,SSR.PR.
19:11:05,1235,#cc33ff,3,39.717,13.192,370,SSR.PR.
19:11:11,1235,#cc33ff,3,39.713,13.217,370,SSR.PR.
19:11:16,1235,#cc33ff,3,39.694,13.193,0,SSR.PR.
19:11:22,1235,#cc33ff,3,39.683,13.198,370,SSR.PR.
19:11:28,1235,#cc33ff,3,39.675,13.207,370,SSR.PR.
19:11:33,1235,#cc33ff,3,39.660,13.199,370,SSR.PR.
19:11:38,1235,#cc33ff,3,39.648,13.199,370,SSR.PR.
19:11:45,1235,#cc33ff,3,39.640,13.208,370,SSR.PR.
19:11:50,1235,#cc33ff,3,39.632,13.226,370,SSR.PR.
19:11:55,1235,#cc33ff,3,39.613,13.196,370,SSR.PR.
19:12:00,1235,#cc33ff,3,39.604,13.205,370,SSR.PR.
19:12:07,1235,#cc33ff,3,39.589,13.196,370,SSR.PR.
19:12:40,1235,#cc33ff,3,39.520,13.190,370,SSR.
19:12:45,1235,#cc33ff,3,39.510,13.195,370,SSR.
19:12:51,1235,#cc33ff,3,39.497,13.185,370,SSR.
19:12:57,1235,#cc33ff,3,39.486,13.184,370,SSR.
19:13:02,1235,#cc33ff,3,39.474,13.180,370,SSR.
19:13:07,1235,#cc33ff,3,39.464,13.184,370,SSR.
19:13:14,1235,#cc33ff,3,39.451,13.178,370,SSR.
19:13:19,1235,#cc33ff,3,39.441,13.182,370,SSR.
19:13:24,1235,#cc33ff,3,39.429,13.176,370,SSR.
19:13:31,1235,#cc33ff,3,39.418,13.175,370,SSR.
19:13:36,1235,#cc33ff,3,39.408,13.179,370,SSR.
19:13:41,1235,#cc33ff,3,39.397,13.179,370,SSR.
19:13:46,1235,#cc33ff,3,39.385,13.178,370,SSR.
19:13:53,1235,#cc33ff,3,39.374,13.172,370,SSR.
19:13:58,1235,#cc33ff,3,39.365,13.180,370,SSR.
19:14:03,1235,#cc33ff,3,39.350,13.165,370,SSR.
19:14:09,1235,#cc33ff,3,39.344,13.183,370,SSR.
19:14:15,1235,#cc33ff,3,39.332,13.178,370,SSR.
19:14:20,1235,#cc33ff,3,39.318,13.161,370,SSR.
19:14:26,1235,#cc33ff,3,39.307,13.160,370,SSR.
19:14:37,1235,#cc33ff,3,39.284,13.147,370,SSR.
null,null,null,null,null,null,null
18:45:56,1235,#cc33ff,2,42.410,10.289,370,SSR.PR.
18:46:01,1235,#cc33ff,2,42.401,10.307,370,SSR.PR.
18:46:07,1235,#cc33ff,2,42.398,10.329,370,SSR.PR.
18:46:14,1235,#cc33ff,2,42.394,10.350,371,SSR.PR.
18:46:19,1235,#cc33ff,2,42.379,10.365,370,SSR.PR.
18:46:25,1235,#cc33ff,2,42.376,10.385,370,SSR.PR.
18:46:32,1235,#cc33ff,2,42.368,10.404,370,SSR.PR.
18:46:37,1235,#cc33ff,2,42.365,10.423,370,SSR.PR.
18:46:43,1235,#cc33ff,2,42.355,10.441,370,SSR.PR.
18:46:48,1235,#cc33ff,2,42.351,10.461,370,SSR.PR.
18:46:55,1235,#cc33ff,2,42.343,10.480,370,SSR.PR.
18:47:01,1235,#cc33ff,2,42.338,10.499,370,SSR.PR.
18:47:06,1235,#cc33ff,2,42.328,10.517,370,SSR.PR.     SPI.
18:47:12,1235,#cc33ff,2,42.320,10.535,370,SSR.PR.     SPI.
18:47:19,1235,#cc33ff,2,42.312,10.554,370,SSR.PR.     SPI.
18:47:24,1235,#cc33ff,2,42.307,10.574,370,SSR.PR.     SPI.
18:47:30,1235,#cc33ff,2,42.298,10.590,370,SSR.PR.
18:47:36,1235,#cc33ff,2,42.294,10.611,370,SSR.PR.
18:47:42,1235,#cc33ff,2,42.285,10.628,370,SSR.PR.
18:47:48,1235,#cc33ff,2,42.279,10.648,370,SSR.PR.
18:47:53,1235,#cc33ff,2,42.271,10.667,370,SSR.PR.
18:48:00,1235,#cc33ff,2,42.262,10.684,370,SSR.PR.
18:48:06,1235,#cc33ff,2,42.262,10.707,370,SSR.PR.
18:48:11,1235,#cc33ff,2,42.251,10.724,370,SSR.PR.
18:48:17,1235,#cc33ff,2,42.246,10.743,370,SSR.PR.
18:48:29,1235,#cc33ff,2,42.230,10.779,370,SSR.PR.
18:48:35,1235,#cc33ff,2,42.249,10.812,370,SSR.PR.
18:48:42,1235,#cc33ff,2,42.217,10.817,370,SSR.PR.
18:48:47,1235,#cc33ff,2,42.208,10.835,370,SSR.PR.
18:48:53,1235,#cc33ff,2,42.203,10.855,370,SSR.PR.
18:48:58,1235,#cc33ff,2,42.193,10.872,370,SSR.PR.
18:49:05,1235,#cc33ff,2,42.186,10.891,370,SSR.PR.
18:49:11,1235,#cc33ff,2,42.180,10.911,370,SSR.PR.
18:49:16,1235,#cc33ff,2,42.174,10.930,370,SSR.PR.
18:49:22,1235,#cc33ff,2,42.168,10.950,370,SSR.PR.
18:49:28,1235,#cc33ff,2,42.163,10.970,370,SSR.PR.
18:49:34,1235,#cc33ff,2,42.156,10.989,370,SSR.PR.
18:49:40,1235,#cc33ff,2,42.150,11.010,371,SSR.PR.
18:49:46,1235,#cc33ff,2,42.146,11.030,370,SSR.PR.
18:49:52,1235,#cc33ff,2,42.141,11.050,370,SSR.
18:49:58,1235,#cc33ff,2,42.130,11.067,370,SSR.PR.
18:50:03,1235,#cc33ff,2,42.125,11.087,370,SSR.PR.
18:50:10,1235,#cc33ff,2,42.117,11.105,370,SSR.PR.
18:50:16,1235,#cc33ff,2,42.116,11.127,370,SSR.PR.
18:50:21,1235,#cc33ff,2,42.110,11.147,370,SSR.PR.
18:50:27,1235,#cc33ff,2,42.102,11.165,370,SSR.PR.
18:50:33,1235,#cc33ff,2,42.096,11.186,370,SSR.PR.
18:50:39,1235,#cc33ff,2,42.091,11.206,370,SSR.PR.
18:50:45,1235,#cc33ff,2,42.078,11.222,370,SSR.PR.
18:50:51,1235,#cc33ff,2,42.079,11.244,370,SSR.PR.
18:50:57,1235,#cc33ff,2,42.071,11.263,370,SSR.PR.
18:51:03,1235,#cc33ff,2,42.066,11.283,370,SSR.PR.
18:51:08,1235,#cc33ff,2,42.060,11.302,370,SSR.PR.
18:51:15,1235,#cc33ff,2,42.054,11.322,370,SSR.PR.
18:51:20,1235,#cc33ff,2,42.048,11.341,370,SSR.PR.
18:51:26,1235,#cc33ff,2,42.042,11.361,370,SSR.PR.
18:51:32,1235,#cc33ff,2,42.036,11.380,370,SSR.PR.
18:51:38,1235,#cc33ff,2,42.032,11.400,370,SSR.PR.
18:51:44,1235,#cc33ff,2,42.023,11.418,370,SSR.PR.
18:51:50,1235,#cc33ff,2,42.018,11.438,370,SSR.PR.
18:51:56,1235,#cc33ff,2,42.011,11.457,370,SSR.PR.
18:52:02,1235,#cc33ff,2,42.003,11.474,370,SSR.
18:52:07,1235,#cc33ff,2,41.990,11.488,370,SSR.
18:52:13,1235,#cc33ff,2,41.984,11.506,370,SSR.PR.
18:52:20,1235,#cc33ff,2,41.968,11.518,370,SSR.
18:52:25,1235,#cc33ff,2,41.964,11.537,370,SSR.PR.
18:52:31,1235,#cc33ff,2,41.952,11.551,370,SSR.
18:52:36,1235,#cc33ff,2,41.941,11.566,370,SSR.
18:52:43,1235,#cc33ff,2,41.937,11.585,370,SSR.PR.
18:52:49,1235,#cc33ff,2,41.928,11.599,370,SSR.
18:52:54,1235,#cc33ff,2,41.918,11.616,370,SSR.PR.
18:53:01,1235,#cc33ff,2,41.908,11.631,370,SSR.PR.
18:53:06,1235,#cc33ff,2,41.899,11.646,370,SSR.PR.
18:53:12,1235,#cc33ff,2,41.889,11.661,370,SSR.PR.
18:53:18,1235,#cc33ff,2,41.878,11.675,370,SSR.PR.
18:53:24,1235,#cc33ff,2,41.868,11.688,370,SSR.PR.
18:53:30,1235,#cc33ff,2,41.855,11.701,370,SSR.
18:53:36,1235,#cc33ff,2,41.846,11.716,0,SSR.
18:53:41,1235,#cc33ff,2,41.836,11.730,370,SSR.PR.
18:53:48,1235,#cc33ff,2,41.821,11.743,370,SSR.
18:53:53,1235,#cc33ff,2,41.812,11.756,370,SSR.
18:53:59,1235,#cc33ff,2,41.801,11.770,370,SSR.
18:54:06,1235,#cc33ff,2,41.788,11.784,370,SSR.
18:54:11,1235,#cc33ff,2,41.781,11.797,370,SSR.PR.
18:54:17,1235,#cc33ff,2,41.767,11.811,370,SSR.
18:54:22,1235,#cc33ff,2,41.760,11.824,370,SSR.PR.
18:54:29,1235,#cc33ff,2,41.745,11.839,370,SSR.
18:54:34,1235,#cc33ff,2,41.733,11.852,370,SSR.
18:54:40,1235,#cc33ff,2,41.722,11.866,370,SSR.
18:54:46,1235,#cc33ff,2,41.710,11.880,370,SSR.
18:54:52,1235,#cc33ff,2,41.700,11.893,370,SSR.
18:54:58,1235,#cc33ff,2,41.685,11.909,370,SSR.
18:55:04,1235,#cc33ff,2,41.678,11.920,370,SSR.PR.
18:55:10,1235,#cc33ff,2,41.666,11.935,370,SSR.PR.
18:55:15,1235,#cc33ff,2,41.655,11.948,370,SSR.PR.
18:55:21,1235,#cc33ff,2,41.641,11.964,370,SSR.
18:55:27,1235,#cc33ff,2,41.630,11.981,370,SSR.PR.
18:55:33,1235,#cc33ff,2,41.618,11.995,370,SSR.
18:55:39,1235,#cc33ff,2,41.608,12.009,370,SSR.PR.
18:55:44,1235,#cc33ff,2,41.595,12.027,370,SSR.
18:55:50,1235,#cc33ff,2,41.584,12.043,370,SSR.
18:55:56,1235,#cc33ff,2,41.574,12.055,370,SSR.PR.
18:56:02,1235,#cc33ff,2,41.563,12.073,370,SSR.
18:56:08,1235,#cc33ff,2,41.553,12.084,370,SSR.PR.
18:56:14,1235,#cc33ff,2,41.540,12.104,370,SSR.
18:56:20,1235,#cc33ff,2,41.530,12.121,370,SSR.
18:56:26,1235,#cc33ff,2,41.520,12.135,370,SSR.
18:56:31,1235,#cc33ff,2,41.509,12.152,370,SSR.
18:56:38,1235,#cc33ff,2,41.498,12.165,370,SSR.
18:56:43,1235,#cc33ff,2,41.488,12.181,370,SSR.
18:56:49,1235,#cc33ff,2,41.479,12.195,370,SSR.
18:56:55,1235,#cc33ff,2,41.468,12.207,370,SSR.
18:57:01,1235,#cc33ff,2,41.458,12.222,370,SSR.PR.
18:57:07,1235,#cc33ff,2,41.447,12.235,370,SSR.PR.
18:57:12,1235,#cc33ff,2,41.437,12.250,370,SSR.PR.
18:57:19,1235,#cc33ff,2,41.427,12.263,370,SSR.PR.
18:57:25,1235,#cc33ff,2,41.417,12.292,370,SSR.
18:57:30,1235,#cc33ff,2,41.407,12.296,370,SSR.
18:57:35,1235,#cc33ff,2,41.396,12.314,370,SSR.
18:57:42,1235,#cc33ff,2,41.385,12.321,370,SSR.PR.
18:57:48,1235,#cc33ff,2,41.374,12.335,370,SSR.PR.
18:57:53,1235,#cc33ff,2,41.364,12.349,370,SSR.PR.
18:57:59,1235,#cc33ff,2,41.354,12.363,370,SSR.PR.
18:58:06,1235,#cc33ff,2,41.344,12.382,370,SSR.PR.
18:58:11,1235,#cc33ff,2,41.333,12.393,370,SSR.PR.
18:58:17,1235,#cc33ff,2,41.323,12.408,370,SSR.PR.
18:58:24,1235,#cc33ff,2,41.311,12.421,370,SSR.PR.
18:58:29,1235,#cc33ff,2,41.301,12.434,370,SSR.PR.
18:58:35,1235,#cc33ff,2,41.290,12.449,370,SSR.PR.
18:58:40,1235,#cc33ff,2,41.280,12.462,370,SSR.PR.
18:58:47,1235,#cc33ff,2,41.270,12.479,370,SSR.PR.
18:58:53,1235,#cc33ff,2,41.258,12.489,370,SSR.PR.
18:58:58,1235,#cc33ff,2,41.247,12.502,370,SSR.PR.
18:59:04,1235,#cc33ff,2,41.237,12.518,370,SSR.PR.
18:59:10,1235,#cc33ff,2,41.225,12.529,370,SSR.PR.
18:59:16,1235,#cc33ff,2,41.217,12.550,370,SSR.
18:59:22,1235,#cc33ff,2,41.205,12.560,370,SSR.PR.
18:59:27,1235,#cc33ff,2,41.195,12.580,370,SSR.
18:59:34,1235,#cc33ff,2,41.184,12.592,370,SSR.
18:59:40,1235,#cc33ff,2,41.173,12.606,371,SSR.
18:59:45,1235,#cc33ff,2,41.162,12.617,370,SSR.PR.
18:59:52,1235,#cc33ff,2,41.153,12.639,370,SSR.
18:59:58,1235,#cc33ff,2,41.143,12.653,370,SSR.
19:00:03,1235,#cc33ff,2,41.129,12.660,370,SSR.PR.
19:00:09,1235,#cc33ff,2,41.119,12.673,0,SSR.PR.
19:00:15,1235,#cc33ff,2,41.108,12.688,370,SSR.PR.
19:00:21,1235,#cc33ff,2,41.102,12.715,0,SSR.
19:00:27,1235,#cc33ff,2,41.085,12.713,371,SSR.PR.
19:00:33,1235,#cc33ff,2,41.076,12.731,371,SSR.PR.
19:00:39,1235,#cc33ff,2,41.064,12.741,371,SSR.PR.
19:00:45,1235,#cc33ff,2,41.053,12.754,370,SSR.PR.
19:00:50,1235,#cc33ff,2,41.042,12.771,370,SSR.PR.
19:00:57,1235,#cc33ff,2,41.033,12.789,370,SSR.PR.
19:01:03,1235,#cc33ff,2,41.020,12.798,370,SSR.PR.
19:01:08,1235,#cc33ff,2,41.010,12.815,370,SSR.PR.
19:01:14,1235,#cc33ff,2,40.998,12.826,370,SSR.PR.
19:01:21,1235,#cc33ff,2,40.987,12.838,370,SSR.PR.
19:01:26,1235,#cc33ff,2,40.972,12.846,370,SSR.PR.
19:01:32,1235,#cc33ff,2,40.962,12.860,370,SSR.PR.
19:01:38,1235,#cc33ff,2,40.950,12.873,370,SSR.PR.
19:01:44,1235,#cc33ff,2,40.937,12.882,370,SSR.PR.
19:01:49,1235,#cc33ff,2,40.928,12.900,370,SSR.PR.
19:01:55,1235,#cc33ff,2,40.914,12.910,370,SSR.PR.
19:02:01,1235,#cc33ff,2,40.902,12.921,370,SSR.PR.
19:02:07,1235,#cc33ff,2,40.890,12.932,370,SSR.PR.
19:02:13,1235,#cc33ff,2,40.877,12.940,371,SSR.PR.
19:02:18,1235,#cc33ff,2,40.868,12.958,371,SSR.PR.
19:02:25,1235,#cc33ff,2,40.854,12.964,370,SSR.PR.
19:02:31,1235,#cc33ff,2,40.841,12.971,370,SSR.PR.
19:02:36,1235,#cc33ff,2,40.828,12.976,370,SSR.PR.
19:02:43,1235,#cc33ff,2,40.814,12.980,370,SSR.PR.
19:02:49,1235,#cc33ff,2,40.802,12.984,370,SSR.PR.
19:02:54,1235,#cc33ff,2,40.788,12.986,370,SSR.PR.
19:03:00,1235,#cc33ff,2,40.775,12.992,370,SSR.PR.
19:03:06,1235,#cc33ff,2,40.761,12.992,370,SSR.PR.
19:03:13,1235,#cc33ff,2,40.750,12.999,370,SSR.PR.
19:03:18,1235,#cc33ff,2,40.738,13.005,370,SSR.PR.
19:03:24,1235,#cc33ff,2,40.722,13.004,370,SSR.PR.
19:03:30,1235,#cc33ff,2,40.711,13.012,370,SSR.PR.
19:03:36,1235,#cc33ff,2,40.699,13.017,370,SSR.PR.
19:03:42,1235,#cc33ff,2,40.685,13.021,370,SSR.PR.
19:03:48,1235,#cc33ff,2,40.678,13.038,370,SSR.
19:03:54,1235,#cc33ff,2,40.658,13.022,370,SSR.PR.
19:04:00,1235,#cc33ff,2,40.647,13.032,370,SSR.PR.
19:04:05,1235,#cc33ff,2,40.635,13.040,370,SSR.PR.
19:04:12,1235,#cc33ff,2,40.621,13.040,370,SSR.PR.
19:04:18,1235,#cc33ff,2,40.608,13.046,370,SSR.PR.
19:04:23,1235,#cc33ff,2,40.594,13.048,370,SSR.PR.
19:04:29,1235,#cc33ff,2,40.581,13.051,370,SSR.PR.
19:04:35,1235,#cc33ff,2,40.568,13.053,370,SSR.PR.
19:04:41,1235,#cc33ff,2,40.554,13.056,370,SSR.PR.
19:04:47,1235,#cc33ff,2,40.542,13.061,370,SSR.PR.
19:04:53,1235,#cc33ff,2,40.529,13.065,370,SSR.PR.
19:04:59,1235,#cc33ff,2,40.515,13.068,370,SSR.PR.
19:05:04,1235,#cc33ff,2,40.505,13.080,370,SSR.
19:05:10,1235,#cc33ff,2,40.489,13.077,370,SSR.PR.
19:05:17,1235,#cc33ff,2,40.476,13.079,370,SSR.PR.
19:05:22,1235,#cc33ff,2,40.462,13.081,370,SSR.PR.
19:05:28,1235,#cc33ff,2,40.451,13.088,370,SSR.PR.
19:05:35,1235,#cc33ff,2,40.437,13.093,370,SSR.PR.
19:05:40,1235,#cc33ff,2,40.423,13.091,370,SSR.PR.
19:05:46,1235,#cc33ff,2,40.411,13.098,370,SSR.PR.
19:05:52,1235,#cc33ff,2,40.396,13.100,370,SSR.PR.
19:05:58,1235,#cc33ff,2,40.384,13.107,370,SSR.PR.
19:06:04,1235,#cc33ff,2,40.369,13.102,370,SSR.PR.
19:06:10,1235,#cc33ff,2,40.359,13.118,370,SSR.PR.
19:06:15,1235,#cc33ff,2,40.347,13.122,370,SSR.PR.
19:06:22,1235,#cc33ff,2,40.350,13.173,0,SSR.
19:06:27,1235,#cc33ff,2,40.318,13.121,370,SSR.PR.
19:06:33,1235,#cc33ff,2,40.307,13.131,370,SSR.PR.
19:06:40,1235,#cc33ff,2,40.291,13.129,370,SSR.PR.
19:06:45,1235,#cc33ff,2,40.279,13.133,370,SSR.PR.
19:06:51,1235,#cc33ff,2,40.266,13.140,370,SSR.PR.
19:06:57,1235,#cc33ff,2,40.253,13.143,370,SSR.PR.
19:07:03,1235,#cc33ff,2,40.239,13.144,370,SSR.PR.
19:07:09,1235,#cc33ff,2,40.227,13.151,370,SSR.PR.
19:07:15,1235,#cc33ff,2,40.215,13.161,370,SSR.PR.
19:07:20,1235,#cc33ff,2,40.200,13.154,370,SSR.PR.
19:07:27,1235,#cc33ff,2,40.188,13.164,370,SSR.PR.
19:07:32,1235,#cc33ff,2,40.174,13.165,370,SSR.PR.
19:07:38,1235,#cc33ff,2,40.161,13.167,370,SSR.PR.
19:07:45,1235,#cc33ff,2,40.152,13.184,370,SSR.PR.
19:07:50,1235,#cc33ff,2,40.134,13.175,370,SSR.PR.
19:07:56,1235,#cc33ff,2,40.127,13.194,370,SSR.
19:08:14,1235,#cc33ff,2,40.083,13.182,370,SSR.PR.
19:08:19,1235,#cc33ff,2,40.072,13.188,370,SSR.PR.
19:08:25,1235,#cc33ff,2,40.059,13.186,370,SSR.PR.
19:08:32,1235,#cc33ff,2,40.045,13.185,370,SSR.PR.
19:08:37,1235,#cc33ff,2,40.030,13.181,370,SSR.PR.
19:08:43,1235,#cc33ff,2,40.018,13.182,370,SSR.PR.
19:08:50,1235,#cc33ff,2,40.006,13.185,370,SSR.
19:08:55,1235,#cc33ff,2,39.994,13.187,370,SSR.
19:09:01,1235,#cc33ff,2,39.971,13.152,370,SSR.PR.
19:09:06,1235,#cc33ff,2,39.968,13.187,370,SSR.PR.
19:09:24,1235,#cc33ff,2,39.930,13.185,370,SSR.PR.
19:09:30,1235,#cc33ff,2,39.916,13.183,370,SSR.PR.
19:09:37,1235,#cc33ff,2,39.905,13.188,370,SSR.PR.
19:09:42,1235,#cc33ff,2,39.892,13.190,370,SSR.PR.
19:09:48,1235,#cc33ff,2,39.879,13.187,370,SSR.PR.
19:09:55,1235,#cc33ff,2,39.866,13.189,370,SSR.PR.
19:10:00,1235,#cc33ff,2,39.853,13.186,370,SSR.PR.
19:10:06,1235,#cc33ff,2,39.844,13.195,370,SSR.PR.
19:10:11,1235,#cc33ff,2,39.827,13.181,370,SSR.PR.
19:10:18,1235,#cc33ff,2,39.816,13.185,370,SSR.PR.
19:10:24,1235,#cc33ff,2,39.806,13.195,370,SSR.PR.
19:10:29,1235,#cc33ff,2,39.792,13.192,370,SSR.PR.
19:10:35,1235,#cc33ff,2,39.777,13.181,370,SSR.PR.
19:10:42,1235,#cc33ff,2,39.767,13.195,370,SSR.PR.
19:10:47,1235,#cc33ff,2,39.755,13.195,370,SSR.PR.
19:10:53,1235,#cc33ff,2,39.740,13.183,370,SSR.PR.
19:11:00,1235,#cc33ff,2,39.732,13.197,370,SSR.
19:11:05,1235,#cc33ff,2,39.717,13.193,0,SSR.
19:11:11,1235,#cc33ff,2,39.706,13.194,0,SSR.
19:11:16,1235,#cc33ff,2,39.694,13.199,0,SSR.
19:11:23,1235,#cc33ff,2,39.681,13.195,0,SSR.
19:11:29,1235,#cc33ff,2,39.669,13.196,370,SSR.
19:11:34,1235,#cc33ff,2,39.657,13.201,370,SSR.PR.
19:11:40,1235,#cc33ff,2,39.643,13.192,370,SSR.PR.
19:11:47,1235,#cc33ff,2,39.630,13.189,370,SSR.PR.
19:11:52,1235,#cc33ff,2,39.622,13.206,370,SSR.PR.
19:11:58,1235,#cc33ff,2,39.609,13.207,370,SSR.
19:12:05,1235,#cc33ff,2,39.599,13.216,370,SSR.
19:12:10,1235,#cc33ff,2,39.584,13.208,370,SSR.PR.
null,null,null,null,null,null,null
18:45:56,1235,#cc33ff,4,42.412,10.290,370,SSR.PR.
18:46:01,1235,#cc33ff,4,42.406,10.309,370,SSR.PR.
18:46:07,1235,#cc33ff,4,42.400,10.329,370,SSR.PR.
18:46:14,1235,#cc33ff,4,42.396,10.351,371,SSR.PR.
18:46:19,1235,#cc33ff,4,42.381,10.366,370,SSR.PR.
18:46:25,1235,#cc33ff,4,42.376,10.385,370,SSR.PR.
18:46:32,1235,#cc33ff,4,42.372,10.406,370,SSR.PR.
18:46:37,1235,#cc33ff,4,42.366,10.426,370,SSR.PR.
18:46:43,1235,#cc33ff,4,42.359,10.443,370,SSR.PR.
18:46:48,1235,#cc33ff,4,42.355,10.463,370,SSR.PR.
18:46:55,1235,#cc33ff,4,42.343,10.480,370,SSR.PR.
18:47:01,1235,#cc33ff,4,42.338,10.499,370,SSR.PR.
18:47:06,1235,#cc33ff,4,42.332,10.519,370,SSR.PR.     SPI.
18:47:12,1235,#cc33ff,4,42.324,10.537,370,SSR.PR.     SPI.
18:47:19,1235,#cc33ff,4,42.314,10.555,370,SSR.PR.     SPI.
18:47:24,1235,#cc33ff,4,42.307,10.574,370,SSR.PR.     SPI.
18:47:30,1235,#cc33ff,4,42.298,10.590,370,SSR.PR.
18:47:36,1235,#cc33ff,4,42.298,10.613,370,SSR.PR.
18:47:42,1235,#cc33ff,4,42.288,10.630,370,SSR.PR.
18:47:48,1235,#cc33ff,4,42.281,10.649,370,SSR.PR.
18:47:53,1235,#cc33ff,4,42.271,10.667,370,SSR.PR.
18:48:00,1235,#cc33ff,4,42.262,10.684,370,SSR.PR.
18:48:06,1235,#cc33ff,4,42.264,10.708,370,SSR.PR.
18:48:11,1235,#cc33ff,4,42.253,10.725,370,SSR.PR.
18:48:17,1235,#cc33ff,4,42.247,10.744,370,SSR.PR.
18:48:24,1235,#cc33ff,4,42.238,10.762,370,SSR.PR.
18:48:29,1235,#cc33ff,4,42.230,10.779,370,SSR.PR.
18:48:35,1235,#cc33ff,4,42.226,10.799,370,SSR.PR.
18:48:42,1235,#cc33ff,4,42.219,10.818,370,SSR.PR.
18:48:47,1235,#cc33ff,4,42.212,10.837,370,SSR.PR.
18:48:53,1235,#cc33ff,4,42.204,10.856,370,SSR.PR.
18:48:58,1235,#cc33ff,4,42.193,10.872,370,SSR.PR.
18:49:05,1235,#cc33ff,4,42.187,10.892,370,SSR.PR.
18:49:11,1235,#cc33ff,4,42.180,10.911,370,SSR.PR.
18:49:16,1235,#cc33ff,4,42.175,10.931,370,SSR.PR.
18:49:22,1235,#cc33ff,4,42.173,10.952,370,SSR.PR.
18:49:28,1235,#cc33ff,4,42.164,10.970,370,SSR.PR.
18:49:34,1235,#cc33ff,4,42.159,10.990,370,SSR.PR.
18:49:40,1235,#cc33ff,4,42.152,11.009,371,SSR.PR.
18:49:46,1235,#cc33ff,4,42.145,11.030,370,SSR.PR.
18:49:52,1235,#cc33ff,4,42.138,11.049,370,SSR.
18:49:58,1235,#cc33ff,4,42.132,11.068,370,SSR.PR.
18:50:03,1235,#cc33ff,4,42.128,11.088,370,SSR.PR.
18:50:10,1235,#cc33ff,4,42.117,11.105,370,SSR.PR.
18:50:16,1235,#cc33ff,4,42.116,11.127,370,SSR.PR.
18:50:21,1235,#cc33ff,4,42.110,11.147,370,SSR.PR.
18:50:27,1235,#cc33ff,4,42.104,11.166,370,SSR.PR.
18:50:33,1235,#cc33ff,4,42.097,11.186,370,SSR.PR.
18:50:39,1235,#cc33ff,4,42.092,11.205,370,SSR.PR.
18:50:45,1235,#cc33ff,4,42.080,11.223,370,SSR.PR.
18:50:51,1235,#cc33ff,4,42.079,11.244,370,SSR.PR.
18:50:57,1235,#cc33ff,4,42.073,11.264,370,SSR.PR.
18:51:03,1235,#cc33ff,4,42.068,11.284,370,SSR.PR.
18:51:08,1235,#cc33ff,4,42.060,11.302,370,SSR.PR.
18:51:15,1235,#cc33ff,4,42.055,11.322,370,SSR.PR.
18:51:20,1235,#cc33ff,4,42.048,11.341,370,SSR.PR.
18:51:26,1235,#cc33ff,4,42.043,11.361,370,SSR.PR.
18:51:32,1235,#cc33ff,4,42.038,11.381,370,SSR.PR.
18:51:38,1235,#cc33ff,4,42.033,11.401,370,SSR.PR.
18:51:44,1235,#cc33ff,4,42.024,11.419,370,SSR.PR.
18:51:50,1235,#cc33ff,4,42.019,11.438,370,SSR.PR.
18:51:56,1235,#cc33ff,4,42.011,11.457,370,SSR.PR.
18:52:02,1235,#cc33ff,4,42.001,11.473,370,SSR.
18:52:07,1235,#cc33ff,4,41.990,11.488,370,SSR.
18:52:13,1235,#cc33ff,4,41.984,11.506,370,SSR.PR.
18:52:20,1235,#cc33ff,4,41.969,11.518,370,SSR.
18:52:25,1235,#cc33ff,4,41.966,11.537,370,SSR.PR.
18:52:31,1235,#cc33ff,4,41.953,11.551,370,SSR.
18:52:36,1235,#cc33ff,4,41.932,11.563,0,SSR.
18:52:43,1235,#cc33ff,4,41.938,11.583,370,SSR.PR.
18:52:49,1235,#cc33ff,4,41.928,11.600,370,SSR.
18:52:54,1235,#cc33ff,4,41.918,11.616,370,SSR.PR.
18:53:01,1235,#cc33ff,4,41.908,11.631,370,SSR.PR.
18:53:06,1235,#cc33ff,4,41.899,11.646,370,SSR.PR.
18:53:12,1235,#cc33ff,4,41.889,11.661,370,SSR.PR.
18:53:18,1235,#cc33ff,4,41.879,11.675,370,SSR.PR.
18:53:24,1235,#cc33ff,4,41.870,11.689,370,SSR.PR.
18:53:30,1235,#cc33ff,4,41.855,11.702,370,SSR.
18:53:36,1235,#cc33ff,4,41.846,11.716,370,SSR.
18:53:41,1235,#cc33ff,4,41.837,11.730,370,SSR.PR.
18:53:48,1235,#cc33ff,4,41.822,11.743,370,SSR.
18:53:53,1235,#cc33ff,4,41.813,11.756,370,SSR.
18:53:59,1235,#cc33ff,4,41.801,11.770,370,SSR.
18:54:06,1235,#cc33ff,4,41.795,11.783,0,SSR.
18:54:11,1235,#cc33ff,4,41.781,11.797,370,SSR.PR.
18:54:17,1235,#cc33ff,4,41.769,11.811,370,SSR.
18:54:22,1235,#cc33ff,4,41.760,11.824,370,SSR.PR.
18:54:29,1235,#cc33ff,4,41.745,11.839,370,SSR.
18:54:34,1235,#cc33ff,4,41.734,11.852,370,SSR.
18:54:40,1235,#cc33ff,4,41.723,11.865,370,SSR.
18:54:46,1235,#cc33ff,4,41.711,11.880,370,SSR.
18:54:52,1235,#cc33ff,4,41.700,11.892,370,SSR.
18:54:58,1235,#cc33ff,4,41.686,11.908,370,SSR.
18:55:04,1235,#cc33ff,4,41.679,11.919,370,SSR.PR.
18:55:10,1235,#cc33ff,4,41.667,11.934,370,SSR.PR.
18:55:15,1235,#cc33ff,4,41.655,11.948,370,SSR.PR.
18:55:21,1235,#cc33ff,4,41.642,11.964,370,SSR.
18:55:27,1235,#cc33ff,4,41.629,11.979,370,SSR.PR.
18:55:33,1235,#cc33ff,4,41.619,11.994,370,SSR.
18:55:39,1235,#cc33ff,4,41.608,12.007,370,SSR.PR.
18:55:45,1235,#cc33ff,4,41.595,12.027,370,SSR.
18:55:50,1235,#cc33ff,4,41.584,12.042,370,SSR.
18:55:56,1235,#cc33ff,4,41.575,12.054,370,SSR.PR.
18:56:02,1235,#cc33ff,4,41.563,12.072,370,SSR.
18:56:08,1235,#cc33ff,4,41.553,12.084,370,SSR.PR.
18:56:14,1235,#cc33ff,4,41.541,12.103,370,SSR.
18:56:20,1235,#cc33ff,4,41.530,12.119,370,SSR.
18:56:26,1235,#cc33ff,4,41.519,12.137,370,SSR.
18:56:31,1235,#cc33ff,4,41.509,12.151,370,SSR.
18:56:38,1235,#cc33ff,4,41.499,12.165,370,SSR.
18:56:43,1235,#cc33ff,4,41.489,12.180,370,SSR.
18:56:49,1235,#cc33ff,4,41.479,12.194,370,SSR.
18:56:55,1235,#cc33ff,4,41.468,12.207,370,SSR.
18:57:01,1235,#cc33ff,4,41.458,12.221,370,SSR.PR.
18:57:07,1235,#cc33ff,4,41.447,12.234,370,SSR.PR.
18:57:12,1235,#cc33ff,4,41.437,12.250,370,SSR.PR.
18:57:19,1235,#cc33ff,4,41.427,12.263,370,SSR.PR.
18:57:25,1235,#cc33ff,4,41.416,12.282,370,SSR.
18:57:30,1235,#cc33ff,4,41.406,12.296,370,SSR.
18:57:35,1235,#cc33ff,4,41.397,12.314,370,SSR.
18:57:42,1235,#cc33ff,4,41.384,12.319,370,SSR.PR.
18:57:48,1235,#cc33ff,4,41.374,12.334,370,SSR.PR.
18:57:53,1235,#cc33ff,4,41.364,12.348,370,SSR.PR.
18:57:59,1235,#cc33ff,4,41.354,12.362,370,SSR.PR.
18:58:06,1235,#cc33ff,4,41.343,12.378,370,SSR.PR.
18:58:11,1235,#cc33ff,4,41.333,12.392,370,SSR.PR.
18:58:17,1235,#cc33ff,4,41.323,12.407,370,SSR.PR.
18:58:24,1235,#cc33ff,4,41.311,12.420,370,SSR.PR.
18:58:29,1235,#cc33ff,4,41.301,12.433,370,SSR.PR.
18:58:35,1235,#cc33ff,4,41.290,12.449,370,SSR.PR.
18:58:40,1235,#cc33ff,4,41.279,12.459,370,SSR.PR.
18:58:47,1235,#cc33ff,4,41.269,12.478,370,SSR.PR.
18:58:53,1235,#cc33ff,4,41.258,12.489,370,SSR.PR.
18:58:58,1235,#cc33ff,4,41.247,12.502,370,SSR.PR.
18:59:04,1235,#cc33ff,4,41.237,12.518,370,SSR.PR.
18:59:10,1235,#cc33ff,4,41.225,12.529,370,SSR.PR.
18:59:16,1235,#cc33ff,4,41.217,12.551,370,SSR.
18:59:22,1235,#cc33ff,4,41.205,12.558,370,SSR.PR.
18:59:27,1235,#cc33ff,4,41.195,12.578,370,SSR.
18:59:34,1235,#cc33ff,4,41.184,12.591,370,SSR.
18:59:40,1235,#cc33ff,4,41.173,12.605,371,SSR.
18:59:45,1235,#cc33ff,4,41.161,12.615,370,SSR.PR.
18:59:52,1235,#cc33ff,4,41.152,12.635,370,SSR.
18:59:58,1235,#cc33ff,4,41.143,12.652,370,SSR.
19:00:03,1235,#cc33ff,4,41.129,12.658,370,SSR.PR.
19:00:09,1235,#cc33ff,4,41.117,12.672,370,SSR.PR.
19:00:15,1235,#cc33ff,4,41.107,12.685,370,SSR.PR.
19:00:21,1235,#cc33ff,4,41.100,12.709,370,SSR.
19:00:27,1235,#cc33ff,4,41.085,12.713,371,SSR.PR.
19:00:33,1235,#cc33ff,4,41.075,12.728,371,SSR.PR.
19:00:39,1235,#cc33ff,4,41.064,12.741,371,SSR.PR.
19:00:45,1235,#cc33ff,4,41.053,12.754,370,SSR.PR.
19:00:50,1235,#cc33ff,4,41.042,12.771,370,SSR.PR.
19:00:57,1235,#cc33ff,4,41.033,12.787,370,SSR.PR.
19:01:03,1235,#cc33ff,4,41.020,12.796,370,SSR.PR.
19:01:08,1235,#cc33ff,4,41.010,12.813,370,SSR.PR.
19:01:14,1235,#cc33ff,4,40.998,12.824,370,SSR.PR.
19:01:21,1235,#cc33ff,4,40.984,12.833,370,SSR.PR.
19:01:26,1235,#cc33ff,4,40.973,12.845,370,SSR.PR.
19:01:32,1235,#cc33ff,4,40.961,12.858,370,SSR.PR.
19:01:38,1235,#cc33ff,4,40.949,12.871,370,SSR.PR.
19:01:44,1235,#cc33ff,4,40.937,12.882,370,SSR.PR.
19:01:49,1235,#cc33ff,4,40.927,12.898,370,SSR.PR.
19:01:55,1235,#cc33ff,4,40.913,12.906,370,SSR.PR.
19:02:01,1235,#cc33ff,4,40.902,12.921,370,SSR.PR.
19:02:07,1235,#cc33ff,4,40.889,12.929,370,SSR.PR.
19:02:13,1235,#cc33ff,4,40.876,12.938,371,SSR.PR.
19:02:18,1235,#cc33ff,4,40.867,12.955,371,SSR.PR.
19:02:25,1235,#cc33ff,4,40.852,12.960,370,SSR.PR.
19:02:31,1235,#cc33ff,4,40.840,12.967,370,SSR.PR.
19:02:36,1235,#cc33ff,4,40.828,12.978,370,SSR.PR.
19:02:43,1235,#cc33ff,4,40.815,12.982,370,SSR.PR.
19:02:49,1235,#cc33ff,4,40.802,12.984,370,SSR.PR.
19:02:54,1235,#cc33ff,4,40.786,12.985,370,SSR.PR.
19:03:00,1235,#cc33ff,4,40.775,12.989,370,SSR.PR.
19:03:06,1235,#cc33ff,4,40.762,12.994,370,SSR.PR.
19:03:13,1235,#cc33ff,4,40.749,12.997,370,SSR.PR.
19:03:18,1235,#cc33ff,4,40.736,13.001,370,SSR.PR.
19:03:24,1235,#cc33ff,4,40.721,13.000,370,SSR.PR.
19:03:30,1235,#cc33ff,4,40.710,13.008,370,SSR.PR.
19:03:36,1235,#cc33ff,4,40.697,13.013,370,SSR.PR.
19:03:42,1235,#cc33ff,4,40.685,13.019,370,SSR.PR.
19:03:48,1235,#cc33ff,4,40.677,13.035,370,SSR.
19:03:54,1235,#cc33ff,4,40.659,13.024,370,SSR.PR.
19:04:00,1235,#cc33ff,4,40.647,13.032,370,SSR.PR.
19:04:05,1235,#cc33ff,4,40.633,13.033,370,SSR.PR.
19:04:12,1235,#cc33ff,4,40.621,13.041,370,SSR.PR.
19:04:18,1235,#cc33ff,4,40.608,13.043,370,SSR.PR.
19:04:23,1235,#cc33ff,4,40.594,13.043,370,SSR.PR.
19:04:29,1235,#cc33ff,4,40.581,13.049,370,SSR.PR.
19:04:35,1235,#cc33ff,4,40.568,13.053,370,SSR.PR.
19:04:41,1235,#cc33ff,4,40.554,13.056,370,SSR.PR.
19:04:47,1235,#cc33ff,4,40.540,13.058,370,SSR.PR.
19:04:53,1235,#cc33ff,4,40.528,13.063,370,SSR.PR.
19:04:59,1235,#cc33ff,4,40.514,13.065,370,SSR.PR.
19:05:04,1235,#cc33ff,4,40.505,13.080,370,SSR.
19:05:10,1235,#cc33ff,4,40.488,13.072,370,SSR.PR.
19:05:17,1235,#cc33ff,4,40.474,13.073,370,SSR.PR.
19:05:22,1235,#cc33ff,4,40.461,13.078,370,SSR.PR.
19:05:28,1235,#cc33ff,4,40.448,13.079,370,SSR.PR.
19:05:35,1235,#cc33ff,4,40.437,13.093,370,SSR.PR.
19:05:40,1235,#cc33ff,4,40.423,13.091,370,SSR.PR.
19:05:46,1235,#cc33ff,4,40.410,13.096,370,SSR.PR.
19:05:52,1235,#cc33ff,4,40.394,13.094,370,SSR.PR.
19:05:58,1235,#cc33ff,4,40.382,13.098,370,SSR.PR.
19:06:04,1235,#cc33ff,4,40.368,13.100,370,SSR.PR.
19:06:10,1235,#cc33ff,4,40.358,13.116,370,SSR.PR.
19:06:15,1235,#cc33ff,4,40.346,13.119,370,SSR.PR.
19:06:22,1235,#cc33ff,4,40.331,13.120,370,SSR.PR.
19:06:27,1235,#cc33ff,4,40.317,13.118,370,SSR.PR.
19:06:33,1235,#cc33ff,4,40.307,13.131,370,SSR.PR.
19:06:40,1235,#cc33ff,4,40.292,13.132,370,SSR.PR.
19:06:45,1235,#cc33ff,4,40.278,13.129,370,SSR.PR.
19:06:51,1235,#cc33ff,4,40.265,13.136,370,SSR.PR.
19:06:57,1235,#cc33ff,4,40.252,13.140,370,SSR.PR.
19:07:03,1235,#cc33ff,4,40.237,13.137,370,SSR.PR.
19:07:09,1235,#cc33ff,4,40.227,13.151,370,SSR.PR.
19:07:15,1235,#cc33ff,4,40.212,13.151,370,SSR.PR.
19:07:20,1235,#cc33ff,4,40.199,13.151,370,SSR.PR.
19:07:27,1235,#cc33ff,4,40.187,13.161,370,SSR.PR.
19:07:32,1235,#cc33ff,4,40.172,13.161,370,SSR.PR.
19:07:38,1235,#cc33ff,4,40.162,13.171,370,SSR.PR.
19:07:45,1235,#cc33ff,4,40.151,13.181,370,SSR.PR.
19:07:50,1235,#cc33ff,4,40.134,13.175,370,SSR.PR.
19:07:56,1235,#cc33ff,4,40.127,13.194,370,SSR.
19:08:14,1235,#cc33ff,4,40.082,13.178,370,SSR.PR.
19:08:19,1235,#cc33ff,4,40.069,13.181,370,SSR.PR.
19:08:25,1235,#cc33ff,4,40.056,13.179,370,SSR.PR.
19:08:32,1235,#cc33ff,4,40.043,13.178,370,SSR.PR.
19:08:37,1235,#cc33ff,4,40.029,13.177,370,SSR.PR.
19:08:43,1235,#cc33ff,4,40.019,13.186,370,SSR.PR.
19:08:50,1235,#cc33ff,4,40.007,13.184,370,SSR.
19:08:55,1235,#cc33ff,4,39.993,13.183,370,SSR.
19:09:01,1235,#cc33ff,4,39.977,13.174,370,SSR.PR.
19:09:06,1235,#cc33ff,4,39.966,13.179,370,SSR.PR.
19:09:24,1235,#cc33ff,4,39.930,13.185,370,SSR.PR.
19:09:30,1235,#cc33ff,4,39.915,13.179,370,SSR.PR.
19:09:37,1235,#cc33ff,4,39.905,13.188,370,SSR.PR.
19:09:42,1235,#cc33ff,4,39.891,13.186,370,SSR.PR.
19:09:48,1235,#cc33ff,4,39.878,13.183,370,SSR.PR.
19:09:55,1235,#cc33ff,4,39.866,13.185,370,SSR.PR.
19:10:00,1235,#cc33ff,4,39.851,13.178,370,SSR.PR.
19:10:06,1235,#cc33ff,4,39.843,13.191,370,SSR.PR.
19:10:11,1235,#cc33ff,4,39.827,13.181,370,SSR.PR.
19:10:18,1235,#cc33ff,4,39.814,13.178,370,SSR.PR.
19:10:24,1235,#cc33ff,4,39.806,13.195,370,SSR.PR.
19:10:29,1235,#cc33ff,4,39.791,13.188,370,SSR.PR.
19:10:35,1235,#cc33ff,4,39.777,13.181,370,SSR.PR.
19:10:42,1235,#cc33ff,4,39.766,13.186,370,SSR.PR.
19:10:47,1235,#cc33ff,4,39.755,13.195,370,SSR.PR.
19:10:53,1235,#cc33ff,4,39.740,13.183,370,SSR.PR.
19:11:00,1235,#cc33ff,4,39.729,13.192,0,SSR.
19:11:05,1235,#cc33ff,4,39.716,13.189,0,SSR.
19:11:11,1235,#cc33ff,4,39.706,13.194,0,SSR.
19:11:16,1235,#cc33ff,4,39.691,13.190,0,SSR.
19:11:23,1235,#cc33ff,4,39.680,13.191,0,SSR.
19:11:29,1235,#cc33ff,4,39.667,13.188,370,SSR.
19:11:34,1235,#cc33ff,4,39.657,13.196,0,SSR.PR.
19:11:40,1235,#cc33ff,4,39.644,13.197,370,SSR.PR.
19:11:47,1235,#cc33ff,4,39.630,13.189,370,SSR.PR.
19:11:52,1235,#cc33ff,4,39.621,13.202,370,SSR.PR.
19:11:58,1235,#cc33ff,4,39.608,13.202,370,SSR.
19:12:05,1235,#cc33ff,4,39.595,13.198,370,SSR.PR.
19:12:10,1235,#cc33ff,4,39.583,13.198,370,SSR.PR.
null,null,null,null,null,null,null
18:24:27,1136,#ff0000,1,43.743,11.182,0,SSR.
18:24:32,1136,#ff0000,1,43.735,11.190,190,SSR.
18:24:38,1136,#ff0000,1,43.727,11.200,190,SSR.
18:24:44,1136,#ff0000,1,43.719,11.209,190,SSR.
18:24:49,1136,#ff0000,1,43.709,11.210,190,SSR.
18:25:18,1136,#ff0000,1,43.660,11.223,195,SSR.
18:25:23,1136,#ff0000,1,43.650,11.224,196,SSR.
18:25:33,1136,#ff0000,1,43.640,11.260,199,SSR.
18:25:45,1136,#ff0000,1,43.611,11.240,201,SSR.
18:25:50,1136,#ff0000,1,43.606,11.257,202,SSR.
18:25:56,1136,#ff0000,1,43.594,11.255,203,SSR.
18:26:02,1136,#ff0000,1,43.586,11.264,205,SSR.
18:26:07,1136,#ff0000,1,43.570,11.250,206,SSR.        SPI.
18:26:13,1136,#ff0000,1,43.572,11.293,207,SSR.        SPI.
18:26:18,1136,#ff0000,1,43.551,11.261,208,SSR.PR.     SPI.
18:26:24,1136,#ff0000,1,43.554,11.311,210,SSR.        SPI.
18:26:30,1136,#ff0000,1,43.545,11.316,211,SSR.
18:26:35,1136,#ff0000,1,43.533,11.314,212,SSR.
18:26:40,1136,#ff0000,1,43.523,11.319,213,SSR.
18:26:46,1136,#ff0000,1,43.512,11.321,215,SSR.
18:26:52,1136,#ff0000,1,43.504,11.333,216,SSR.PR.
18:26:57,1136,#ff0000,1,43.495,11.343,217,SSR.PR.
18:27:02,1136,#ff0000,1,43.485,11.348,218,SSR.
18:27:09,1136,#ff0000,1,43.477,11.360,220,SSR.PR.
18:27:14,1136,#ff0000,1,43.465,11.359,221,SSR.PR.
18:27:19,1136,#ff0000,1,43.456,11.371,222,SSR.PR.
18:27:25,1136,#ff0000,1,43.448,11.380,223,SSR.PR.
18:27:31,1136,#ff0000,1,43.439,11.392,225,SSR.PR.
18:27:36,1136,#ff0000,1,43.429,11.401,226,SSR.PR.
18:27:42,1136,#ff0000,1,43.415,11.392,227,SSR.PR.
18:27:47,1136,#ff0000,1,43.408,11.408,227,SSR.PR.
18:27:53,1136,#ff0000,1,43.400,11.424,229,SSR.PR.
18:27:58,1136,#ff0000,1,43.388,11.426,229,SSR.PR.
18:28:04,1136,#ff0000,1,43.381,11.445,230,SSR.PR.
18:28:09,1136,#ff0000,1,43.371,11.450,231,SSR.PR.
18:28:15,1136,#ff0000,1,43.360,11.455,231,SSR.PR.
18:28:21,1136,#ff0000,1,43.352,11.474,231,SSR.PR.
18:28:26,1136,#ff0000,1,43.338,11.467,231,SSR.PR.
18:28:32,1136,#ff0000,1,43.329,11.478,231,SSR.PR.
18:28:38,1136,#ff0000,1,43.321,11.496,231,SSR.PR.
18:28:43,1136,#ff0000,1,43.309,11.502,230,SSR.PR.
18:28:49,1136,#ff0000,1,43.295,11.499,230,SSR.PR.
18:28:55,1136,#ff0000,1,43.287,11.513,231,SSR.PR.
18:29:00,1136,#ff0000,1,43.274,11.516,233,SSR.
18:29:05,1136,#ff0000,1,43.257,11.497,236,SSR.
18:29:11,1136,#ff0000,1,43.220,11.415,239,SSR.PR.
18:29:17,1136,#ff0000,1,43.241,11.532,242,SSR.
18:29:22,1136,#ff0000,1,43.231,11.540,245,SSR.PR.
18:29:27,1136,#ff0000,1,43.222,11.552,248,SSR.PR.
18:29:33,1136,#ff0000,1,43.209,11.554,251,SSR.PR.
18:29:39,1136,#ff0000,1,43.199,11.559,254,SSR.PR.
18:29:44,1136,#ff0000,1,43.192,11.579,256,SSR.PR.
18:29:50,1136,#ff0000,1,43.181,11.584,258,SSR.PR.
18:29:55,1136,#ff0000,1,43.172,11.591,260,SSR.PR.
18:30:02,1136,#ff0000,1,43.166,11.616,263,SSR.PR.
18:30:07,1136,#ff0000,1,43.156,11.621,265,SSR.PR.
18:30:12,1136,#ff0000,1,43.147,11.632,267,SSR.PR.
18:30:17,1136,#ff0000,1,43.135,11.628,269,SSR.PR.
18:30:24,1136,#ff0000,1,43.128,11.646,271,SSR.PR.
18:30:29,1136,#ff0000,1,43.119,11.653,273,SSR.PR.
18:30:34,1136,#ff0000,1,43.113,11.671,275,SSR.PR.
18:30:40,1136,#ff0000,1,43.106,11.686,277,SSR.PR.
18:30:46,1136,#ff0000,1,43.098,11.692,278,SSR.PR.
18:30:51,1136,#ff0000,1,43.092,11.715,280,SSR.PR.
18:30:56,1136,#ff0000,1,43.083,11.721,281,SSR.PR.
18:31:03,1136,#ff0000,1,43.074,11.731,283,SSR.
18:31:08,1136,#ff0000,1,43.067,11.742,284,SSR.PR.
18:31:13,1136,#ff0000,1,43.056,11.741,285,SSR.PR.
18:31:19,1136,#ff0000,1,43.050,11.758,286,SSR.PR.
18:31:25,1136,#ff0000,1,43.044,11.779,287,SSR.PR.
18:31:30,1136,#ff0000,1,43.035,11.785,288,SSR.PR.
18:31:36,1136,#ff0000,1,43.027,11.799,289,SSR.
18:31:41,1136,#ff0000,1,43.018,11.808,289,SSR.PR.
18:31:47,1136,#ff0000,1,43.009,11.816,289,SSR.PR.
18:31:53,1136,#ff0000,1,43.000,11.822,290,SSR.PR.
18:31:58,1136,#ff0000,1,42.993,11.843,290,SSR.PR.
18:32:03,1136,#ff0000,1,42.982,11.846,290,SSR.PR.
18:32:09,1136,#ff0000,1,42.974,11.862,290,SSR.
18:32:15,1136,#ff0000,1,42.964,11.865,290,SSR.
18:32:20,1136,#ff0000,1,42.956,11.882,290,SSR.
18:32:25,1136,#ff0000,1,42.948,11.895,290,SSR.
18:32:32,1136,#ff0000,1,42.940,11.912,290,SSR.
18:32:37,1136,#ff0000,1,42.929,11.920,290,SSR.
18:32:42,1136,#ff0000,1,42.920,11.927,290,SSR.PR.
18:32:48,1136,#ff0000,1,42.909,11.928,290,SSR.PR.
18:32:54,1136,#ff0000,1,42.900,11.949,290,SSR.
18:32:59,1136,#ff0000,1,42.892,11.968,290,SSR.
18:33:05,1136,#ff0000,1,42.883,11.984,290,SSR.
18:33:10,1136,#ff0000,1,42.872,11.986,290,SSR.
18:33:16,1136,#ff0000,1,42.862,11.993,290,SSR.
18:33:22,1136,#ff0000,1,42.851,11.997,290,SSR.
18:33:27,1136,#ff0000,1,42.842,12.013,290,SSR.
18:33:32,1136,#ff0000,1,42.831,12.026,290,SSR.PR.
18:33:38,1136,#ff0000,1,42.820,12.028,290,SSR.PR.
18:33:44,1136,#ff0000,1,42.809,12.043,290,SSR.PR.
18:33:49,1136,#ff0000,1,42.798,12.053,290,SSR.PR.
18:33:56,1136,#ff0000,1,42.788,12.064,290,SSR.PR.
18:34:01,1136,#ff0000,1,42.775,12.064,290,SSR.PR.
18:34:06,1136,#ff0000,1,42.765,12.083,290,SSR.
18:34:11,1136,#ff0000,1,42.754,12.083,290,SSR.
18:34:18,1136,#ff0000,1,42.743,12.097,290,SSR.PR.
18:34:23,1136,#ff0000,1,42.732,12.112,290,SSR.PR.
18:34:29,1136,#ff0000,1,42.720,12.117,290,SSR.PR.
18:34:34,1136,#ff0000,1,42.710,12.126,290,SSR.PR.
18:34:40,1136,#ff0000,1,42.698,12.121,290,SSR.PR.
18:34:46,1136,#ff0000,1,42.686,12.132,290,SSR.PR.
18:35:08,1136,#ff0000,1,42.647,12.180,290,SSR.PR.
18:35:13,1136,#ff0000,1,42.638,12.191,290,SSR.PR.
18:35:18,1136,#ff0000,1,42.630,12.214,290,SSR.PR.
18:35:25,1136,#ff0000,1,42.620,12.231,290,SSR.PR.
18:35:30,1136,#ff0000,1,42.612,12.244,290,SSR.PR.
18:35:35,1136,#ff0000,1,42.603,12.261,290,SSR.PR.
18:35:41,1136,#ff0000,1,42.594,12.274,290,SSR.PR.
18:35:47,1136,#ff0000,1,42.585,12.284,290,SSR.PR.
18:35:52,1136,#ff0000,1,42.575,12.308,290,SSR.PR.
18:35:58,1136,#ff0000,1,42.566,12.320,290,SSR.PR.
18:36:03,1136,#ff0000,1,42.557,12.325,290,SSR.PR.
18:36:09,1136,#ff0000,1,42.546,12.342,290,SSR.PR.
18:36:15,1136,#ff0000,1,42.537,12.353,290,SSR.PR.
18:36:20,1136,#ff0000,1,42.526,12.373,290,SSR.PR.
18:36:25,1136,#ff0000,1,42.518,12.380,290,SSR.PR.
18:36:32,1136,#ff0000,1,42.507,12.399,290,SSR.PR.
18:36:37,1136,#ff0000,1,42.498,12.407,290,SSR.PR.
18:36:42,1136,#ff0000,1,42.487,12.422,290,SSR.PR.
18:36:49,1136,#ff0000,1,42.479,12.433,290,SSR.PR.
18:36:54,1136,#ff0000,1,42.470,12.443,290,SSR.
18:36:59,1136,#ff0000,1,42.459,12.460,290,SSR.PR.
18:37:05,1136,#ff0000,1,42.450,12.471,290,SSR.PR.
18:37:11,1136,#ff0000,1,42.439,12.492,290,SSR.PR.
18:37:16,1136,#ff0000,1,42.430,12.498,290,SSR.PR.
18:37:22,1136,#ff0000,1,42.420,12.515,290,SSR.PR.
18:37:27,1136,#ff0000,1,42.411,12.525,290,SSR.PR.
18:37:33,1136,#ff0000,1,42.403,12.533,290,SSR.
18:37:39,1136,#ff0000,1,42.392,12.552,290,SSR.PR.
18:37:44,1136,#ff0000,1,42.383,12.562,290,SSR.PR.
18:37:49,1136,#ff0000,1,42.372,12.577,290,SSR.PR.
18:37:55,1136,#ff0000,1,42.363,12.588,290,SSR.
18:38:01,1136,#ff0000,1,42.350,12.610,290,SSR.PR.
18:38:06,1136,#ff0000,1,42.343,12.618,290,SSR.PR.
18:38:11,1136,#ff0000,1,42.332,12.631,290,SSR.PR.
18:38:18,1136,#ff0000,1,42.321,12.646,290,SSR.PR.
18:38:23,1136,#ff0000,1,42.311,12.654,290,SSR.PR.
18:38:28,1136,#ff0000,1,42.300,12.667,290,SSR.PR.
18:38:34,1136,#ff0000,1,42.287,12.682,290,SSR.PR.
18:38:40,1136,#ff0000,1,42.279,12.690,290,SSR.PR.
18:38:45,1136,#ff0000,1,42.268,12.703,290,SSR.PR.
18:38:51,1136,#ff0000,1,42.259,12.712,290,SSR.PR.
18:38:56,1136,#ff0000,1,42.247,12.724,290,SSR.PR.
18:39:03,1136,#ff0000,1,42.237,12.736,290,SSR.PR.
18:39:08,1136,#ff0000,1,42.226,12.745,290,SSR.PR.
18:39:13,1136,#ff0000,1,42.215,12.759,290,SSR.PR.
18:39:18,1136,#ff0000,1,42.206,12.767,290,SSR.PR.
18:39:25,1136,#ff0000,1,42.190,12.786,290,SSR.PR.
18:39:30,1136,#ff0000,1,42.183,12.793,290,SSR.PR.
18:39:35,1136,#ff0000,1,42.175,12.802,290,SSR.
18:39:42,1136,#ff0000,1,42.163,12.813,290,SSR.
18:39:47,1136,#ff0000,1,42.153,12.825,290,SSR.
18:39:52,1136,#ff0000,1,42.145,12.834,290,SSR.
18:39:58,1136,#ff0000,1,42.133,12.846,0,SSR.
18:40:04,1136,#ff0000,1,42.122,12.858,290,SSR.
18:40:09,1136,#ff0000,1,42.110,12.870,290,SSR.
18:40:15,1136,#ff0000,1,42.099,12.883,290,SSR.PR.
18:40:20,1136,#ff0000,1,42.084,12.898,290,SSR.PR.
18:40:27,1136,#ff0000,1,42.074,12.908,290,SSR.PR.
18:40:32,1136,#ff0000,1,42.061,12.921,290,SSR.PR.
18:40:37,1136,#ff0000,1,42.055,12.929,290,SSR.PR.
18:40:43,1136,#ff0000,1,42.045,12.940,290,SSR.PR.
18:40:49,1136,#ff0000,1,42.036,12.950,290,SSR.PR.
18:40:54,1136,#ff0000,1,42.022,12.962,290,SSR.PR.
18:41:00,1136,#ff0000,1,42.009,12.972,289,SSR.PR.
18:41:05,1136,#ff0000,1,42.000,12.979,289,SSR.PR.
18:41:11,1136,#ff0000,1,41.991,12.985,289,SSR.
18:41:16,1136,#ff0000,1,41.977,12.991,289,SSR.
18:41:22,1136,#ff0000,1,41.965,12.995,289,SSR.
18:41:27,1136,#ff0000,1,41.956,12.999,290,SSR.
18:41:33,1136,#ff0000,1,41.942,13.003,290,SSR.
18:41:39,1136,#ff0000,1,41.931,13.007,290,SSR.
18:41:44,1136,#ff0000,1,41.918,13.010,290,SSR.
18:41:49,1136,#ff0000,1,41.909,13.013,290,SSR.
18:41:56,1136,#ff0000,1,41.897,13.017,290,SSR.
18:42:01,1136,#ff0000,1,41.881,13.020,290,SSR.PR.
18:42:06,1136,#ff0000,1,41.872,13.023,290,SSR.PR.
18:42:13,1136,#ff0000,1,41.858,13.026,290,SSR.PR.
18:42:18,1136,#ff0000,1,41.848,13.029,290,SSR.PR.
18:42:24,1136,#ff0000,1,41.838,13.031,290,SSR.PR.
18:42:29,1136,#ff0000,1,41.817,13.034,290,SSR.PR.
18:42:35,1136,#ff0000,1,41.815,13.037,290,SSR.PR.
18:42:40,1136,#ff0000,1,41.797,13.040,290,SSR.PR.
18:42:46,1136,#ff0000,1,41.784,13.042,290,SSR.PR.
18:42:51,1136,#ff0000,1,41.774,13.044,290,SSR.PR.
18:42:57,1136,#ff0000,1,41.764,13.047,0,SSR.PR.
18:43:03,1136,#ff0000,1,41.751,13.048,290,SSR.PR.
18:43:08,1136,#ff0000,1,41.742,13.051,290,SSR.PR.
18:43:13,1136,#ff0000,1,41.725,13.053,290,SSR.PR.
18:43:20,1136,#ff0000,1,41.715,13.056,290,SSR.PR.
18:43:25,1136,#ff0000,1,41.705,13.058,290,SSR.PR.
18:43:30,1136,#ff0000,1,41.693,13.059,290,SSR.PR.
18:43:36,1136,#ff0000,1,41.683,13.061,290,SSR.PR.
18:43:42,1136,#ff0000,1,41.669,13.063,290,SSR.PR.
18:43:47,1136,#ff0000,1,41.656,13.064,290,SSR.PR.
18:43:52,1136,#ff0000,1,41.648,13.067,290,SSR.PR.
18:43:58,1136,#ff0000,1,41.637,13.067,290,SSR.PR.
18:44:04,1136,#ff0000,1,41.632,13.071,290,SSR.PR.
18:44:09,1136,#ff0000,1,41.621,13.073,290,SSR.PR.
18:44:15,1136,#ff0000,1,41.613,13.076,289,SSR.PR.
18:44:20,1136,#ff0000,1,41.601,13.077,289,SSR.PR.
18:44:27,1136,#ff0000,1,41.586,13.076,289,SSR.PR.
18:44:32,1136,#ff0000,1,41.565,13.072,289,SSR.PR.
18:44:37,1136,#ff0000,1,41.556,13.074,0,SSR.PR.
18:44:44,1136,#ff0000,1,41.540,13.073,290,SSR.PR.
18:44:49,1136,#ff0000,1,41.537,13.079,290,SSR.PR.
18:44:54,1136,#ff0000,1,41.523,13.076,290,SSR.PR.
18:44:59,1136,#ff0000,1,41.513,13.078,290,SSR.PR.
18:45:06,1136,#ff0000,1,41.503,13.078,290,SSR.PR.
18:45:11,1136,#ff0000,1,41.487,13.076,290,SSR.PR.
18:45:16,1136,#ff0000,1,41.481,13.080,290,SSR.PR.
18:45:22,1136,#ff0000,1,41.467,13.078,290,SSR.PR.
18:45:28,1136,#ff0000,1,41.457,13.079,290,SSR.PR.
18:45:33,1136,#ff0000,1,41.442,13.078,290,SSR.PR.
18:45:39,1136,#ff0000,1,41.436,13.081,290,SSR.PR.
18:45:44,1136,#ff0000,1,41.423,13.078,290,SSR.PR.
18:45:50,1136,#ff0000,1,41.411,13.074,289,SSR.PR.
18:45:56,1136,#ff0000,1,41.401,13.072,289,SSR.PR.
18:46:01,1136,#ff0000,1,41.395,13.072,289,SSR.PR.
18:46:06,1136,#ff0000,1,41.380,13.064,289,SSR.PR.
18:46:13,1136,#ff0000,1,41.369,13.059,289,SSR.PR.
18:46:18,1136,#ff0000,1,41.357,13.054,290,SSR.PR.
18:46:23,1136,#ff0000,1,41.352,13.053,290,SSR.PR.
18:46:29,1136,#ff0000,1,41.345,13.054,290,SSR.PR.
18:46:35,1136,#ff0000,1,41.332,13.046,290,SSR.PR.
18:46:40,1136,#ff0000,1,41.322,13.043,290,SSR.PR.
18:46:45,1136,#ff0000,1,41.311,13.036,290,SSR.
18:46:51,1136,#ff0000,1,41.300,13.032,290,SSR.PR.
18:46:57,1136,#ff0000,1,41.292,13.031,290,SSR.PR.
18:47:03,1136,#ff0000,1,41.280,13.024,289,SSR.PR.
18:47:08,1136,#ff0000,1,41.272,13.022,288,SSR.PR.
18:47:13,1136,#ff0000,1,41.263,13.018,287,SSR.PR.
18:47:20,1136,#ff0000,1,41.252,13.013,286,SSR.PR.
18:47:25,1136,#ff0000,1,41.242,13.008,286,SSR.PR.
18:47:30,1136,#ff0000,1,41.230,13.002,285,SSR.PR.
18:47:36,1136,#ff0000,1,41.219,12.996,284,SSR.PR.
18:47:42,1136,#ff0000,1,41.216,13.002,283,SSR.PR.
18:47:47,1136,#ff0000,1,41.205,12.997,282,SSR.PR.
18:47:52,1136,#ff0000,1,41.190,12.986,282,SSR.PR.
18:47:59,1136,#ff0000,1,41.180,12.982,281,SSR.PR.
18:48:04,1136,#ff0000,1,41.168,12.977,280,SSR.PR.
18:48:09,1136,#ff0000,1,41.161,12.977,279,SSR.PR.
18:48:15,1136,#ff0000,1,41.150,12.973,278,SSR.PR.
18:48:21,1136,#ff0000,1,41.139,12.968,277,SSR.PR.
18:48:26,1136,#ff0000,1,41.129,12.965,276,SSR.PR.
18:48:32,1136,#ff0000,1,41.118,12.963,276,SSR.PR.
18:48:37,1136,#ff0000,1,41.110,12.962,275,SSR.PR.
18:48:43,1136,#ff0000,1,41.096,12.953,274,SSR.PR.
18:48:49,1136,#ff0000,1,41.084,12.948,273,SSR.PR.
18:48:54,1136,#ff0000,1,41.075,12.949,273,SSR.PR.
18:48:59,1136,#ff0000,1,41.068,12.950,272,SSR.PR.
18:49:06,1136,#ff0000,1,41.057,12.946,271,SSR.PR.
18:49:11,1136,#ff0000,1,41.041,12.934,270,SSR.PR.
18:49:16,1136,#ff0000,1,41.030,12.926,269,SSR.PR.
18:49:22,1136,#ff0000,1,41.019,12.922,269,SSR.PR.
18:49:28,1136,#ff0000,1,41.013,12.929,268,SSR.PR.
18:49:33,1136,#ff0000,1,40.999,12.918,267,SSR.PR.
18:49:38,1136,#ff0000,1,40.991,12.921,266,SSR.PR.
18:49:44,1136,#ff0000,1,40.976,12.909,265,SSR.PR.
18:49:50,1136,#ff0000,1,40.969,12.914,264,SSR.PR.
18:49:55,1136,#ff0000,1,40.954,12.904,264,SSR.
18:50:01,1136,#ff0000,1,40.948,12.912,263,SSR.PR.
18:50:07,1136,#ff0000,1,40.934,12.902,262,SSR.PR.
18:50:12,1136,#ff0000,1,40.927,12.907,261,SSR.PR.
18:50:18,1136,#ff0000,1,40.914,12.900,260,SSR.PR.
18:50:23,1136,#ff0000,1,40.901,12.893,259,SSR.PR.
18:50:29,1136,#ff0000,1,40.894,12.899,258,SSR.
18:50:35,1136,#ff0000,1,40.880,12.892,257,SSR.PR.
18:50:40,1136,#ff0000,1,40.870,12.892,256,SSR.PR.
18:50:45,1136,#ff0000,1,40.857,12.891,256,SSR.PR.
18:50:52,1136,#ff0000,1,40.843,12.881,255,SSR.PR.
18:50:57,1136,#ff0000,1,40.833,12.885,255,SSR.PR.
18:51:02,1136,#ff0000,1,40.820,12.882,255,SSR.PR.
18:51:08,1136,#ff0000,1,40.805,12.874,254,SSR.
18:51:14,1136,#ff0000,1,40.796,12.878,254,SSR.
18:51:19,1136,#ff0000,1,40.786,12.882,253,SSR.PR.
18:51:25,1136,#ff0000,1,40.775,12.883,253,SSR.
18:51:30,1136,#ff0000,1,40.762,12.879,252,SSR.PR.
18:51:36,1136,#ff0000,1,40.753,12.885,252,SSR.PR.
18:51:42,1136,#ff0000,1,40.742,12.886,251,SSR.PR.
18:51:47,1136,#ff0000,1,40.727,12.877,250,SSR.PR.
18:51:52,1136,#ff0000,1,40.719,12.887,250,SSR.PR.
18:51:58,1136,#ff0000,1,40.705,12.882,250,SSR.PR.
18:52:04,1136,#ff0000,1,40.695,12.885,250,SSR.PR.
18:52:09,1136,#ff0000,1,40.686,12.893,250,SSR.PR.
18:52:14,1136,#ff0000,1,40.669,12.874,250,SSR.
18:52:21,1136,#ff0000,1,40.658,12.875,250,SSR.PR.
18:52:26,1136,#ff0000,1,40.649,12.882,250,SSR.PR.
18:52:31,1136,#ff0000,1,40.638,12.883,250,SSR.PR.
18:52:38,1136,#ff0000,1,40.623,12.872,251,SSR.PR.
18:52:43,1136,#ff0000,1,40.616,12.887,251,SSR.PR.
18:52:48,1136,#ff0000,1,40.640,12.990,251,SSR.PR.
18:52:54,1136,#ff0000,1,40.589,12.876,251,SSR.PR.
18:53:00,1136,#ff0000,1,40.576,12.869,251,SSR.PR.
18:53:05,1136,#ff0000,1,40.564,12.872,250,SSR.
18:53:10,1136,#ff0000,1,40.557,12.884,250,SSR.PR.
18:53:16,1136,#ff0000,1,40.546,12.890,250,SSR.PR.
18:53:22,1136,#ff0000,1,40.534,12.888,250,SSR.PR.
18:53:27,1136,#ff0000,1,40.521,12.880,250,SSR.PR.
18:53:33,1136,#ff0000,1,40.508,12.880,250,SSR.PR.
18:53:38,1136,#ff0000,1,40.499,12.887,250,SSR.PR.
18:53:44,1136,#ff0000,1,40.486,12.882,250,SSR.PR.
18:53:50,1136,#ff0000,1,40.474,12.879,250,SSR.
18:53:55,1136,#ff0000,1,40.461,12.876,250,SSR.PR.
18:54:00,1136,#ff0000,1,40.450,12.878,251,SSR.
18:54:07,1136,#ff0000,1,40.444,12.900,251,SSR.PR.
18:54:12,1136,#ff0000,1,40.430,12.891,251,SSR.PR.
18:54:17,1136,#ff0000,1,40.416,12.882,250,SSR.PR.
18:54:22,1136,#ff0000,1,40.404,12.881,250,SSR.PR.
18:54:29,1136,#ff0000,1,40.392,12.881,250,SSR.PR.
18:54:34,1136,#ff0000,1,40.385,12.896,250,SSR.PR.
18:54:39,1136,#ff0000,1,40.372,12.890,250,SSR.PR.
18:54:45,1136,#ff0000,1,40.359,12.886,250,SSR.PR.
18:54:51,1136,#ff0000,1,40.350,12.893,250,SSR.PR.
18:54:56,1136,#ff0000,1,40.338,12.892,250,SSR.PR.
18:55:02,1136,#ff0000,1,40.332,12.911,250,SSR.PR.
18:55:07,1136,#ff0000,1,40.314,12.890,250,SSR.PR.
18:55:13,1136,#ff0000,1,40.303,12.888,250,SSR.PR.
18:55:19,1136,#ff0000,1,40.290,12.887,250,SSR.PR.
18:55:24,1136,#ff0000,1,40.279,12.885,250,SSR.PR.
18:55:29,1136,#ff0000,1,40.268,12.890,250,SSR.PR.
18:55:36,1136,#ff0000,1,40.256,12.887,250,SSR.PR.
18:55:41,1136,#ff0000,1,40.251,12.914,250,SSR.PR.
18:55:46,1136,#ff0000,1,40.235,12.896,250,SSR.PR.
18:55:53,1136,#ff0000,1,40.221,12.888,250,SSR.PR.
18:55:58,1136,#ff0000,1,40.210,12.890,250,SSR.PR.
18:56:03,1136,#ff0000,1,40.203,12.910,250,SSR.PR.
18:56:08,1136,#ff0000,1,40.193,12.921,250,SSR.PR.
18:56:15,1136,#ff0000,1,40.178,12.903,250,SSR.PR.
18:56:20,1136,#ff0000,1,40.165,12.905,250,SSR.PR.
18:56:25,1136,#ff0000,1,40.151,12.896,250,SSR.PR.
18:56:31,1136,#ff0000,1,40.144,12.917,250,SSR.PR.
18:56:37,1136,#ff0000,1,40.134,12.924,250,SSR.PR.
18:56:42,1136,#ff0000,1,40.118,12.913,250,SSR.
18:56:48,1136,#ff0000,1,40.111,12.934,250,SSR.
18:56:53,1136,#ff0000,1,40.095,12.918,250,SSR.PR.
18:56:59,1136,#ff0000,1,40.082,12.916,250,SSR.PR.
18:57:04,1136,#ff0000,1,40.073,12.927,250,SSR.PR.
18:57:10,1136,#ff0000,1,40.058,12.918,250,SSR.PR.
18:57:15,1136,#ff0000,1,40.046,12.923,250,SSR.PR.
18:57:21,1136,#ff0000,1,40.035,12.927,250,SSR.PR.
18:57:27,1136,#ff0000,1,40.026,12.942,250,SSR.PR.
18:57:32,1136,#ff0000,1,40.018,12.961,250,SSR.PR.
18:57:37,1136,#ff0000,1,40.004,12.955,250,SSR.PR.
18:57:44,1136,#ff0000,1,39.988,12.937,250,SSR.PR.
18:57:49,1136,#ff0000,1,39.978,12.953,250,SSR.PR.
18:57:54,1136,#ff0000,1,39.969,12.964,250,SSR.PR.
18:58:00,1136,#ff0000,1,39.955,12.962,250,SSR.PR.
18:58:06,1136,#ff0000,1,39.943,12.959,250,SSR.PR.
18:58:11,1136,#ff0000,1,39.936,12.982,250,SSR.PR.
18:58:17,1136,#ff0000,1,39.921,12.972,250,SSR.PR.
18:58:22,1136,#ff0000,1,39.910,12.976,250,SSR.PR.
18:58:28,1136,#ff0000,1,39.894,12.966,250,SSR.PR.
18:58:33,1136,#ff0000,1,39.888,12.992,250,SSR.PR.
18:58:39,1136,#ff0000,1,39.880,13.012,250,SSR.PR.
18:58:45,1136,#ff0000,1,39.857,12.967,250,SSR.
18:58:50,1136,#ff0000,1,39.856,13.018,250,SSR.PR.
18:58:56,1136,#ff0000,1,39.843,13.019,250,SSR.PR.
18:59:01,1136,#ff0000,1,39.825,12.992,250,SSR.PR.
18:59:07,1136,#ff0000,1,39.815,13.000,250,SSR.PR.
18:59:13,1136,#ff0000,1,39.806,13.016,250,SSR.PR.
18:59:18,1136,#ff0000,1,39.791,13.009,250,SSR.PR.
18:59:23,1136,#ff0000,1,39.777,13.001,250,SSR.PR.
18:59:30,1136,#ff0000,1,39.772,13.029,250,SSR.PR.
18:59:35,1136,#ff0000,1,39.756,13.018,250,SSR.PR.
18:59:40,1136,#ff0000,1,39.746,13.026,250,SSR.PR.
18:59:45,1136,#ff0000,1,39.732,13.022,250,SSR.PR.
null,null,null,null,null,null,null
18:24:32,1136,#ff0000,3,43.736,11.195,190,SSR.
18:24:38,1136,#ff0000,3,43.725,11.196,190,SSR.
18:24:44,1136,#ff0000,3,43.720,11.213,190,SSR.
18:24:49,1136,#ff0000,3,43.711,11.217,190,SSR.
18:25:06,1136,#ff0000,3,43.682,11.225,0,SSR.
18:25:18,1136,#ff0000,3,43.661,11.222,195,SSR.
18:25:23,1136,#ff0000,3,43.650,11.224,196,SSR.
18:25:28,1136,#ff0000,3,43.644,11.240,197,SSR.
18:25:33,1136,#ff0000,3,43.640,11.260,199,SSR.
18:25:45,1136,#ff0000,3,43.614,11.248,201,SSR.
18:25:50,1136,#ff0000,3,43.606,11.257,202,SSR.
18:25:56,1136,#ff0000,3,43.597,11.266,203,SSR.
18:26:02,1136,#ff0000,3,43.586,11.264,205,SSR.
18:26:07,1136,#ff0000,3,43.566,11.235,206,SSR.        SPI.
18:26:13,1136,#ff0000,3,43.573,11.296,207,SSR.        SPI.
18:26:18,1136,#ff0000,3,43.552,11.265,208,SSR.PR.     SPI.
18:26:24,1136,#ff0000,3,43.555,11.314,210,SSR.        SPI.
18:26:30,1136,#ff0000,3,43.546,11.320,211,SSR.
18:26:35,1136,#ff0000,3,43.535,11.321,212,SSR.
18:26:40,1136,#ff0000,3,43.525,11.330,213,SSR.
18:26:46,1136,#ff0000,3,43.511,11.318,215,SSR.
18:26:52,1136,#ff0000,3,43.504,11.333,216,SSR.PR.
18:26:57,1136,#ff0000,3,43.498,11.353,217,SSR.PR.
18:27:02,1136,#ff0000,3,43.485,11.352,218,SSR.
18:27:09,1136,#ff0000,3,43.479,11.367,220,SSR.PR.
18:27:14,1136,#ff0000,3,43.464,11.359,221,SSR.PR.
18:27:19,1136,#ff0000,3,43.458,11.378,222,SSR.PR.
18:27:25,1136,#ff0000,3,43.447,11.380,223,SSR.PR.
18:27:31,1136,#ff0000,3,43.441,11.399,225,SSR.PR.
18:27:36,1136,#ff0000,3,43.429,11.401,226,SSR.PR.
18:27:42,1136,#ff0000,3,43.417,11.399,227,SSR.PR.
18:27:47,1136,#ff0000,3,43.409,11.415,227,SSR.PR.
18:27:53,1136,#ff0000,3,43.399,11.421,229,SSR.PR.
18:27:58,1136,#ff0000,3,43.384,11.413,229,SSR.PR.
18:28:04,1136,#ff0000,3,43.376,11.428,230,SSR.PR.
18:28:09,1136,#ff0000,3,43.372,11.453,231,SSR.PR.
18:28:15,1136,#ff0000,3,43.360,11.459,231,SSR.PR.
18:28:26,1136,#ff0000,3,43.338,11.467,231,SSR.PR.
18:28:32,1136,#ff0000,3,43.329,11.478,231,SSR.PR.
18:28:38,1136,#ff0000,3,43.320,11.493,231,SSR.PR.
18:28:43,1136,#ff0000,3,43.308,11.496,230,SSR.PR.
18:28:49,1136,#ff0000,3,43.301,11.520,230,SSR.PR.
18:28:55,1136,#ff0000,3,43.282,11.495,231,SSR.
18:29:00,1136,#ff0000,3,43.275,11.519,233,SSR.
18:29:05,1136,#ff0000,3,43.258,11.499,236,SSR.
18:29:11,1136,#ff0000,3,43.219,11.413,239,SSR.PR.
18:29:17,1136,#ff0000,3,43.243,11.538,242,SSR.
18:29:22,1136,#ff0000,3,43.227,11.525,245,SSR.PR.
18:29:27,1136,#ff0000,3,43.221,11.549,248,SSR.PR.
18:29:33,1136,#ff0000,3,43.211,11.560,251,SSR.PR.
18:29:39,1136,#ff0000,3,43.201,11.565,254,SSR.PR.
18:29:44,1136,#ff0000,3,43.192,11.576,256,SSR.PR.
18:29:50,1136,#ff0000,3,43.182,11.587,258,SSR.PR.
18:29:55,1136,#ff0000,3,43.173,11.598,260,SSR.PR.
18:30:02,1136,#ff0000,3,43.166,11.614,263,SSR.PR.
18:30:07,1136,#ff0000,3,43.156,11.624,265,SSR.PR.
18:30:12,1136,#ff0000,3,43.148,11.637,267,SSR.PR.
18:30:17,1136,#ff0000,3,43.136,11.630,269,SSR.PR.
18:30:24,1136,#ff0000,3,43.129,11.649,271,SSR.PR.
18:30:29,1136,#ff0000,3,43.121,11.655,273,SSR.PR.
18:30:34,1136,#ff0000,3,43.114,11.673,275,SSR.PR.
18:30:40,1136,#ff0000,3,43.107,11.692,277,SSR.PR.
18:30:46,1136,#ff0000,3,43.098,11.695,278,SSR.PR.
18:30:51,1136,#ff0000,3,43.092,11.715,280,SSR.PR.
18:30:56,1136,#ff0000,3,43.083,11.719,281,SSR.PR.
18:31:03,1136,#ff0000,3,43.073,11.731,283,SSR.
18:31:08,1136,#ff0000,3,43.068,11.745,284,SSR.PR.
18:31:13,1136,#ff0000,3,43.061,11.759,285,SSR.PR.
18:31:19,1136,#ff0000,3,43.051,11.763,286,SSR.PR.
18:31:25,1136,#ff0000,3,43.044,11.785,287,SSR.PR.
18:31:30,1136,#ff0000,3,43.035,11.788,288,SSR.PR.
18:31:36,1136,#ff0000,3,43.028,11.805,289,SSR.
18:31:41,1136,#ff0000,3,43.019,11.810,289,SSR.PR.
18:31:47,1136,#ff0000,3,43.010,11.818,289,SSR.PR.
18:31:53,1136,#ff0000,3,43.000,11.827,290,SSR.PR.
18:31:58,1136,#ff0000,3,42.993,11.846,290,SSR.PR.
18:32:03,1136,#ff0000,3,42.984,11.853,290,SSR.PR.
18:32:09,1136,#ff0000,3,42.975,11.864,290,SSR.
18:32:15,1136,#ff0000,3,42.965,11.867,290,SSR.
18:32:20,1136,#ff0000,3,42.957,11.885,290,SSR.
18:32:25,1136,#ff0000,3,42.948,11.898,290,SSR.
18:32:32,1136,#ff0000,3,42.939,11.912,290,SSR.
18:32:37,1136,#ff0000,3,42.929,11.917,290,SSR.
18:32:42,1136,#ff0000,3,42.920,11.927,290,SSR.PR.
18:32:48,1136,#ff0000,3,42.910,11.932,290,SSR.PR.
18:32:54,1136,#ff0000,3,42.901,11.954,290,SSR.
18:32:59,1136,#ff0000,3,42.893,11.970,290,SSR.
18:33:05,1136,#ff0000,3,42.883,11.986,290,SSR.
18:33:10,1136,#ff0000,3,42.872,11.980,290,SSR.PR.
18:33:16,1136,#ff0000,3,42.862,12.000,290,SSR.
18:33:22,1136,#ff0000,3,42.854,12.026,0,SSR.
18:33:27,1136,#ff0000,3,42.842,12.020,290,SSR.
18:33:32,1136,#ff0000,3,42.830,12.026,290,SSR.PR.
18:33:38,1136,#ff0000,3,42.819,12.031,290,SSR.PR.
18:33:44,1136,#ff0000,3,42.809,12.048,290,SSR.PR.
18:33:49,1136,#ff0000,3,42.799,12.058,290,SSR.PR.
18:33:56,1136,#ff0000,3,42.787,12.053,290,SSR.PR.
18:34:01,1136,#ff0000,3,42.777,12.078,290,SSR.PR.
18:34:06,1136,#ff0000,3,42.766,12.089,290,SSR.
18:34:11,1136,#ff0000,3,42.754,12.087,290,SSR.
18:34:18,1136,#ff0000,3,42.743,12.097,290,SSR.PR.
18:34:23,1136,#ff0000,3,42.732,12.114,290,SSR.PR.
18:34:29,1136,#ff0000,3,42.721,12.123,290,SSR.PR.
18:34:34,1136,#ff0000,3,42.709,12.118,290,SSR.PR.
18:34:40,1136,#ff0000,3,42.698,12.133,290,SSR.PR.
18:34:46,1136,#ff0000,3,42.686,12.139,290,SSR.PR.
18:35:08,1136,#ff0000,3,42.647,12.193,290,SSR.PR.
18:35:13,1136,#ff0000,3,42.638,12.195,290,SSR.PR.
18:35:18,1136,#ff0000,3,42.630,12.215,290,SSR.PR.
18:35:25,1136,#ff0000,3,42.620,12.233,290,SSR.PR.
18:35:30,1136,#ff0000,3,42.612,12.244,290,SSR.PR.
18:35:35,1136,#ff0000,3,42.603,12.263,290,SSR.PR.
18:35:41,1136,#ff0000,3,42.594,12.275,290,SSR.PR.
18:35:47,1136,#ff0000,3,42.585,12.283,290,SSR.PR.
18:35:52,1136,#ff0000,3,42.575,12.305,290,SSR.PR.
18:35:58,1136,#ff0000,3,42.566,12.316,290,SSR.PR.
18:36:03,1136,#ff0000,3,42.556,12.326,290,SSR.PR.
18:36:09,1136,#ff0000,3,42.546,12.344,290,SSR.PR.
18:36:15,1136,#ff0000,3,42.537,12.355,290,SSR.PR.
18:36:20,1136,#ff0000,3,42.526,12.371,290,SSR.PR.
18:36:25,1136,#ff0000,3,42.517,12.383,290,SSR.PR.
18:36:32,1136,#ff0000,3,42.507,12.399,290,SSR.PR.
18:36:37,1136,#ff0000,3,42.498,12.410,290,SSR.PR.
18:36:42,1136,#ff0000,3,42.488,12.424,290,SSR.PR.
18:36:49,1136,#ff0000,3,42.479,12.436,290,SSR.PR.
18:36:54,1136,#ff0000,3,42.470,12.440,290,SSR.
18:36:59,1136,#ff0000,3,42.459,12.463,290,SSR.PR.
18:37:05,1136,#ff0000,3,42.450,12.473,290,SSR.PR.
18:37:11,1136,#ff0000,3,42.438,12.495,290,SSR.PR.
18:37:16,1136,#ff0000,3,42.430,12.497,290,SSR.PR.
18:37:22,1136,#ff0000,3,42.420,12.515,290,SSR.PR.
18:37:27,1136,#ff0000,3,42.411,12.525,290,SSR.PR.
18:37:33,1136,#ff0000,3,42.403,12.534,290,SSR.
18:37:39,1136,#ff0000,3,42.391,12.553,290,SSR.PR.
18:37:44,1136,#ff0000,3,42.382,12.563,290,SSR.PR.
18:37:49,1136,#ff0000,3,42.372,12.576,290,SSR.PR.
18:37:55,1136,#ff0000,3,42.363,12.588,290,SSR.
18:38:01,1136,#ff0000,3,42.350,12.612,290,SSR.PR.
18:38:06,1136,#ff0000,3,42.342,12.620,290,SSR.PR.
18:38:11,1136,#ff0000,3,42.333,12.630,290,SSR.PR.
18:38:18,1136,#ff0000,3,42.321,12.646,290,SSR.PR.
18:38:23,1136,#ff0000,3,42.310,12.655,290,SSR.PR.
18:38:28,1136,#ff0000,3,42.300,12.667,290,SSR.PR.
18:38:34,1136,#ff0000,3,42.288,12.682,290,SSR.PR.
18:38:40,1136,#ff0000,3,42.279,12.691,290,SSR.PR.
18:38:45,1136,#ff0000,3,42.269,12.701,290,SSR.PR.
18:38:51,1136,#ff0000,3,42.257,12.714,290,SSR.PR.
18:38:56,1136,#ff0000,3,42.246,12.726,290,SSR.PR.
18:39:03,1136,#ff0000,3,42.236,12.737,290,SSR.PR.
18:39:08,1136,#ff0000,3,42.225,12.746,290,SSR.PR.
18:39:13,1136,#ff0000,3,42.216,12.758,290,SSR.PR.
18:39:18,1136,#ff0000,3,42.203,12.771,290,SSR.PR.
18:39:25,1136,#ff0000,3,42.189,12.787,290,SSR.PR.
18:39:30,1136,#ff0000,3,42.183,12.793,290,SSR.PR.
18:39:35,1136,#ff0000,3,42.175,12.802,290,SSR.
18:39:42,1136,#ff0000,3,42.162,12.814,290,SSR.
18:39:47,1136,#ff0000,3,42.153,12.825,290,SSR.
18:39:52,1136,#ff0000,3,42.143,12.837,290,SSR.
18:39:58,1136,#ff0000,3,42.141,12.840,290,SSR.PR.
18:40:04,1136,#ff0000,3,42.121,12.859,290,SSR.
18:40:09,1136,#ff0000,3,42.109,12.871,290,SSR.
18:40:15,1136,#ff0000,3,42.100,12.882,290,SSR.PR.
18:40:20,1136,#ff0000,3,42.089,12.894,290,SSR.
18:40:27,1136,#ff0000,3,42.074,12.908,290,SSR.PR.
18:40:32,1136,#ff0000,3,42.060,12.921,290,SSR.PR.
18:40:37,1136,#ff0000,3,42.052,12.931,290,SSR.PR.
18:40:43,1136,#ff0000,3,42.043,12.941,290,SSR.PR.
18:40:49,1136,#ff0000,3,42.036,12.950,290,SSR.PR.
18:40:54,1136,#ff0000,3,42.022,12.962,290,SSR.PR.
18:41:00,1136,#ff0000,3,42.010,12.971,289,SSR.PR.
18:41:05,1136,#ff0000,3,41.998,12.980,289,SSR.PR.
18:41:11,1136,#ff0000,3,41.990,12.985,289,SSR.
18:41:16,1136,#ff0000,3,41.976,12.991,289,SSR.
18:41:22,1136,#ff0000,3,41.963,12.996,289,SSR.
18:41:27,1136,#ff0000,3,41.956,12.999,290,SSR.
18:41:33,1136,#ff0000,3,41.942,13.003,290,SSR.
18:41:39,1136,#ff0000,3,41.930,13.007,290,SSR.
18:41:44,1136,#ff0000,3,41.918,13.010,290,SSR.
18:41:49,1136,#ff0000,3,41.908,13.013,290,SSR.
18:41:56,1136,#ff0000,3,41.896,13.017,290,SSR.
18:42:01,1136,#ff0000,3,41.879,13.020,290,SSR.PR.
18:42:06,1136,#ff0000,3,41.871,13.023,290,SSR.PR.
18:42:13,1136,#ff0000,3,41.858,13.025,290,SSR.PR.
18:42:18,1136,#ff0000,3,41.848,13.028,290,SSR.PR.
18:42:24,1136,#ff0000,3,41.835,13.031,290,SSR.PR.
18:42:29,1136,#ff0000,3,41.816,13.034,290,SSR.PR.
18:42:35,1136,#ff0000,3,41.813,13.037,290,SSR.PR.
18:42:40,1136,#ff0000,3,41.797,13.040,290,SSR.PR.
18:42:46,1136,#ff0000,3,41.785,13.042,290,SSR.PR.
18:42:51,1136,#ff0000,3,41.774,13.044,290,SSR.PR.
18:42:57,1136,#ff0000,3,41.765,13.047,0,SSR.PR.
18:43:03,1136,#ff0000,3,41.752,13.048,0,SSR.PR.
18:43:08,1136,#ff0000,3,41.742,13.051,290,SSR.PR.
18:43:13,1136,#ff0000,3,41.726,13.053,290,SSR.PR.
18:43:20,1136,#ff0000,3,41.714,13.055,290,SSR.PR.
18:43:25,1136,#ff0000,3,41.707,13.058,290,SSR.PR.
18:43:30,1136,#ff0000,3,41.693,13.059,290,SSR.PR.
18:43:36,1136,#ff0000,3,41.683,13.061,290,SSR.PR.
18:43:42,1136,#ff0000,3,41.670,13.063,290,SSR.PR.
18:43:47,1136,#ff0000,3,41.657,13.064,290,SSR.PR.
18:43:52,1136,#ff0000,3,41.647,13.066,290,SSR.PR.
18:43:58,1136,#ff0000,3,41.637,13.069,290,SSR.PR.
18:44:04,1136,#ff0000,3,41.628,13.070,290,SSR.PR.
18:44:09,1136,#ff0000,3,41.620,13.073,290,SSR.PR.
18:44:15,1136,#ff0000,3,41.613,13.076,289,SSR.PR.
18:44:20,1136,#ff0000,3,41.599,13.076,289,SSR.PR.
18:44:27,1136,#ff0000,3,41.584,13.075,289,SSR.PR.
18:44:32,1136,#ff0000,3,41.563,13.071,289,SSR.PR.
18:44:37,1136,#ff0000,3,41.555,13.073,289,SSR.PR.
18:44:44,1136,#ff0000,3,41.541,13.073,290,SSR.PR.
18:44:49,1136,#ff0000,3,41.536,13.076,290,SSR.PR.
18:44:54,1136,#ff0000,3,41.521,13.075,290,SSR.PR.
18:44:59,1136,#ff0000,3,41.510,13.075,290,SSR.PR.
18:45:06,1136,#ff0000,3,41.502,13.078,290,SSR.PR.
18:45:11,1136,#ff0000,3,41.487,13.076,290,SSR.PR.
18:45:16,1136,#ff0000,3,41.480,13.079,290,SSR.PR.
18:45:22,1136,#ff0000,3,41.467,13.078,290,SSR.PR.
18:45:28,1136,#ff0000,3,41.457,13.079,290,SSR.PR.
18:45:33,1136,#ff0000,3,41.442,13.078,290,SSR.PR.
18:45:39,1136,#ff0000,3,41.434,13.079,290,SSR.PR.
18:45:44,1136,#ff0000,3,41.423,13.079,290,SSR.PR.
18:45:50,1136,#ff0000,3,41.412,13.075,289,SSR.PR.
18:45:56,1136,#ff0000,3,41.400,13.072,289,SSR.PR.
18:46:01,1136,#ff0000,3,41.393,13.071,289,SSR.PR.
18:46:06,1136,#ff0000,3,41.379,13.063,289,SSR.PR.
18:46:13,1136,#ff0000,3,41.371,13.061,289,SSR.PR.
18:46:18,1136,#ff0000,3,41.359,13.055,290,SSR.PR.
18:46:23,1136,#ff0000,3,41.352,13.053,290,SSR.PR.
18:46:29,1136,#ff0000,3,41.343,13.052,290,SSR.PR.
18:46:35,1136,#ff0000,3,41.331,13.045,290,SSR.PR.
18:46:40,1136,#ff0000,3,41.321,13.042,290,SSR.PR.
18:46:45,1136,#ff0000,3,41.310,13.035,290,SSR.
18:46:51,1136,#ff0000,3,41.301,13.033,290,SSR.PR.
18:46:57,1136,#ff0000,3,41.290,13.028,290,SSR.PR.
18:47:03,1136,#ff0000,3,41.281,13.023,289,SSR.PR.
18:47:08,1136,#ff0000,3,41.273,13.021,288,SSR.PR.
18:47:13,1136,#ff0000,3,41.262,13.017,287,SSR.PR.
18:47:20,1136,#ff0000,3,41.251,13.011,286,SSR.PR.
18:47:25,1136,#ff0000,3,41.242,13.008,286,SSR.PR.
18:47:30,1136,#ff0000,3,41.229,13.001,285,SSR.PR.
18:47:36,1136,#ff0000,3,41.220,12.997,284,SSR.PR.
18:47:42,1136,#ff0000,3,41.207,12.990,283,SSR.PR.
18:47:47,1136,#ff0000,3,41.204,12.996,282,SSR.PR.
18:47:52,1136,#ff0000,3,41.188,12.983,282,SSR.PR.
18:47:59,1136,#ff0000,3,41.180,12.982,281,SSR.PR.
18:48:04,1136,#ff0000,3,41.168,12.977,280,SSR.PR.
18:48:09,1136,#ff0000,3,41.159,12.974,279,SSR.PR.
18:48:15,1136,#ff0000,3,41.149,12.970,278,SSR.PR.
18:48:21,1136,#ff0000,3,41.138,12.966,277,SSR.PR.
18:48:26,1136,#ff0000,3,41.128,12.963,276,SSR.PR.
18:48:32,1136,#ff0000,3,41.119,12.964,276,SSR.PR.
18:48:37,1136,#ff0000,3,41.109,12.961,275,SSR.PR.
18:48:43,1136,#ff0000,3,41.095,12.950,274,SSR.PR.
18:48:49,1136,#ff0000,3,41.085,12.950,273,SSR.PR.
18:48:54,1136,#ff0000,3,41.076,12.948,273,SSR.PR.
18:48:59,1136,#ff0000,3,41.068,12.950,272,SSR.PR.
18:49:06,1136,#ff0000,3,41.054,12.940,271,SSR.PR.
18:49:11,1136,#ff0000,3,41.040,12.932,270,SSR.PR.
18:49:16,1136,#ff0000,3,41.030,12.928,269,SSR.PR.
18:49:22,1136,#ff0000,3,41.019,12.922,269,SSR.PR.
18:49:28,1136,#ff0000,3,41.012,12.926,268,SSR.PR.
18:49:33,1136,#ff0000,3,40.999,12.918,267,SSR.PR.
18:49:38,1136,#ff0000,3,40.990,12.919,266,SSR.PR.
18:49:44,1136,#ff0000,3,40.976,12.909,265,SSR.PR.
18:49:50,1136,#ff0000,3,40.967,12.910,264,SSR.PR.
18:49:55,1136,#ff0000,3,40.954,12.902,264,SSR.
18:50:01,1136,#ff0000,3,40.946,12.908,263,SSR.PR.
18:50:07,1136,#ff0000,3,40.933,12.900,262,SSR.PR.
18:50:12,1136,#ff0000,3,40.923,12.898,261,SSR.PR.
18:50:18,1136,#ff0000,3,40.912,12.897,260,SSR.PR.
18:50:23,1136,#ff0000,3,40.901,12.893,259,SSR.PR.
18:50:30,1136,#ff0000,3,40.887,12.882,258,SSR.
18:50:35,1136,#ff0000,3,40.880,12.890,257,SSR.PR.
18:50:40,1136,#ff0000,3,40.867,12.886,256,SSR.PR.
18:50:45,1136,#ff0000,3,40.859,12.892,256,SSR.PR.
18:50:52,1136,#ff0000,3,40.842,12.879,255,SSR.PR.
18:50:57,1136,#ff0000,3,40.831,12.880,255,SSR.PR.
18:51:02,1136,#ff0000,3,40.818,12.878,255,SSR.PR.
18:51:08,1136,#ff0000,3,40.805,12.872,254,SSR.
18:51:14,1136,#ff0000,3,40.794,12.876,254,SSR.
18:51:19,1136,#ff0000,3,40.787,12.884,253,SSR.PR.
18:51:25,1136,#ff0000,3,40.775,12.883,253,SSR.
18:51:30,1136,#ff0000,3,40.760,12.875,252,SSR.PR.
18:51:36,1136,#ff0000,3,40.752,12.883,252,SSR.PR.
18:51:42,1136,#ff0000,3,40.736,12.871,251,SSR.PR.
18:51:47,1136,#ff0000,3,40.727,12.879,250,SSR.PR.
18:51:52,1136,#ff0000,3,40.717,12.883,250,SSR.PR.
18:51:58,1136,#ff0000,3,40.703,12.875,250,SSR.PR.
18:52:04,1136,#ff0000,3,40.692,12.874,250,SSR.PR.
18:52:09,1136,#ff0000,3,40.682,12.880,250,SSR.PR.
18:52:14,1136,#ff0000,3,40.668,12.872,250,SSR.
18:52:21,1136,#ff0000,3,40.657,12.873,250,SSR.PR.
18:52:26,1136,#ff0000,3,40.646,12.875,250,SSR.PR.
18:52:31,1136,#ff0000,3,40.636,12.878,250,SSR.PR.
18:52:38,1136,#ff0000,3,40.623,12.872,251,SSR.PR.
18:52:43,1136,#ff0000,3,40.611,12.870,251,SSR.PR.
18:52:48,1136,#ff0000,3,40.639,12.988,251,SSR.PR.
18:52:54,1136,#ff0000,3,40.588,12.874,251,SSR.PR.
18:53:00,1136,#ff0000,3,40.579,12.879,251,SSR.PR.
18:53:05,1136,#ff0000,3,40.564,12.872,250,SSR.
18:53:10,1136,#ff0000,3,40.557,12.884,250,SSR.PR.
18:53:16,1136,#ff0000,3,40.545,12.882,250,SSR.PR.
18:53:22,1136,#ff0000,3,40.533,12.882,250,SSR.PR.
18:53:27,1136,#ff0000,3,40.520,12.877,250,SSR.PR.
18:53:33,1136,#ff0000,3,40.508,12.877,250,SSR.PR.
18:53:38,1136,#ff0000,3,40.499,12.885,250,SSR.PR.
18:53:44,1136,#ff0000,3,40.485,12.880,250,SSR.PR.
18:53:50,1136,#ff0000,3,40.472,12.874,250,SSR.
18:53:55,1136,#ff0000,3,40.461,12.876,250,SSR.PR.
18:54:00,1136,#ff0000,3,40.449,12.876,251,SSR.
18:54:07,1136,#ff0000,3,40.442,12.894,251,SSR.PR.
18:54:12,1136,#ff0000,3,40.429,12.886,251,SSR.PR.
18:54:17,1136,#ff0000,3,40.417,12.882,250,SSR.PR.
18:54:22,1136,#ff0000,3,40.404,12.881,250,SSR.PR.
18:54:29,1136,#ff0000,3,40.392,12.881,250,SSR.PR.
18:54:34,1136,#ff0000,3,40.385,12.896,250,SSR.PR.
18:54:39,1136,#ff0000,3,40.371,12.884,250,SSR.PR.
18:54:45,1136,#ff0000,3,40.359,12.886,250,SSR.PR.
18:54:51,1136,#ff0000,3,40.349,12.890,250,SSR.PR.
18:54:56,1136,#ff0000,3,40.332,12.872,250,SSR.PR.
18:55:02,1136,#ff0000,3,40.324,12.882,250,SSR.PR.
18:55:07,1136,#ff0000,3,40.314,12.890,250,SSR.PR.
18:55:13,1136,#ff0000,3,40.305,12.897,250,SSR.PR.
18:55:19,1136,#ff0000,3,40.291,12.890,250,SSR.PR.
18:55:24,1136,#ff0000,3,40.279,12.888,250,SSR.PR.
18:55:29,1136,#ff0000,3,40.268,12.890,250,SSR.PR.
18:55:36,1136,#ff0000,3,40.256,12.887,250,SSR.PR.
18:55:41,1136,#ff0000,3,40.249,12.905,250,SSR.PR.
18:55:46,1136,#ff0000,3,40.235,12.896,250,SSR.PR.
18:55:53,1136,#ff0000,3,40.221,12.885,250,SSR.PR.
18:55:58,1136,#ff0000,3,40.208,12.884,250,SSR.PR.
18:56:03,1136,#ff0000,3,40.204,12.910,250,SSR.PR.
18:56:08,1136,#ff0000,3,40.193,12.914,250,SSR.PR.
18:56:15,1136,#ff0000,3,40.180,12.910,250,SSR.PR.
18:56:20,1136,#ff0000,3,40.171,12.928,250,SSR.PR.
18:56:25,1136,#ff0000,3,40.150,12.892,250,SSR.PR.
18:56:31,1136,#ff0000,3,40.143,12.910,250,SSR.PR.
18:56:37,1136,#ff0000,3,40.135,12.928,250,SSR.PR.
18:56:42,1136,#ff0000,3,40.117,12.910,250,SSR.
18:56:48,1136,#ff0000,3,40.108,12.920,250,SSR.
18:56:53,1136,#ff0000,3,40.095,12.914,250,SSR.PR.
18:56:59,1136,#ff0000,3,40.082,12.916,250,SSR.PR.
18:57:04,1136,#ff0000,3,40.074,12.934,250,SSR.PR.
18:57:10,1136,#ff0000,3,40.057,12.914,250,SSR.PR.
18:57:15,1136,#ff0000,3,40.047,12.926,250,SSR.PR.
18:57:21,1136,#ff0000,3,40.034,12.923,250,SSR.PR.
18:57:27,1136,#ff0000,3,40.026,12.942,250,SSR.PR.
18:57:32,1136,#ff0000,3,40.017,12.957,250,SSR.PR.
18:57:37,1136,#ff0000,3,40.005,12.958,250,SSR.PR.
18:57:44,1136,#ff0000,3,39.988,12.941,250,SSR.PR.
18:57:49,1136,#ff0000,3,39.978,12.953,250,SSR.PR.
18:57:54,1136,#ff0000,3,39.968,12.961,250,SSR.PR.
18:58:00,1136,#ff0000,3,39.954,12.954,250,SSR.PR.
18:58:06,1136,#ff0000,3,39.944,12.963,250,SSR.PR.
18:58:11,1136,#ff0000,3,39.934,12.974,250,SSR.PR.
18:58:17,1136,#ff0000,3,39.921,12.972,250,SSR.PR.
18:58:22,1136,#ff0000,3,39.908,12.968,250,SSR.PR.
18:58:28,1136,#ff0000,3,39.892,12.958,250,SSR.PR.
18:58:33,1136,#ff0000,3,39.887,12.989,250,SSR.PR.
18:58:39,1136,#ff0000,3,39.879,13.008,250,SSR.PR.
18:58:45,1136,#ff0000,3,39.857,12.967,250,SSR.
18:58:50,1136,#ff0000,3,39.856,13.018,250,SSR.PR.
18:58:56,1136,#ff0000,3,39.842,13.010,250,SSR.PR.
18:59:01,1136,#ff0000,3,39.826,12.996,250,SSR.PR.
18:59:07,1136,#ff0000,3,39.815,13.000,250,SSR.PR.
18:59:13,1136,#ff0000,3,39.806,13.016,250,SSR.PR.
18:59:18,1136,#ff0000,3,39.789,12.996,250,SSR.PR.
18:59:23,1136,#ff0000,3,39.778,13.005,250,SSR.PR.
18:59:30,1136,#ff0000,3,39.771,13.025,250,SSR.PR.
18:59:35,1136,#ff0000,3,39.755,13.013,250,SSR.PR.
18:59:40,1136,#ff0000,3,39.745,13.022,250,SSR.PR.
18:59:45,1136,#ff0000,3,39.732,13.018,250,SSR.PR.
null,null,null,null,null,null,null
18:24:29,1136,#ff0000,2,43.738,11.190,0,SSR.
18:24:36,1136,#ff0000,2,43.734,11.212,0,SSR.
18:24:47,1136,#ff0000,2,43.713,11.218,190,SSR.
18:24:53,1136,#ff0000,2,43.705,11.228,190,SSR.
18:24:59,1136,#ff0000,2,43.699,11.245,191,SSR.
18:25:05,1136,#ff0000,2,43.689,11.246,0,SSR.
18:25:41,1136,#ff0000,2,43.623,11.255,200,SSR.
18:25:46,1136,#ff0000,2,43.615,11.265,205,SSR.
18:25:58,1136,#ff0000,2,43.596,11.283,0,SSR.
18:26:04,1136,#ff0000,2,43.585,11.281,205,SSR.
18:26:10,1136,#ff0000,2,43.571,11.276,206,SSR.PR.     SPI.
18:26:21,1136,#ff0000,2,43.550,11.288,209,SSR.PR.     SPI.
18:26:28,1136,#ff0000,2,43.540,11.294,165,SSR.PR.     SPI.
18:26:33,1136,#ff0000,2,43.533,11.311,212,SSR.PR.
18:26:39,1136,#ff0000,2,43.522,11.317,213,SSR.PR.
18:26:45,1136,#ff0000,2,43.531,11.387,241,SSR.PR.
18:26:51,1136,#ff0000,2,43.495,11.306,216,SSR.
18:26:57,1136,#ff0000,2,43.502,11.373,217,SSR.
18:27:02,1136,#ff0000,2,43.487,11.361,77,SSR.PR.
18:27:09,1136,#ff0000,2,43.473,11.356,220,SSR.
18:27:15,1136,#ff0000,2,43.463,11.366,221,SSR.PR.
18:27:20,1136,#ff0000,2,43.456,11.386,222,SSR.PR.
18:27:27,1136,#ff0000,2,43.443,11.384,224,SSR.PR.
18:27:32,1136,#ff0000,2,43.432,11.390,225,SSR.PR.
18:27:38,1136,#ff0000,2,43.424,11.403,226,SSR.PR.
18:27:44,1136,#ff0000,2,43.415,11.415,227,SSR.PR.
18:27:50,1136,#ff0000,2,43.406,11.432,228,SSR.PR.
18:27:56,1136,#ff0000,2,43.393,11.431,229,SSR.PR.
18:28:02,1136,#ff0000,2,43.384,11.443,230,SSR.PR.
18:28:07,1136,#ff0000,2,43.372,11.446,231,SSR.PR.
18:28:14,1136,#ff0000,2,43.362,11.459,0,SSR.PR.
18:28:20,1136,#ff0000,2,43.355,11.481,231,SSR.PR.
18:28:25,1136,#ff0000,2,43.341,11.477,231,SSR.PR.
18:28:32,1136,#ff0000,2,43.332,11.493,231,SSR.PR.
18:28:38,1136,#ff0000,2,43.320,11.499,231,SSR.PR.
18:28:43,1136,#ff0000,2,43.308,11.505,230,SSR.PR.
18:28:49,1136,#ff0000,2,43.295,11.508,230,SSR.PR.
18:28:55,1136,#ff0000,2,43.285,11.523,231,SSR.PR.
18:29:01,1136,#ff0000,2,43.274,11.529,234,SSR.PR.
18:29:07,1136,#ff0000,2,43.201,11.337,237,SSR.PR.
18:29:19,1136,#ff0000,2,43.235,11.539,243,SSR.PR.
18:29:24,1136,#ff0000,2,43.224,11.544,246,SSR.PR.
18:29:30,1136,#ff0000,2,43.213,11.550,249,SSR.PR.
18:29:42,1136,#ff0000,2,43.193,11.573,255,SSR.PR.
18:29:48,1136,#ff0000,2,43.181,11.576,258,SSR.PR.
18:29:54,1136,#ff0000,2,43.172,11.590,260,SSR.PR.
18:30:00,1136,#ff0000,2,43.164,11.604,262,SSR.PR.
18:30:06,1136,#ff0000,2,43.153,11.612,264,SSR.PR.
18:30:12,1136,#ff0000,2,43.144,11.623,267,SSR.PR.
18:30:17,1136,#ff0000,2,43.135,11.633,269,SSR.PR.
18:30:24,1136,#ff0000,2,43.127,11.650,271,SSR.PR.
18:30:29,1136,#ff0000,2,43.120,11.668,273,SSR.PR.
18:30:35,1136,#ff0000,2,43.110,11.673,275,SSR.PR.
18:30:42,1136,#ff0000,2,43.102,11.688,277,SSR.PR.
18:30:47,1136,#ff0000,2,43.094,11.698,279,SSR.PR.
18:30:53,1136,#ff0000,2,43.087,11.716,281,SSR.PR.
18:30:59,1136,#ff0000,2,43.077,11.722,282,SSR.PR.
18:31:05,1136,#ff0000,2,43.070,11.740,283,SSR.PR.
18:31:11,1136,#ff0000,2,43.061,11.749,284,SSR.PR.
18:31:17,1136,#ff0000,2,43.052,11.759,285,SSR.PR.
18:31:22,1136,#ff0000,2,43.045,11.776,286,SSR.PR.
18:31:29,1136,#ff0000,2,43.036,11.787,287,SSR.PR.
18:31:34,1136,#ff0000,2,43.028,11.799,288,SSR.PR.
18:31:40,1136,#ff0000,2,43.017,11.806,289,SSR.PR.
18:31:47,1136,#ff0000,2,43.009,11.817,289,SSR.PR.
18:31:52,1136,#ff0000,2,43.001,11.838,290,SSR.PR.
18:31:58,1136,#ff0000,2,42.992,11.847,290,SSR.PR.
18:32:03,1136,#ff0000,2,42.982,11.858,290,SSR.PR.
18:32:10,1136,#ff0000,2,42.974,11.879,290,SSR.PR.
18:32:16,1136,#ff0000,2,42.963,11.880,290,SSR.PR.
18:32:21,1136,#ff0000,2,42.954,11.895,290,SSR.PR.
18:32:27,1136,#ff0000,2,42.943,11.901,290,SSR.PR.
18:32:34,1136,#ff0000,2,42.935,11.919,290,SSR.PR.
18:32:39,1136,#ff0000,2,42.925,11.931,290,SSR.PR.
18:32:45,1136,#ff0000,2,42.914,11.939,290,SSR.PR.
18:32:52,1136,#ff0000,2,42.904,11.947,290,SSR.PR.
18:32:57,1136,#ff0000,2,42.895,11.968,290,SSR.PR.
18:33:03,1136,#ff0000,2,42.884,11.978,290,SSR.PR.
18:33:09,1136,#ff0000,2,42.872,11.977,290,SSR.
18:33:15,1136,#ff0000,2,42.863,11.995,290,SSR.PR.
18:33:21,1136,#ff0000,2,42.852,12.011,290,SSR.PR.
18:33:26,1136,#ff0000,2,42.842,12.022,290,SSR.PR.
18:33:32,1136,#ff0000,2,42.830,12.030,290,SSR.PR.
18:33:39,1136,#ff0000,2,42.818,12.036,290,SSR.PR.
18:33:44,1136,#ff0000,2,42.807,12.050,290,SSR.PR.
18:33:50,1136,#ff0000,2,42.796,12.058,290,SSR.PR.
18:33:57,1136,#ff0000,2,42.784,12.065,290,SSR.PR.
18:34:02,1136,#ff0000,2,42.772,12.075,0,SSR.PR.
18:34:08,1136,#ff0000,2,42.760,12.085,290,SSR.PR.
18:34:13,1136,#ff0000,2,42.748,12.091,290,SSR.PR.
18:34:20,1136,#ff0000,2,42.736,12.103,290,SSR.PR.
18:34:26,1136,#ff0000,2,42.724,12.115,290,SSR.PR.
18:34:31,1136,#ff0000,2,42.712,12.117,290,SSR.PR.
18:34:37,1136,#ff0000,2,42.700,12.124,0,SSR.PR.
18:34:44,1136,#ff0000,2,42.688,12.139,290,SSR.PR.
18:34:50,1136,#ff0000,2,42.676,12.133,290,SSR.
18:34:55,1136,#ff0000,2,42.667,12.158,290,SSR.
18:35:13,1136,#ff0000,2,42.637,12.204,290,SSR.PR.
18:35:19,1136,#ff0000,2,42.628,12.224,290,SSR.PR.
18:35:25,1136,#ff0000,2,42.618,12.236,290,SSR.PR.
18:35:31,1136,#ff0000,2,42.609,12.249,290,SSR.PR.
18:35:37,1136,#ff0000,2,42.599,12.265,290,SSR.
18:35:42,1136,#ff0000,2,42.590,12.280,0,SSR.PR.
18:35:49,1136,#ff0000,2,42.580,12.294,290,SSR.PR.
18:35:55,1136,#ff0000,2,42.570,12.304,290,SSR.
18:36:00,1136,#ff0000,2,42.560,12.323,290,SSR.PR.
18:36:07,1136,#ff0000,2,42.550,12.337,290,SSR.PR.
18:36:12,1136,#ff0000,2,42.539,12.348,290,SSR.
18:36:18,1136,#ff0000,2,42.529,12.366,290,SSR.PR.
18:36:24,1136,#ff0000,2,42.519,12.383,290,SSR.PR.
18:36:30,1136,#ff0000,2,42.509,12.394,290,SSR.PR.
18:36:36,1136,#ff0000,2,42.499,12.409,290,SSR.PR.
18:36:42,1136,#ff0000,2,42.488,12.421,290,SSR.PR.
18:36:47,1136,#ff0000,2,42.478,12.438,290,SSR.PR.
18:36:54,1136,#ff0000,2,42.467,12.450,290,SSR.PR.
18:37:00,1136,#ff0000,2,42.457,12.463,290,SSR.PR.
18:37:05,1136,#ff0000,2,42.448,12.470,290,SSR.
18:37:12,1136,#ff0000,2,42.436,12.494,290,SSR.PR.
18:37:18,1136,#ff0000,2,42.427,12.501,290,SSR.
18:37:23,1136,#ff0000,2,42.416,12.521,290,SSR.PR.
18:37:29,1136,#ff0000,2,42.405,12.537,290,SSR.PR.
18:37:36,1136,#ff0000,2,42.395,12.548,290,SSR.
18:37:41,1136,#ff0000,2,42.384,12.562,290,SSR.
18:37:47,1136,#ff0000,2,42.373,12.580,290,SSR.PR.
18:37:54,1136,#ff0000,2,42.365,12.589,290,SSR.
18:37:59,1136,#ff0000,2,42.354,12.606,290,SSR.PR.
18:38:05,1136,#ff0000,2,42.343,12.620,290,SSR.PR.
18:38:10,1136,#ff0000,2,42.334,12.628,290,SSR.
18:38:17,1136,#ff0000,2,42.321,12.644,290,SSR.PR.
18:38:23,1136,#ff0000,2,42.310,12.659,290,SSR.PR.
18:38:28,1136,#ff0000,2,42.298,12.672,290,SSR.PR.
18:38:35,1136,#ff0000,2,42.288,12.682,290,SSR.PR.
18:38:40,1136,#ff0000,2,42.278,12.690,290,SSR.
18:38:46,1136,#ff0000,2,42.264,12.707,290,SSR.PR.
18:38:52,1136,#ff0000,2,42.257,12.714,290,SSR.
18:38:59,1136,#ff0000,2,42.242,12.732,290,SSR.PR.
18:39:04,1136,#ff0000,2,42.229,12.745,290,SSR.PR.
18:39:10,1136,#ff0000,2,42.218,12.757,290,SSR.PR.
18:39:16,1136,#ff0000,2,42.207,12.770,290,SSR.PR.
18:39:22,1136,#ff0000,2,42.195,12.781,290,SSR.PR.
18:39:28,1136,#ff0000,2,42.183,12.795,290,SSR.PR.
18:39:34,1136,#ff0000,2,42.172,12.807,290,SSR.PR.
18:39:39,1136,#ff0000,2,42.158,12.820,290,SSR.PR.
18:39:46,1136,#ff0000,2,42.150,12.829,290,SSR.
18:39:51,1136,#ff0000,2,42.139,12.840,290,SSR.
18:39:57,1136,#ff0000,2,42.130,12.851,290,SSR.PR.
18:40:04,1136,#ff0000,2,42.118,12.864,290,SSR.
18:40:09,1136,#ff0000,2,42.103,12.878,290,SSR.PR.
18:40:15,1136,#ff0000,2,42.091,12.890,290,SSR.PR.
18:40:21,1136,#ff0000,2,42.082,12.901,290,SSR.PR.
18:40:28,1136,#ff0000,2,42.071,12.911,290,SSR.PR.
18:40:33,1136,#ff0000,2,42.068,12.918,290,SSR.
18:40:39,1136,#ff0000,2,42.048,12.936,290,SSR.PR.
18:40:46,1136,#ff0000,2,42.034,12.949,290,SSR.PR.
18:40:51,1136,#ff0000,2,42.023,12.960,290,SSR.
18:40:57,1136,#ff0000,2,42.013,12.969,289,SSR.PR.
18:41:02,1136,#ff0000,2,41.999,12.979,289,SSR.PR.
18:41:09,1136,#ff0000,2,41.986,12.987,289,SSR.PR.
18:41:15,1136,#ff0000,2,41.977,12.992,289,SSR.
18:41:20,1136,#ff0000,2,41.970,12.995,289,SSR.
18:41:26,1136,#ff0000,2,41.962,12.998,290,SSR.
18:41:33,1136,#ff0000,2,41.994,12.985,290,SSR.
18:41:38,1136,#ff0000,2,41.991,12.986,290,SSR.
18:41:44,1136,#ff0000,2,41.973,12.994,290,SSR.
18:41:49,1136,#ff0000,2,41.900,13.017,290,SSR.PR.
18:41:56,1136,#ff0000,2,41.887,13.020,290,SSR.PR.
18:42:02,1136,#ff0000,2,41.879,13.022,290,SSR.
18:42:08,1136,#ff0000,2,41.863,13.026,290,SSR.PR.
18:42:14,1136,#ff0000,2,41.851,13.029,290,SSR.PR.
18:42:20,1136,#ff0000,2,41.837,13.031,290,SSR.PR.
18:42:26,1136,#ff0000,2,41.824,13.035,290,SSR.PR.
18:42:31,1136,#ff0000,2,41.813,13.038,290,SSR.PR.
18:42:38,1136,#ff0000,2,41.799,13.039,0,SSR.PR.
18:42:44,1136,#ff0000,2,41.785,13.043,290,SSR.PR.
18:42:49,1136,#ff0000,2,41.776,13.045,290,SSR.PR.
18:42:56,1136,#ff0000,2,41.766,13.047,290,SSR.
18:43:01,1136,#ff0000,2,41.749,13.049,0,SSR.PR.
18:43:07,1136,#ff0000,2,41.740,13.052,290,SSR.PR.
18:43:13,1136,#ff0000,2,41.725,13.054,290,SSR.PR.
18:43:19,1136,#ff0000,2,41.711,13.057,290,SSR.PR.
18:43:25,1136,#ff0000,2,41.701,13.059,290,SSR.PR.
18:43:31,1136,#ff0000,2,41.689,13.061,290,SSR.PR.
18:43:36,1136,#ff0000,2,41.677,13.062,290,SSR.PR.
18:43:43,1136,#ff0000,2,41.666,13.064,290,SSR.PR.
18:43:48,1136,#ff0000,2,41.652,13.066,290,SSR.PR.
18:43:54,1136,#ff0000,2,41.639,13.067,290,SSR.PR.
18:44:01,1136,#ff0000,2,41.629,13.068,290,SSR.PR.
18:44:07,1136,#ff0000,2,41.617,13.071,290,SSR.PR.
18:44:12,1136,#ff0000,2,41.602,13.070,290,SSR.PR.
18:44:18,1136,#ff0000,2,41.591,13.071,289,SSR.PR.
18:44:25,1136,#ff0000,2,41.584,13.075,289,SSR.
18:44:30,1136,#ff0000,2,41.567,13.074,289,SSR.PR.
18:44:36,1136,#ff0000,2,41.554,13.073,289,SSR.PR.
18:44:43,1136,#ff0000,2,41.543,13.074,289,SSR.PR.
18:44:48,1136,#ff0000,2,41.531,13.075,290,SSR.PR.
18:44:54,1136,#ff0000,2,41.520,13.076,290,SSR.PR.
18:44:59,1136,#ff0000,2,41.510,13.077,290,SSR.PR.
18:45:06,1136,#ff0000,2,41.495,13.077,290,SSR.PR.
18:45:11,1136,#ff0000,2,41.488,13.080,290,SSR.
18:45:17,1136,#ff0000,2,41.469,13.076,290,SSR.PR.
18:45:23,1136,#ff0000,2,41.458,13.075,290,SSR.PR.
18:45:29,1136,#ff0000,2,41.450,13.079,290,SSR.PR.
18:45:35,1136,#ff0000,2,41.438,13.079,290,SSR.PR.
18:45:41,1136,#ff0000,2,41.425,13.078,290,SSR.PR.
18:45:46,1136,#ff0000,2,41.414,13.077,289,SSR.PR.
18:45:53,1136,#ff0000,2,41.405,13.074,289,SSR.PR.
18:45:59,1136,#ff0000,2,41.390,13.067,289,SSR.PR.
18:46:04,1136,#ff0000,2,41.380,13.064,289,SSR.PR.
18:46:11,1136,#ff0000,2,41.371,13.062,289,SSR.PR.
18:46:17,1136,#ff0000,2,41.362,13.058,290,SSR.PR.
18:46:22,1136,#ff0000,2,41.348,13.052,290,SSR.PR.
18:46:28,1136,#ff0000,2,41.340,13.050,0,SSR.PR.
18:46:34,1136,#ff0000,2,41.330,13.047,290,SSR.PR.
18:46:40,1136,#ff0000,2,41.315,13.037,290,SSR.PR.
18:46:46,1136,#ff0000,2,41.306,13.035,290,SSR.PR.
18:46:53,1136,#ff0000,2,41.296,13.030,290,SSR.PR.
18:46:58,1136,#ff0000,2,41.286,13.026,289,SSR.PR.
18:47:04,1136,#ff0000,2,41.276,13.023,289,SSR.PR.
18:47:10,1136,#ff0000,2,41.266,13.018,288,SSR.PR.
18:47:16,1136,#ff0000,2,41.254,13.013,287,SSR.PR.
18:47:22,1136,#ff0000,2,41.243,13.009,286,SSR.PR.
18:47:28,1136,#ff0000,2,41.235,13.007,285,SSR.PR.
18:47:33,1136,#ff0000,2,41.223,12.999,284,SSR.PR.
18:47:40,1136,#ff0000,2,41.214,12.998,284,SSR.PR.
18:47:45,1136,#ff0000,2,41.201,12.989,283,SSR.PR.
18:47:51,1136,#ff0000,2,41.192,12.987,282,SSR.PR.
18:47:58,1136,#ff0000,2,41.180,12.981,281,SSR.PR.
18:48:03,1136,#ff0000,2,41.172,12.981,280,SSR.PR.
18:48:09,1136,#ff0000,2,41.158,12.974,279,SSR.PR.
18:48:14,1136,#ff0000,2,41.146,12.969,278,SSR.PR.
18:48:21,1136,#ff0000,2,41.136,12.967,277,SSR.PR.
18:48:27,1136,#ff0000,2,41.124,12.961,276,SSR.PR.
18:48:38,1136,#ff0000,2,41.104,12.959,275,SSR.PR.
18:48:45,1136,#ff0000,2,41.090,12.948,274,SSR.PR.
18:48:50,1136,#ff0000,2,41.078,12.944,273,SSR.PR.
18:48:56,1136,#ff0000,2,41.067,12.940,272,SSR.PR.
18:49:03,1136,#ff0000,2,41.054,12.934,271,SSR.PR.
18:49:08,1136,#ff0000,2,41.046,12.935,270,SSR.PR.
18:49:14,1136,#ff0000,2,41.033,12.927,270,SSR.PR.
18:49:19,1136,#ff0000,2,41.024,12.929,269,SSR.PR.
18:49:26,1136,#ff0000,2,41.011,12.922,268,SSR.PR.
18:49:32,1136,#ff0000,2,41.002,12.921,267,SSR.PR.
18:49:37,1136,#ff0000,2,40.988,12.912,266,SSR.PR.
18:49:43,1136,#ff0000,2,40.977,12.909,265,SSR.PR.
18:49:50,1136,#ff0000,2,40.966,12.909,265,SSR.PR.
18:49:55,1136,#ff0000,2,40.954,12.904,264,SSR.PR.
18:50:01,1136,#ff0000,2,40.941,12.900,263,SSR.PR.
18:50:07,1136,#ff0000,2,40.931,12.898,0,SSR.PR.
18:50:13,1136,#ff0000,2,40.920,12.897,261,SSR.PR.
18:50:19,1136,#ff0000,2,40.908,12.894,0,SSR.PR.
18:50:25,1136,#ff0000,2,40.895,12.889,259,SSR.PR.
18:50:31,1136,#ff0000,2,40.882,12.883,258,SSR.PR.
18:50:37,1136,#ff0000,2,40.872,12.885,257,SSR.PR.
18:50:43,1136,#ff0000,2,40.859,12.880,256,SSR.PR.
18:50:48,1136,#ff0000,2,40.847,12.880,255,SSR.PR.
18:50:55,1136,#ff0000,2,40.835,12.882,255,SSR.PR.
18:51:00,1136,#ff0000,2,40.823,12.881,255,SSR.PR.
18:51:06,1136,#ff0000,2,40.811,12.881,254,SSR.PR.
18:51:13,1136,#ff0000,2,40.798,12.877,254,SSR.PR.
18:51:18,1136,#ff0000,2,40.794,12.902,0,SSR.
18:51:24,1136,#ff0000,2,40.773,12.876,253,SSR.PR.
18:51:30,1136,#ff0000,2,40.759,12.870,252,SSR.PR.
18:51:36,1136,#ff0000,2,40.750,12.880,252,SSR.PR.
18:51:42,1136,#ff0000,2,40.736,12.873,251,SSR.PR.
18:51:47,1136,#ff0000,2,40.723,12.873,250,SSR.PR.
18:51:53,1136,#ff0000,2,40.710,12.872,250,SSR.PR.
18:52:00,1136,#ff0000,2,40.699,12.872,250,SSR.PR.
18:52:05,1136,#ff0000,2,40.687,12.874,250,SSR.PR.
18:52:11,1136,#ff0000,2,40.675,12.875,250,SSR.PR.
18:52:18,1136,#ff0000,2,40.664,12.876,250,SSR.PR.
18:52:23,1136,#ff0000,2,40.652,12.877,250,SSR.PR.
18:52:29,1136,#ff0000,2,40.641,12.880,250,SSR.PR.
18:52:35,1136,#ff0000,2,40.627,12.876,251,SSR.PR.
18:52:41,1136,#ff0000,2,40.616,12.880,251,SSR.PR.
18:52:52,1136,#ff0000,2,40.594,12.885,251,SSR.PR.
18:52:58,1136,#ff0000,2,40.579,12.879,251,SSR.PR.
18:53:05,1136,#ff0000,2,40.567,12.879,250,SSR.PR.
18:53:10,1136,#ff0000,2,40.553,12.874,0,SSR.PR.
18:53:16,1136,#ff0000,2,40.542,12.880,250,SSR.PR.
18:53:23,1136,#ff0000,2,40.529,12.877,250,SSR.PR.
18:53:28,1136,#ff0000,2,40.517,12.877,250,SSR.PR.
18:53:34,1136,#ff0000,2,40.505,12.877,250,SSR.PR.
18:53:39,1136,#ff0000,2,40.493,12.880,250,SSR.PR.
18:53:46,1136,#ff0000,2,40.480,12.877,250,SSR.PR.
18:53:52,1136,#ff0000,2,40.469,12.885,250,SSR.
18:53:57,1136,#ff0000,2,40.457,12.885,250,SSR.PR.
18:54:03,1136,#ff0000,2,40.446,12.887,251,SSR.PR.
18:54:10,1136,#ff0000,2,40.432,12.880,251,SSR.PR.
18:54:15,1136,#ff0000,2,40.421,12.885,0,SSR.PR.
18:54:21,1136,#ff0000,2,40.408,12.882,250,SSR.PR.
18:54:27,1136,#ff0000,2,40.395,12.881,250,SSR.PR.
18:54:33,1136,#ff0000,2,40.384,12.886,250,SSR.PR.
18:54:39,1136,#ff0000,2,40.372,12.885,250,SSR.PR.
18:54:44,1136,#ff0000,2,40.358,12.881,250,SSR.PR.
18:54:51,1136,#ff0000,2,40.345,12.877,250,SSR.PR.
18:54:57,1136,#ff0000,2,40.336,12.887,250,SSR.PR.
18:55:02,1136,#ff0000,2,40.324,12.889,250,SSR.PR.
18:55:09,1136,#ff0000,2,40.311,12.888,250,SSR.PR.
18:55:14,1136,#ff0000,2,40.298,12.884,250,SSR.PR.
18:55:20,1136,#ff0000,2,40.288,12.891,250,SSR.PR.
18:55:26,1136,#ff0000,2,40.275,12.890,250,SSR.PR.
18:55:32,1136,#ff0000,2,40.262,12.885,0,SSR.PR.
18:55:38,1136,#ff0000,2,40.249,12.886,250,SSR.PR.
18:55:44,1136,#ff0000,2,40.239,12.894,250,SSR.PR.
18:55:49,1136,#ff0000,2,40.224,12.882,250,SSR.PR.
18:55:56,1136,#ff0000,2,40.214,12.890,0,SSR.PR.
18:56:01,1136,#ff0000,2,40.199,12.882,250,SSR.PR.
18:56:07,1136,#ff0000,2,40.188,12.886,250,SSR.PR.
18:56:14,1136,#ff0000,2,40.177,12.894,250,SSR.PR.
18:56:19,1136,#ff0000,2,40.164,12.896,250,SSR.PR.
18:56:25,1136,#ff0000,2,40.154,12.910,250,SSR.PR.
18:56:31,1136,#ff0000,2,40.140,12.905,250,SSR.PR.
18:56:37,1136,#ff0000,2,40.128,12.909,0,SSR.PR.
18:56:43,1136,#ff0000,2,40.115,12.907,250,SSR.PR.
18:56:48,1136,#ff0000,2,40.103,12.915,250,SSR.PR.
18:56:54,1136,#ff0000,2,40.089,12.909,250,SSR.PR.
18:57:01,1136,#ff0000,2,40.078,12.917,250,SSR.PR.
18:57:06,1136,#ff0000,2,40.065,12.918,250,SSR.PR.
18:57:12,1136,#ff0000,2,40.057,12.940,0,SSR.
18:57:19,1136,#ff0000,2,40.039,12.917,250,SSR.
18:57:24,1136,#ff0000,2,40.027,12.928,250,SSR.PR.
18:57:30,1136,#ff0000,2,40.017,12.936,250,SSR.
18:57:35,1136,#ff0000,2,40.005,12.945,250,SSR.
18:57:42,1136,#ff0000,2,39.992,12.945,250,SSR.
18:57:48,1136,#ff0000,2,39.977,12.935,250,SSR.PR.
18:57:53,1136,#ff0000,2,39.970,12.962,250,SSR.
18:57:59,1136,#ff0000,2,39.958,12.966,250,SSR.
18:58:06,1136,#ff0000,2,39.942,12.960,250,SSR.
18:58:11,1136,#ff0000,2,39.928,12.957,250,SSR.PR.
18:58:17,1136,#ff0000,2,39.916,12.962,250,SSR.
18:58:24,1136,#ff0000,2,39.901,12.951,250,SSR.
18:58:29,1136,#ff0000,2,39.890,12.959,250,SSR.
18:58:35,1136,#ff0000,2,39.878,12.967,250,SSR.
18:58:40,1136,#ff0000,2,39.866,12.975,250,SSR.
18:58:47,1136,#ff0000,2,39.855,12.984,250,SSR.
18:58:53,1136,#ff0000,2,39.844,12.992,250,SSR.
18:58:58,1136,#ff0000,2,39.831,12.993,250,SSR.
18:59:04,1136,#ff0000,2,39.818,12.993,250,SSR.
18:59:10,1136,#ff0000,2,39.806,13.002,250,SSR.PR.
18:59:16,1136,#ff0000,2,39.792,12.998,250,SSR.PR.
18:59:22,1136,#ff0000,2,39.779,12.999,250,SSR.PR.
18:59:27,1136,#ff0000,2,39.769,13.011,250,SSR.
18:59:34,1136,#ff0000,2,39.754,13.003,250,SSR.PR.
18:59:40,1136,#ff0000,2,39.742,13.008,250,SSR.PR.
18:59:45,1136,#ff0000,2,39.731,13.020,250,SSR.
null,null,null,null,null,null,null
18:24:29,1136,#ff0000,4,43.740,11.198,0,SSR.
18:24:36,1136,#ff0000,4,43.734,11.212,0,SSR.
18:24:53,1136,#ff0000,4,43.705,11.228,190,SSR.
18:24:59,1136,#ff0000,4,43.700,11.249,191,SSR.
18:25:05,1136,#ff0000,4,43.689,11.250,0,SSR.
18:25:41,1136,#ff0000,4,43.624,11.259,200,SSR.
18:25:46,1136,#ff0000,4,43.616,11.268,205,SSR.
18:25:58,1136,#ff0000,4,43.595,11.280,0,SSR.
18:26:04,1136,#ff0000,4,43.587,11.289,205,SSR.
18:26:10,1136,#ff0000,4,43.572,11.280,206,SSR.PR.     SPI.
18:26:21,1136,#ff0000,4,43.554,11.299,209,SSR.PR.     SPI.
18:26:28,1136,#ff0000,4,43.541,11.297,210,SSR.PR.     SPI.
18:26:33,1136,#ff0000,4,43.534,11.314,212,SSR.PR.
18:26:39,1136,#ff0000,4,43.523,11.320,213,SSR.PR.
18:26:45,1136,#ff0000,4,43.514,11.329,241,SSR.PR.
18:26:51,1136,#ff0000,4,43.496,11.314,216,SSR.
18:26:57,1136,#ff0000,4,43.502,11.373,217,SSR.
18:27:02,1136,#ff0000,4,43.488,11.365,218,SSR.PR.
18:27:09,1136,#ff0000,4,43.475,11.363,220,SSR.
18:27:15,1136,#ff0000,4,43.463,11.366,221,SSR.PR.
18:27:20,1136,#ff0000,4,43.456,11.386,0,SSR.PR.
18:27:27,1136,#ff0000,4,43.444,11.388,224,SSR.PR.
18:27:32,1136,#ff0000,4,43.434,11.397,225,SSR.PR.
18:27:50,1136,#ff0000,4,43.405,11.428,228,SSR.PR.
18:27:56,1136,#ff0000,4,43.383,11.394,229,SSR.
18:28:02,1136,#ff0000,4,43.385,11.447,230,SSR.PR.
18:28:07,1136,#ff0000,4,43.372,11.449,231,SSR.PR.
18:28:14,1136,#ff0000,4,43.363,11.462,231,SSR.PR.
18:28:20,1136,#ff0000,4,43.356,11.484,231,SSR.PR.
18:28:25,1136,#ff0000,4,43.341,11.480,231,SSR.PR.
18:28:32,1136,#ff0000,4,43.332,11.493,231,SSR.PR.
18:28:38,1136,#ff0000,4,43.320,11.499,231,SSR.PR.
18:28:43,1136,#ff0000,4,43.309,11.508,230,SSR.PR.
18:28:49,1136,#ff0000,4,43.295,11.511,230,SSR.PR.
18:28:55,1136,#ff0000,4,43.287,11.529,231,SSR.PR.
18:29:01,1136,#ff0000,4,43.274,11.529,234,SSR.PR.
18:29:19,1136,#ff0000,4,43.236,11.541,243,SSR.PR.
18:29:24,1136,#ff0000,4,43.225,11.547,246,SSR.PR.
18:29:30,1136,#ff0000,4,43.214,11.556,249,SSR.PR.
18:29:42,1136,#ff0000,4,43.194,11.576,255,SSR.PR.
18:29:48,1136,#ff0000,4,43.182,11.582,258,SSR.PR.
18:29:54,1136,#ff0000,4,43.173,11.593,260,SSR.PR.
18:30:00,1136,#ff0000,4,43.164,11.606,262,SSR.PR.
18:30:06,1136,#ff0000,4,43.154,11.618,264,SSR.PR.
18:30:12,1136,#ff0000,4,43.144,11.626,267,SSR.PR.
18:30:17,1136,#ff0000,4,43.136,11.639,269,SSR.PR.
18:30:24,1136,#ff0000,4,43.127,11.650,271,SSR.PR.
18:30:29,1136,#ff0000,4,43.121,11.670,273,SSR.PR.
18:30:35,1136,#ff0000,4,43.110,11.673,275,SSR.PR.
18:30:42,1136,#ff0000,4,43.102,11.688,277,SSR.PR.
18:30:47,1136,#ff0000,4,43.095,11.703,279,SSR.PR.
18:30:53,1136,#ff0000,4,43.087,11.716,281,SSR.PR.
18:30:59,1136,#ff0000,4,43.077,11.722,282,SSR.PR.
18:31:05,1136,#ff0000,4,43.071,11.742,283,SSR.PR.
18:31:11,1136,#ff0000,4,43.061,11.749,284,SSR.PR.
18:31:17,1136,#ff0000,4,43.053,11.764,285,SSR.PR.
18:31:22,1136,#ff0000,4,43.045,11.776,286,SSR.PR.
18:31:29,1136,#ff0000,4,43.036,11.785,0,SSR.PR.
18:31:34,1136,#ff0000,4,43.028,11.801,288,SSR.PR.
18:31:40,1136,#ff0000,4,43.018,11.810,289,SSR.PR.
18:31:47,1136,#ff0000,4,43.009,11.819,289,SSR.PR.
18:31:52,1136,#ff0000,4,43.001,11.838,290,SSR.PR.
18:31:58,1136,#ff0000,4,42.993,11.852,290,SSR.PR.
18:32:03,1136,#ff0000,4,42.982,11.860,290,SSR.PR.
18:32:10,1136,#ff0000,4,42.974,11.879,290,SSR.PR.
18:32:16,1136,#ff0000,4,42.964,11.882,290,SSR.PR.
18:32:21,1136,#ff0000,4,42.955,11.898,290,SSR.PR.
18:32:27,1136,#ff0000,4,42.939,11.875,290,SSR.
18:32:34,1136,#ff0000,4,42.935,11.924,290,SSR.PR.
18:32:39,1136,#ff0000,4,42.925,11.931,290,SSR.PR.
18:32:45,1136,#ff0000,4,42.915,11.944,290,SSR.PR.
18:32:52,1136,#ff0000,4,42.903,11.947,290,SSR.PR.
18:32:57,1136,#ff0000,4,42.895,11.971,290,SSR.PR.
18:33:03,1136,#ff0000,4,42.884,11.980,290,SSR.PR.
18:33:09,1136,#ff0000,4,42.872,11.979,290,SSR.
18:33:15,1136,#ff0000,4,42.863,11.997,290,SSR.PR.
18:33:21,1136,#ff0000,4,42.852,12.011,290,SSR.PR.
18:33:26,1136,#ff0000,4,42.843,12.027,290,SSR.PR.
18:33:32,1136,#ff0000,4,42.831,12.034,290,SSR.PR.
18:33:39,1136,#ff0000,4,42.819,12.039,290,SSR.PR.
18:33:44,1136,#ff0000,4,42.807,12.051,290,SSR.PR.
18:33:50,1136,#ff0000,4,42.796,12.062,290,SSR.PR.
18:33:57,1136,#ff0000,4,42.784,12.069,290,SSR.PR.
18:34:02,1136,#ff0000,4,42.772,12.077,290,SSR.PR.
18:34:08,1136,#ff0000,4,42.761,12.087,290,SSR.PR.
18:34:13,1136,#ff0000,4,42.749,12.097,290,SSR.PR.
18:34:20,1136,#ff0000,4,42.737,12.107,290,SSR.PR.
18:34:26,1136,#ff0000,4,42.724,12.117,290,SSR.PR.
18:34:32,1136,#ff0000,4,42.712,12.120,290,SSR.PR.
18:34:37,1136,#ff0000,4,42.700,12.128,0,SSR.PR.
18:34:44,1136,#ff0000,4,42.689,12.144,290,SSR.PR.
18:34:50,1136,#ff0000,4,42.676,12.135,290,SSR.
18:34:55,1136,#ff0000,4,42.667,12.159,290,SSR.
18:35:13,1136,#ff0000,4,42.637,12.208,290,SSR.PR.
18:35:19,1136,#ff0000,4,42.628,12.225,290,SSR.PR.
18:35:25,1136,#ff0000,4,42.618,12.234,290,SSR.PR.
18:35:31,1136,#ff0000,4,42.609,12.251,290,SSR.PR.
18:35:37,1136,#ff0000,4,42.599,12.269,290,SSR.
18:35:42,1136,#ff0000,4,42.590,12.280,290,SSR.PR.
18:35:49,1136,#ff0000,4,42.580,12.294,290,SSR.PR.
18:35:55,1136,#ff0000,4,42.570,12.308,290,SSR.
18:36:00,1136,#ff0000,4,42.560,12.326,290,SSR.PR.
18:36:07,1136,#ff0000,4,42.550,12.339,290,SSR.PR.
18:36:12,1136,#ff0000,4,42.539,12.350,290,SSR.
18:36:18,1136,#ff0000,4,42.530,12.367,290,SSR.PR.
18:36:24,1136,#ff0000,4,42.519,12.383,290,SSR.PR.
18:36:30,1136,#ff0000,4,42.509,12.396,290,SSR.PR.
18:36:36,1136,#ff0000,4,42.498,12.411,290,SSR.PR.
18:36:42,1136,#ff0000,4,42.487,12.423,290,SSR.PR.
18:36:47,1136,#ff0000,4,42.477,12.440,290,SSR.PR.
18:36:54,1136,#ff0000,4,42.466,12.454,290,SSR.PR.
18:37:00,1136,#ff0000,4,42.457,12.466,290,SSR.PR.
18:37:05,1136,#ff0000,4,42.448,12.472,290,SSR.
18:37:12,1136,#ff0000,4,42.436,12.496,290,SSR.PR.
18:37:18,1136,#ff0000,4,42.427,12.502,290,SSR.
18:37:23,1136,#ff0000,4,42.415,12.522,290,SSR.PR.
18:37:29,1136,#ff0000,4,42.405,12.538,290,SSR.PR.
18:37:36,1136,#ff0000,4,42.395,12.549,290,SSR.
18:37:41,1136,#ff0000,4,42.384,12.562,290,SSR.
18:37:47,1136,#ff0000,4,42.373,12.581,290,SSR.PR.
18:37:54,1136,#ff0000,4,42.365,12.589,290,SSR.
18:37:59,1136,#ff0000,4,42.353,12.606,290,SSR.PR.
18:38:05,1136,#ff0000,4,42.342,12.623,290,SSR.PR.
18:38:10,1136,#ff0000,4,42.334,12.628,290,SSR.
18:38:17,1136,#ff0000,4,42.320,12.646,290,SSR.PR.
18:38:23,1136,#ff0000,4,42.308,12.662,290,SSR.PR.
18:38:28,1136,#ff0000,4,42.297,12.673,290,SSR.PR.
18:38:35,1136,#ff0000,4,42.287,12.683,290,SSR.PR.
18:38:40,1136,#ff0000,4,42.278,12.691,290,SSR.
18:38:46,1136,#ff0000,4,42.263,12.709,290,SSR.PR.
18:38:52,1136,#ff0000,4,42.256,12.715,290,SSR.
18:38:59,1136,#ff0000,4,42.240,12.734,290,SSR.PR.
18:39:04,1136,#ff0000,4,42.228,12.747,290,SSR.PR.
18:39:10,1136,#ff0000,4,42.218,12.757,290,SSR.PR.
18:39:16,1136,#ff0000,4,42.206,12.771,290,SSR.PR.
18:39:22,1136,#ff0000,4,42.194,12.782,290,SSR.PR.
18:39:28,1136,#ff0000,4,42.183,12.795,290,SSR.PR.
18:39:34,1136,#ff0000,4,42.171,12.807,290,SSR.PR.
18:39:39,1136,#ff0000,4,42.158,12.821,290,SSR.PR.
18:39:46,1136,#ff0000,4,42.150,12.829,290,SSR.
18:39:51,1136,#ff0000,4,42.139,12.841,290,SSR.
18:39:57,1136,#ff0000,4,42.130,12.851,290,SSR.PR.
18:40:04,1136,#ff0000,4,42.116,12.865,290,SSR.
18:40:09,1136,#ff0000,4,42.102,12.879,290,SSR.PR.
18:40:15,1136,#ff0000,4,42.091,12.891,290,SSR.PR.
18:40:21,1136,#ff0000,4,42.080,12.902,290,SSR.PR.
18:40:28,1136,#ff0000,4,42.069,12.913,290,SSR.PR.
18:40:33,1136,#ff0000,4,42.058,12.925,290,SSR.PR.
18:40:39,1136,#ff0000,4,42.046,12.937,290,SSR.PR.
18:40:46,1136,#ff0000,4,42.032,12.950,290,SSR.PR.
18:40:51,1136,#ff0000,4,42.022,12.960,290,SSR.
18:40:57,1136,#ff0000,4,42.013,12.970,289,SSR.PR.
18:41:02,1136,#ff0000,4,41.998,12.980,289,SSR.PR.
18:41:09,1136,#ff0000,4,41.985,12.987,289,SSR.PR.
18:41:15,1136,#ff0000,4,41.976,12.992,289,SSR.
18:41:20,1136,#ff0000,4,41.968,12.995,289,SSR.
18:41:26,1136,#ff0000,4,41.961,12.998,290,SSR.
18:41:33,1136,#ff0000,4,41.992,12.986,290,SSR.
18:41:38,1136,#ff0000,4,41.990,12.987,290,SSR.
18:41:44,1136,#ff0000,4,41.975,12.994,290,SSR.
18:41:49,1136,#ff0000,4,41.898,13.017,290,SSR.PR.
18:41:56,1136,#ff0000,4,41.886,13.020,290,SSR.PR.
18:42:02,1136,#ff0000,4,41.878,13.023,290,SSR.
18:42:08,1136,#ff0000,4,41.860,13.026,290,SSR.PR.
18:42:14,1136,#ff0000,4,41.850,13.029,290,SSR.PR.
18:42:20,1136,#ff0000,4,41.836,13.031,290,SSR.PR.
18:42:26,1136,#ff0000,4,41.822,13.035,290,SSR.PR.
18:42:31,1136,#ff0000,4,41.811,13.036,290,SSR.PR.
18:42:38,1136,#ff0000,4,41.799,13.039,290,SSR.PR.
18:42:44,1136,#ff0000,4,41.786,13.043,290,SSR.PR.
18:42:49,1136,#ff0000,4,41.775,13.045,290,SSR.PR.
18:42:56,1136,#ff0000,4,41.764,13.048,290,SSR.
18:43:01,1136,#ff0000,4,41.747,13.049,290,SSR.PR.
18:43:07,1136,#ff0000,4,41.739,13.052,290,SSR.PR.
18:43:13,1136,#ff0000,4,41.724,13.053,290,SSR.PR.
18:43:19,1136,#ff0000,4,41.710,13.056,290,SSR.PR.
18:43:25,1136,#ff0000,4,41.700,13.058,290,SSR.PR.
18:43:31,1136,#ff0000,4,41.689,13.061,290,SSR.PR.
18:43:36,1136,#ff0000,4,41.676,13.062,290,SSR.PR.
18:43:43,1136,#ff0000,4,41.665,13.064,290,SSR.PR.
18:43:48,1136,#ff0000,4,41.649,13.064,290,SSR.PR.
18:43:54,1136,#ff0000,4,41.638,13.066,290,SSR.PR.
18:44:01,1136,#ff0000,4,41.628,13.068,290,SSR.PR.
18:44:07,1136,#ff0000,4,41.616,13.071,290,SSR.PR.
18:44:12,1136,#ff0000,4,41.602,13.070,290,SSR.PR.
18:44:18,1136,#ff0000,4,41.592,13.072,289,SSR.PR.
18:44:25,1136,#ff0000,4,41.584,13.075,289,SSR.
18:44:30,1136,#ff0000,4,41.566,13.072,289,SSR.PR.
18:44:36,1136,#ff0000,4,41.553,13.073,289,SSR.PR.
18:44:43,1136,#ff0000,4,41.543,13.075,289,SSR.PR.
18:44:48,1136,#ff0000,4,41.531,13.075,290,SSR.PR.
18:44:54,1136,#ff0000,4,41.518,13.075,290,SSR.PR.
18:44:59,1136,#ff0000,4,41.508,13.076,290,SSR.PR.
18:45:06,1136,#ff0000,4,41.495,13.077,290,SSR.PR.
18:45:11,1136,#ff0000,4,41.488,13.080,290,SSR.
18:45:17,1136,#ff0000,4,41.469,13.076,290,SSR.PR.
18:45:23,1136,#ff0000,4,41.458,13.075,290,SSR.PR.
18:45:29,1136,#ff0000,4,41.448,13.077,290,SSR.PR.
18:45:35,1136,#ff0000,4,41.436,13.078,290,SSR.PR.
18:45:41,1136,#ff0000,4,41.423,13.076,290,SSR.PR.
18:45:46,1136,#ff0000,4,41.415,13.076,289,SSR.PR.
18:45:53,1136,#ff0000,4,41.404,13.074,289,SSR.PR.
18:45:59,1136,#ff0000,4,41.389,13.066,289,SSR.PR.
18:46:04,1136,#ff0000,4,41.380,13.064,289,SSR.PR.
18:46:11,1136,#ff0000,4,41.370,13.061,289,SSR.PR.
18:46:17,1136,#ff0000,4,41.361,13.057,290,SSR.PR.
18:46:22,1136,#ff0000,4,41.348,13.052,290,SSR.PR.
18:46:28,1136,#ff0000,4,41.339,13.048,290,SSR.PR.
18:46:34,1136,#ff0000,4,41.329,13.045,290,SSR.PR.
18:46:40,1136,#ff0000,4,41.316,13.036,290,SSR.PR.
18:46:46,1136,#ff0000,4,41.305,13.033,290,SSR.PR.
18:46:53,1136,#ff0000,4,41.296,13.030,290,SSR.PR.
18:46:58,1136,#ff0000,4,41.285,13.025,289,SSR.PR.
18:47:04,1136,#ff0000,4,41.274,13.020,289,SSR.PR.
18:47:10,1136,#ff0000,4,41.265,13.017,288,SSR.PR.
18:47:16,1136,#ff0000,4,41.253,13.012,287,SSR.PR.
18:47:22,1136,#ff0000,4,41.243,13.009,286,SSR.PR.
18:47:28,1136,#ff0000,4,41.234,13.004,285,SSR.PR.
18:47:33,1136,#ff0000,4,41.222,13.000,284,SSR.PR.
18:47:40,1136,#ff0000,4,41.212,12.996,284,SSR.PR.
18:47:45,1136,#ff0000,4,41.199,12.987,283,SSR.PR.
18:47:51,1136,#ff0000,4,41.191,12.986,282,SSR.PR.
18:47:58,1136,#ff0000,4,41.180,12.981,281,SSR.PR.
18:48:03,1136,#ff0000,4,41.172,12.981,280,SSR.PR.
18:48:09,1136,#ff0000,4,41.158,12.974,279,SSR.PR.
18:48:14,1136,#ff0000,4,41.145,12.966,278,SSR.PR.
18:48:21,1136,#ff0000,4,41.135,12.965,277,SSR.PR.
18:48:27,1136,#ff0000,4,41.122,12.958,0,SSR.PR.
18:48:38,1136,#ff0000,4,41.104,12.957,275,SSR.PR.
18:48:45,1136,#ff0000,4,41.089,12.947,274,SSR.PR.
18:48:50,1136,#ff0000,4,41.078,12.944,273,SSR.PR.
18:48:56,1136,#ff0000,4,41.066,12.937,272,SSR.PR.
18:49:03,1136,#ff0000,4,41.055,12.936,271,SSR.PR.
18:49:08,1136,#ff0000,4,41.046,12.935,270,SSR.PR.
18:49:14,1136,#ff0000,4,41.032,12.925,270,SSR.PR.
18:49:19,1136,#ff0000,4,41.023,12.928,269,SSR.PR.
18:49:26,1136,#ff0000,4,41.009,12.919,268,SSR.PR.
18:49:32,1136,#ff0000,4,41.001,12.920,267,SSR.PR.
18:49:37,1136,#ff0000,4,40.987,12.910,266,SSR.PR.
18:49:43,1136,#ff0000,4,40.976,12.910,265,SSR.PR.
18:49:50,1136,#ff0000,4,40.964,12.905,265,SSR.PR.
18:49:55,1136,#ff0000,4,40.954,12.904,264,SSR.PR.
18:50:01,1136,#ff0000,4,40.940,12.898,263,SSR.PR.
18:50:07,1136,#ff0000,4,40.930,12.896,262,SSR.PR.
18:50:13,1136,#ff0000,4,40.918,12.893,261,SSR.PR.
18:50:19,1136,#ff0000,4,40.907,12.892,0,SSR.PR.
18:50:25,1136,#ff0000,4,40.894,12.882,259,SSR.PR.
18:50:31,1136,#ff0000,4,40.882,12.883,258,SSR.PR.
18:50:37,1136,#ff0000,4,40.871,12.881,257,SSR.PR.
18:50:43,1136,#ff0000,4,40.858,12.877,256,SSR.PR.
18:50:48,1136,#ff0000,4,40.847,12.880,255,SSR.PR.
18:50:55,1136,#ff0000,4,40.835,12.881,255,SSR.PR.
18:51:00,1136,#ff0000,4,40.822,12.881,255,SSR.PR.
18:51:06,1136,#ff0000,4,40.809,12.877,254,SSR.PR.
18:51:13,1136,#ff0000,4,40.795,12.871,254,SSR.PR.
18:51:18,1136,#ff0000,4,40.784,12.873,253,SSR.PR.
18:51:24,1136,#ff0000,4,40.773,12.874,253,SSR.PR.
18:51:30,1136,#ff0000,4,40.759,12.870,252,SSR.PR.
18:51:36,1136,#ff0000,4,40.750,12.880,252,SSR.PR.
18:51:42,1136,#ff0000,4,40.735,12.871,251,SSR.PR.
18:51:47,1136,#ff0000,4,40.722,12.870,250,SSR.PR.
18:51:53,1136,#ff0000,4,40.710,12.872,250,SSR.PR.
18:52:00,1136,#ff0000,4,40.699,12.872,250,SSR.PR.
18:52:05,1136,#ff0000,4,40.687,12.872,250,SSR.PR.
18:52:11,1136,#ff0000,4,40.674,12.871,250,SSR.PR.
18:52:18,1136,#ff0000,4,40.664,12.874,250,SSR.PR.
18:52:23,1136,#ff0000,4,40.652,12.877,250,SSR.PR.
18:52:29,1136,#ff0000,4,40.640,12.878,250,SSR.PR.
18:52:35,1136,#ff0000,4,40.628,12.874,251,SSR.PR.
18:52:41,1136,#ff0000,4,40.616,12.876,251,SSR.PR.
18:52:52,1136,#ff0000,4,40.593,12.883,251,SSR.PR.
18:52:58,1136,#ff0000,4,40.579,12.879,251,SSR.PR.
18:53:05,1136,#ff0000,4,40.566,12.877,250,SSR.PR.
18:53:10,1136,#ff0000,4,40.552,12.872,0,SSR.PR.
18:53:16,1136,#ff0000,4,40.541,12.875,250,SSR.PR.
18:53:23,1136,#ff0000,4,40.529,12.877,250,SSR.PR.
18:53:28,1136,#ff0000,4,40.517,12.877,250,SSR.PR.
18:53:34,1136,#ff0000,4,40.505,12.877,250,SSR.PR.
18:53:39,1136,#ff0000,4,40.493,12.880,250,SSR.PR.
18:53:46,1136,#ff0000,4,40.480,12.877,250,SSR.PR.
18:53:52,1136,#ff0000,4,40.468,12.880,250,SSR.
18:53:57,1136,#ff0000,4,40.457,12.882,250,SSR.PR.
18:54:03,1136,#ff0000,4,40.444,12.881,251,SSR.PR.
18:54:10,1136,#ff0000,4,40.431,12.878,251,SSR.PR.
18:54:15,1136,#ff0000,4,40.420,12.880,0,SSR.PR.
18:54:21,1136,#ff0000,4,40.407,12.879,250,SSR.PR.
18:54:27,1136,#ff0000,4,40.395,12.881,250,SSR.PR.
18:54:33,1136,#ff0000,4,40.382,12.881,250,SSR.PR.
18:54:39,1136,#ff0000,4,40.372,12.885,250,SSR.PR.
18:54:44,1136,#ff0000,4,40.358,12.881,250,SSR.PR.
18:54:51,1136,#ff0000,4,40.345,12.874,250,SSR.PR.
18:54:57,1136,#ff0000,4,40.335,12.885,250,SSR.PR.
18:55:02,1136,#ff0000,4,40.324,12.886,250,SSR.PR.
18:55:14,1136,#ff0000,4,40.298,12.884,250,SSR.PR.
18:55:20,1136,#ff0000,4,40.288,12.891,250,SSR.PR.
18:55:26,1136,#ff0000,4,40.274,12.886,250,SSR.PR.
18:55:32,1136,#ff0000,4,40.261,12.881,250,SSR.PR.
18:55:38,1136,#ff0000,4,40.249,12.886,250,SSR.PR.
18:55:44,1136,#ff0000,4,40.239,12.894,250,SSR.PR.
18:55:49,1136,#ff0000,4,40.224,12.882,250,SSR.PR.
18:55:56,1136,#ff0000,4,40.212,12.881,250,SSR.PR.
18:56:01,1136,#ff0000,4,40.199,12.882,250,SSR.PR.
18:56:07,1136,#ff0000,4,40.187,12.883,250,SSR.PR.
18:56:14,1136,#ff0000,4,40.176,12.891,250,SSR.PR.
18:56:19,1136,#ff0000,4,40.165,12.899,250,SSR.PR.
18:56:25,1136,#ff0000,4,40.153,12.903,250,SSR.PR.
18:56:31,1136,#ff0000,4,40.140,12.905,250,SSR.PR.
18:56:37,1136,#ff0000,4,40.128,12.909,0,SSR.PR.
18:56:43,1136,#ff0000,4,40.115,12.907,250,SSR.PR.
18:56:48,1136,#ff0000,4,40.102,12.908,250,SSR.PR.
18:56:54,1136,#ff0000,4,40.089,12.909,250,SSR.PR.
18:57:01,1136,#ff0000,4,40.077,12.913,250,SSR.PR.
18:57:06,1136,#ff0000,4,40.064,12.915,250,SSR.PR.
18:57:12,1136,#ff0000,4,40.057,12.940,250,SSR.
18:57:19,1136,#ff0000,4,40.039,12.917,250,SSR.
18:57:24,1136,#ff0000,4,40.026,12.925,250,SSR.PR.
18:57:30,1136,#ff0000,4,40.014,12.929,250,SSR.
18:57:35,1136,#ff0000,4,40.005,12.945,250,SSR.
18:57:42,1136,#ff0000,4,39.991,12.942,250,SSR.
18:57:48,1136,#ff0000,4,39.976,12.932,250,SSR.PR.
18:57:53,1136,#ff0000,4,39.970,12.962,250,SSR.
18:57:59,1136,#ff0000,4,39.956,12.959,250,SSR.
18:58:06,1136,#ff0000,4,39.942,12.960,250,SSR.
18:58:11,1136,#ff0000,4,39.928,12.957,250,SSR.PR.
18:58:17,1136,#ff0000,4,39.915,12.954,250,SSR.
18:58:24,1136,#ff0000,4,39.900,12.947,250,SSR.
18:58:29,1136,#ff0000,4,39.889,12.955,250,SSR.
18:58:35,1136,#ff0000,4,39.886,13.002,0,SSR.
18:58:40,1136,#ff0000,4,39.865,12.972,250,SSR.
18:58:47,1136,#ff0000,4,39.854,12.980,250,SSR.
18:58:53,1136,#ff0000,4,39.842,12.984,250,SSR.
18:58:58,1136,#ff0000,4,39.830,12.988,250,SSR.
18:59:04,1136,#ff0000,4,39.816,12.985,250,SSR.
18:59:10,1136,#ff0000,4,39.804,12.994,250,SSR.PR.
18:59:16,1136,#ff0000,4,39.792,12.998,250,SSR.PR.
18:59:22,1136,#ff0000,4,39.778,12.995,0,SSR.PR.
18:59:27,1136,#ff0000,4,39.768,13.007,250,SSR.
18:59:34,1136,#ff0000,4,39.753,12.999,250,SSR.PR.
18:59:40,1136,#ff0000,4,39.741,13.003,250,SSR.PR.
18:59:45,1136,#ff0000,4,39.731,13.016,250,SSR.
null,null,null,null,null,null,null
18:21:29,4200,#996633,1,44.226,11.118,0,SSR.
18:21:34,4200,#996633,1,44.221,11.143,0,SSR.
18:21:39,4200,#996633,1,44.213,11.153,0,SSR.
18:21:46,4200,#996633,1,44.194,11.122,0,SSR.
18:21:56,4200,#996633,1,44.150,11.036,0,SSR.
18:22:02,4200,#996633,1,44.144,11.056,0,SSR.
18:22:52,4200,#996633,1,44.041,11.093,0,SSR.
18:23:03,4200,#996633,1,44.027,11.138,0,SSR.
18:23:42,4200,#996633,1,43.925,11.096,0,SSR.
18:23:48,4200,#996633,1,43.907,11.080,0,SSR.
18:23:54,4200,#996633,1,43.896,11.087,0,SSR.
18:23:59,4200,#996633,1,43.881,11.080,0,SSR.
18:24:10,4200,#996633,1,43.846,11.048,0,SSR.
18:24:16,4200,#996633,1,43.837,11.064,0,SSR.
18:24:21,4200,#996633,1,43.832,11.088,0,SSR.
18:24:27,4200,#996633,1,43.826,11.115,0,SSR.
18:24:32,4200,#996633,1,43.814,11.118,0,SSR.
18:24:38,4200,#996633,1,43.802,11.124,0,SSR.
18:25:01,4200,#996633,1,43.739,11.088,0,SSR.
18:25:28,4200,#996633,1,43.672,11.085,0,SSR.PR.
18:25:33,4200,#996633,1,43.660,11.092,0,SSR.
18:25:40,4200,#996633,1,43.654,11.111,0,SSR.
18:25:45,4200,#996633,1,43.636,11.099,0,SSR.PR.
18:25:50,4200,#996633,1,43.631,11.125,0,SSR.
18:25:56,4200,#996633,1,43.612,11.104,0,SSR.
18:26:02,4200,#996633,1,43.600,11.112,0,SSR.
18:26:07,4200,#996633,1,43.585,11.103,0,SSR.
18:26:13,4200,#996633,1,43.572,11.107,0,SSR.
18:26:18,4200,#996633,1,43.561,11.109,0,SSR.
18:26:24,4200,#996633,1,43.549,11.113,0,SSR.
18:26:30,4200,#996633,1,43.539,11.119,0,SSR.
18:27:36,4200,#996633,1,43.383,11.159,0,SSR.PR.
18:27:42,4200,#996633,1,43.373,11.175,0,SSR.PR.
18:27:47,4200,#996633,1,43.357,11.173,0,SSR.PR.
18:27:53,4200,#996633,1,43.351,11.194,0,SSR.PR.
18:27:58,4200,#996633,1,43.342,11.212,0,SSR.PR.
18:28:04,4200,#996633,1,43.328,11.212,0,SSR.PR.
18:28:09,4200,#996633,1,43.321,11.233,0,SSR.PR.
18:28:15,4200,#996633,1,43.307,11.235,0,SSR.PR.
18:28:21,4200,#996633,1,43.294,11.244,0,SSR.PR.
18:28:26,4200,#996633,1,43.287,11.264,0,SSR.PR.
18:28:32,4200,#996633,1,43.271,11.259,0,SSR.PR.
18:28:38,4200,#996633,1,43.265,11.285,0,SSR.PR.
18:28:43,4200,#996633,1,43.251,11.288,0,SSR.PR.
18:28:49,4200,#996633,1,43.247,11.320,0,SSR.PR.
18:28:55,4200,#996633,1,43.226,11.304,0,SSR.PR.
18:29:00,4200,#996633,1,43.216,11.317,0,SSR.PR.
18:29:05,4200,#996633,1,43.205,11.332,0,SSR.
18:29:11,4200,#996633,1,43.188,11.326,0,SSR.
18:29:17,4200,#996633,1,43.183,11.353,0,SSR.PR.
18:29:22,4200,#996633,1,43.169,11.356,0,SSR.PR.
18:29:27,4200,#996633,1,43.160,11.375,0,SSR.PR.
18:29:33,4200,#996633,1,43.150,11.389,0,SSR.PR.
18:29:39,4200,#996633,1,43.139,11.402,0,SSR.PR.
18:29:44,4200,#996633,1,43.128,11.409,0,SSR.PR.
18:29:50,4200,#996633,1,43.116,11.417,0,SSR.PR.
18:29:55,4200,#996633,1,43.108,11.435,0,SSR.PR.
18:30:02,4200,#996633,1,43.100,11.452,0,SSR.PR.
18:30:07,4200,#996633,1,43.090,11.465,0,SSR.PR.
18:30:40,4200,#996633,1,43.019,11.477,0,SSR.PR.
18:30:46,4200,#996633,1,43.010,11.483,0,SSR.PR.
18:30:51,4200,#996633,1,42.995,11.473,0,SSR.PR.
18:30:56,4200,#996633,1,42.985,11.477,0,SSR.PR.
18:31:03,4200,#996633,1,42.965,11.454,0,SSR.
18:31:08,4200,#996633,1,42.967,11.491,0,SSR.PR.
18:31:13,4200,#996633,1,42.956,11.492,0,SSR.PR.
18:31:19,4200,#996633,1,42.945,11.488,0,SSR.
18:31:25,4200,#996633,1,42.934,11.484,0,SSR.PR.
18:31:30,4200,#996633,1,42.926,11.485,0,SSR.PR.
18:31:36,4200,#996633,1,42.918,11.482,0,SSR.PR.
18:31:41,4200,#996633,1,42.908,11.471,0,SSR.PR.
18:31:47,4200,#996633,1,42.900,11.459,0,SSR.PR.
18:31:53,4200,#996633,1,42.899,11.461,0,SSR.PR.
18:31:58,4200,#996633,1,42.892,11.448,0,SSR.PR.
18:32:03,4200,#996633,1,42.886,11.435,0,SSR.PR.
18:32:09,4200,#996633,1,42.881,11.424,0,SSR.
18:32:14,4200,#996633,1,42.874,11.409,0,SSR.
18:32:20,4200,#996633,1,42.870,11.397,0,SSR.
18:32:25,4200,#996633,1,42.866,11.388,0,SSR.
null,null,null,null,null,null,null
18:21:29,4200,#996633,3,44.231,11.132,0,SSR.
18:21:34,4200,#996633,3,44.224,11.153,0,SSR.
18:21:39,4200,#996633,3,44.212,11.148,0,SSR.
18:21:46,4200,#996633,3,44.194,11.122,0,SSR.
18:21:56,4200,#996633,3,44.150,11.036,0,SSR.
18:22:02,4200,#996633,3,44.145,11.061,0,SSR.
18:22:52,4200,#996633,3,44.042,11.097,0,SSR.
18:23:03,4200,#996633,3,44.031,11.152,0,SSR.
18:23:42,4200,#996633,3,43.925,11.096,0,SSR.
18:23:48,4200,#996633,3,43.907,11.080,0,SSR.
18:23:54,4200,#996633,3,43.897,11.091,0,SSR.
18:23:59,4200,#996633,3,43.884,11.088,0,SSR.
18:24:10,4200,#996633,3,43.847,11.053,0,SSR.
18:24:16,4200,#996633,3,43.838,11.068,0,SSR.
18:24:21,4200,#996633,3,43.831,11.088,0,SSR.
18:24:27,4200,#996633,3,43.828,11.119,0,SSR.
18:24:32,4200,#996633,3,43.818,11.131,0,SSR.
18:24:38,4200,#996633,3,43.802,11.124,0,SSR.
18:25:01,4200,#996633,3,43.740,11.092,0,SSR.
18:25:28,4200,#996633,3,43.673,11.089,0,SSR.PR.
18:25:33,4200,#996633,3,43.662,11.096,0,SSR.
18:25:40,4200,#996633,3,43.654,11.111,0,SSR.
18:25:45,4200,#996633,3,43.637,11.102,0,SSR.PR.
18:25:50,4200,#996633,3,43.632,11.128,0,SSR.
18:25:56,4200,#996633,3,43.613,11.108,0,SSR.
18:26:02,4200,#996633,3,43.602,11.115,0,SSR.
18:26:07,4200,#996633,3,43.585,11.107,0,SSR.
18:26:13,4200,#996633,3,43.574,11.110,0,SSR.
18:26:18,4200,#996633,3,43.563,11.117,0,SSR.
18:26:24,4200,#996633,3,43.552,11.120,0,SSR.
18:26:30,4200,#996633,3,43.540,11.123,0,SSR.
18:27:36,4200,#996633,3,43.384,11.163,0,SSR.PR.
18:27:42,4200,#996633,3,43.373,11.175,0,SSR.PR.
18:27:47,4200,#996633,3,43.358,11.176,0,SSR.PR.
18:27:53,4200,#996633,3,43.354,11.203,0,SSR.PR.
18:27:58,4200,#996633,3,43.331,11.182,0,SSR.PR.
18:28:04,4200,#996633,3,43.327,11.209,0,SSR.PR.
18:28:09,4200,#996633,3,43.320,11.230,0,SSR.PR.
18:28:15,4200,#996633,3,43.309,11.241,0,SSR.PR.
18:28:21,4200,#996633,3,43.300,11.259,0,SSR.PR.
18:28:26,4200,#996633,3,43.284,11.258,0,SSR.PR.
18:28:32,4200,#996633,3,43.271,11.259,0,SSR.PR.
18:28:38,4200,#996633,3,43.265,11.290,0,SSR.PR.
18:28:43,4200,#996633,3,43.251,11.288,0,SSR.PR.
18:28:49,4200,#996633,3,43.235,11.287,0,SSR.
18:28:55,4200,#996633,3,43.230,11.316,0,SSR.PR.
18:29:00,4200,#996633,3,43.217,11.321,0,SSR.PR.
18:29:05,4200,#996633,3,43.207,11.338,0,SSR.
18:29:11,4200,#996633,3,43.188,11.326,0,SSR.
18:29:17,4200,#996633,3,43.186,11.362,0,SSR.PR.
18:29:22,4200,#996633,3,43.170,11.361,0,SSR.PR.
18:29:27,4200,#996633,3,43.160,11.375,0,SSR.PR.
18:29:33,4200,#996633,3,43.145,11.374,0,SSR.PR.
18:29:39,4200,#996633,3,43.139,11.402,0,SSR.PR.
18:29:44,4200,#996633,3,43.128,11.409,0,SSR.PR.
18:29:50,4200,#996633,3,43.118,11.422,0,SSR.PR.
18:29:55,4200,#996633,3,43.111,11.443,0,SSR.PR.
18:30:02,4200,#996633,3,43.099,11.450,0,SSR.PR.
18:30:07,4200,#996633,3,43.090,11.465,0,SSR.PR.
18:30:40,4200,#996633,3,43.022,11.485,0,SSR.PR.
18:30:46,4200,#996633,3,43.010,11.483,0,SSR.PR.
18:30:51,4200,#996633,3,42.994,11.471,0,SSR.PR.
18:30:56,4200,#996633,3,42.987,11.485,0,SSR.PR.
18:31:03,4200,#996633,3,42.978,11.491,0,SSR.PR.
18:31:08,4200,#996633,3,42.967,11.491,0,SSR.PR.
18:31:13,4200,#996633,3,42.957,11.497,0,SSR.PR.
18:31:19,4200,#996633,3,42.946,11.493,0,SSR.
18:31:25,4200,#996633,3,42.936,11.491,0,SSR.PR.
18:31:30,4200,#996633,3,42.926,11.485,0,SSR.PR.
18:31:36,4200,#996633,3,42.914,11.470,0,SSR.PR.
18:31:41,4200,#996633,3,42.910,11.476,0,SSR.PR.
18:31:47,4200,#996633,3,42.900,11.459,0,SSR.PR.
18:31:53,4200,#996633,3,42.899,11.461,0,SSR.PR.
18:31:58,4200,#996633,3,42.893,11.450,0,SSR.PR.
18:32:03,4200,#996633,3,42.886,11.435,0,SSR.PR.
18:32:09,4200,#996633,3,42.882,11.427,0,SSR.
18:32:14,4200,#996633,3,42.874,11.409,0,SSR.
18:32:20,4200,#996633,3,42.870,11.397,0,SSR.
18:32:25,4200,#996633,3,42.868,11.393,0,SSR.
null,null,null,null,null,null,null
18:23:01,4200,#996633,2,44.023,11.110,0,SSR.
18:23:19,4200,#996633,2,43.984,11.119,0,SSR.
18:23:24,4200,#996633,2,43.981,11.158,0,SSR.
18:23:36,4200,#996633,2,43.939,11.102,0,SSR.
18:23:48,4200,#996633,2,43.910,11.097,0,SSR.
18:23:54,4200,#996633,2,43.894,11.091,0,SSR.
18:24:00,4200,#996633,2,43.882,11.098,0,SSR.
18:24:06,4200,#996633,2,43.868,11.095,0,SSR.
18:24:18,4200,#996633,2,43.842,11.101,0,SSR.
18:24:29,4200,#996633,2,43.809,11.085,0,SSR.
18:24:36,4200,#996633,2,43.807,11.126,0,SSR.
18:24:42,4200,#996633,2,43.781,11.087,0,SSR.PR.
18:24:47,4200,#996633,2,43.767,11.086,0,SSR.
18:24:53,4200,#996633,2,43.753,11.084,0,SSR.
18:24:59,4200,#996633,2,43.737,11.079,0,SSR.
18:25:05,4200,#996633,2,43.737,11.123,0,SSR.
18:25:11,4200,#996633,2,43.712,11.086,0,SSR.
18:25:16,4200,#996633,2,43.707,11.113,0,SSR.
18:25:23,4200,#996633,2,43.686,11.096,0,SSR.
18:25:28,4200,#996633,2,43.669,11.084,0,SSR.
18:25:52,4200,#996633,2,43.613,11.087,0,SSR.
18:26:21,4200,#996633,2,43.550,11.107,0,SSR.
18:26:28,4200,#996633,2,43.531,11.092,0,SSR.
18:26:33,4200,#996633,2,43.529,11.121,0,SSR.
18:26:45,4200,#996633,2,43.515,11.162,0,SSR.PR.
18:26:51,4200,#996633,2,43.490,11.130,0,SSR.
18:27:09,4200,#996633,2,43.436,11.110,0,SSR.PR.
18:27:15,4200,#996633,2,43.424,11.123,0,SSR.PR.
18:27:27,4200,#996633,2,43.403,11.151,0,SSR.PR.
18:27:32,4200,#996633,2,43.392,11.163,0,SSR.PR.
18:27:38,4200,#996633,2,43.377,11.169,0,SSR.PR.
18:27:44,4200,#996633,2,43.366,11.181,0,SSR.PR.
18:27:50,4200,#996633,2,43.354,11.189,0,SSR.PR.
18:27:56,4200,#996633,2,43.340,11.196,0,SSR.PR.
18:28:07,4200,#996633,2,43.321,11.229,0,SSR.PR.
18:28:14,4200,#996633,2,43.310,11.241,0,SSR.PR.
18:28:20,4200,#996633,2,43.297,11.250,0,SSR.PR.
18:28:25,4200,#996633,2,43.288,11.268,0,SSR.PR.
18:28:32,4200,#996633,2,43.274,11.273,0,SSR.PR.
18:28:38,4200,#996633,2,43.261,11.282,0,SSR.PR.
18:28:43,4200,#996633,2,43.251,11.297,0,SSR.PR.
18:28:49,4200,#996633,2,43.237,11.302,0,SSR.PR.
18:28:55,4200,#996633,2,43.229,11.323,0,SSR.PR.
18:29:01,4200,#996633,2,43.216,11.335,0,SSR.PR.
18:29:07,4200,#996633,2,43.217,11.382,0,SSR.
18:29:12,4200,#996633,2,43.190,11.352,240,SSR.PR.
18:29:24,4200,#996633,2,43.165,11.372,0,SSR.PR.
18:29:37,4200,#996633,2,43.143,11.397,0,SSR.PR.
18:29:42,4200,#996633,2,43.130,11.409,0,SSR.PR.
18:29:48,4200,#996633,2,43.119,11.420,0,SSR.PR.
18:29:54,4200,#996633,2,43.107,11.428,0,SSR.PR.
18:30:00,4200,#996633,2,43.093,11.433,0,SSR.PR.
18:30:06,4200,#996633,2,43.084,11.448,0,SSR.PR.
18:30:12,4200,#996633,2,43.073,11.456,0,SSR.PR.
18:30:17,4200,#996633,2,43.062,11.466,0,SSR.PR.
18:30:47,4200,#996633,2,43.004,11.482,0,SSR.PR.
18:31:05,4200,#996633,2,42.969,11.489,0,SSR.PR.
18:31:17,4200,#996633,2,42.948,11.495,0,SSR.PR.
18:31:22,4200,#996633,2,42.938,11.492,0,SSR.PR.
18:31:29,4200,#996633,2,42.935,11.510,0,SSR.
18:31:34,4200,#996633,2,42.919,11.485,0,SSR.
18:31:40,4200,#996633,2,42.909,11.475,0,SSR.PR.
18:31:47,4200,#996633,2,42.895,11.452,0,SSR.PR.
18:32:15,4200,#996633,2,42.882,11.433,0,SSR.
18:32:21,4200,#996633,2,42.877,11.419,0,SSR.
18:32:27,4200,#996633,2,42.856,11.373,0,SSR.
null,null,null,null,null,null,null
18:23:01,4200,#996633,4,44.025,11.119,0,SSR.
18:23:19,4200,#996633,4,43.987,11.129,0,SSR.
18:23:24,4200,#996633,4,43.983,11.162,0,SSR.
18:23:36,4200,#996633,4,43.940,11.106,0,SSR.
18:23:48,4200,#996633,4,43.912,11.102,0,SSR.PR.
18:23:54,4200,#996633,4,43.895,11.095,0,SSR.
18:24:00,4200,#996633,4,43.881,11.094,0,SSR.
18:24:06,4200,#996633,4,43.870,11.100,0,SSR.
18:24:18,4200,#996633,4,43.843,11.105,0,SSR.
18:24:29,4200,#996633,4,43.811,11.089,0,SSR.
18:24:36,4200,#996633,4,43.809,11.130,0,SSR.
18:24:42,4200,#996633,4,43.784,11.095,0,SSR.PR.
18:24:47,4200,#996633,4,43.769,11.090,0,SSR.
18:24:53,4200,#996633,4,43.755,11.088,0,SSR.
18:24:59,4200,#996633,4,43.737,11.079,0,SSR.
18:25:05,4200,#996633,4,43.737,11.123,0,SSR.
18:25:11,4200,#996633,4,43.714,11.094,0,SSR.
18:25:16,4200,#996633,4,43.708,11.122,0,SSR.
18:25:23,4200,#996633,4,43.688,11.101,0,SSR.
18:25:28,4200,#996633,4,43.670,11.088,0,SSR.
18:25:52,4200,#996633,4,43.613,11.087,0,SSR.
18:26:21,4200,#996633,4,43.552,11.110,0,SSR.
18:26:28,4200,#996633,4,43.531,11.092,0,SSR.
18:26:33,4200,#996633,4,43.529,11.121,0,SSR.
18:26:45,4200,#996633,4,43.495,11.104,0,SSR.PR.
18:26:51,4200,#996633,4,43.490,11.130,0,SSR.
18:27:09,4200,#996633,4,43.439,11.118,0,SSR.PR.
18:27:15,4200,#996633,4,43.426,11.127,0,SSR.PR.
18:27:27,4200,#996633,4,43.404,11.154,0,SSR.PR.
18:27:32,4200,#996633,4,43.394,11.170,0,SSR.PR.
18:27:38,4200,#996633,4,43.379,11.172,0,SSR.PR.
18:27:44,4200,#996633,4,43.368,11.185,0,SSR.PR.
18:27:50,4200,#996633,4,43.356,11.193,0,SSR.PR.
18:27:56,4200,#996633,4,43.343,11.202,0,SSR.PR.
18:28:07,4200,#996633,4,43.324,11.235,0,SSR.PR.
18:28:14,4200,#996633,4,43.311,11.244,0,SSR.PR.
18:28:20,4200,#996633,4,43.298,11.253,0,SSR.PR.
18:28:25,4200,#996633,4,43.288,11.268,0,SSR.PR.
18:28:32,4200,#996633,4,43.276,11.276,0,SSR.PR.
18:28:38,4200,#996633,4,43.263,11.285,0,SSR.PR.
18:28:43,4200,#996633,4,43.252,11.300,0,SSR.PR.
18:28:49,4200,#996633,4,43.240,11.311,0,SSR.PR.
18:28:55,4200,#996633,4,43.229,11.323,0,SSR.PR.
18:29:01,4200,#996633,4,43.217,11.337,0,SSR.PR.
18:29:07,4200,#996633,4,43.203,11.343,237,SSR.PR.
18:29:12,4200,#996633,4,43.191,11.355,240,SSR.PR.
18:29:24,4200,#996633,4,43.166,11.375,0,SSR.PR.
18:29:37,4200,#996633,4,43.144,11.400,0,SSR.PR.
18:29:42,4200,#996633,4,43.130,11.409,0,SSR.PR.
18:29:48,4200,#996633,4,43.120,11.422,0,SSR.PR.
18:29:54,4200,#996633,4,43.109,11.433,0,SSR.PR.
18:30:00,4200,#996633,4,43.095,11.439,0,SSR.PR.
18:30:06,4200,#996633,4,43.084,11.448,0,SSR.PR.
18:30:12,4200,#996633,4,43.073,11.459,0,SSR.PR.
18:30:17,4200,#996633,4,43.064,11.474,0,SSR.PR.
18:30:47,4200,#996633,4,43.003,11.479,0,SSR.PR.
18:31:05,4200,#996633,4,42.971,11.494,0,SSR.PR.
18:31:17,4200,#996633,4,42.948,11.495,0,SSR.PR.
18:31:22,4200,#996633,4,42.940,11.497,0,SSR.PR.
18:31:29,4200,#996633,4,42.937,11.517,0,SSR.
18:31:34,4200,#996633,4,42.919,11.485,0,SSR.
18:31:40,4200,#996633,4,42.910,11.477,0,SSR.PR.
18:31:47,4200,#996633,4,42.895,11.452,0,SSR.PR.
18:32:15,4200,#996633,4,42.882,11.433,0,SSR.
18:32:21,4200,#996633,4,42.879,11.424,0,SSR.
18:32:27,4200,#996633,4,42.856,11.373,0,SSR.
18:32:37,5400,#996633,1,42.858,11.368,0,SSR.        SPI.
18:32:42,5400,#996633,1,42.851,11.353,0,SSR.        SPI.
18:32:47,5400,#996633,1,42.851,11.350,0,SSR.        SPI.
18:32:54,5400,#996633,1,42.845,11.334,0,SSR.PR.     SPI.
18:32:59,5400,#996633,1,42.837,11.316,0,SSR.PR.     SPI.
18:33:04,5400,#996633,1,42.833,11.307,0,SSR.PR.     SPI.
18:33:10,5400,#996633,1,42.827,11.294,0,SSR.PR.
18:33:16,5400,#996633,1,42.825,11.287,0,SSR.PR.
18:33:21,5400,#996633,1,42.821,11.278,0,SSR.PR.
18:33:26,5400,#996633,1,42.818,11.265,0,SSR.PR.
18:33:32,5400,#996633,1,42.815,11.255,0,SSR.PR.
18:33:38,5400,#996633,1,42.815,11.251,0,SSR.PR.
18:33:43,5400,#996633,1,42.808,11.233,0,SSR.
18:33:49,5400,#996633,1,42.806,11.222,0,SSR.PR.
18:33:54,5400,#996633,1,42.797,11.201,0,SSR.PR.
18:34:00,5400,#996633,1,42.802,11.203,0,SSR.
18:34:06,5400,#996633,1,42.799,11.193,0,SSR.
18:34:11,5400,#996633,1,42.796,11.180,0,SSR.
18:34:17,5400,#996633,1,42.790,11.163,0,SSR.PR.
18:34:23,5400,#996633,1,42.793,11.163,0,SSR.PR.
18:34:28,5400,#996633,1,42.783,11.140,0,SSR.PR.
18:34:45,5400,#996633,1,42.776,11.113,0,SSR.PR.
18:34:50,5400,#996633,1,42.768,11.095,0,SSR.PR.
18:34:55,5400,#996633,1,42.767,11.089,0,SSR.PR.
18:35:02,5400,#996633,1,42.765,11.081,0,SSR.PR.
18:35:07,5400,#996633,1,42.762,11.073,0,SSR.PR.
18:35:12,5400,#996633,1,42.758,11.063,0,SSR.PR.
18:35:18,5400,#996633,1,42.755,11.053,0,SSR.PR.
18:35:24,5400,#996633,1,42.744,11.034,0,SSR.PR.
18:35:29,5400,#996633,1,42.745,11.032,0,SSR.PR.
18:35:35,5400,#996633,1,42.744,11.026,0,SSR.
18:35:40,5400,#996633,1,42.735,11.009,0,SSR.PR.
18:35:52,5400,#996633,1,42.730,10.992,0,SSR.PR.     SPI.
18:35:57,5400,#996633,1,42.727,10.984,0,SSR.PR.     SPI.
18:36:02,5400,#996633,1,42.726,10.978,0,SSR.PR.     SPI.
18:36:19,5400,#996633,1,42.706,10.936,0,SSR.PR.
18:36:24,5400,#996633,1,42.701,10.927,0,SSR.PR.
18:36:31,5400,#996633,1,42.693,10.911,0,SSR.PR.
18:36:36,5400,#996633,1,42.695,10.907,0,SSR.
18:36:41,5400,#996633,1,42.689,10.896,0,SSR.
18:36:47,5400,#996633,1,42.685,10.885,0,SSR.
18:36:53,5400,#996633,1,42.681,10.878,0,SSR.
18:36:58,5400,#996633,1,42.680,10.871,0,SSR.
18:37:04,5400,#996633,1,42.671,10.856,0,SSR.
18:37:10,5400,#996633,1,42.663,10.847,0,SSR.
18:37:15,5400,#996633,1,42.659,10.845,0,SSR.
18:37:20,5400,#996633,1,42.634,10.816,0,SSR.
18:37:26,5400,#996633,1,42.644,10.826,0,SSR.
null,null,null,null,null,null,null
18:32:37,5400,#996633,3,42.859,11.370,0,SSR.        SPI.
18:32:42,5400,#996633,3,42.851,11.353,0,SSR.        SPI.
18:32:47,5400,#996633,3,42.851,11.350,0,SSR.        SPI.
18:32:54,5400,#996633,3,42.844,11.334,0,SSR.PR.     SPI.
18:32:59,5400,#996633,3,42.838,11.318,0,SSR.PR.     SPI.
18:33:04,5400,#996633,3,42.835,11.311,0,SSR.PR.     SPI.
18:33:10,5400,#996633,3,42.829,11.298,0,SSR.PR.
18:33:16,5400,#996633,3,42.826,11.289,0,SSR.PR.
18:33:21,5400,#996633,3,42.823,11.282,0,SSR.PR.
18:33:26,5400,#996633,3,42.820,11.269,0,SSR.PR.
18:33:32,5400,#996633,3,42.814,11.253,0,SSR.PR.
18:33:38,5400,#996633,3,42.815,11.251,0,SSR.PR.
18:33:43,5400,#996633,3,42.809,11.235,0,SSR.
18:33:49,5400,#996633,3,42.806,11.222,0,SSR.PR.
18:33:54,5400,#996633,3,42.797,11.201,0,SSR.PR.
18:34:00,5400,#996633,3,42.803,11.205,0,SSR.
18:34:06,5400,#996633,3,42.800,11.195,0,SSR.
18:34:11,5400,#996633,3,42.797,11.182,0,SSR.
18:34:17,5400,#996633,3,42.792,11.167,0,SSR.PR.
18:34:23,5400,#996633,3,42.788,11.154,0,SSR.PR.
18:34:28,5400,#996633,3,42.783,11.139,0,SSR.PR.
18:34:45,5400,#996633,3,42.776,11.113,0,SSR.PR.
18:34:50,5400,#996633,3,42.769,11.097,0,SSR.PR.
18:34:55,5400,#996633,3,42.768,11.091,0,SSR.PR.
18:35:02,5400,#996633,3,42.762,11.077,0,SSR.PR.
18:35:07,5400,#996633,3,42.762,11.073,0,SSR.PR.
18:35:12,5400,#996633,3,42.761,11.067,0,SSR.PR.
18:35:18,5400,#996633,3,42.753,11.052,0,SSR.PR.
18:35:24,5400,#996633,3,42.745,11.036,0,SSR.PR.
18:35:29,5400,#996633,3,42.745,11.032,0,SSR.PR.
18:35:35,5400,#996633,3,42.743,11.024,0,SSR.
18:35:40,5400,#996633,3,42.735,11.009,0,SSR.PR.
18:35:46,5400,#996633,3,42.733,11.003,0,SSR.PR.     SPI.
18:35:52,5400,#996633,3,42.729,10.993,0,SSR.PR.     SPI.
18:35:57,5400,#996633,3,42.726,10.982,0,SSR.PR.     SPI.
18:36:02,5400,#996633,3,42.723,10.974,0,SSR.PR.     SPI.
18:36:19,5400,#996633,3,42.703,10.932,0,SSR.PR.
18:36:24,5400,#996633,3,42.701,10.927,0,SSR.PR.
18:36:31,5400,#996633,3,42.693,10.911,0,SSR.PR.
18:36:36,5400,#996633,3,42.696,10.909,0,SSR.
18:36:41,5400,#996633,3,42.690,10.898,0,SSR.
18:36:47,5400,#996633,3,42.685,10.885,0,SSR.
18:36:53,5400,#996633,3,42.683,10.880,0,SSR.
18:36:58,5400,#996633,3,42.680,10.871,0,SSR.
18:37:04,5400,#996633,3,42.676,10.862,0,SSR.
18:37:10,5400,#996633,3,42.663,10.847,0,SSR.
18:37:15,5400,#996633,3,42.662,10.849,0,SSR.
18:37:21,5400,#996633,3,42.650,10.834,0,SSR.
18:37:26,5400,#996633,3,42.646,10.828,0,SSR.
null,null,null,null,null,null,null
18:32:33,5400,#996633,2,42.856,11.370,0,SSR.PR.
18:32:39,5400,#996633,2,42.849,11.355,0,SSR.PR.     SPI.
18:32:51,5400,#996633,2,42.838,11.327,0,SSR.PR.     SPI.
18:32:57,5400,#996633,2,42.836,11.320,0,SSR.PR.     SPI.
18:33:02,5400,#996633,2,42.833,11.313,0,SSR.PR.     SPI.
18:33:08,5400,#996633,2,42.829,11.301,0,SSR.PR.
18:33:15,5400,#996633,2,42.824,11.293,0,SSR.PR.
18:33:20,5400,#996633,2,42.819,11.280,0,SSR.PR.
18:33:26,5400,#996633,2,42.814,11.265,0,SSR.PR.
18:33:32,5400,#996633,2,42.812,11.255,0,SSR.PR.
18:33:38,5400,#996633,2,42.806,11.240,0,SSR.PR.
18:33:56,5400,#996633,2,42.800,11.211,0,SSR.PR.
18:34:02,5400,#996633,2,42.788,11.183,0,SSR.
18:34:07,5400,#996633,2,42.795,11.189,0,SSR.
18:34:13,5400,#996633,2,42.782,11.160,0,SSR.
18:34:20,5400,#996633,2,42.787,11.161,0,SSR.PR.
18:34:25,5400,#996633,2,42.783,11.148,0,SSR.PR.
18:34:31,5400,#996633,2,42.783,11.141,0,SSR.
18:34:37,5400,#996633,2,42.779,11.129,0,SSR.PR.
18:34:43,5400,#996633,2,42.778,11.122,0,SSR.
18:34:49,5400,#996633,2,42.764,11.096,0,SSR.PR.
18:34:54,5400,#996633,2,42.763,11.090,0,SSR.PR.
18:35:01,5400,#996633,2,42.759,11.080,0,SSR.PR.
18:35:07,5400,#996633,2,42.754,11.066,0,SSR.PR.
18:35:12,5400,#996633,2,42.750,11.056,0,SSR.
18:35:18,5400,#996633,2,42.745,11.046,0,SSR.PR.
18:35:25,5400,#996633,2,42.759,11.059,0,SSR.
18:35:36,5400,#996633,2,42.735,11.018,0,SSR.
18:35:59,5400,#996633,2,42.714,10.969,0,SSR.PR.     SPI.
18:36:06,5400,#996633,2,42.710,10.959,0,SSR.PR.     SPI.
18:36:12,5400,#996633,2,42.706,10.949,0,SSR.PR.     SPI.
18:36:17,5400,#996633,2,42.698,10.933,0,SSR.
18:36:23,5400,#996633,2,42.694,10.922,0,SSR.
18:36:30,5400,#996633,2,42.684,10.907,0,SSR.
18:36:35,5400,#996633,2,42.685,10.902,0,SSR.
18:36:41,5400,#996633,2,42.690,10.903,0,SSR.
18:36:47,5400,#996633,2,42.681,10.887,0,SSR.
18:36:53,5400,#996633,2,42.683,10.884,0,SSR.
18:37:04,5400,#996633,2,42.661,10.850,0,SSR.
18:37:11,5400,#996633,2,42.651,10.839,0,SSR.PR.
18:37:17,5400,#996633,2,42.658,10.846,0,SSR.PR.
null,null,null,null,null,null,null
18:32:33,5400,#996633,4,42.858,11.374,0,SSR.PR.
18:32:39,5400,#996633,4,42.850,11.357,0,SSR.PR.     SPI.
18:32:51,5400,#996633,4,42.839,11.330,0,SSR.PR.     SPI.
18:32:57,5400,#996633,4,42.838,11.324,0,SSR.PR.     SPI.
18:33:02,5400,#996633,4,42.833,11.313,0,SSR.PR.     SPI.
18:33:08,5400,#996633,4,42.831,11.306,0,SSR.PR.
18:33:15,5400,#996633,4,42.826,11.295,0,SSR.PR.
18:33:20,5400,#996633,4,42.818,11.277,0,SSR.PR.
18:33:26,5400,#996633,4,42.815,11.267,0,SSR.PR.
18:33:32,5400,#996633,4,42.813,11.259,0,SSR.PR.
18:33:38,5400,#996633,4,42.806,11.240,0,SSR.PR.
18:33:56,5400,#996633,4,42.803,11.215,0,SSR.PR.
18:34:02,5400,#996633,4,42.789,11.185,0,SSR.
18:34:07,5400,#996633,4,42.798,11.193,0,SSR.
18:34:13,5400,#996633,4,42.783,11.162,0,SSR.
18:34:20,5400,#996633,4,42.789,11.165,0,SSR.PR.
18:34:25,5400,#996633,4,42.785,11.152,0,SSR.PR.
18:34:31,5400,#996633,4,42.786,11.148,0,SSR.
18:34:37,5400,#996633,4,42.780,11.131,0,SSR.PR.
18:34:43,5400,#996633,4,42.781,11.126,0,SSR.
18:34:49,5400,#996633,4,42.767,11.100,0,SSR.PR.
18:34:54,5400,#996633,4,42.764,11.092,0,SSR.PR.
18:35:01,5400,#996633,4,42.762,11.084,0,SSR.PR.
18:35:07,5400,#996633,4,42.754,11.066,0,SSR.PR.
18:35:12,5400,#996633,4,42.750,11.056,0,SSR.
18:35:18,5400,#996633,4,42.749,11.049,0,SSR.PR.
18:35:25,5400,#996633,4,42.760,11.061,0,SSR.
18:35:36,5400,#996633,4,42.737,11.020,0,SSR.
18:35:59,5400,#996633,4,42.715,10.972,0,SSR.PR.     SPI.
18:36:06,5400,#996633,4,42.711,10.961,0,SSR.PR.     SPI.
18:36:12,5400,#996633,4,42.706,10.949,0,SSR.PR.     SPI.
18:36:17,5400,#996633,4,42.692,10.925,0,SSR.
18:36:23,5400,#996633,4,42.697,10.926,0,SSR.
18:36:30,5400,#996633,4,42.686,10.909,0,SSR.
18:36:35,5400,#996633,4,42.688,10.906,0,SSR.
18:36:41,5400,#996633,4,42.690,10.903,0,SSR.
18:36:47,5400,#996633,4,42.684,10.891,0,SSR.
18:36:53,5400,#996633,4,42.682,10.882,0,SSR.
18:37:04,5400,#996633,4,42.664,10.854,0,SSR.
18:37:11,5400,#996633,4,42.651,10.839,0,SSR.PR.
18:37:17,5400,#996633,4,42.658,10.846,0,SSR.PR.
null,null,null,null,null,null,null
18:21:39,1133,#0000ff,1,44.081,10.971,250,SSR.
18:21:46,1133,#0000ff,1,44.069,10.973,250,SSR.
18:21:51,1133,#0000ff,1,44.058,10.979,250,SSR.
18:21:56,1133,#0000ff,1,44.051,10.994,250,SSR.
18:22:02,1133,#0000ff,1,44.039,10.995,250,SSR.
18:22:08,1133,#0000ff,1,44.029,11.006,250,SSR.
18:22:13,1133,#0000ff,1,44.020,11.011,250,SSR.        SPI.
18:22:19,1133,#0000ff,1,44.012,11.027,250,SSR.        SPI.
18:22:25,1133,#0000ff,1,44.001,11.033,249,SSR.        SPI.
18:22:30,1133,#0000ff,1,43.992,11.043,250,SSR.        SPI.
18:22:35,1133,#0000ff,1,43.984,11.053,250,SSR.
18:22:41,1133,#0000ff,1,43.969,11.046,250,SSR.
18:22:47,1133,#0000ff,1,43.958,11.052,250,SSR.
18:22:52,1133,#0000ff,1,43.952,11.071,250,SSR.
18:22:58,1133,#0000ff,1,43.943,11.081,250,SSR.
18:23:03,1133,#0000ff,1,43.932,11.088,250,SSR.
18:23:09,1133,#0000ff,1,43.919,11.084,250,SSR.
18:23:15,1133,#0000ff,1,43.913,11.103,250,SSR.
18:23:20,1133,#0000ff,1,43.898,11.100,250,SSR.
18:23:25,1133,#0000ff,1,43.890,11.110,250,SSR.
18:23:32,1133,#0000ff,1,43.880,11.121,250,SSR.
18:23:37,1133,#0000ff,1,43.868,11.123,250,SSR.
18:23:42,1133,#0000ff,1,43.857,11.129,250,SSR.
18:23:48,1133,#0000ff,1,43.848,11.139,250,SSR.
18:23:54,1133,#0000ff,1,43.837,11.149,250,SSR.
18:23:59,1133,#0000ff,1,43.827,11.155,250,SSR.
18:24:04,1133,#0000ff,1,43.817,11.165,250,SSR.
18:24:10,1133,#0000ff,1,43.808,11.175,250,SSR.
18:24:16,1133,#0000ff,1,43.796,11.181,250,SSR.
18:24:21,1133,#0000ff,1,43.787,11.191,250,SSR.
18:24:27,1133,#0000ff,1,43.776,11.197,250,SSR.
18:24:32,1133,#0000ff,1,43.763,11.199,250,SSR.
18:24:38,1133,#0000ff,1,43.754,11.209,250,SSR.
18:24:44,1133,#0000ff,1,43.746,11.227,250,SSR.
18:24:49,1133,#0000ff,1,43.736,11.237,250,SSR.
18:24:54,1133,#0000ff,1,43.725,11.243,250,SSR.
18:25:06,1133,#0000ff,1,43.699,11.242,250,SSR.
18:25:11,1133,#0000ff,1,43.688,11.244,250,SSR.
18:25:18,1133,#0000ff,1,43.673,11.238,250,SSR.PR.
18:25:23,1133,#0000ff,1,43.669,11.268,250,SSR.
18:25:28,1133,#0000ff,1,43.654,11.262,250,SSR.PR.
18:25:33,1133,#0000ff,1,43.641,11.260,250,SSR.
18:25:40,1133,#0000ff,1,43.632,11.278,250,SSR.PR.
18:25:45,1133,#0000ff,1,43.617,11.268,250,SSR.PR.
18:25:50,1133,#0000ff,1,43.616,11.313,250,SSR.
18:25:56,1133,#0000ff,1,43.600,11.300,250,SSR.PR.
18:26:02,1133,#0000ff,1,43.597,11.336,250,SSR.
18:26:07,1133,#0000ff,1,43.583,11.330,250,SSR.PR.
18:26:13,1133,#0000ff,1,43.569,11.328,250,SSR.PR.
18:26:18,1133,#0000ff,1,43.563,11.349,250,SSR.PR.
18:26:24,1133,#0000ff,1,43.549,11.348,250,SSR.PR.
18:26:30,1133,#0000ff,1,43.544,11.375,250,SSR.PR.
18:26:35,1133,#0000ff,1,43.532,11.381,250,SSR.PR.
18:26:40,1133,#0000ff,1,43.523,11.390,250,SSR.PR.
18:26:46,1133,#0000ff,1,43.510,11.392,250,SSR.PR.
18:26:52,1133,#0000ff,1,43.503,11.412,250,SSR.PR.
18:26:57,1133,#0000ff,1,43.490,11.414,250,SSR.PR.
18:27:02,1133,#0000ff,1,43.483,11.433,250,SSR.PR.
18:27:09,1133,#0000ff,1,43.471,11.439,250,SSR.PR.
18:27:14,1133,#0000ff,1,43.462,11.451,250,SSR.PR.
18:27:19,1133,#0000ff,1,43.447,11.443,250,SSR.PR.
18:27:25,1133,#0000ff,1,43.440,11.465,250,SSR.PR.
18:27:31,1133,#0000ff,1,43.428,11.468,250,SSR.PR.
18:27:36,1133,#0000ff,1,43.418,11.476,250,SSR.PR.
18:27:42,1133,#0000ff,1,43.411,11.502,250,SSR.
18:27:47,1133,#0000ff,1,43.398,11.500,250,SSR.PR.
18:27:53,1133,#0000ff,1,43.389,11.516,250,SSR.PR.
18:27:58,1133,#0000ff,1,43.377,11.517,250,SSR.PR.
18:28:04,1133,#0000ff,1,43.371,11.542,250,SSR.PR.     SPI.
18:28:09,1133,#0000ff,1,43.361,11.557,250,SSR.PR.
18:28:15,1133,#0000ff,1,43.350,11.559,250,SSR.PR.
18:28:21,1133,#0000ff,1,43.343,11.579,250,SSR.PR.
18:28:26,1133,#0000ff,1,43.329,11.575,250,SSR.PR.
18:28:32,1133,#0000ff,1,43.319,11.586,250,SSR.PR.
18:28:38,1133,#0000ff,1,43.312,11.613,250,SSR.PR.
18:28:43,1133,#0000ff,1,43.295,11.590,250,SSR.PR.
18:28:49,1133,#0000ff,1,43.288,11.613,250,SSR.PR.
18:28:55,1133,#0000ff,1,43.276,11.618,250,SSR.PR.     SPI.
18:29:00,1133,#0000ff,1,43.267,11.632,250,SSR.PR.
18:29:05,1133,#0000ff,1,43.259,11.648,250,SSR.PR.
18:29:11,1133,#0000ff,1,43.247,11.653,250,SSR.PR.
18:29:17,1133,#0000ff,1,43.240,11.676,250,SSR.PR.
18:29:22,1133,#0000ff,1,43.227,11.674,250,SSR.PR.
18:29:27,1133,#0000ff,1,43.216,11.682,250,SSR.PR.
18:29:33,1133,#0000ff,1,43.207,11.695,250,SSR.PR.
18:29:39,1133,#0000ff,1,43.196,11.699,250,SSR.PR.
18:29:44,1133,#0000ff,1,43.185,11.712,250,SSR.PR.
18:29:50,1133,#0000ff,1,43.176,11.725,250,SSR.PR.
18:29:55,1133,#0000ff,1,43.167,11.741,250,SSR.PR.
18:30:02,1133,#0000ff,1,43.156,11.751,250,SSR.PR.
18:30:07,1133,#0000ff,1,43.148,11.766,250,SSR.PR.
18:30:12,1133,#0000ff,1,43.136,11.764,250,SSR.PR.
18:30:17,1133,#0000ff,1,43.126,11.776,250,SSR.PR.
18:30:24,1133,#0000ff,1,43.118,11.797,250,SSR.PR.
18:30:29,1133,#0000ff,1,43.108,11.797,249,SSR.PR.
18:30:34,1133,#0000ff,1,43.099,11.817,248,SSR.PR.
18:30:40,1133,#0000ff,1,43.089,11.818,246,SSR.PR.
18:30:46,1133,#0000ff,1,43.081,11.840,245,SSR.PR.
18:30:51,1133,#0000ff,1,43.071,11.843,244,SSR.PR.
18:30:56,1133,#0000ff,1,43.062,11.862,242,SSR.PR.
18:31:03,1133,#0000ff,1,43.051,11.857,241,SSR.PR.
18:31:08,1133,#0000ff,1,43.041,11.873,240,SSR.PR.
18:31:13,1133,#0000ff,1,43.032,11.881,238,SSR.PR.
18:31:19,1133,#0000ff,1,43.023,11.895,237,SSR.PR.
18:31:25,1133,#0000ff,1,43.014,11.908,236,SSR.PR.
18:31:30,1133,#0000ff,1,43.005,11.921,234,SSR.PR.
18:31:36,1133,#0000ff,1,42.996,11.933,233,SSR.PR.
18:31:41,1133,#0000ff,1,42.985,11.936,232,SSR.PR.
18:31:47,1133,#0000ff,1,42.976,11.943,230,SSR.PR.
18:31:53,1133,#0000ff,1,42.966,11.950,228,SSR.PR.
18:31:58,1133,#0000ff,1,42.957,11.962,226,SSR.PR.
18:32:03,1133,#0000ff,1,42.947,11.965,224,SSR.PR.
18:32:09,1133,#0000ff,1,42.938,11.977,222,SSR.PR.
18:32:15,1133,#0000ff,1,42.928,11.988,220,SSR.PR.
18:32:20,1133,#0000ff,1,42.919,11.995,219,SSR.PR.
18:32:25,1133,#0000ff,1,42.909,12.006,217,SSR.PR.
18:32:32,1133,#0000ff,1,42.897,12.000,214,SSR.PR.
18:32:37,1133,#0000ff,1,42.889,12.015,212,SSR.PR.
18:32:42,1133,#0000ff,1,42.880,12.026,209,SSR.PR.
18:32:48,1133,#0000ff,1,42.870,12.037,207,SSR.PR.
18:32:54,1133,#0000ff,1,42.860,12.048,204,SSR.PR.
18:32:59,1133,#0000ff,1,42.850,12.056,201,SSR.
18:33:05,1133,#0000ff,1,42.837,12.040,199,SSR.PR.
18:33:10,1133,#0000ff,1,42.829,12.066,197,SSR.PR.
18:33:17,1133,#0000ff,1,42.818,12.072,195,SSR.PR.
18:33:22,1133,#0000ff,1,42.808,12.082,192,SSR.PR.
18:33:27,1133,#0000ff,1,42.796,12.075,190,SSR.PR.
18:33:34,1133,#0000ff,1,42.787,12.097,187,SSR.PR.
18:33:39,1133,#0000ff,1,42.776,12.102,185,SSR.PR.
18:33:44,1133,#0000ff,1,42.765,12.100,182,SSR.PR.
18:33:49,1133,#0000ff,1,42.754,12.107,180,SSR.
18:33:56,1133,#0000ff,1,42.745,12.118,179,SSR.PR.
18:34:01,1133,#0000ff,1,42.734,12.131,177,SSR.PR.
18:34:06,1133,#0000ff,1,42.723,12.132,176,SSR.PR.
18:34:12,1133,#0000ff,1,42.714,12.145,175,SSR.PR.
18:34:18,1133,#0000ff,1,42.703,12.149,174,SSR.PR.
18:34:23,1133,#0000ff,1,42.693,12.161,173,SSR.PR.
18:34:29,1133,#0000ff,1,42.683,12.166,172,SSR.PR.
18:34:34,1133,#0000ff,1,42.673,12.162,171,SSR.PR.
18:34:40,1133,#0000ff,1,42.662,12.169,170,SSR.PR.
18:34:46,1133,#0000ff,1,42.653,12.180,169,SSR.PR.
18:34:51,1133,#0000ff,1,42.643,12.177,168,SSR.PR.
18:34:56,1133,#0000ff,1,42.632,12.181,166,SSR.PR.
18:35:03,1133,#0000ff,1,42.622,12.197,165,SSR.PR.
18:35:08,1133,#0000ff,1,42.612,12.197,164,SSR.PR.
18:35:13,1133,#0000ff,1,42.602,12.207,163,SSR.PR.
18:35:18,1133,#0000ff,1,42.592,12.204,162,SSR.PR.
18:35:25,1133,#0000ff,1,42.582,12.211,160,SSR.PR.
18:35:30,1133,#0000ff,1,42.571,12.213,159,SSR.PR.
18:35:35,1133,#0000ff,1,42.561,12.216,158,SSR.PR.
18:35:41,1133,#0000ff,1,42.551,12.217,0,SSR.PR.
18:35:47,1133,#0000ff,1,42.541,12.230,156,SSR.PR.
18:35:52,1133,#0000ff,1,42.531,12.239,155,SSR.PR.
18:35:58,1133,#0000ff,1,42.520,12.242,154,SSR.PR.
18:36:03,1133,#0000ff,1,42.510,12.244,152,SSR.PR.
18:36:09,1133,#0000ff,1,42.499,12.249,151,SSR.PR.
18:36:15,1133,#0000ff,1,42.489,12.249,150,SSR.PR.
18:36:20,1133,#0000ff,1,42.478,12.250,149,SSR.PR.
18:36:25,1133,#0000ff,1,42.468,12.256,148,SSR.
18:36:32,1133,#0000ff,1,42.457,12.257,147,SSR.PR.
18:36:37,1133,#0000ff,1,42.448,12.259,146,SSR.PR.
18:36:42,1133,#0000ff,1,42.437,12.267,145,SSR.PR.
18:36:49,1133,#0000ff,1,42.426,12.272,144,SSR.PR.
18:36:54,1133,#0000ff,1,42.416,12.268,143,SSR.PR.
18:36:59,1133,#0000ff,1,42.405,12.276,142,SSR.PR.
18:37:04,1133,#0000ff,1,42.396,12.274,141,SSR.PR.
18:37:11,1133,#0000ff,1,42.386,12.276,140,SSR.PR.
18:37:16,1133,#0000ff,1,42.375,12.280,139,SSR.PR.
18:37:21,1133,#0000ff,1,42.365,12.290,138,SSR.PR.
18:37:27,1133,#0000ff,1,42.354,12.292,137,SSR.PR.
18:37:33,1133,#0000ff,1,42.344,12.297,136,SSR.PR.
18:37:38,1133,#0000ff,1,42.334,12.298,134,SSR.PR.
18:37:44,1133,#0000ff,1,42.323,12.301,133,SSR.PR.
18:37:49,1133,#0000ff,1,42.312,12.307,132,SSR.
18:37:55,1133,#0000ff,1,42.303,12.301,131,SSR.PR.
18:38:01,1133,#0000ff,1,42.292,12.310,129,SSR.PR.
18:38:06,1133,#0000ff,1,42.282,12.313,128,SSR.PR.
18:38:11,1133,#0000ff,1,42.272,12.314,127,SSR.PR.
18:38:17,1133,#0000ff,1,42.262,12.319,126,SSR.PR.
18:38:23,1133,#0000ff,1,42.253,12.320,125,SSR.PR.
18:38:28,1133,#0000ff,1,42.242,12.329,123,SSR.PR.
18:38:34,1133,#0000ff,1,42.232,12.332,121,SSR.PR.
18:38:40,1133,#0000ff,1,42.222,12.337,119,SSR.PR.
18:38:45,1133,#0000ff,1,42.213,12.340,118,SSR.PR.
18:38:50,1133,#0000ff,1,42.202,12.344,116,SSR.PR.
18:38:56,1133,#0000ff,1,42.193,12.351,114,SSR.PR.
18:39:02,1133,#0000ff,1,42.183,12.355,113,SSR.PR.
18:39:07,1133,#0000ff,1,42.175,12.357,111,SSR.PR.
18:39:13,1133,#0000ff,1,42.167,12.356,110,SSR.
18:39:18,1133,#0000ff,1,42.158,12.361,108,SSR.
18:39:24,1133,#0000ff,1,42.148,12.369,106,SSR.PR.
18:39:30,1133,#0000ff,1,42.139,12.374,105,SSR.PR.
18:39:35,1133,#0000ff,1,42.130,12.378,103,SSR.PR.
18:39:41,1133,#0000ff,1,42.123,12.381,102,SSR.PR.
18:39:47,1133,#0000ff,1,42.113,12.385,100,SSR.PR.
18:39:52,1133,#0000ff,1,42.105,12.393,98,SSR.PR.
18:39:57,1133,#0000ff,1,42.096,12.394,97,SSR.PR.
18:40:04,1133,#0000ff,1,42.089,12.399,95,SSR.
18:40:09,1133,#0000ff,1,42.080,12.403,94,SSR.PR.
18:40:14,1133,#0000ff,1,42.073,12.408,92,SSR.PR.
18:40:20,1133,#0000ff,1,42.063,12.414,90,SSR.PR.
18:40:26,1133,#0000ff,1,42.056,12.420,88,SSR.PR.
18:40:31,1133,#0000ff,1,42.048,12.424,86,SSR.PR.
18:40:37,1133,#0000ff,1,42.041,12.427,84,SSR.PR.
18:40:42,1133,#0000ff,1,42.033,12.432,82,SSR.PR.
18:40:48,1133,#0000ff,1,42.028,12.431,80,SSR.
18:40:54,1133,#0000ff,1,42.017,12.442,78,SSR.PR.
18:40:59,1133,#0000ff,1,42.010,12.448,76,SSR.PR.
18:41:05,1133,#0000ff,1,42.002,12.452,73,SSR.PR.
18:41:11,1133,#0000ff,1,41.995,12.459,71,SSR.PR.
18:41:16,1133,#0000ff,1,41.987,12.463,69,SSR.PR.
18:41:21,1133,#0000ff,1,41.979,12.468,67,SSR.PR.
18:41:27,1133,#0000ff,1,41.971,12.475,65,SSR.PR.
18:41:33,1133,#0000ff,1,41.965,12.478,63,SSR.PR.
18:41:38,1133,#0000ff,1,41.958,12.485,61,SSR.PR.
18:41:44,1133,#0000ff,1,41.950,12.488,59,SSR.PR.
18:41:49,1133,#0000ff,1,41.943,12.494,57,SSR.PR.
18:41:55,1133,#0000ff,1,41.936,12.499,56,SSR.PR.
18:42:01,1133,#0000ff,1,41.929,12.505,55,SSR.
18:42:06,1133,#0000ff,1,41.921,12.509,53,SSR.
18:42:13,1133,#0000ff,1,41.913,12.515,51,SSR.
18:42:18,1133,#0000ff,1,41.906,12.520,49,SSR.
18:42:23,1133,#0000ff,1,41.898,12.525,47,SSR.
18:42:28,1133,#0000ff,1,41.892,12.530,45,SSR.
18:42:35,1133,#0000ff,1,41.882,12.535,43,SSR.PR.
18:42:40,1133,#0000ff,1,41.876,12.539,41,SSR.PR.
18:42:45,1133,#0000ff,1,41.869,12.545,39,SSR.PR.
18:42:51,1133,#0000ff,1,41.862,12.549,37,SSR.PR.
18:42:57,1133,#0000ff,1,41.854,12.552,34,SSR.PR.
18:43:02,1133,#0000ff,1,41.850,12.555,32,SSR.
18:43:08,1133,#0000ff,1,41.843,12.557,31,SSR.
18:43:13,1133,#0000ff,1,41.837,12.558,29,SSR.
18:43:19,1133,#0000ff,1,41.830,12.559,27,SSR.
18:43:25,1133,#0000ff,1,41.824,12.560,26,SSR.
18:43:30,1133,#0000ff,1,41.817,12.561,25,SSR.
18:43:36,1133,#0000ff,1,41.812,12.562,24,SSR.
18:43:42,1133,#0000ff,1,41.804,12.561,23,SSR.
18:43:47,1133,#0000ff,1,41.799,12.561,22,SSR.
18:43:52,1133,#0000ff,1,41.794,12.559,21,SSR.
18:43:58,1133,#0000ff,1,41.787,12.559,21,SSR.
18:44:04,1133,#0000ff,1,41.782,12.558,20,SSR.
18:44:09,1133,#0000ff,1,41.776,12.558,20,SSR.
18:44:15,1133,#0000ff,1,41.769,12.558,19,SSR.
18:44:20,1133,#0000ff,1,41.765,12.559,18,SSR.PR.
18:44:26,1133,#0000ff,1,41.760,12.560,18,SSR.PR.
18:44:32,1133,#0000ff,1,41.752,12.560,18,SSR.PR.
18:44:37,1133,#0000ff,1,41.749,12.564,18,SSR.PR.
18:44:43,1133,#0000ff,1,41.745,12.569,18,SSR.PR.
18:44:49,1133,#0000ff,1,41.743,12.574,18,SSR.PR.
18:44:54,1133,#0000ff,1,41.739,12.580,0,SSR.PR.
18:44:59,1133,#0000ff,1,41.739,12.585,17,SSR.
18:45:06,1133,#0000ff,1,41.739,12.592,17,SSR.
18:45:11,1133,#0000ff,1,41.739,12.598,17,SSR.
18:45:16,1133,#0000ff,1,41.739,12.603,17,SSR.PR.
18:45:21,1133,#0000ff,1,41.743,12.608,17,SSR.
18:45:28,1133,#0000ff,1,41.746,12.611,16,SSR.PR.
18:45:33,1133,#0000ff,1,41.750,12.615,15,SSR.PR.
18:45:38,1133,#0000ff,1,41.753,12.616,15,SSR.
18:45:44,1133,#0000ff,1,41.758,12.617,14,SSR.
18:45:50,1133,#0000ff,1,41.760,12.617,13,SSR.
18:45:55,1133,#0000ff,1,41.764,12.618,12,SSR.
18:46:01,1133,#0000ff,1,41.769,12.617,11,SSR.
18:46:06,1133,#0000ff,1,41.771,12.616,10,SSR.
18:46:12,1133,#0000ff,1,41.776,12.614,9,SSR.
18:46:18,1133,#0000ff,1,41.778,12.613,8,SSR.PR.
18:46:23,1133,#0000ff,1,41.780,12.610,8,SSR.PR.
18:46:28,1133,#0000ff,1,41.784,12.607,7,SSR.PR.
18:46:35,1133,#0000ff,1,41.788,12.605,6,SSR.
18:46:40,1133,#0000ff,1,41.791,12.604,5,SSR.
null,null,null,null,null,null,null
18:21:39,1133,#0000ff,3,44.084,10.981,250,SSR.
18:21:46,1133,#0000ff,3,44.069,10.973,250,SSR.
18:21:51,1133,#0000ff,3,44.060,10.983,250,SSR.
18:21:56,1133,#0000ff,3,44.049,10.989,250,SSR.
18:22:02,1133,#0000ff,3,44.042,11.005,250,SSR.
18:22:08,1133,#0000ff,3,44.029,11.006,250,SSR.
18:22:13,1133,#0000ff,3,44.021,11.016,250,SSR.        SPI.
18:22:19,1133,#0000ff,3,44.012,11.027,250,SSR.        SPI.
18:22:25,1133,#0000ff,3,44.003,11.037,249,SSR.        SPI.
18:22:30,1133,#0000ff,3,43.993,11.048,250,SSR.        SPI.
18:22:35,1133,#0000ff,3,43.984,11.053,250,SSR.
18:22:41,1133,#0000ff,3,43.972,11.055,250,SSR.
18:22:47,1133,#0000ff,3,43.960,11.056,250,SSR.
18:22:52,1133,#0000ff,3,43.953,11.076,250,SSR.
18:22:58,1133,#0000ff,3,43.942,11.082,250,SSR.
18:23:03,1133,#0000ff,3,43.934,11.096,250,SSR.
18:23:09,1133,#0000ff,3,43.922,11.098,250,SSR.
18:23:15,1133,#0000ff,3,43.912,11.099,250,SSR.
18:23:20,1133,#0000ff,3,43.898,11.100,250,SSR.
18:23:25,1133,#0000ff,3,43.890,11.115,250,SSR.
18:23:32,1133,#0000ff,3,43.881,11.125,250,SSR.
18:23:37,1133,#0000ff,3,43.870,11.131,250,SSR.
18:23:42,1133,#0000ff,3,43.859,11.133,250,SSR.
18:23:48,1133,#0000ff,3,43.848,11.139,250,SSR.
18:23:54,1133,#0000ff,3,43.839,11.153,250,SSR.
18:23:59,1133,#0000ff,3,43.828,11.159,250,SSR.
18:24:04,1133,#0000ff,3,43.819,11.169,250,SSR.
18:24:10,1133,#0000ff,3,43.809,11.179,250,SSR.
18:24:16,1133,#0000ff,3,43.797,11.185,250,SSR.
18:24:21,1133,#0000ff,3,43.787,11.191,250,SSR.
18:24:27,1133,#0000ff,3,43.776,11.197,250,SSR.
18:24:32,1133,#0000ff,3,43.766,11.207,250,SSR.
18:24:38,1133,#0000ff,3,43.756,11.217,250,SSR.
18:24:44,1133,#0000ff,3,43.748,11.231,250,SSR.
18:24:49,1133,#0000ff,3,43.736,11.237,250,SSR.
18:24:54,1133,#0000ff,3,43.726,11.247,250,SSR.
18:25:01,1133,#0000ff,3,43.713,11.249,250,SSR.
18:25:06,1133,#0000ff,3,43.701,11.247,250,SSR.
18:25:11,1133,#0000ff,3,43.690,11.252,250,SSR.
18:25:18,1133,#0000ff,3,43.675,11.247,250,SSR.PR.
18:25:23,1133,#0000ff,3,43.669,11.268,250,SSR.
18:25:28,1133,#0000ff,3,43.654,11.262,250,SSR.PR.
18:25:33,1133,#0000ff,3,43.643,11.268,250,SSR.
18:25:40,1133,#0000ff,3,43.635,11.286,250,SSR.PR.
18:25:45,1133,#0000ff,3,43.617,11.268,250,SSR.PR.
18:25:50,1133,#0000ff,3,43.617,11.317,250,SSR.
18:25:56,1133,#0000ff,3,43.600,11.300,250,SSR.PR.
18:26:02,1133,#0000ff,3,43.598,11.340,250,SSR.
18:26:07,1133,#0000ff,3,43.583,11.330,250,SSR.PR.
18:26:13,1133,#0000ff,3,43.572,11.340,250,SSR.PR.
18:26:18,1133,#0000ff,3,43.564,11.353,250,SSR.PR.
18:26:24,1133,#0000ff,3,43.550,11.351,250,SSR.PR.
18:26:30,1133,#0000ff,3,43.544,11.375,250,SSR.PR.
18:26:35,1133,#0000ff,3,43.533,11.385,250,SSR.PR.
18:26:40,1133,#0000ff,3,43.524,11.397,250,SSR.PR.
18:26:46,1133,#0000ff,3,43.508,11.385,250,SSR.PR.
18:26:52,1133,#0000ff,3,43.503,11.412,250,SSR.PR.
18:26:57,1133,#0000ff,3,43.491,11.418,250,SSR.PR.
18:27:02,1133,#0000ff,3,43.483,11.433,250,SSR.PR.
18:27:09,1133,#0000ff,3,43.473,11.446,250,SSR.PR.
18:27:14,1133,#0000ff,3,43.462,11.451,250,SSR.PR.
18:27:19,1133,#0000ff,3,43.446,11.440,250,SSR.PR.
18:27:25,1133,#0000ff,3,43.440,11.465,250,SSR.PR.
18:27:31,1133,#0000ff,3,43.428,11.468,250,SSR.PR.
18:27:36,1133,#0000ff,3,43.417,11.473,250,SSR.PR.
18:27:42,1133,#0000ff,3,43.412,11.508,250,SSR.
18:27:47,1133,#0000ff,3,43.397,11.497,250,SSR.PR.
18:27:53,1133,#0000ff,3,43.392,11.522,250,SSR.PR.
18:27:58,1133,#0000ff,3,43.378,11.521,250,SSR.PR.
18:28:04,1133,#0000ff,3,43.372,11.545,250,SSR.PR.     SPI.
18:28:09,1133,#0000ff,3,43.362,11.561,250,SSR.PR.
18:28:15,1133,#0000ff,3,43.350,11.559,250,SSR.PR.
18:28:21,1133,#0000ff,3,43.342,11.576,250,SSR.PR.
18:28:26,1133,#0000ff,3,43.330,11.581,250,SSR.PR.
18:28:32,1133,#0000ff,3,43.315,11.570,250,SSR.PR.
18:28:38,1133,#0000ff,3,43.310,11.604,250,SSR.PR.
18:28:43,1133,#0000ff,3,43.299,11.608,250,SSR.PR.
18:28:49,1133,#0000ff,3,43.288,11.613,250,SSR.PR.
18:28:55,1133,#0000ff,3,43.276,11.618,250,SSR.PR.
18:29:00,1133,#0000ff,3,43.266,11.629,250,SSR.PR.
18:29:05,1133,#0000ff,3,43.259,11.651,250,SSR.PR.
18:29:11,1133,#0000ff,3,43.247,11.653,250,SSR.PR.
18:29:17,1133,#0000ff,3,43.236,11.661,250,SSR.PR.
18:29:22,1133,#0000ff,3,43.227,11.674,250,SSR.PR.
18:29:27,1133,#0000ff,3,43.217,11.688,250,SSR.PR.
18:29:33,1133,#0000ff,3,43.207,11.695,250,SSR.PR.
18:29:39,1133,#0000ff,3,43.195,11.703,250,SSR.PR.
18:29:44,1133,#0000ff,3,43.187,11.721,250,SSR.PR.
18:29:50,1133,#0000ff,3,43.176,11.725,250,SSR.PR.
18:29:55,1133,#0000ff,3,43.168,11.743,250,SSR.PR.
18:30:02,1133,#0000ff,3,43.157,11.754,250,SSR.PR.
18:30:07,1133,#0000ff,3,43.147,11.766,250,SSR.PR.
18:30:12,1133,#0000ff,3,43.137,11.770,250,SSR.PR.
18:30:17,1133,#0000ff,3,43.126,11.776,250,SSR.PR.
18:30:24,1133,#0000ff,3,43.118,11.797,250,SSR.PR.
18:30:29,1133,#0000ff,3,43.108,11.800,249,SSR.PR.
18:30:34,1133,#0000ff,3,43.099,11.817,248,SSR.PR.
18:30:40,1133,#0000ff,3,43.089,11.823,246,SSR.PR.
18:30:46,1133,#0000ff,3,43.080,11.837,245,SSR.PR.
18:30:51,1133,#0000ff,3,43.071,11.846,244,SSR.PR.
18:30:56,1133,#0000ff,3,43.062,11.859,242,SSR.PR.
18:31:03,1133,#0000ff,3,43.051,11.860,241,SSR.PR.
18:31:08,1133,#0000ff,3,43.042,11.873,240,SSR.PR.
18:31:13,1133,#0000ff,3,43.033,11.887,238,SSR.PR.
18:31:19,1133,#0000ff,3,43.023,11.895,237,SSR.PR.
18:31:25,1133,#0000ff,3,43.015,11.912,236,SSR.PR.
18:31:30,1133,#0000ff,3,43.005,11.921,234,SSR.PR.
18:31:36,1133,#0000ff,3,42.995,11.931,233,SSR.PR.
18:31:41,1133,#0000ff,3,42.986,11.938,232,SSR.PR.
18:31:47,1133,#0000ff,3,42.975,11.941,230,SSR.PR.
18:31:53,1133,#0000ff,3,42.966,11.945,228,SSR.PR.
18:31:58,1133,#0000ff,3,42.956,11.957,226,SSR.PR.
18:32:03,1133,#0000ff,3,42.947,11.967,224,SSR.PR.
18:32:09,1133,#0000ff,3,42.938,11.977,222,SSR.PR.
18:32:15,1133,#0000ff,3,42.928,11.988,220,SSR.PR.
18:32:20,1133,#0000ff,3,42.918,11.988,219,SSR.PR.
18:32:25,1133,#0000ff,3,42.908,12.002,217,SSR.PR.
18:32:32,1133,#0000ff,3,42.897,12.002,214,SSR.PR.
18:32:37,1133,#0000ff,3,42.889,12.013,212,SSR.PR.
18:32:42,1133,#0000ff,3,42.878,12.020,209,SSR.PR.
18:32:48,1133,#0000ff,3,42.870,12.032,207,SSR.PR.
18:32:54,1133,#0000ff,3,42.860,12.050,204,SSR.PR.
18:33:00,1133,#0000ff,3,42.850,12.056,201,SSR.PR.
18:33:05,1133,#0000ff,3,42.839,12.060,199,SSR.PR.
18:33:10,1133,#0000ff,3,42.829,12.070,197,SSR.PR.
18:33:17,1133,#0000ff,3,42.818,12.074,195,SSR.PR.
18:33:22,1133,#0000ff,3,42.809,12.088,192,SSR.PR.
18:33:27,1133,#0000ff,3,42.796,12.075,190,SSR.PR.
18:33:34,1133,#0000ff,3,42.786,12.095,187,SSR.PR.
18:33:39,1133,#0000ff,3,42.776,12.099,185,SSR.PR.
18:33:44,1133,#0000ff,3,42.765,12.108,182,SSR.PR.
18:33:49,1133,#0000ff,3,42.755,12.111,180,SSR.
18:33:56,1133,#0000ff,3,42.745,12.120,179,SSR.PR.
18:34:01,1133,#0000ff,3,42.734,12.131,177,SSR.PR.
18:34:06,1133,#0000ff,3,42.724,12.136,176,SSR.PR.
18:34:12,1133,#0000ff,3,42.714,12.150,175,SSR.PR.
18:34:18,1133,#0000ff,3,42.703,12.151,174,SSR.PR.
18:34:23,1133,#0000ff,3,42.693,12.163,173,SSR.PR.
18:34:29,1133,#0000ff,3,42.683,12.164,172,SSR.PR.
18:34:34,1133,#0000ff,3,42.673,12.168,171,SSR.PR.
18:34:40,1133,#0000ff,3,42.662,12.172,170,SSR.PR.
18:34:46,1133,#0000ff,3,42.653,12.183,169,SSR.PR.
18:34:51,1133,#0000ff,3,42.643,12.180,168,SSR.PR.
18:34:56,1133,#0000ff,3,42.633,12.184,166,SSR.PR.
18:35:03,1133,#0000ff,3,42.622,12.197,165,SSR.PR.
18:35:08,1133,#0000ff,3,42.612,12.197,164,SSR.PR.
18:35:13,1133,#0000ff,3,42.603,12.206,163,SSR.PR.
18:35:18,1133,#0000ff,3,42.592,12.208,162,SSR.PR.
18:35:25,1133,#0000ff,3,42.582,12.211,160,SSR.PR.
18:35:30,1133,#0000ff,3,42.571,12.216,159,SSR.PR.
18:35:35,1133,#0000ff,3,42.561,12.219,158,SSR.PR.
18:35:41,1133,#0000ff,3,42.552,12.219,157,SSR.PR.
18:35:47,1133,#0000ff,3,42.541,12.230,156,SSR.PR.
18:35:52,1133,#0000ff,3,42.531,12.239,155,SSR.PR.
18:35:58,1133,#0000ff,3,42.520,12.240,154,SSR.PR.
18:36:03,1133,#0000ff,3,42.510,12.246,152,SSR.PR.
18:36:09,1133,#0000ff,3,42.499,12.249,151,SSR.PR.
18:36:15,1133,#0000ff,3,42.489,12.252,150,SSR.PR.
18:36:20,1133,#0000ff,3,42.478,12.253,149,SSR.PR.
18:36:25,1133,#0000ff,3,42.468,12.259,148,SSR.
18:36:32,1133,#0000ff,3,42.457,12.264,147,SSR.PR.
18:36:37,1133,#0000ff,3,42.448,12.261,146,SSR.PR.
18:36:42,1133,#0000ff,3,42.437,12.268,145,SSR.PR.
18:36:49,1133,#0000ff,3,42.426,12.275,144,SSR.PR.
18:36:54,1133,#0000ff,3,42.416,12.268,143,SSR.PR.
18:36:59,1133,#0000ff,3,42.405,12.277,142,SSR.PR.
18:37:04,1133,#0000ff,3,42.396,12.275,141,SSR.PR.
18:37:11,1133,#0000ff,3,42.385,12.281,140,SSR.PR.
18:37:16,1133,#0000ff,3,42.376,12.283,139,SSR.PR.
18:37:21,1133,#0000ff,3,42.365,12.291,138,SSR.PR.
18:37:27,1133,#0000ff,3,42.354,12.293,137,SSR.PR.
18:37:33,1133,#0000ff,3,42.343,12.298,136,SSR.PR.
18:37:38,1133,#0000ff,3,42.334,12.298,134,SSR.PR.
18:37:44,1133,#0000ff,3,42.323,12.302,133,SSR.PR.
18:37:49,1133,#0000ff,3,42.312,12.307,132,SSR.
18:37:55,1133,#0000ff,3,42.303,12.303,131,SSR.PR.
18:38:01,1133,#0000ff,3,42.292,12.309,129,SSR.PR.
18:38:06,1133,#0000ff,3,42.282,12.314,128,SSR.PR.
18:38:11,1133,#0000ff,3,42.272,12.314,127,SSR.PR.
18:38:17,1133,#0000ff,3,42.262,12.321,126,SSR.PR.
18:38:23,1133,#0000ff,3,42.252,12.323,125,SSR.PR.
18:38:28,1133,#0000ff,3,42.242,12.329,123,SSR.PR.
18:38:34,1133,#0000ff,3,42.232,12.333,121,SSR.PR.
18:38:40,1133,#0000ff,3,42.222,12.336,119,SSR.PR.
18:38:45,1133,#0000ff,3,42.213,12.341,118,SSR.PR.
18:38:50,1133,#0000ff,3,42.202,12.344,116,SSR.PR.
18:38:56,1133,#0000ff,3,42.193,12.350,114,SSR.PR.
18:39:02,1133,#0000ff,3,42.183,12.355,113,SSR.PR.
18:39:07,1133,#0000ff,3,42.175,12.358,111,SSR.PR.
18:39:13,1133,#0000ff,3,42.167,12.357,110,SSR.
18:39:18,1133,#0000ff,3,42.158,12.363,108,SSR.
18:39:24,1133,#0000ff,3,42.148,12.369,106,SSR.PR.
18:39:30,1133,#0000ff,3,42.139,12.374,105,SSR.PR.
18:39:35,1133,#0000ff,3,42.130,12.377,103,SSR.PR.
18:39:41,1133,#0000ff,3,42.122,12.379,102,SSR.PR.
18:39:47,1133,#0000ff,3,42.113,12.385,100,SSR.PR.
18:39:52,1133,#0000ff,3,42.105,12.392,98,SSR.PR.
18:39:57,1133,#0000ff,3,42.096,12.394,97,SSR.PR.
18:40:04,1133,#0000ff,3,42.089,12.399,95,SSR.
18:40:09,1133,#0000ff,3,42.080,12.403,94,SSR.PR.
18:40:14,1133,#0000ff,3,42.072,12.409,92,SSR.PR.
18:40:20,1133,#0000ff,3,42.064,12.413,90,SSR.PR.
18:40:26,1133,#0000ff,3,42.057,12.419,88,SSR.PR.
18:40:31,1133,#0000ff,3,42.049,12.422,86,SSR.PR.
18:40:37,1133,#0000ff,3,42.040,12.427,84,SSR.PR.
18:40:42,1133,#0000ff,3,42.033,12.432,82,SSR.PR.
18:40:48,1133,#0000ff,3,42.025,12.437,80,SSR.PR.
18:40:54,1133,#0000ff,3,42.018,12.442,78,SSR.PR.
18:40:59,1133,#0000ff,3,42.010,12.448,76,SSR.PR.
18:41:05,1133,#0000ff,3,42.002,12.452,73,SSR.PR.
18:41:11,1133,#0000ff,3,41.994,12.457,71,SSR.PR.
18:41:16,1133,#0000ff,3,41.987,12.463,69,SSR.PR.
18:41:22,1133,#0000ff,3,41.980,12.468,67,SSR.PR.
18:41:27,1133,#0000ff,3,41.973,12.472,65,SSR.PR.
18:41:33,1133,#0000ff,3,41.965,12.479,63,SSR.PR.
18:41:38,1133,#0000ff,3,41.958,12.485,61,SSR.PR.
18:41:44,1133,#0000ff,3,41.950,12.489,59,SSR.PR.
18:41:49,1133,#0000ff,3,41.943,12.494,57,SSR.PR.
18:41:55,1133,#0000ff,3,41.937,12.498,56,SSR.PR.
18:42:01,1133,#0000ff,3,41.928,12.506,55,SSR.
18:42:06,1133,#0000ff,3,41.920,12.510,53,SSR.
18:42:13,1133,#0000ff,3,41.913,12.515,51,SSR.
18:42:18,1133,#0000ff,3,41.905,12.521,49,SSR.
18:42:23,1133,#0000ff,3,41.898,12.525,47,SSR.
18:42:28,1133,#0000ff,3,41.891,12.530,45,SSR.
18:42:35,1133,#0000ff,3,41.883,12.534,43,SSR.PR.
18:42:40,1133,#0000ff,3,41.876,12.539,41,SSR.PR.
18:42:45,1133,#0000ff,3,41.869,12.544,39,SSR.PR.
18:42:51,1133,#0000ff,3,41.862,12.549,37,SSR.PR.
18:42:57,1133,#0000ff,3,41.854,12.553,34,SSR.PR.
18:43:02,1133,#0000ff,3,41.849,12.555,32,SSR.
18:43:08,1133,#0000ff,3,41.843,12.557,31,SSR.
18:43:13,1133,#0000ff,3,41.836,12.558,29,SSR.
18:43:19,1133,#0000ff,3,41.830,12.559,27,SSR.
18:43:25,1133,#0000ff,3,41.823,12.560,26,SSR.
18:43:30,1133,#0000ff,3,41.817,12.561,25,SSR.
18:43:36,1133,#0000ff,3,41.811,12.560,24,SSR.
18:43:42,1133,#0000ff,3,41.804,12.561,23,SSR.
18:43:47,1133,#0000ff,3,41.799,12.561,22,SSR.
18:43:52,1133,#0000ff,3,41.793,12.559,21,SSR.
18:43:58,1133,#0000ff,3,41.786,12.559,21,SSR.
18:44:04,1133,#0000ff,3,41.782,12.558,20,SSR.
18:44:09,1133,#0000ff,3,41.776,12.558,20,SSR.
18:44:15,1133,#0000ff,3,41.769,12.558,19,SSR.
18:44:20,1133,#0000ff,3,41.765,12.559,18,SSR.PR.
18:44:26,1133,#0000ff,3,41.760,12.559,18,SSR.PR.
18:44:32,1133,#0000ff,3,41.754,12.561,18,SSR.PR.
18:44:37,1133,#0000ff,3,41.748,12.564,18,SSR.PR.
18:44:43,1133,#0000ff,3,41.745,12.569,18,SSR.PR.
18:44:49,1133,#0000ff,3,41.743,12.574,18,SSR.PR.
18:44:54,1133,#0000ff,3,41.740,12.580,18,SSR.PR.
18:44:59,1133,#0000ff,3,41.738,12.587,17,SSR.
18:45:06,1133,#0000ff,3,41.739,12.592,17,SSR.
18:45:11,1133,#0000ff,3,41.739,12.598,17,SSR.
18:45:16,1133,#0000ff,3,41.741,12.603,17,SSR.
18:45:21,1133,#0000ff,3,41.738,12.606,17,SSR.PR.
18:45:28,1133,#0000ff,3,41.747,12.612,16,SSR.PR.
18:45:33,1133,#0000ff,3,41.749,12.615,15,SSR.PR.
18:45:38,1133,#0000ff,3,41.752,12.616,15,SSR.
18:45:44,1133,#0000ff,3,41.758,12.617,14,SSR.
18:45:50,1133,#0000ff,3,41.760,12.617,13,SSR.
18:45:55,1133,#0000ff,3,41.763,12.618,12,SSR.
18:46:01,1133,#0000ff,3,41.768,12.617,11,SSR.
18:46:06,1133,#0000ff,3,41.770,12.616,10,SSR.
18:46:12,1133,#0000ff,3,41.776,12.614,9,SSR.
18:46:18,1133,#0000ff,3,41.777,12.612,8,SSR.PR.
18:46:23,1133,#0000ff,3,41.781,12.610,8,SSR.PR.
18:46:28,1133,#0000ff,3,41.785,12.607,7,SSR.PR.
18:46:35,1133,#0000ff,3,41.787,12.605,6,SSR.
18:46:40,1133,#0000ff,3,41.790,12.604,5,SSR.
null,null,null,null,null,null,null
18:21:44,1133,#0000ff,2,44.074,10.987,250,SSR.
18:21:50,1133,#0000ff,2,44.063,10.993,250,SSR.
18:21:56,1133,#0000ff,2,44.049,10.990,250,SSR.
18:22:01,1133,#0000ff,2,44.037,10.992,250,SSR.
18:22:08,1133,#0000ff,2,44.020,10.979,250,SSR.
18:22:14,1133,#0000ff,2,44.013,11.000,0,SSR.        SPI.
18:22:19,1133,#0000ff,2,44.004,11.011,250,SSR.        SPI.
18:22:26,1133,#0000ff,2,43.999,11.041,249,SSR.
18:23:06,1133,#0000ff,2,43.925,11.094,250,SSR.
18:23:13,1133,#0000ff,2,43.910,11.087,250,SSR.
18:23:19,1133,#0000ff,2,43.898,11.094,0,SSR.PR.
18:23:24,1133,#0000ff,2,43.888,11.104,250,SSR.PR.
18:23:31,1133,#0000ff,2,43.873,11.098,0,SSR.PR.
18:23:36,1133,#0000ff,2,43.875,11.148,0,SSR.
18:23:42,1133,#0000ff,2,43.854,11.124,0,SSR.PR.
18:23:48,1133,#0000ff,2,43.849,11.152,0,SSR.
18:23:54,1133,#0000ff,2,43.834,11.146,250,SSR.PR.
18:24:00,1133,#0000ff,2,43.819,11.143,250,SSR.PR.
18:24:06,1133,#0000ff,2,43.813,11.168,250,SSR.PR.
18:24:11,1133,#0000ff,2,43.799,11.165,250,SSR.PR.
18:24:18,1133,#0000ff,2,43.785,11.159,250,SSR.PR.
18:24:23,1133,#0000ff,2,43.776,11.178,250,SSR.PR.
18:24:29,1133,#0000ff,2,43.764,11.185,250,SSR.PR.
18:24:36,1133,#0000ff,2,43.751,11.188,0,SSR.PR.
18:24:42,1133,#0000ff,2,43.744,11.206,250,SSR.PR.
18:24:47,1133,#0000ff,2,43.735,11.224,250,SSR.PR.
18:24:53,1133,#0000ff,2,43.723,11.227,250,SSR.PR.
18:25:11,1133,#0000ff,2,43.691,11.258,250,SSR.PR.
18:25:16,1133,#0000ff,2,43.681,11.268,250,SSR.PR.
18:25:23,1133,#0000ff,2,43.667,11.271,250,SSR.PR.
18:25:28,1133,#0000ff,2,43.654,11.274,250,SSR.PR.
18:25:41,1133,#0000ff,2,43.633,11.298,250,SSR.PR.
18:25:46,1133,#0000ff,2,43.622,11.300,250,SSR.PR.
18:25:52,1133,#0000ff,2,43.611,11.315,0,SSR.PR.
18:25:58,1133,#0000ff,2,43.603,11.333,250,SSR.PR.
18:26:04,1133,#0000ff,2,43.592,11.342,250,SSR.PR.
18:26:10,1133,#0000ff,2,43.579,11.345,250,SSR.PR.
18:26:15,1133,#0000ff,2,43.572,11.366,250,SSR.PR.
18:26:21,1133,#0000ff,2,43.558,11.368,250,SSR.PR.
18:26:28,1133,#0000ff,2,43.551,11.393,250,SSR.
18:26:39,1133,#0000ff,2,43.526,11.397,250,SSR.PR.
18:26:45,1133,#0000ff,2,43.527,11.458,5,SSR.PR.
18:26:51,1133,#0000ff,2,43.501,11.410,250,SSR.PR.
18:26:57,1133,#0000ff,2,43.491,11.419,250,SSR.PR.
18:27:02,1133,#0000ff,2,43.479,11.425,250,SSR.PR.
18:27:09,1133,#0000ff,2,43.467,11.431,250,SSR.PR.
18:27:15,1133,#0000ff,2,43.457,11.448,250,SSR.PR.
18:27:20,1133,#0000ff,2,43.447,11.461,250,SSR.PR.
18:27:27,1133,#0000ff,2,43.437,11.473,250,SSR.PR.
18:27:32,1133,#0000ff,2,43.426,11.479,250,SSR.PR.
18:27:38,1133,#0000ff,2,43.415,11.496,250,SSR.PR.
18:27:44,1133,#0000ff,2,43.403,11.498,250,SSR.PR.
18:27:50,1133,#0000ff,2,43.393,11.510,0,SSR.PR.
18:27:56,1133,#0000ff,2,43.383,11.523,250,SSR.PR.     SPI.
18:28:02,1133,#0000ff,2,43.372,11.535,250,SSR.PR.
18:28:07,1133,#0000ff,2,43.361,11.541,250,SSR.PR.
18:28:14,1133,#0000ff,2,43.349,11.553,250,SSR.PR.
18:28:20,1133,#0000ff,2,43.338,11.561,250,SSR.PR.
18:28:25,1133,#0000ff,2,43.330,11.583,250,SSR.
18:28:32,1133,#0000ff,2,43.318,11.585,250,SSR.
18:28:38,1133,#0000ff,2,43.307,11.597,250,SSR.PR.
18:28:43,1133,#0000ff,2,43.297,11.609,250,SSR.PR.
18:28:49,1133,#0000ff,2,43.285,11.614,250,SSR.PR.
18:28:55,1133,#0000ff,2,43.275,11.628,250,SSR.PR.
18:29:01,1133,#0000ff,2,43.264,11.640,250,SSR.PR.
18:29:07,1133,#0000ff,2,43.257,11.669,250,SSR.
18:29:19,1133,#0000ff,2,43.233,11.679,250,SSR.PR.
18:29:24,1133,#0000ff,2,43.223,11.690,250,SSR.PR.
18:29:30,1133,#0000ff,2,43.212,11.700,250,SSR.PR.
18:29:54,1133,#0000ff,2,43.168,11.740,250,SSR.PR.
18:30:00,1133,#0000ff,2,43.157,11.750,250,SSR.PR.
18:30:06,1133,#0000ff,2,43.146,11.760,250,SSR.PR.
18:30:12,1133,#0000ff,2,43.137,11.779,250,SSR.PR.
18:30:17,1133,#0000ff,2,43.126,11.785,250,SSR.PR.
18:30:24,1133,#0000ff,2,43.117,11.798,250,SSR.PR.
18:30:29,1133,#0000ff,2,43.106,11.807,249,SSR.PR.
18:30:35,1133,#0000ff,2,43.096,11.819,248,SSR.PR.
18:30:42,1133,#0000ff,2,43.086,11.828,246,SSR.PR.
18:30:47,1133,#0000ff,2,43.076,11.837,245,SSR.PR.
18:30:53,1133,#0000ff,2,43.065,11.849,243,SSR.PR.
18:30:59,1133,#0000ff,2,43.054,11.853,242,SSR.PR.
18:31:05,1133,#0000ff,2,43.045,11.872,240,SSR.PR.
18:31:11,1133,#0000ff,2,43.035,11.878,239,SSR.PR.
18:31:17,1133,#0000ff,2,43.025,11.889,237,SSR.PR.
18:31:22,1133,#0000ff,2,43.015,11.900,236,SSR.PR.
18:31:29,1133,#0000ff,2,43.004,11.908,235,SSR.PR.
18:31:34,1133,#0000ff,2,42.995,11.924,233,SSR.PR.
18:31:40,1133,#0000ff,2,42.985,11.929,232,SSR.PR.
18:31:47,1133,#0000ff,2,42.976,11.947,230,SSR.PR.
18:31:52,1133,#0000ff,2,42.965,11.953,228,SSR.PR.
18:31:58,1133,#0000ff,2,42.954,11.956,226,SSR.PR.
18:32:03,1133,#0000ff,2,42.945,11.972,224,SSR.PR.
18:32:10,1133,#0000ff,2,42.935,11.980,222,SSR.PR.
18:32:16,1133,#0000ff,2,42.925,11.990,220,SSR.PR.
18:32:21,1133,#0000ff,2,42.914,11.995,218,SSR.PR.
18:32:27,1133,#0000ff,2,42.903,12.002,216,SSR.PR.
18:32:34,1133,#0000ff,2,42.894,12.016,213,SSR.PR.
18:32:39,1133,#0000ff,2,42.884,12.025,211,SSR.PR.
18:32:45,1133,#0000ff,2,42.874,12.036,208,SSR.PR.
18:32:52,1133,#0000ff,2,42.863,12.042,205,SSR.PR.
18:32:57,1133,#0000ff,2,42.852,12.051,202,SSR.PR.
18:33:03,1133,#0000ff,2,42.841,12.058,200,SSR.PR.
18:33:09,1133,#0000ff,2,42.830,12.062,198,SSR.PR.
18:33:15,1133,#0000ff,2,42.819,12.068,195,SSR.PR.
18:33:21,1133,#0000ff,2,42.807,12.073,193,SSR.PR.
18:33:26,1133,#0000ff,2,42.796,12.085,190,SSR.PR.
18:33:32,1133,#0000ff,2,42.785,12.093,187,SSR.PR.
18:33:39,1133,#0000ff,2,42.774,12.101,185,SSR.PR.
18:33:44,1133,#0000ff,2,42.763,12.103,182,SSR.PR.
18:33:50,1133,#0000ff,2,42.752,12.117,180,SSR.PR.
18:33:57,1133,#0000ff,2,42.741,12.124,178,SSR.PR.
18:34:02,1133,#0000ff,2,42.729,12.126,177,SSR.PR.
18:34:08,1133,#0000ff,2,42.719,12.135,176,SSR.PR.
18:34:14,1133,#0000ff,2,42.709,12.144,175,SSR.PR.
18:34:20,1133,#0000ff,2,42.697,12.150,173,SSR.PR.
18:34:26,1133,#0000ff,2,42.686,12.156,172,SSR.PR.
18:34:32,1133,#0000ff,2,42.675,12.162,171,SSR.PR.
18:34:37,1133,#0000ff,2,42.665,12.168,170,SSR.PR.
18:34:44,1133,#0000ff,2,42.654,12.179,169,SSR.PR.
18:35:02,1133,#0000ff,2,42.622,12.195,165,SSR.PR.
18:35:07,1133,#0000ff,2,42.612,12.202,164,SSR.PR.
18:35:13,1133,#0000ff,2,42.601,12.208,163,SSR.PR.
18:35:19,1133,#0000ff,2,42.591,12.215,162,SSR.PR.
18:35:25,1133,#0000ff,2,42.579,12.219,160,SSR.PR.
18:35:31,1133,#0000ff,2,42.569,12.221,159,SSR.PR.
18:35:37,1133,#0000ff,2,42.558,12.226,158,SSR.PR.
18:35:42,1133,#0000ff,2,42.547,12.228,156,SSR.PR.
18:35:49,1133,#0000ff,2,42.536,12.235,155,SSR.PR.
18:35:55,1133,#0000ff,2,42.524,12.240,154,SSR.PR.
18:36:00,1133,#0000ff,2,42.514,12.243,153,SSR.PR.
18:36:07,1133,#0000ff,2,42.502,12.248,152,SSR.PR.
18:36:12,1133,#0000ff,2,42.492,12.252,150,SSR.PR.
18:36:18,1133,#0000ff,2,42.481,12.255,149,SSR.PR.
18:36:24,1133,#0000ff,2,42.470,12.260,148,SSR.PR.
18:36:30,1133,#0000ff,2,42.459,12.259,147,SSR.PR.
18:36:36,1133,#0000ff,2,42.448,12.265,146,SSR.PR.
18:36:42,1133,#0000ff,2,42.437,12.270,145,SSR.PR.
18:36:47,1133,#0000ff,2,42.426,12.270,144,SSR.PR.
18:36:54,1133,#0000ff,2,42.415,12.272,143,SSR.PR.
18:37:00,1133,#0000ff,2,42.404,12.279,142,SSR.PR.
18:37:05,1133,#0000ff,2,42.393,12.278,141,SSR.PR.
18:37:12,1133,#0000ff,2,42.382,12.284,140,SSR.PR.
18:37:17,1133,#0000ff,2,42.372,12.285,139,SSR.PR.
18:37:23,1133,#0000ff,2,42.360,12.289,138,SSR.PR.
18:37:29,1133,#0000ff,2,42.349,12.294,137,SSR.PR.
18:37:35,1133,#0000ff,2,42.339,12.296,135,SSR.PR.
18:37:41,1133,#0000ff,2,42.327,12.300,134,SSR.PR.
18:37:46,1133,#0000ff,2,42.317,12.301,132,SSR.PR.
18:37:53,1133,#0000ff,2,42.306,12.304,131,SSR.PR.
18:37:59,1133,#0000ff,2,42.294,12.307,130,SSR.PR.
18:38:04,1133,#0000ff,2,42.283,12.312,129,SSR.PR.
18:38:10,1133,#0000ff,2,42.273,12.313,127,SSR.PR.
18:38:17,1133,#0000ff,2,42.262,12.319,126,SSR.PR.
18:38:22,1133,#0000ff,2,42.252,12.325,125,SSR.PR.
18:38:28,1133,#0000ff,2,42.241,12.327,123,SSR.PR.
18:38:34,1133,#0000ff,2,42.230,12.332,121,SSR.PR.
18:38:40,1133,#0000ff,2,42.220,12.337,119,SSR.PR.
18:38:46,1133,#0000ff,2,42.210,12.339,117,SSR.PR.
18:38:51,1133,#0000ff,2,42.200,12.346,116,SSR.PR.
18:38:58,1133,#0000ff,2,42.190,12.350,114,SSR.PR.
18:39:04,1133,#0000ff,2,42.181,12.355,112,SSR.PR.
18:39:09,1133,#0000ff,2,42.170,12.358,111,SSR.PR.
18:39:15,1133,#0000ff,2,42.161,12.362,109,SSR.
18:39:22,1133,#0000ff,2,42.151,12.370,107,SSR.PR.
18:39:27,1133,#0000ff,2,42.142,12.373,105,SSR.PR.
18:39:33,1133,#0000ff,2,42.132,12.378,104,SSR.PR.
18:39:39,1133,#0000ff,2,42.123,12.383,102,SSR.PR.
18:39:45,1133,#0000ff,2,42.114,12.387,100,SSR.PR.
18:39:51,1133,#0000ff,2,42.105,12.391,99,SSR.PR.
18:39:57,1133,#0000ff,2,42.096,12.396,97,SSR.PR.
18:40:03,1133,#0000ff,2,42.087,12.402,95,SSR.
18:40:09,1133,#0000ff,2,42.078,12.408,94,SSR.PR.
18:40:15,1133,#0000ff,2,42.071,12.411,92,SSR.
18:40:20,1133,#0000ff,2,42.061,12.418,90,SSR.PR.
18:40:27,1133,#0000ff,2,42.053,12.423,88,SSR.PR.
18:40:33,1133,#0000ff,2,42.044,12.429,85,SSR.PR.
18:40:38,1133,#0000ff,2,42.037,12.433,83,SSR.PR.
18:40:44,1133,#0000ff,2,42.028,12.439,81,SSR.PR.
18:40:50,1133,#0000ff,2,42.019,12.444,79,SSR.PR.
18:40:56,1133,#0000ff,2,42.011,12.450,77,SSR.PR.
18:41:02,1133,#0000ff,2,42.004,12.452,74,SSR.
18:41:09,1133,#0000ff,2,41.996,12.459,72,SSR.PR.
18:41:14,1133,#0000ff,2,41.987,12.464,70,SSR.PR.
18:41:20,1133,#0000ff,2,41.979,12.470,68,SSR.PR.
18:41:26,1133,#0000ff,2,41.972,12.475,66,SSR.PR.
18:41:32,1133,#0000ff,2,41.964,12.480,63,SSR.
18:41:38,1133,#0000ff,2,41.956,12.488,61,SSR.PR.
18:41:43,1133,#0000ff,2,41.948,12.492,59,SSR.PR.
18:41:49,1133,#0000ff,2,41.941,12.498,57,SSR.PR.
18:41:56,1133,#0000ff,2,41.931,12.503,56,SSR.PR.
18:42:01,1133,#0000ff,2,41.925,12.509,55,SSR.PR.
18:42:07,1133,#0000ff,2,41.916,12.514,53,SSR.PR.
18:42:14,1133,#0000ff,2,41.910,12.518,50,SSR.
18:42:20,1133,#0000ff,2,41.902,12.524,48,SSR.
18:42:25,1133,#0000ff,2,41.893,12.529,47,SSR.PR.
18:42:31,1133,#0000ff,2,41.886,12.534,44,SSR.PR.
18:42:37,1133,#0000ff,2,41.878,12.539,42,SSR.PR.
18:42:43,1133,#0000ff,2,41.870,12.544,40,SSR.PR.
18:42:49,1133,#0000ff,2,41.862,12.550,37,SSR.PR.
18:42:54,1133,#0000ff,2,41.856,12.553,35,SSR.PR.
18:43:01,1133,#0000ff,2,41.848,12.556,32,SSR.PR.
18:43:07,1133,#0000ff,2,41.843,12.558,31,SSR.
18:43:12,1133,#0000ff,2,41.834,12.561,29,SSR.
18:43:19,1133,#0000ff,2,41.828,12.560,28,SSR.
18:43:25,1133,#0000ff,2,41.821,12.562,26,SSR.
18:43:31,1133,#0000ff,2,41.813,12.563,25,SSR.
18:43:36,1133,#0000ff,2,41.807,12.563,24,SSR.
18:43:43,1133,#0000ff,2,41.801,12.563,23,SSR.PR.
18:43:48,1133,#0000ff,2,41.792,12.562,22,SSR.
18:43:54,1133,#0000ff,2,41.789,12.560,21,SSR.
18:44:01,1133,#0000ff,2,41.782,12.561,21,SSR.PR.
18:44:06,1133,#0000ff,2,41.777,12.560,20,SSR.PR.
18:44:12,1133,#0000ff,2,41.770,12.560,19,SSR.PR.
18:44:17,1133,#0000ff,2,41.763,12.559,19,SSR.PR.
18:44:24,1133,#0000ff,2,41.758,12.560,18,SSR.PR.
18:44:30,1133,#0000ff,2,41.752,12.561,18,SSR.PR.
18:44:35,1133,#0000ff,2,41.747,12.564,18,SSR.PR.
18:44:41,1133,#0000ff,2,41.741,12.568,18,SSR.PR.
18:44:48,1133,#0000ff,2,41.738,12.574,18,SSR.PR.
18:44:53,1133,#0000ff,2,41.737,12.581,18,SSR.
18:44:59,1133,#0000ff,2,41.736,12.587,17,SSR.PR.
18:45:06,1133,#0000ff,2,41.737,12.594,17,SSR.
18:45:11,1133,#0000ff,2,41.743,12.601,17,SSR.
18:45:17,1133,#0000ff,2,41.738,12.605,17,SSR.
18:45:23,1133,#0000ff,2,41.741,12.609,17,SSR.
18:45:29,1133,#0000ff,2,41.747,12.614,16,SSR.
18:45:35,1133,#0000ff,2,41.753,12.617,15,SSR.
18:45:46,1133,#0000ff,2,41.755,12.618,14,SSR.
18:45:53,1133,#0000ff,2,41.757,12.618,12,SSR.PR.
18:45:58,1133,#0000ff,2,41.764,12.618,11,SSR.PR.
18:46:04,1133,#0000ff,2,41.768,12.618,10,SSR.PR.
18:46:10,1133,#0000ff,2,41.771,12.615,9,SSR.PR.
18:46:16,1133,#0000ff,2,41.774,12.613,8,SSR.PR.
18:46:22,1133,#0000ff,2,41.778,12.612,8,SSR.PR.
18:46:27,1133,#0000ff,2,41.781,12.610,7,SSR.
18:46:34,1133,#0000ff,2,41.783,12.607,6,SSR.PR.
18:46:40,1133,#0000ff,2,41.789,12.605,5,SSR.
null,null,null,null,null,null,null
18:21:44,1133,#0000ff,4,44.076,10.996,250,SSR.
18:21:50,1133,#0000ff,4,44.065,10.998,250,SSR.
18:21:56,1133,#0000ff,4,44.049,10.990,250,SSR.
18:22:01,1133,#0000ff,4,44.038,10.996,250,SSR.
18:22:08,1133,#0000ff,4,44.022,10.990,250,SSR.
18:22:14,1133,#0000ff,4,44.015,11.005,0,SSR.        SPI.
18:22:19,1133,#0000ff,4,44.004,11.011,250,SSR.        SPI.
18:22:26,1133,#0000ff,4,44.001,11.046,249,SSR.
18:23:06,1133,#0000ff,4,43.926,11.098,250,SSR.
18:23:13,1133,#0000ff,4,43.912,11.096,250,SSR.
18:23:19,1133,#0000ff,4,43.899,11.098,250,SSR.PR.
18:23:24,1133,#0000ff,4,43.888,11.104,0,SSR.PR.
18:23:31,1133,#0000ff,4,43.876,11.106,0,SSR.PR.
18:23:42,1133,#0000ff,4,43.856,11.129,0,SSR.PR.
18:23:48,1133,#0000ff,4,43.850,11.156,0,SSR.
18:23:54,1133,#0000ff,4,43.835,11.150,250,SSR.PR.
18:24:00,1133,#0000ff,4,43.822,11.152,250,SSR.PR.
18:24:06,1133,#0000ff,4,43.814,11.172,250,SSR.PR.
18:24:11,1133,#0000ff,4,43.800,11.169,250,SSR.PR.
18:24:18,1133,#0000ff,4,43.786,11.168,250,SSR.PR.
18:24:23,1133,#0000ff,4,43.778,11.187,250,SSR.PR.
18:24:29,1133,#0000ff,4,43.765,11.189,250,SSR.PR.
18:24:36,1133,#0000ff,4,43.751,11.188,0,SSR.PR.
18:24:42,1133,#0000ff,4,43.746,11.214,250,SSR.PR.
18:24:47,1133,#0000ff,4,43.737,11.229,250,SSR.PR.
18:24:53,1133,#0000ff,4,43.724,11.231,285,SSR.PR.
18:25:11,1133,#0000ff,4,43.691,11.258,250,SSR.PR.
18:25:16,1133,#0000ff,4,43.681,11.273,250,SSR.PR.
18:25:23,1133,#0000ff,4,43.667,11.271,250,SSR.PR.
18:25:28,1133,#0000ff,4,43.655,11.278,250,SSR.PR.
18:25:46,1133,#0000ff,4,43.622,11.304,250,SSR.PR.
18:25:52,1133,#0000ff,4,43.612,11.319,0,SSR.PR.
18:25:58,1133,#0000ff,4,43.604,11.336,250,SSR.PR.
18:26:04,1133,#0000ff,4,43.593,11.346,250,SSR.PR.
18:26:10,1133,#0000ff,4,43.580,11.349,250,SSR.PR.
18:26:15,1133,#0000ff,4,43.571,11.362,5,SSR.PR.
18:26:21,1133,#0000ff,4,43.559,11.372,250,SSR.PR.
18:26:28,1133,#0000ff,4,43.553,11.400,250,SSR.
18:26:39,1133,#0000ff,4,43.526,11.397,250,SSR.PR.
18:26:45,1133,#0000ff,4,43.514,11.407,0,SSR.PR.
18:26:51,1133,#0000ff,4,43.501,11.410,250,SSR.PR.
18:26:57,1133,#0000ff,4,43.493,11.427,250,SSR.PR.
18:27:09,1133,#0000ff,4,43.468,11.439,250,SSR.PR.
18:27:15,1133,#0000ff,4,43.460,11.459,250,SSR.PR.
18:27:20,1133,#0000ff,4,43.448,11.464,250,SSR.PR.
18:27:27,1133,#0000ff,4,43.437,11.473,250,SSR.PR.
18:27:32,1133,#0000ff,4,43.426,11.487,250,SSR.PR.
18:27:38,1133,#0000ff,4,43.415,11.496,250,SSR.PR.
18:27:44,1133,#0000ff,4,43.404,11.505,250,SSR.PR.
18:27:50,1133,#0000ff,4,43.395,11.520,0,SSR.PR.
18:27:56,1133,#0000ff,4,43.385,11.533,250,SSR.PR.
18:28:02,1133,#0000ff,4,43.373,11.538,250,SSR.PR.
18:28:07,1133,#0000ff,4,43.362,11.547,250,SSR.PR.
18:28:14,1133,#0000ff,4,43.351,11.560,250,SSR.PR.
18:28:20,1133,#0000ff,4,43.339,11.565,250,SSR.PR.
18:28:25,1133,#0000ff,4,43.333,11.593,250,SSR.
18:28:32,1133,#0000ff,4,43.317,11.582,250,SSR.
18:28:38,1133,#0000ff,4,43.309,11.603,250,SSR.PR.
18:28:43,1133,#0000ff,4,43.296,11.605,250,SSR.PR.
18:28:49,1133,#0000ff,4,43.286,11.620,250,SSR.PR.
18:28:55,1133,#0000ff,4,43.276,11.631,250,SSR.PR.
18:29:01,1133,#0000ff,4,43.264,11.643,250,SSR.PR.
18:29:07,1133,#0000ff,4,43.256,11.663,250,SSR.
18:29:19,1133,#0000ff,4,43.234,11.682,250,SSR.PR.
18:29:24,1133,#0000ff,4,43.223,11.690,250,SSR.PR.
18:29:30,1133,#0000ff,4,43.212,11.700,250,SSR.PR.
18:29:54,1133,#0000ff,4,43.169,11.746,250,SSR.PR.
18:30:00,1133,#0000ff,4,43.158,11.753,250,SSR.PR.
18:30:06,1133,#0000ff,4,43.147,11.766,250,SSR.PR.
18:30:12,1133,#0000ff,4,43.137,11.779,250,SSR.PR.
18:30:17,1133,#0000ff,4,43.127,11.788,250,SSR.PR.
18:30:24,1133,#0000ff,4,43.117,11.800,250,SSR.PR.
18:30:29,1133,#0000ff,4,43.106,11.807,249,SSR.PR.
18:30:35,1133,#0000ff,4,43.096,11.819,248,SSR.PR.
18:30:42,1133,#0000ff,4,43.087,11.831,246,SSR.PR.
18:30:47,1133,#0000ff,4,43.076,11.840,245,SSR.PR.
18:30:53,1133,#0000ff,4,43.067,11.851,243,SSR.PR.
18:30:59,1133,#0000ff,4,43.055,11.858,242,SSR.PR.
18:31:05,1133,#0000ff,4,43.045,11.872,240,SSR.PR.
18:31:11,1133,#0000ff,4,43.035,11.881,239,SSR.PR.
18:31:17,1133,#0000ff,4,43.026,11.894,237,SSR.PR.
18:31:22,1133,#0000ff,4,43.015,11.900,236,SSR.PR.
18:31:29,1133,#0000ff,4,43.005,11.911,235,SSR.PR.
18:31:34,1133,#0000ff,4,42.995,11.924,233,SSR.PR.
18:31:40,1133,#0000ff,4,42.986,11.937,232,SSR.PR.
18:31:47,1133,#0000ff,4,42.976,11.945,230,SSR.PR.
18:31:52,1133,#0000ff,4,42.966,11.955,228,SSR.PR.
18:31:58,1133,#0000ff,4,42.954,11.958,226,SSR.PR.
18:32:03,1133,#0000ff,4,42.945,11.977,224,SSR.PR.
18:32:10,1133,#0000ff,4,42.935,11.980,222,SSR.PR.
18:32:16,1133,#0000ff,4,42.925,11.990,220,SSR.PR.
18:32:21,1133,#0000ff,4,42.914,11.997,218,SSR.PR.
18:32:27,1133,#0000ff,4,42.904,12.006,216,SSR.PR.
18:32:34,1133,#0000ff,4,42.895,12.020,213,SSR.PR.
18:32:39,1133,#0000ff,4,42.884,12.025,211,SSR.PR.
18:32:45,1133,#0000ff,4,42.873,12.036,208,SSR.PR.
18:32:52,1133,#0000ff,4,42.864,12.045,205,SSR.PR.
18:32:57,1133,#0000ff,4,42.852,12.054,202,SSR.PR.
18:33:03,1133,#0000ff,4,42.841,12.058,200,SSR.PR.
18:33:09,1133,#0000ff,4,42.830,12.062,198,SSR.PR.
18:33:15,1133,#0000ff,4,42.819,12.068,195,SSR.PR.
18:33:21,1133,#0000ff,4,42.807,12.075,193,SSR.PR.
18:33:26,1133,#0000ff,4,42.796,12.083,190,SSR.PR.
18:33:32,1133,#0000ff,4,42.786,12.095,187,SSR.PR.
18:33:39,1133,#0000ff,4,42.775,12.103,185,SSR.PR.
18:33:44,1133,#0000ff,4,42.763,12.103,182,SSR.PR.
18:33:50,1133,#0000ff,4,42.751,12.115,180,SSR.PR.
18:33:57,1133,#0000ff,4,42.741,12.122,178,SSR.PR.
18:34:02,1133,#0000ff,4,42.730,12.131,177,SSR.PR.
18:34:08,1133,#0000ff,4,42.719,12.139,176,SSR.PR.
18:34:14,1133,#0000ff,4,42.709,12.144,175,SSR.PR.
18:34:20,1133,#0000ff,4,42.698,12.152,173,SSR.PR.
18:34:26,1133,#0000ff,4,42.686,12.159,172,SSR.PR.
18:34:32,1133,#0000ff,4,42.676,12.166,171,SSR.PR.
18:34:37,1133,#0000ff,4,42.665,12.167,170,SSR.PR.
18:34:44,1133,#0000ff,4,42.655,12.180,169,SSR.PR.
18:35:02,1133,#0000ff,4,42.622,12.196,165,SSR.PR.
18:35:07,1133,#0000ff,4,42.611,12.202,164,SSR.PR.
18:35:13,1133,#0000ff,4,42.601,12.208,163,SSR.PR.
18:35:19,1133,#0000ff,4,42.591,12.215,162,SSR.PR.
18:35:25,1133,#0000ff,4,42.579,12.222,160,SSR.PR.
18:35:31,1133,#0000ff,4,42.569,12.222,159,SSR.PR.
18:35:37,1133,#0000ff,4,42.558,12.226,158,SSR.PR.
18:35:42,1133,#0000ff,4,42.547,12.226,156,SSR.PR.
18:35:49,1133,#0000ff,4,42.536,12.234,155,SSR.PR.
18:35:55,1133,#0000ff,4,42.525,12.242,154,SSR.PR.
18:36:00,1133,#0000ff,4,42.514,12.245,153,SSR.PR.
18:36:07,1133,#0000ff,4,42.502,12.248,152,SSR.PR.
18:36:12,1133,#0000ff,4,42.492,12.255,150,SSR.PR.
18:36:18,1133,#0000ff,4,42.481,12.256,149,SSR.PR.
18:36:24,1133,#0000ff,4,42.470,12.257,148,SSR.PR.
18:36:30,1133,#0000ff,4,42.459,12.261,147,SSR.PR.
18:36:36,1133,#0000ff,4,42.448,12.269,146,SSR.PR.
18:36:42,1133,#0000ff,4,42.437,12.269,145,SSR.PR.
18:36:47,1133,#0000ff,4,42.425,12.270,144,SSR.PR.
18:36:54,1133,#0000ff,4,42.415,12.273,143,SSR.PR.
18:37:00,1133,#0000ff,4,42.404,12.278,142,SSR.PR.
18:37:05,1133,#0000ff,4,42.393,12.281,141,SSR.PR.
18:37:12,1133,#0000ff,4,42.382,12.284,140,SSR.PR.
18:37:17,1133,#0000ff,4,42.372,12.288,139,SSR.PR.
18:37:23,1133,#0000ff,4,42.360,12.292,138,SSR.PR.
18:37:29,1133,#0000ff,4,42.349,12.294,137,SSR.PR.
18:37:35,1133,#0000ff,4,42.339,12.295,135,SSR.PR.
18:37:41,1133,#0000ff,4,42.327,12.301,134,SSR.PR.
18:37:46,1133,#0000ff,4,42.317,12.302,132,SSR.PR.
18:37:53,1133,#0000ff,4,42.306,12.305,131,SSR.PR.
18:37:59,1133,#0000ff,4,42.294,12.308,130,SSR.PR.
18:38:04,1133,#0000ff,4,42.283,12.313,129,SSR.PR.
18:38:10,1133,#0000ff,4,42.273,12.314,127,SSR.PR.
18:38:17,1133,#0000ff,4,42.262,12.320,126,SSR.PR.
18:38:22,1133,#0000ff,4,42.252,12.325,125,SSR.PR.
18:38:28,1133,#0000ff,4,42.241,12.329,123,SSR.PR.
18:38:34,1133,#0000ff,4,42.230,12.333,121,SSR.PR.
18:38:40,1133,#0000ff,4,42.220,12.338,119,SSR.PR.
18:38:46,1133,#0000ff,4,42.210,12.340,117,SSR.PR.
18:38:51,1133,#0000ff,4,42.200,12.345,116,SSR.PR.
18:38:58,1133,#0000ff,4,42.190,12.350,114,SSR.PR.
18:39:04,1133,#0000ff,4,42.181,12.355,112,SSR.PR.
18:39:09,1133,#0000ff,4,42.170,12.359,111,SSR.PR.
18:39:15,1133,#0000ff,4,42.161,12.364,109,SSR.
18:39:22,1133,#0000ff,4,42.151,12.369,107,SSR.PR.
18:39:27,1133,#0000ff,4,42.142,12.374,106,SSR.PR.
18:39:33,1133,#0000ff,4,42.132,12.378,104,SSR.PR.
18:39:39,1133,#0000ff,4,42.122,12.384,102,SSR.PR.
18:39:45,1133,#0000ff,4,42.114,12.388,100,SSR.PR.
18:39:51,1133,#0000ff,4,42.105,12.393,99,SSR.PR.
18:39:57,1133,#0000ff,4,42.096,12.397,97,SSR.PR.
18:40:03,1133,#0000ff,4,42.087,12.402,95,SSR.
18:40:09,1133,#0000ff,4,42.079,12.408,94,SSR.PR.
18:40:15,1133,#0000ff,4,42.071,12.411,92,SSR.
18:40:20,1133,#0000ff,4,42.061,12.419,90,SSR.PR.
18:40:27,1133,#0000ff,4,42.053,12.423,88,SSR.PR.
18:40:33,1133,#0000ff,4,42.044,12.429,85,SSR.PR.
18:40:38,1133,#0000ff,4,42.036,12.434,83,SSR.PR.
18:40:44,1133,#0000ff,4,42.028,12.439,81,SSR.PR.
18:40:50,1133,#0000ff,4,42.020,12.445,79,SSR.PR.
18:40:56,1133,#0000ff,4,42.010,12.450,77,SSR.PR.
18:41:02,1133,#0000ff,4,42.004,12.452,74,SSR.
18:41:09,1133,#0000ff,4,41.995,12.460,72,SSR.PR.
18:41:14,1133,#0000ff,4,41.987,12.465,70,SSR.PR.
18:41:20,1133,#0000ff,4,41.979,12.470,68,SSR.PR.
18:41:26,1133,#0000ff,4,41.972,12.476,66,SSR.PR.
18:41:32,1133,#0000ff,4,41.964,12.482,63,SSR.
18:41:38,1133,#0000ff,4,41.956,12.488,61,SSR.PR.
18:41:43,1133,#0000ff,4,41.948,12.493,59,SSR.PR.
18:41:49,1133,#0000ff,4,41.940,12.497,57,SSR.PR.
18:41:56,1133,#0000ff,4,41.932,12.504,56,SSR.PR.
18:42:01,1133,#0000ff,4,41.925,12.509,55,SSR.PR.
18:42:07,1133,#0000ff,4,41.916,12.514,53,SSR.PR.
18:42:14,1133,#0000ff,4,41.910,12.519,50,SSR.
18:42:20,1133,#0000ff,4,41.902,12.524,48,SSR.
18:42:25,1133,#0000ff,4,41.893,12.529,47,SSR.PR.
18:42:31,1133,#0000ff,4,41.885,12.535,44,SSR.PR.
18:42:37,1133,#0000ff,4,41.877,12.540,42,SSR.PR.
18:42:43,1133,#0000ff,4,41.870,12.544,40,SSR.PR.
18:42:49,1133,#0000ff,4,41.862,12.548,37,SSR.PR.
18:42:54,1133,#0000ff,4,41.856,12.553,35,SSR.PR.
18:43:01,1133,#0000ff,4,41.848,12.556,32,SSR.PR.
18:43:07,1133,#0000ff,4,41.842,12.558,31,SSR.
18:43:12,1133,#0000ff,4,41.833,12.559,29,SSR.
18:43:19,1133,#0000ff,4,41.827,12.562,28,SSR.
18:43:25,1133,#0000ff,4,41.820,12.562,26,SSR.
18:43:31,1133,#0000ff,4,41.813,12.563,25,SSR.
18:43:36,1133,#0000ff,4,41.806,12.563,24,SSR.
18:43:43,1133,#0000ff,4,41.800,12.563,23,SSR.PR.
18:43:48,1133,#0000ff,4,41.792,12.561,22,SSR.
18:43:54,1133,#0000ff,4,41.789,12.560,21,SSR.
18:44:01,1133,#0000ff,4,41.781,12.561,21,SSR.PR.
18:44:06,1133,#0000ff,4,41.776,12.560,20,SSR.PR.
18:44:12,1133,#0000ff,4,41.770,12.559,19,SSR.PR.
18:44:17,1133,#0000ff,4,41.762,12.558,19,SSR.PR.
18:44:24,1133,#0000ff,4,41.758,12.560,18,SSR.PR.
18:44:30,1133,#0000ff,4,41.752,12.561,18,SSR.PR.
18:44:35,1133,#0000ff,4,41.747,12.564,18,SSR.PR.
18:44:41,1133,#0000ff,4,41.740,12.567,18,SSR.PR.
18:44:48,1133,#0000ff,4,41.738,12.574,18,SSR.PR.
18:44:53,1133,#0000ff,4,41.737,12.581,18,SSR.
18:44:59,1133,#0000ff,4,41.736,12.587,17,SSR.PR.
18:45:06,1133,#0000ff,4,41.736,12.593,17,SSR.
18:45:11,1133,#0000ff,4,41.743,12.601,17,SSR.
18:45:17,1133,#0000ff,4,41.737,12.605,17,SSR.
18:45:23,1133,#0000ff,4,41.741,12.611,17,SSR.
18:45:29,1133,#0000ff,4,41.746,12.614,16,SSR.
18:45:35,1133,#0000ff,4,41.752,12.617,15,SSR.
18:45:46,1133,#0000ff,4,41.754,12.619,14,SSR.
18:45:53,1133,#0000ff,4,41.756,12.618,12,SSR.PR.
18:45:58,1133,#0000ff,4,41.763,12.618,11,SSR.PR.
18:46:04,1133,#0000ff,4,41.768,12.618,10,SSR.PR.
18:46:10,1133,#0000ff,4,41.771,12.615,9,SSR.PR.
18:46:16,1133,#0000ff,4,41.774,12.615,8,SSR.PR.
18:46:22,1133,#0000ff,4,41.778,12.612,8,SSR.PR.
18:46:27,1133,#0000ff,4,41.781,12.610,7,SSR.
18:46:34,1133,#0000ff,4,41.783,12.607,6,SSR.PR.
18:46:40,1133,#0000ff,4,41.788,12.605,5,SSR.
