t,h0,GSi,GSf,Vv,lat,lon
51.3,25329,326,105,-803,39.6927,13.0928
50.1,25814,331,127,-850,39.6913,13.0845
43.8,25657,323,129,-973,39.6861,13.0162
47.2,26362,327,128,-927,39.6850,13.0529
42.6,25578,330,140,-1016,39.6772,13.0142
51.0,26280,327,129,-848,39.6835,13.0771
46.1,26523,324,118,-941,39.6842,13.0160
46.2,26882,326,124,-960,39.6881,13.0429
49.6,25101,326,121,-830,39.6821,13.0441
44.1,26779,329,145,-1021,39.6876,13.0604
44.1,25687,327,143,-980,39.6899,13.0706
45.1,25359,324,103,-903,39.6853,13.0370
50.1,26711,328,112,-864,39.6981,13.0727
49.3,25905,325,120,-874,39.6862,13.0383
44.2,25657,326,111,-914,39.6951,13.0356
47.3,25087,331,106,-854,39.6939,13.0607
44.0,26469,330,132,-1010,39.6807,13.0019
47.5,26400,322,115,-904,39.6812,13.0132
42.9,26632,323,132,-1030,39.6741,13.0055
47.0,25557,325,119,-888,39.6917,13.0761
44.0,25565,328,109,-921,39.6786,13.0162
45.0,26157,328,127,-969,39.6796,13.0096
51.2,26843,322,107,-844,39.6887,13.0749
52.2,25955,329,117,-812,39.6809,13.0242
50.7,26563,323,123,-871,39.6792,13.0180
47.3,26539,327,104,-901,39.6938,13.0822
45.3,25339,330,111,-886,39.6950,13.0620
50.6,26255,330,113,-843,39.6731,13.0043
45.7,25770,323,106,-902,39.6877,13.0456
52.4,25490,328,101,-779,39.6951,13.0568
45.6,25105,323,123,-919,39.6789,13.0099
43.8,26075,328,128,-983,39.6939,13.0865
46.5,26557,327,101,-906,39.6868,13.0113
45.4,25119,331,111,-887,39.6941,13.0841
42.1,25078,329,150,-1026,39.6980,13.0725
45.7,25281,323,114,-913,39.6867,13.0081
46.4,26200,330,115,-903,39.6857,13.0688
50.8,26640,324,131,-873,39.6707,13.0224
41.2,25173,325,140,-1045,39.6844,13.0310
45.5,25732,323,113,-921,39.6853,13.0479
45.4,26098,323,118,-948,39.6794,13.0018
44.8,26900,322,102,-948,39.6857,13.0342
50.6,25122,326,125,-835,39.6910,13.0494
43.2,25800,330,133,-1002,39.6747,13.0108
46.0,26467,331,123,-947,39.6811,13.0166
44.3,25177,329,136,-960,39.6949,13.0592
47.9,25837,326,115,-867,39.6769,12.9988
45.4,26462,323,128,-953,39.6916,13.0519
46.6,26618,330,125,-938,39.6895,13.0767
45.3,25751,323,121,-927,39.6765,13.0034
51.5,25257,326,104,-790,39.6933,13.0512
46.2,25856,329,109,-910,39.6894,13.0697
46.0,26477,327,118,-948,39.6807,13.0331
50.7,25156,330,107,-807,39.6811,13.0213
49.2,26837,324,122,-894,39.6918,13.0666
43.4,26396,327,133,-1027,39.6957,13.0604
46.4,25563,328,112,-898,39.6845,13.0180
45.4,26671,326,96,-924,39.6897,13.0220
45.7,26603,328,128,-958,39.6959,13.0825
44.1,26078,325,139,-998,39.6951,13.0564
44.0,26518,323,113,-976,39.6966,13.0693
42.0,25070,329,120,-989,39.7059,13.0813
46.4,25634,327,115,-891,39.6724,13.0017
46.6,26372,324,122,-939,39.6838,13.0339
47.1,26520,328,124,-940,39.6912,13.0429
49.7,25474,328,114,-841,39.6857,13.0507
43.3,25204,324,116,-954,39.6785,13.0000
49.3,26122,328,115,-856,39.6920,13.0702
47.5,26920,327,138,-946,39.6978,13.0835
50.0,26712,327,119,-861,39.6865,13.0446
48.5,26555,323,133,-908,39.6789,13.0371
48.1,26610,322,123,-928,39.6938,13.0565
52.9,26446,322,108,-799,39.6679,13.0046
49.5,25637,328,132,-883,39.6906,13.0804
47.2,25128,327,143,-910,39.6811,13.0292
51.2,26854,327,119,-867,39.6944,13.0822
48.9,25909,322,119,-886,39.6860,13.0541
43.3,25312,330,120,-961,39.6823,13.0177
44.3,26172,328,125,-968,39.6986,13.0678
45.6,26860,325,114,-941,39.6938,13.0453
43.5,25879,328,138,-989,39.6861,13.0403
43.8,25486,325,128,-981,39.6817,13.0285
43.5,25268,327,129,-971,39.6918,13.0462
46.8,26324,323,127,-927,39.6979,13.0781
49.0,25754,324,124,-879,39.6909,13.0667
51.4,26738,328,122,-865,39.6808,13.0166
43.4,26657,327,146,-1032,39.6821,12.9952
51.3,26785,326,125,-868,39.6904,13.0614
43.3,25989,328,126,-1006,39.6893,13.0677
46.3,26256,324,119,-921,39.6848,13.0534
45.8,25876,330,119,-912,39.6826,13.0252
44.6,25112,331,107,-892,39.6979,13.0497
47.3,26861,324,129,-950,39.6889,13.0569
42.6,25676,330,129,-983,39.6933,13.0862
49.9,25532,325,143,-876,39.6842,13.0830
47.7,25313,331,110,-863,39.6894,13.0545
51.7,25703,330,102,-794,39.6848,13.0329
49.7,25702,325,124,-850,39.6677,13.0048
45.9,26916,325,125,-969,39.6859,13.0399
49.1,25464,324,113,-823,39.7010,13.0841
51.0,24964,323,123,-812,39.6798,13.0430
43.4,26252,330,139,-1013,39.6857,13.0661
43.3,26750,325,122,-1011,39.6837,12.9929
53.4,26421,326,104,-801,39.6771,13.0057
44.1,26816,323,125,-1008,39.6975,13.0826
46.9,25951,328,111,-887,39.6893,13.0198
45.6,26827,326,131,-984,39.6759,13.0182
51.9,25975,324,130,-834,39.6866,13.0749
49.8,25017,327,132,-838,39.6870,13.0597
42.4,25412,324,118,-985,39.6934,13.0666
51.3,26142,326,108,-828,39.6901,13.0651
49.4,26640,327,104,-851,39.6871,13.0352
43.5,25159,325,113,-940,39.6982,13.0541
43.3,26924,326,136,-1031,39.6919,13.0447
42.6,25214,330,130,-995,39.6959,13.0543
45.2,25413,327,108,-905,39.6798,12.9997
43.0,25148,330,116,-956,39.6913,13.0252
44.9,25975,325,106,-918,39.7037,13.0740
48.9,26817,324,123,-914,39.6934,13.0891
47.9,26725,323,113,-891,39.6941,13.0929
48.2,26188,327,109,-874,39.6935,13.0745
48.7,26118,325,134,-902,39.6773,13.0305
46.4,26016,327,132,-941,39.6991,13.0802
50.6,26533,330,99,-826,39.6956,13.0581
48.2,25051,322,122,-875,39.6894,13.0746
46.7,26344,323,109,-898,39.6847,13.0162
44.6,26165,330,111,-952,39.6950,13.0563
45.3,25516,330,115,-897,39.6902,13.0459
43.7,25067,332,134,-958,39.6863,13.0114
43.9,26425,324,140,-1001,39.6833,13.0159
50.8,26051,324,116,-830,39.6968,13.0850
49.3,25253,330,123,-850,39.6812,13.0375
50.0,25969,330,136,-870,39.6957,13.0844
44.1,26019,324,136,-987,39.6926,13.0432
45.3,26878,330,139,-1010,39.6707,12.9998
43.1,26464,323,124,-1016,39.6920,13.0594
44.4,25611,329,122,-959,39.6822,13.0413
44.1,26300,330,106,-954,39.6932,13.0375
48.6,25816,323,113,-851,39.6832,13.0377
47.4,25525,331,122,-899,39.6763,13.0151
45.7,26434,330,102,-921,39.6910,13.0659
51.2,25036,328,107,-795,39.6730,13.0046
48.7,26552,331,108,-862,39.6768,12.9994
43.7,26064,331,121,-976,39.6896,13.0425
47.6,24940,325,105,-852,39.6993,13.0626
42.8,25895,329,122,-1004,39.6927,13.0473
45.8,25670,325,115,-925,39.6884,13.0390
49.4,25360,330,105,-832,39.6839,13.0157
52.4,26857,325,95,-813,39.6940,13.0485
48.0,26715,328,116,-893,39.6855,13.0142
49.8,25684,329,137,-887,39.6782,13.0373
51.8,25954,330,117,-810,39.6839,13.0214
44.9,26256,326,117,-955,39.6909,13.0493
43.7,25957,324,135,-992,39.6846,13.0455
41.7,25156,324,137,-1026,39.6922,13.0336
42.0,25219,329,134,-1010,39.6848,13.0128
53.5,26686,329,111,-802,39.6903,13.0700
41.7,24976,330,136,-1009,39.6977,13.0682
48.1,25260,323,114,-846,39.6789,13.0207
47.0,25669,327,127,-910,39.6875,13.0728
50.4,26263,327,130,-878,39.6785,13.0130
51.1,26416,327,122,-844,39.6858,13.0687
43.9,25094,325,140,-963,39.6767,13.0103
48.5,25608,327,124,-881,39.6778,13.0116
49.6,26017,326,97,-832,39.6908,13.0802
47.1,26033,324,134,-939,39.6819,13.0253
44.2,26083,331,130,-966,39.6801,13.0377
44.3,25467,330,130,-938,39.6788,13.0080
45.7,25044,326,124,-910,39.6776,13.0173
48.7,25539,323,122,-850,39.6754,13.0284
44.6,25887,324,115,-925,39.6906,13.0489
43.1,26621,330,139,-1038,39.6866,13.0318
47.6,25401,324,106,-859,39.6792,13.0085
45.7,25047,328,140,-940,39.6826,13.0625
47.3,25038,326,98,-839,39.6868,13.0162
45.8,24962,331,139,-932,39.6752,13.0018
43.6,26767,327,119,-1011,39.7008,13.0754
43.0,25263,327,106,-947,39.6868,13.0318
54.4,26673,322,99,-766,39.6874,13.0386
45.3,26003,327,119,-928,39.6825,13.0193
48.6,26719,325,100,-877,39.7003,13.0825
42.5,25399,323,137,-1002,39.7029,13.0856
51.5,26487,322,118,-843,39.6832,13.0740
43.8,26069,329,141,-1016,39.6808,12.9965
44.0,26540,324,117,-965,39.6870,13.0210
44.9,25759,331,128,-964,39.6921,13.0739
50.5,25717,325,127,-861,39.6786,13.0271
46.9,26841,330,136,-963,39.6889,13.0397
51.4,25074,323,112,-796,39.6926,13.0757
48.0,25489,324,110,-860,39.6847,13.0282
45.8,26871,325,127,-971,39.6873,13.0235
46.0,26706,323,102,-926,39.6866,13.0346
42.3,25587,329,135,-1005,39.6913,13.0605
50.3,26892,324,128,-894,39.6945,13.0682
51.9,25224,330,110,-790,39.6994,13.0935
44.7,25292,326,122,-949,39.6948,13.0407
50.8,25570,324,116,-814,39.6814,13.0074
43.7,25491,331,107,-940,39.6844,13.0113
48.9,25459,331,131,-872,39.6813,13.0182
50.6,25080,328,120,-823,39.6771,13.0247
50.8,26715,326,95,-827,39.6865,13.0166
47.3,25168,324,123,-894,39.6883,13.0316
50.9,26698,326,118,-854,39.6783,13.0442
44.5,25324,323,117,-918,39.6896,13.0687
43.9,25883,328,124,-966,39.6936,13.0467
52.3,25243,328,97,-772,39.6995,13.0769
44.6,26459,325,119,-959,39.6761,12.9972
49.4,26222,324,103,-850,39.6867,13.0641
48.8,26610,327,104,-869,39.6947,13.0822
52.1,26207,323,125,-840,39.6823,13.0275
50.2,26623,331,116,-852,39.6807,13.0344
46.7,25222,330,126,-903,39.6923,13.0800
50.4,25208,326,136,-848,39.6856,13.0508
48.0,26368,326,128,-924,39.6842,13.0683
50.9,25771,329,110,-816,39.6828,13.0502
46.9,26868,325,123,-941,39.6838,13.0129
51.3,25319,325,98,-781,39.6860,13.0364
49.4,25806,322,122,-876,39.6921,13.0463
45.8,26046,328,115,-913,39.6785,13.0011
44.2,25010,327,109,-902,39.6923,13.0314
44.4,25561,326,110,-906,39.6807,13.0033
49.7,25635,328,105,-826,39.6905,13.0905
45.6,25064,331,134,-919,39.6721,13.0028
51.5,25708,331,138,-836,39.6950,13.0860
49.7,26431,330,134,-892,39.6836,13.0250
49.2,26249,331,137,-887,39.6818,13.0757
47.6,26248,329,120,-913,39.6820,13.0018
47.8,26324,327,93,-865,39.6916,13.0222
46.1,25993,328,116,-921,39.6922,13.0637
47.8,26840,330,116,-915,39.6822,13.0388
52.9,26196,330,106,-791,39.6874,13.0346
48.9,26356,329,100,-854,39.6845,13.0416
47.3,25924,325,131,-920,39.6881,13.0689
44.6,25005,322,115,-918,39.6789,13.0088
49.5,24975,326,123,-845,39.6850,13.0386
49.4,26705,324,127,-885,39.6919,13.0766
43.7,25719,331,119,-959,39.6828,13.0359
46.2,25466,328,107,-886,39.6777,13.0172
50.5,25372,328,131,-843,39.6850,13.0599
50.3,26426,331,117,-846,39.6757,13.0253
50.1,25501,323,137,-860,39.6941,13.0733
49.8,26283,327,120,-857,39.6793,13.0026
45.2,26262,331,133,-952,39.6845,13.0334
43.5,25712,323,148,-1004,39.6895,13.0435
52.3,26092,323,123,-818,39.6729,13.0089
48.7,26241,323,111,-860,39.6894,13.0822
47.9,26623,332,121,-894,39.6877,13.0334
50.9,26246,328,120,-836,39.6874,13.0355
43.9,25587,330,144,-993,39.6767,13.0085
48.7,25452,331,123,-853,39.6875,13.0377
47.4,26249,329,143,-938,39.6914,13.0673
48.4,25701,332,112,-863,39.6871,13.0231
45.8,26810,329,126,-959,39.6769,13.0337
43.5,26332,331,120,-972,39.6793,13.0187
43.7,25854,332,112,-958,39.6860,13.0199
48.4,25389,322,123,-865,39.6776,13.0345
47.3,26325,328,129,-935,39.6984,13.0804
48.9,26060,326,134,-887,39.6831,13.0336
43.9,25025,327,133,-962,39.6967,13.0880
45.1,25669,331,134,-967,39.6812,13.0445
45.9,26614,327,119,-941,39.6816,13.0011
45.8,26531,330,119,-936,39.6888,13.0523
50.4,25387,322,123,-844,39.6844,13.0744
43.2,25254,325,130,-971,39.6983,13.0843
52.7,26584,324,119,-838,39.6731,13.0302
49.3,26785,328,132,-901,39.6816,13.0622
44.6,25401,331,114,-917,39.6835,13.0048
53.0,26461,330,104,-792,39.6843,13.0790
53.1,25787,327,102,-776,39.6866,13.0677
46.8,26335,323,115,-901,39.6811,13.0047
44.0,25675,330,123,-955,39.6899,13.0775
46.1,26706,327,123,-939,39.6796,13.0281
45.4,26083,329,124,-935,39.6837,13.0351
46.5,26132,331,114,-899,39.6742,12.9994
48.7,26443,326,110,-888,39.6822,13.0293
47.8,26315,329,105,-882,39.6871,13.0540
45.3,26416,328,134,-970,39.6891,13.0813
47.7,25779,323,114,-890,39.6838,13.0037
43.1,25560,328,112,-948,39.6917,13.0236
43.9,25953,327,124,-960,39.6963,13.0858
51.8,25002,327,109,-771,39.6739,13.0079
47.1,25722,329,120,-883,39.6802,13.0278
50.4,25113,323,112,-809,39.6926,13.0837
46.1,26673,325,125,-967,39.6887,13.0580
44.9,25184,331,136,-955,39.6858,13.0115
43.6,25509,326,114,-954,39.6867,12.9992
47.9,26560,325,94,-864,39.6956,13.0586
52.1,26835,331,105,-831,39.6942,13.0625
49.4,26903,326,129,-918,39.6870,13.0348
44.9,26503,329,137,-989,39.6926,13.0761
48.7,25676,330,126,-888,39.6798,13.0407
47.6,26562,330,96,-878,39.6889,13.0559
44.1,26231,326,127,-984,39.6944,13.0779
51.1,25771,322,128,-846,39.6860,13.0758
47.6,25547,326,119,-887,39.6900,13.0504
42.2,25225,328,138,-1009,39.6886,13.0609
45.0,25227,331,130,-935,39.6935,13.0685
46.5,25020,332,107,-868,39.6837,13.0121
48.9,26427,324,98,-863,39.6860,13.0592
50.4,25297,323,125,-841,39.6707,13.0154
49.7,24942,325,109,-806,39.6975,13.0896
48.9,25346,323,116,-834,39.6865,13.0670
42.1,26320,328,145,-1061,39.6931,13.0807
46.7,25230,330,123,-897,39.6808,13.0305
44.9,25165,324,132,-939,39.6900,13.0465
49.2,25796,323,124,-874,39.6807,13.0167
44.5,25035,332,119,-914,39.6796,13.0167
48.9,25789,331,102,-844,39.6747,13.0107
44.6,26879,330,132,-993,39.6808,13.0482
44.5,25692,329,125,-962,39.6905,13.0749
43.0,25366,327,115,-961,39.6978,13.0490
43.8,26500,332,116,-975,39.6909,13.0232
53.8,26436,327,110,-785,39.6897,13.0824
43.8,25076,327,119,-939,39.6942,13.0462
43.7,25382,328,125,-957,39.6826,13.0443
49.5,24953,329,119,-834,39.6920,13.0557
47.4,25474,325,111,-860,39.6938,13.0544
44.2,25713,330,134,-975,39.7021,13.0833
44.2,26918,332,126,-1013,39.6916,13.0888
45.1,25798,328,116,-941,39.6910,13.0572
45.1,26567,323,119,-946,39.6903,13.0494
49.5,26912,330,113,-868,39.6795,13.0292
45.1,25459,326,124,-925,39.6857,13.0400
50.1,24982,324,111,-803,39.6800,12.9998
45.9,26604,329,130,-944,39.6739,13.0178
43.2,26269,331,146,-1040,39.6805,13.0298
45.8,25883,324,132,-942,39.6733,13.0182
49.2,26909,326,117,-884,39.6848,13.0735
49.6,26704,327,142,-907,39.6797,13.0332
51.5,26887,325,116,-857,39.6833,13.0344
50.5,26459,331,130,-867,39.6707,13.0260
49.2,25921,330,134,-885,39.6772,13.0412
46.1,26252,323,131,-963,39.6817,13.0078
45.4,24965,329,139,-921,39.6710,13.0088
45.2,26720,327,102,-938,39.6945,13.0591
44.1,26588,330,121,-987,39.6812,13.0352
50.8,25780,323,120,-825,39.6902,13.0935
47.9,26893,329,125,-913,39.6857,13.0598
43.5,25139,330,120,-944,39.6973,13.0885
44.2,25593,327,133,-976,39.6771,12.9981
44.0,25499,331,127,-956,39.6992,13.0859
45.5,25494,331,141,-949,39.6897,13.0627
49.1,26545,328,135,-916,39.6856,13.0830
44.9,26440,332,123,-971,39.6880,13.0463
46.7,26432,327,113,-911,39.7007,13.0692
46.8,25418,332,125,-901,39.6945,13.0508
50.7,26602,325,121,-854,39.6888,13.0583
47.8,26429,322,138,-938,39.6843,13.0653
49.9,25331,331,111,-830,39.6861,13.0705
46.6,26616,325,119,-924,39.6870,13.0710
46.0,25669,328,125,-927,39.6833,13.0486
51.7,25882,331,122,-826,39.6803,13.0176
43.2,25788,331,137,-1005,39.7013,13.0889
43.8,25590,324,133,-998,39.6874,13.0110
46.5,26687,332,146,-975,39.6720,13.0056
49.4,26060,328,111,-843,39.6902,13.0433
45.4,26618,330,119,-939,39.6830,13.0432
48.6,26682,326,111,-865,39.6841,13.0156
46.3,25995,328,128,-928,39.6883,13.0604
46.8,26826,328,110,-906,39.6722,13.0030
53.2,26461,323,102,-792,39.6900,13.0479
45.5,25412,326,124,-908,39.6864,13.0562
50.6,26717,330,125,-879,39.6883,13.0583
45.3,25666,328,102,-905,39.6861,13.0395
48.9,26182,322,122,-878,39.6876,13.0367
45.9,26643,328,131,-961,39.6856,13.0664
48.7,26615,323,114,-881,39.6792,13.0283
53.5,26558,323,108,-786,39.6727,13.0295
45.2,25597,323,123,-942,39.6817,13.0084
53.6,26857,324,119,-812,39.6790,13.0456
50.8,25164,322,133,-833,39.6953,13.0789
44.7,26451,324,131,-982,39.6794,13.0267
48.1,25524,326,114,-862,39.6927,13.0523
47.5,26194,323,127,-920,39.6788,13.0057
44.0,25865,331,126,-956,39.6871,13.0099
48.9,26538,326,141,-919,39.6901,13.0901
46.3,25639,329,119,-902,39.6877,13.0154
50.7,25728,327,109,-834,39.6806,13.0530
47.2,25315,326,116,-867,39.6943,13.0798
51.7,25333,328,110,-785,39.6752,13.0053
44.1,24953,322,118,-933,39.6874,13.0434
50.2,26920,325,124,-884,39.6754,13.0374
49.3,26337,325,128,-880,39.6837,13.0542
46.7,26404,323,115,-914,39.6985,13.0695
48.4,25912,328,128,-893,39.6948,13.0656
45.6,26577,331,123,-944,39.6825,13.0475
44.3,25394,325,130,-959,39.6846,13.0480
43.4,25523,326,129,-984,39.7042,13.0880
48.9,25237,322,132,-877,39.6789,13.0355
45.6,26329,331,104,-915,39.6887,13.0208
42.6,25130,325,132,-994,39.7039,13.0734
48.1,26008,330,126,-903,39.6765,13.0129
46.2,26745,323,133,-968,39.6968,13.0874
43.5,25734,325,134,-985,39.6987,13.0847
50.7,26614,331,117,-848,39.6854,13.0260
46.7,25133,322,131,-894,39.6768,13.0301
49.1,25480,325,115,-852,39.6995,13.0883
52.5,25641,331,106,-796,39.6801,13.0523
50.1,26717,328,119,-873,39.6827,13.0286
44.5,26117,326,132,-967,39.6856,13.0214
49.3,25648,322,132,-884,39.6800,13.0050
51.1,25639,324,130,-841,39.6704,13.0072
45.9,26362,328,126,-958,39.6946,13.0759
43.8,25707,327,118,-955,39.6845,13.0265
49.8,25442,322,137,-866,39.6756,13.0398
45.1,26844,328,130,-990,39.6968,13.0769
43.6,26809,330,131,-1001,39.6886,13.0248
43.9,25083,325,118,-947,39.6866,13.0371
49.1,26352,324,130,-909,39.6909,13.0928
47.7,25747,325,113,-878,39.6774,13.0308
49.0,26583,322,102,-850,39.6796,13.0059
46.4,25192,327,106,-870,39.6946,13.0793
44.6,26894,329,115,-964,39.6762,13.0134
44.8,25491,330,124,-952,39.6868,13.0399
47.5,26018,325,114,-890,39.6931,13.0884
45.1,25868,328,120,-919,39.6879,13.0543
51.1,25628,324,129,-845,39.6745,13.0103
44.3,26471,324,134,-996,39.6916,13.0347
50.6,26146,332,134,-877,39.6748,13.0436
43.8,26527,327,114,-973,39.6885,13.0109
47.6,26794,328,104,-878,39.6845,13.0190
48.8,26523,329,123,-905,39.6812,13.0497
43.7,25122,326,115,-914,39.6939,13.0387
52.1,25828,328,105,-800,39.6804,13.0153
44.3,25894,330,129,-972,39.6741,12.9987
44.2,25449,330,126,-945,39.6812,13.0255
44.2,26568,323,121,-971,39.6950,13.0633
46.9,26536,330,109,-916,39.6856,13.0525
42.0,25070,331,129,-1005,39.6966,13.0413
47.4,25457,329,126,-900,39.6808,13.0067
43.8,25045,331,132,-950,39.6810,13.0243
48.4,26679,328,124,-921,39.7005,13.0905
43.1,25894,328,131,-1005,39.6814,13.0290
52.0,25417,322,115,-787,39.6869,13.0577
49.0,26583,327,103,-870,39.6857,13.0549
43.0,25326,328,143,-1005,39.6799,13.0142
43.5,26282,325,123,-998,39.6966,13.0599
52.5,26749,330,108,-824,39.6691,13.0113
46.2,26166,331,141,-966,39.6775,13.0141
44.9,25213,328,134,-941,39.6737,13.0092
45.8,25580,330,138,-939,39.6826,13.0278
52.1,26700,323,93,-805,39.6959,13.0883
51.4,26413,331,139,-857,39.6718,13.0382
49.9,25592,328,138,-873,39.6770,13.0327
49.0,25218,328,125,-854,39.6886,13.0713
50.0,25429,328,118,-833,39.6778,13.0343
43.2,25696,331,129,-984,39.6919,13.0357
52.1,26594,323,125,-844,39.6828,13.0771
45.3,25111,324,145,-951,39.6900,13.0907
43.5,25679,327,121,-975,39.6972,13.0646
44.5,25329,331,124,-935,39.6863,13.0084
45.8,26904,324,128,-965,39.6921,13.0743
48.3,26101,322,125,-895,39.6857,13.0197
43.8,25457,330,129,-955,39.6910,13.0373
49.0,25130,330,134,-854,39.6907,13.0571
42.5,25090,332,126,-990,39.6980,13.0900
44.5,25418,329,130,-949,39.6843,12.9979
44.4,25049,325,117,-917,39.6937,13.0682
48.2,26283,327,133,-927,39.6884,13.0711
44.1,25649,324,130,-961,39.6916,13.0480
45.5,26551,331,112,-924,39.6819,13.0199
46.3,26834,329,131,-949,39.6802,13.0077
47.3,26061,327,128,-923,39.6847,13.0602
41.8,25928,327,140,-1057,39.6906,13.0315
53.3,26856,329,103,-802,39.6825,13.0621
52.3,25663,326,108,-787,39.6883,13.0445
45.9,25075,331,126,-915,39.6896,13.0378
51.7,26533,324,99,-826,39.6842,13.0212
44.9,26823,323,124,-961,39.6985,13.0636
43.9,26055,330,152,-1014,39.6847,13.0675
43.6,25125,330,124,-955,39.6850,13.0238
49.1,24965,331,113,-827,39.6863,13.0673
44.2,26921,326,114,-977,39.6996,13.0636
43.4,26597,330,130,-1020,39.6965,13.0660
47.9,26903,324,122,-906,39.6891,13.0379
43.9,26909,329,139,-1015,39.6884,13.0356
44.4,26062,326,137,-994,39.6964,13.0545
47.7,25641,323,118,-863,39.6813,13.0194
44.1,24990,323,134,-951,39.7019,13.0749
46.0,25050,322,107,-888,39.6764,13.0065
45.5,26666,328,136,-968,39.6922,13.0516
49.5,26571,327,123,-885,39.6757,13.0047
43.6,25216,327,123,-946,39.6766,13.0037
43.9,24931,326,148,-982,39.6967,13.0668
51.4,26778,323,107,-842,39.6976,13.0843
51.2,26888,324,122,-862,39.6764,13.0211
44.3,26494,325,108,-963,39.6770,13.0039
47.9,26056,326,129,-921,39.6749,13.0168
47.2,25873,328,123,-907,39.6863,13.0566
43.6,26034,323,134,-983,39.6938,13.0798
47.3,25258,329,106,-855,39.6856,13.0297
42.9,25073,331,121,-963,39.7061,13.0791
42.2,25042,325,118,-977,39.7038,13.0718
52.3,25746,326,112,-806,39.6825,13.0407
51.8,25458,323,101,-797,39.6971,13.0885
46.9,26834,323,103,-918,39.6921,13.0393
50.7,26194,323,122,-849,39.6774,13.0374
42.8,25080,327,146,-1001,39.6880,13.0663
44.5,26700,330,117,-950,39.7012,13.0813
51.3,25439,323,107,-804,39.6901,13.0823
45.7,26370,328,129,-953,39.6912,13.0879
51.3,26893,324,116,-865,39.6807,13.0197
46.0,26376,324,123,-961,39.6822,13.0457
44.5,25887,324,124,-938,39.6932,13.0547
51.9,26804,327,105,-814,39.6836,13.0584
48.7,26356,325,131,-923,39.6852,13.0717
48.7,26427,325,117,-874,39.6767,13.0059
42.9,25898,322,132,-996,39.6794,13.0154
41.5,25101,325,132,-1011,39.6798,13.0015
45.8,26381,330,123,-934,39.6788,13.0022
48.9,26155,330,119,-881,39.6902,13.0800
50.7,26606,324,106,-847,39.6921,13.0757
46.4,25814,331,121,-902,39.6950,13.0544
46.5,25359,329,134,-906,39.6960,13.0636
46.9,26051,330,137,-951,39.6846,13.0569
50.4,25430,323,117,-841,39.6934,13.0646
52.4,26847,328,119,-837,39.6810,13.0716
46.0,26715,330,117,-945,39.6876,13.0598
51.5,26845,324,118,-860,39.6852,13.0544
47.9,26303,325,115,-869,39.6777,13.0206
49.8,26856,323,116,-872,39.6879,13.0519
48.8,25946,323,124,-888,39.6914,13.0475
46.3,26559,330,133,-970,39.6836,13.0102
46.3,25747,322,122,-907,39.6839,13.0559
48.5,25948,327,118,-879,39.6880,13.0370
51.1,25424,332,113,-790,39.6910,13.0693
42.1,25878,325,147,-1050,39.7011,13.0826
52.5,26074,323,106,-792,39.6765,13.0133
48.0,25259,327,131,-880,39.6802,13.0289
43.3,25086,328,127,-962,39.6815,12.9968
52.0,26063,328,113,-814,39.6865,13.0548
44.6,25333,331,143,-961,39.6827,13.0459
48.1,24990,324,127,-865,39.6895,13.0623
43.2,25214,329,144,-993,39.6829,13.0052
50.3,25996,329,117,-838,39.6750,13.0155
44.0,26752,323,125,-979,39.6970,13.0796
43.8,25367,323,121,-956,39.6852,13.0356
48.9,25609,328,119,-864,39.7007,13.0885
45.2,26179,329,138,-973,39.6730,13.0137
47.6,26682,323,113,-894,39.6827,13.0132
51.4,25715,328,109,-802,39.6846,13.0219
52.6,26440,326,129,-831,39.6714,13.0196
47.2,26286,323,137,-933,39.6906,13.0596
42.8,25230,326,111,-963,39.6862,13.0020
49.9,25575,325,105,-814,39.6768,13.0080
49.3,26669,325,133,-918,39.6944,13.0864
48.9,25128,324,111,-839,39.6821,13.0234
46.3,26563,324,125,-934,39.6882,13.0223
48.2,26425,328,134,-917,39.6826,13.0170
44.3,26241,323,112,-959,39.6871,13.0261
49.2,26498,324,131,-913,39.6917,13.0842
43.9,25880,332,143,-991,39.6884,13.0302
49.7,26414,329,137,-887,39.6664,12.9995
50.3,25923,329,123,-847,39.6783,13.0421
51.0,26071,327,125,-854,39.6798,13.0427
50.7,26405,325,136,-873,39.6771,12.9977
50.8,26091,327,112,-828,39.6953,13.0897
45.4,26234,324,119,-939,39.6849,12.9995
48.7,25442,322,125,-860,39.6824,13.0297
48.9,25472,327,118,-857,39.6735,13.0023
50.5,25372,331,113,-807,39.6769,12.9959
43.9,25984,324,109,-959,39.6994,13.0716
42.1,25197,325,134,-1002,39.6859,13.0269
42.5,25651,322,140,-1020,39.6924,13.0410
44.0,25412,326,114,-940,39.7009,13.0864
46.3,25037,326,138,-918,39.6853,13.0628
46.3,26522,328,107,-903,39.6826,13.0048
51.5,26029,332,138,-859,39.6687,13.0171
50.3,26407,322,134,-893,39.6915,13.0736
42.8,25723,326,123,-976,39.6967,13.0502
47.8,25463,325,116,-865,39.6848,13.0414
46.0,26175,325,111,-893,39.6971,13.0742
47.1,26913,326,104,-905,39.6785,13.0069
50.4,26650,331,106,-831,39.6807,13.0412
43.6,25847,323,131,-977,39.6915,13.0268
44.0,25403,327,136,-974,39.6804,12.9979
45.2,25978,329,109,-908,39.6965,13.0737
44.0,26813,332,111,-980,39.6763,13.0057
42.9,25594,322,132,-997,39.6838,13.0217
44.4,25210,331,109,-924,39.6894,13.0126
43.9,25009,326,124,-931,39.7002,13.0773
50.5,26475,330,124,-860,39.6789,13.0483
47.0,25923,324,98,-877,39.7012,13.0798
50.6,25761,330,108,-808,39.6736,13.0241
45.4,26551,323,115,-960,39.6821,13.0051
43.0,25550,329,137,-1010,39.6924,13.0704
49.9,25099,323,139,-870,39.6774,13.0388
50.8,25802,325,140,-868,39.6799,13.0299
45.0,26836,325,127,-990,39.6900,13.0663
48.3,25996,330,115,-869,39.6829,13.0571
42.3,26107,326,141,-1044,39.6824,13.0067
45.5,24998,325,106,-884,39.6813,13.0081
44.3,26641,329,115,-969,39.6869,13.0010
46.8,25157,330,126,-896,39.6871,13.0521
51.6,25214,328,111,-794,39.6924,13.0719
44.0,26765,326,127,-1017,39.6828,13.0090
45.3,25137,324,125,-927,39.6787,13.0277
52.5,26722,328,130,-849,39.6791,13.0260
52.3,26260,330,124,-825,39.6809,13.0231
53.1,26780,326,98,-803,39.6900,13.0379
45.6,26608,323,131,-976,39.6810,13.0250
45.7,25358,322,120,-922,39.6940,13.0756
46.6,26539,327,144,-973,39.6798,13.0564
45.2,25837,329,128,-940,39.6868,13.0648
45.5,25243,330,113,-912,39.6880,13.0071
47.0,25756,323,128,-903,39.6905,13.0433
46.8,25970,331,119,-893,39.6948,13.0865
49.6,26032,329,144,-896,39.6746,12.9995
47.4,25181,329,122,-879,39.6884,13.0489
46.1,26160,323,129,-959,39.7002,13.0762
48.8,25915,325,112,-848,39.6714,13.0035
45.4,26127,331,123,-944,39.6850,13.0472
47.0,25413,324,112,-876,39.6831,13.0097
45.6,25478,327,108,-892,39.6821,13.0185
48.3,25988,332,118,-870,39.6913,13.0774
49.7,25154,331,124,-852,39.6841,13.0546
48.5,25864,325,110,-858,39.6800,12.9984
48.5,26175,326,116,-871,39.6903,13.0443
45.2,26493,323,117,-949,39.6808,13.0162
49.7,26091,324,110,-849,39.6932,13.0698
46.0,25836,329,119,-915,39.6852,13.0091
45.4,26417,322,126,-960,39.6933,13.0576
45.5,25258,328,113,-889,39.6899,13.0346
45.3,26398,323,128,-976,39.7028,13.0785
43.4,25255,325,129,-962,39.6878,13.0284
52.4,25810,328,106,-796,39.6944,13.0926
43.8,25187,323,139,-966,39.6912,13.0693
49.9,26568,326,122,-873,39.6891,13.0539
43.4,26398,327,141,-1025,39.6881,13.0465
52.6,26357,323,103,-811,39.6881,13.0357
49.2,26654,330,114,-878,39.6812,13.0587
49.7,26180,323,122,-875,39.6761,13.0307
48.9,25376,328,138,-879,39.6872,13.0610
44.6,25895,327,120,-931,39.6788,13.0028
43.7,26010,323,132,-1010,39.7003,13.0705
50.7,26837,326,115,-872,39.6788,13.0046
50.7,26176,331,104,-816,39.6909,13.0746
47.3,26579,324,130,-923,39.6968,13.0766
48.5,25263,328,113,-837,39.6899,13.0339
48.3,26910,322,113,-892,39.6808,13.0445
52.0,25731,326,116,-815,39.6828,13.0440
41.8,24934,331,146,-1028,39.6908,13.0544
48.4,26165,332,126,-890,39.6859,13.0494
50.2,26031,325,120,-850,39.6883,13.0465
46.5,26428,323,107,-912,39.7047,13.0840
45.5,25835,332,129,-938,39.6856,13.0274
48.1,25388,324,124,-883,39.6830,13.0549
45.1,26273,323,100,-920,39.6956,13.0304
46.7,25010,330,111,-876,39.7015,13.0845
46.1,25222,328,125,-904,39.6860,13.0597
45.9,26416,327,108,-909,39.6823,13.0041
44.5,25461,330,126,-926,39.6784,13.0093
48.3,26081,328,132,-917,39.6903,13.0590
48.7,24960,330,123,-845,39.6897,13.0741
54.4,26571,325,104,-773,39.6915,13.0828
44.0,26453,332,128,-981,39.6910,13.0753
43.6,25607,329,131,-970,39.6923,13.0861
47.7,26681,328,126,-939,39.6763,13.0021
47.9,26553,328,127,-908,39.6852,13.0371
50.4,25180,329,114,-806,39.6901,13.0579
46.4,24942,331,132,-905,39.6884,13.0592
48.0,26400,325,114,-886,39.6894,13.0716
43.1,25494,325,115,-956,39.6877,13.0352
49.6,25553,322,103,-816,39.6933,13.0458
48.1,26152,331,121,-906,39.6862,13.0386
46.0,26699,323,110,-917,39.6767,13.0057
49.0,26400,323,123,-879,39.6988,13.0883
44.7,26488,330,116,-947,39.6813,13.0170
41.9,25293,325,128,-1001,39.6941,13.0473
52.3,26331,326,98,-796,39.6873,13.0757
49.5,25396,322,104,-828,39.6927,13.0899
47.0,25653,325,124,-915,39.6890,13.0740
42.7,25901,326,124,-998,39.6872,13.0055
46.0,25905,331,107,-889,39.6958,13.0842
41.8,25743,322,137,-1042,39.6858,13.0072
45.4,26833,329,121,-956,39.6876,13.0249
43.4,25406,325,109,-933,39.6857,13.0106
46.7,26536,327,136,-952,39.6784,13.0030
42.5,25070,330,129,-980,39.6847,13.0375
46.5,25406,324,109,-883,39.6846,13.0379
51.1,25269,331,106,-801,39.6843,13.0319
51.2,26836,330,119,-849,39.6744,13.0076
46.6,25824,331,114,-891,39.6759,13.0097
44.5,25640,322,124,-972,39.6937,13.0319
45.2,25002,329,128,-920,39.6970,13.0616
47.2,26077,328,126,-924,39.6838,13.0470
49.5,25379,322,104,-828,39.6855,13.0364
50.9,26573,325,112,-845,39.6915,13.0766
52.2,26128,329,114,-820,39.6797,13.0314
46.0,26061,326,103,-911,39.6850,13.0396
45.9,25738,327,119,-928,39.6763,13.0057
43.2,25452,323,128,-991,39.6955,13.0804
45.5,25702,332,130,-938,39.6768,13.0122
52.7,25641,328,99,-774,39.6722,13.0021
41.8,25278,328,139,-1036,39.6962,13.0738
50.5,26013,326,133,-858,39.6944,13.0922
42.0,25147,328,129,-1008,39.6846,13.0159
46.1,24995,328,103,-858,39.7000,13.0697
43.6,26252,323,134,-1022,39.6855,13.0354
46.9,25056,327,128,-874,39.6953,13.0651
47.6,26234,330,130,-906,39.6829,13.0153
43.6,24956,330,119,-927,39.6855,13.0336
42.9,25529,326,141,-1010,39.6870,13.0134
46.0,26404,328,127,-946,39.6865,13.0718
53.5,26339,327,111,-794,39.6968,13.0913
44.9,26815,327,120,-972,39.6940,13.0899
47.8,25748,329,139,-898,39.6867,13.0827
47.7,25086,326,106,-840,39.6951,13.0736
44.7,26749,328,98,-934,39.6835,12.9973
51.4,26210,331,120,-830,39.6800,13.0133
44.3,24995,324,136,-954,39.6792,13.0165
48.7,26448,323,126,-899,39.6941,13.0838
44.4,25456,331,133,-951,39.6919,13.0672
44.5,26522,329,102,-952,39.6978,13.0687
52.5,25773,332,114,-801,39.6777,13.0065
45.2,26134,323,123,-957,39.6877,13.0473
49.7,26332,326,117,-857,39.6924,13.0723
45.0,26544,330,123,-953,39.6813,12.9986
47.1,24969,328,110,-852,39.6950,13.0859
47.5,25375,323,120,-877,39.6939,13.0492
52.6,25633,329,109,-783,39.6886,13.0695
43.0,25563,328,135,-1002,39.6778,13.0151
49.5,25044,324,115,-833,39.6789,13.0426
48.4,25969,323,114,-887,39.7031,13.0854
45.6,26796,332,114,-930,39.6904,13.0361
45.1,25427,323,134,-957,39.6955,13.0823
45.6,26042,324,107,-913,39.6794,13.0223
47.7,25480,331,120,-870,39.6914,13.0561
43.2,25175,328,134,-974,39.6910,13.0411
44.0,26019,328,142,-998,39.6874,13.0533
48.4,25095,331,111,-842,39.6809,13.0464
51.0,25526,331,112,-817,39.6875,13.0879
49.4,26739,326,104,-857,39.6908,13.0305
45.6,25204,331,119,-903,39.6840,13.0116
48.9,25463,325,108,-840,39.6793,13.0134
51.7,25968,327,129,-833,39.6866,13.0582
45.1,26508,325,115,-945,39.6972,13.0894
44.2,25589,323,133,-970,39.6891,13.0565
50.9,25693,325,110,-816,39.6836,13.0337
50.9,25354,329,123,-826,39.6794,13.0302
50.9,26014,328,117,-831,39.6864,13.0512
44.5,26348,323,145,-1007,39.6751,12.9978
47.2,26125,325,102,-877,39.6966,13.0554
43.3,25503,328,112,-952,39.6824,13.0089
51.2,26504,331,112,-839,39.6918,13.0807
48.8,25905,324,124,-893,39.6899,13.0669
42.6,25922,332,135,-1011,39.6787,13.0245
45.5,26335,331,145,-979,39.6757,13.0199
44.0,26720,325,112,-985,39.6845,13.0392
49.7,25101,324,105,-819,39.6991,13.0685
47.8,25672,329,117,-868,39.6762,13.0061
46.0,26172,332,137,-969,39.6758,13.0182
46.5,25204,331,135,-910,39.6807,13.0399
43.0,25696,324,123,-984,39.6973,13.0763
49.3,26280,329,112,-849,39.6873,13.0511
48.6,25369,326,125,-873,39.6809,13.0159
46.5,26848,329,112,-931,39.6851,13.0180
50.8,25996,330,115,-846,39.6760,13.0247
44.9,25841,327,104,-918,39.6954,13.0830
44.3,25004,325,120,-906,39.6830,13.0274
44.3,24982,323,132,-948,39.6876,13.0476
53.0,26243,323,101,-798,39.6891,13.0310
50.0,26795,331,107,-844,39.6772,13.0199
45.2,25141,323,124,-927,39.6766,12.9980
43.2,26027,325,125,-999,39.6781,12.9988
44.5,25156,332,136,-951,39.6800,13.0077
45.4,25799,324,118,-920,39.6808,13.0038
44.8,26639,327,131,-992,39.6870,13.0674
46.5,25691,322,123,-921,39.6867,13.0445
44.1,25743,327,106,-927,39.6864,13.0427
44.6,25210,331,138,-956,39.6912,13.0387
43.1,26256,325,123,-1005,39.6915,13.0550
50.6,26362,325,139,-882,39.6782,13.0521
46.3,25938,329,132,-943,39.6847,13.0583
50.7,26885,331,116,-861,39.6981,13.0813
48.5,25723,328,144,-906,39.6704,13.0164
44.7,26862,327,140,-1003,39.6792,13.0286
50.1,25800,322,114,-856,39.6736,12.9976
43.6,25122,327,133,-976,39.6919,13.0619
47.9,26662,326,118,-917,39.6867,13.0128
47.6,26194,328,121,-902,39.6849,13.0122
47.5,25766,331,129,-910,39.6924,13.0918
47.1,26920,331,113,-923,39.6795,13.0218
48.6,26123,327,123,-882,39.6821,13.0617
44.6,25965,330,129,-974,39.6833,13.0416
44.9,25128,326,140,-957,39.7015,13.0836
47.9,25457,324,124,-886,39.6901,13.0726
52.2,25442,326,107,-787,39.6833,13.0433
49.7,25391,330,120,-856,39.6863,13.0298
51.0,25022,329,124,-823,39.6746,12.9971
48.7,26440,322,139,-918,39.6894,13.0785
49.8,26738,323,109,-842,39.6828,13.0019
46.0,26604,330,108,-927,39.6893,13.0694
45.3,25610,324,113,-908,39.6990,13.0867
45.7,25046,327,111,-878,39.6984,13.0847
43.5,25351,322,136,-976,39.6949,13.0727
46.5,25494,325,109,-890,39.6898,13.0260
46.0,25810,329,132,-931,39.6905,13.0559
43.5,26170,326,142,-1020,39.6899,13.0748
46.2,26106,329,127,-923,39.6840,13.0420
48.1,25992,329,103,-850,39.6890,13.0329
46.3,25783,330,95,-880,39.6923,13.0781
45.4,26275,323,117,-927,39.6879,13.0175
45.0,26722,325,108,-939,39.6824,13.0313
45.3,24992,322,111,-885,39.6973,13.0706
50.0,26509,326,127,-872,39.6866,13.0509
44.4,24935,329,131,-952,39.6909,13.0287
45.8,26386,323,127,-953,39.6871,13.0351
48.4,25039,323,112,-833,39.6841,13.0066
52.3,26713,327,116,-843,39.6918,13.0831
45.6,25391,326,122,-913,39.6784,13.0121
47.8,25487,324,104,-856,39.6921,13.0879
42.4,25210,330,128,-980,39.6946,13.0582
43.2,25763,324,130,-995,39.7004,13.0732
49.8,25089,330,131,-852,39.6836,13.0699
46.8,25017,331,102,-857,39.6985,13.0765
45.5,25531,326,124,-912,39.6887,13.0667
42.9,25670,325,129,-982,39.6840,13.0150
46.7,26503,328,120,-916,39.6827,13.0382
47.0,25703,322,148,-943,39.6927,13.0772
44.6,25507,330,123,-930,39.6955,13.0837
54.1,26663,325,109,-786,39.6769,13.0213
46.1,25451,331,116,-911,39.6835,13.0115
46.8,25233,324,120,-899,39.6892,13.0616
48.3,24964,326,135,-886,39.6887,13.0601
49.4,26689,329,148,-919,39.6807,13.0656
41.8,25723,329,142,-1057,39.6974,13.0531
43.9,26142,331,118,-980,39.6858,13.0525
43.8,25039,332,115,-941,39.6823,13.0292
44.7,26760,325,108,-950,39.6847,13.0264
42.2,26114,330,142,-1042,39.6913,13.0730
51.4,26193,329,124,-846,39.6825,13.0713
47.0,25428,322,125,-903,39.6933,13.0509
44.1,24949,322,115,-929,39.7071,13.0837
48.7,26411,323,120,-891,39.6876,13.0414
48.3,25208,331,122,-843,39.6754,13.0184
42.5,25051,326,129,-986,39.6901,13.0579
52.5,26794,327,130,-860,39.6816,13.0772
43.7,26365,331,129,-986,39.6834,13.0191
42.0,25027,328,126,-988,39.6769,13.0022
48.6,25877,328,113,-852,39.6953,13.0765
43.8,25745,325,113,-934,39.6848,13.0320
49.6,26153,326,117,-854,39.6748,13.0106
44.3,26852,322,115,-976,39.6942,13.0762
48.0,25925,328,135,-918,39.6759,13.0363
51.1,26700,331,124,-864,39.6760,13.0249
53.8,25901,323,96,-763,39.6725,13.0040
45.4,26722,330,131,-981,39.6827,13.0470
42.6,25381,328,121,-961,39.6971,13.0799
46.3,26467,328,108,-914,39.6816,13.0026
47.5,25188,331,117,-868,39.6754,13.0190
44.9,26109,324,119,-960,39.6836,13.0225
42.6,25070,327,117,-961,39.6959,13.0666
46.7,25822,325,109,-892,39.6899,13.0435
45.4,26061,322,114,-940,39.6820,13.0341
42.6,25181,323,150,-1016,39.6852,13.0071
50.2,26880,324,130,-898,39.6801,13.0138
43.2,25338,326,130,-977,39.6827,13.0183
42.8,25162,328,144,-1000,39.6771,13.0207
46.4,26084,326,130,-933,39.6889,13.0532
46.0,25092,330,128,-900,39.6935,13.0537
49.2,25975,326,121,-876,39.6732,13.0126
44.9,25416,323,121,-924,39.6986,13.0604
47.2,26127,326,109,-876,39.6981,13.0747
49.3,25211,329,102,-823,39.6961,13.0563
48.1,25759,324,131,-885,39.6779,13.0227
43.6,25911,323,128,-1006,39.6755,13.0082
50.9,25316,328,122,-830,39.6780,13.0324
42.9,26450,327,142,-1045,39.6983,13.0875
45.6,25221,327,122,-911,39.6904,13.0346
44.6,25881,331,114,-945,39.6990,13.0602
46.4,26866,331,131,-970,39.6969,13.0912
42.0,24981,331,149,-1014,39.6956,13.0847
44.7,25146,326,113,-899,39.6792,13.0142
44.4,25348,326,129,-943,39.6939,13.0613
43.9,26225,331,110,-958,39.6866,13.0353
46.1,26435,330,108,-908,39.6881,13.0344
49.3,24941,324,110,-831,39.6721,13.0062
47.5,26802,329,139,-945,39.6797,13.0380
45.0,26390,323,119,-947,39.6813,13.0248
47.4,26038,324,137,-933,39.6705,12.9985
51.5,26250,330,126,-847,39.6910,13.0778
45.5,26217,322,134,-966,39.6815,13.0032
46.7,25739,328,111,-898,39.6928,13.0356
48.1,25298,326,133,-901,39.6831,13.0146
51.4,26677,326,115,-844,39.6981,13.0875
49.1,25865,330,112,-863,39.6907,13.0545
47.6,25892,322,123,-897,39.6783,13.0207
51.1,26361,331,124,-863,39.6715,13.0048
51.6,26152,331,118,-843,39.6699,13.0099
44.6,25068,330,128,-920,39.6844,13.0469
48.7,26688,327,113,-893,39.6766,13.0034
46.7,24974,325,134,-908,39.6914,13.0413
49.3,26881,323,110,-883,39.6866,13.0356
51.2,26129,324,122,-828,39.6951,13.0843
43.2,26695,332,143,-1044,39.6897,13.0454
49.6,26719,324,128,-897,39.6817,13.0610
51.0,26600,325,111,-833,39.6802,13.0097
49.2,25233,326,131,-870,39.6730,13.0195
42.5,25272,326,122,-990,39.6992,13.0814
46.5,26866,323,130,-968,39.6774,13.0044
49.9,25975,331,136,-868,39.6959,13.0906
44.9,26916,324,110,-946,39.6834,12.9959
44.6,25484,331,117,-943,39.6807,13.0102
49.8,26582,325,112,-864,39.6817,12.9997
42.8,25437,327,108,-963,39.6931,13.0302
41.3,25292,325,140,-1037,39.6812,13.0254
46.0,26083,323,99,-897,39.6911,13.0451
46.0,26269,325,121,-947,39.6969,13.0530
44.7,25164,323,126,-944,39.6789,13.0034
51.0,26371,324,107,-834,39.6781,13.0214
45.9,25262,329,132,-917,39.6865,13.0398
49.2,25927,326,127,-879,39.6759,13.0072
46.9,26853,325,108,-902,39.6922,13.0374
51.3,26220,330,117,-835,39.6893,13.0815
45.6,26250,326,133,-980,39.6722,12.9988
50.6,26406,324,125,-855,39.6900,13.0820
52.1,26374,328,119,-827,39.6927,13.0683
49.1,26140,324,106,-864,39.7001,13.0854
45.1,25478,324,115,-932,39.6862,13.0320
43.5,25183,326,106,-933,39.6886,12.9952
44.3,25534,323,131,-967,39.6833,12.9995
44.7,25462,330,140,-951,39.6762,13.0107
45.8,26662,327,119,-928,39.6878,13.0259
42.0,24941,324,130,-997,39.6980,13.0673
46.7,26837,331,111,-915,39.6798,13.0234
49.7,25154,330,129,-845,39.6835,13.0640
46.4,26326,326,140,-954,39.6866,13.0226
43.2,25648,331,118,-962,39.6826,13.0352
43.8,25095,323,127,-967,39.6821,13.0239
52.3,26376,328,113,-817,39.6919,13.0573
45.2,26649,330,121,-967,39.6856,13.0363
44.9,25238,323,113,-904,39.6936,13.0297
45.5,26661,324,117,-952,39.6778,13.0234
47.4,26725,322,136,-960,39.6892,13.0785
48.2,25923,330,100,-840,39.6894,13.0706
48.5,25471,322,116,-848,39.6762,13.0184
47.6,25491,325,122,-888,39.6825,13.0306
43.4,25480,323,125,-966,39.6932,13.0287
47.5,25453,328,126,-883,39.6961,13.0880
51.4,25815,322,105,-817,39.6928,13.0656
43.0,25442,324,114,-967,39.6919,13.0343
47.6,26222,322,106,-891,39.6909,13.0344
45.6,26152,324,114,-932,39.6959,13.0440
43.9,26631,331,129,-1002,39.6852,13.0114
46.3,25567,329,108,-889,39.6821,13.0102
48.0,26561,322,132,-919,39.6896,13.0442
47.1,26118,322,117,-897,39.6929,13.0694
42.1,25005,322,130,-1002,39.6836,12.9973
41.1,25174,331,155,-1056,39.6798,13.0319
48.4,26680,328,119,-881,39.6925,13.0489
50.0,26033,328,107,-844,39.6870,13.0242
46.7,26242,322,130,-958,39.6717,12.9976
48.9,24983,329,132,-861,39.6932,13.0692
46.5,26250,325,96,-882,39.6792,13.0143
50.5,25452,327,119,-841,39.6769,13.0090
47.6,26048,329,124,-914,39.6877,13.0251
47.5,26054,325,131,-904,39.6795,13.0031
50.5,26217,328,103,-817,39.6859,13.0504
49.4,26671,330,114,-860,39.6768,13.0022
45.2,25164,327,116,-906,39.6903,13.0602
43.3,25027,327,112,-929,39.6954,13.0667
48.4,26855,326,113,-883,39.7005,13.0781
47.5,26246,331,125,-924,39.6929,13.0682
49.7,25689,326,128,-855,39.6805,13.0462
45.0,25486,325,106,-914,39.6933,13.0512
43.1,25869,330,116,-969,39.6946,13.0676
46.6,26202,331,119,-917,39.6933,13.0891
45.5,25495,323,129,-935,39.6953,13.0849
43.2,24945,328,142,-992,39.6872,13.0296
51.4,26755,328,121,-858,39.6731,13.0279
45.7,26922,327,107,-936,39.6956,13.0441
41.6,25642,326,136,-1051,39.6987,13.0554
45.8,25662,325,118,-929,39.6897,13.0162
43.2,25451,330,114,-955,39.6932,13.0291
44.1,25309,323,114,-923,39.6847,13.0425
51.3,25654,327,127,-842,39.6831,13.0463
50.9,26394,327,123,-864,39.6833,13.0236
45.5,25005,330,117,-903,39.6878,13.0534
44.1,26900,325,130,-1007,39.6728,13.0003
43.2,26024,324,123,-985,39.6989,13.0793
43.0,25283,329,123,-968,39.6928,13.0342
50.2,25028,323,97,-798,39.6956,13.0603
44.5,26755,325,121,-959,39.6981,13.0606
45.4,25204,331,109,-893,39.6869,13.0304
51.3,25465,328,128,-824,39.6701,12.9979
46.9,26166,330,123,-901,39.6845,13.0324
42.8,25144,329,119,-957,39.6850,13.0266
46.6,25234,331,131,-914,39.6805,13.0361
44.3,26437,323,117,-958,39.6988,13.0647
50.2,26257,329,114,-858,39.6885,13.0770
48.2,26720,322,117,-908,39.6850,13.0159
44.3,25333,329,140,-965,39.6894,13.0800
45.6,25140,332,114,-900,39.6851,13.0034
42.8,24945,331,115,-961,39.6937,13.0643
42.9,25508,327,114,-956,39.6861,13.0375
42.9,25272,327,108,-940,39.7038,13.0878
47.7,26268,325,147,-936,39.6840,13.0588
43.4,26559,330,145,-1046,39.6980,13.0712
45.3,26517,329,115,-950,39.6910,13.0518
43.9,26247,326,109,-965,39.7053,13.0744
42.7,24932,328,114,-955,39.6848,13.0274
42.3,25854,328,137,-1032,39.6823,13.0213
51.2,25646,332,116,-824,39.6834,13.0654
43.9,26496,326,127,-1003,39.6862,13.0333
45.7,26456,326,112,-945,39.6960,13.0784
43.7,25793,323,133,-990,39.6873,13.0600
48.9,25207,330,103,-821,39.6712,13.0001
46.1,26020,326,110,-915,39.7054,13.0821
43.2,26300,327,138,-1021,39.6909,13.0681
44.1,25475,324,107,-919,39.6949,13.0630
43.0,26848,332,140,-1045,39.6883,13.0560
46.8,25081,329,141,-907,39.6779,13.0429
45.3,26417,330,111,-926,39.6907,13.0566
44.2,26718,326,118,-993,39.6930,13.0565
51.0,26197,327,106,-810,39.6927,13.0720
43.9,25024,332,110,-922,39.6832,13.0215
44.6,26365,327,115,-952,39.6995,13.0677
48.7,26828,324,139,-937,39.6806,13.0070
43.3,25358,331,126,-978,39.7018,13.0685
46.3,26915,329,130,-976,39.6844,13.0417
42.5,26077,324,136,-1025,39.6879,13.0207
51.4,25440,322,118,-812,39.6963,13.0778
47.1,26242,328,100,-880,39.6923,13.0630
43.3,25440,330,126,-984,39.6901,13.0746
46.6,26149,328,132,-926,39.6946,13.0870
47.1,25873,323,111,-875,39.6843,13.0409
50.1,26577,328,101,-846,39.6914,13.0541
42.9,25215,331,145,-992,39.6789,13.0350
46.2,25462,323,139,-935,39.6969,13.0827
49.6,26153,328,120,-868,39.6883,13.0492
53.5,26891,326,106,-802,39.6758,13.0288
45.4,26141,328,103,-921,39.6845,13.0180
46.4,24996,328,131,-910,39.6721,12.9997
50.8,25040,328,119,-810,39.6821,13.0698
46.1,26084,325,98,-898,39.6946,13.0745
44.7,26578,327,102,-942,39.6971,13.0801
49.1,25545,325,109,-835,39.6974,13.0755
52.0,25864,324,121,-812,39.6929,13.0741
43.6,25639,327,134,-990,39.6967,13.0727
42.6,25036,328,140,-998,39.6840,13.0384
48.1,25997,324,108,-850,39.6994,13.0785
50.2,25902,332,124,-845,39.6923,13.0830
46.1,25813,330,117,-898,39.6954,13.0744
48.6,25312,323,112,-828,39.6711,12.9993
50.3,25955,326,102,-819,39.6804,13.0069
43.4,25074,324,126,-958,39.6750,13.0000
43.6,25237,329,115,-951,39.6916,13.0539
44.6,26145,326,125,-962,39.6826,13.0020
49.4,26533,328,134,-900,39.6948,13.0791
50.7,25499,326,127,-836,39.6764,13.0263
44.3,26735,322,137,-1013,39.6968,13.0758
44.2,25016,324,110,-921,39.6975,13.0762
52.6,26566,325,92,-793,39.6956,13.0761
47.7,26219,327,123,-920,39.6910,13.0630
48.5,25157,331,127,-860,39.6725,12.9990
44.0,25402,322,125,-968,39.7051,13.0897
43.9,26200,324,118,-957,39.6884,13.0394
51.9,26650,324,127,-848,39.6865,13.0587
43.3,25726,332,138,-993,39.6959,13.0691
46.8,25961,322,121,-896,39.6837,13.0293
45.2,26785,323,118,-968,39.6770,13.0208
43.5,25155,326,118,-954,39.6949,13.0587
47.9,26646,327,116,-905,39.6903,13.0673
50.8,26236,326,133,-856,39.6826,13.0467
47.3,26171,325,112,-904,39.6872,13.0450
44.9,26425,330,135,-976,39.6901,13.0605
45.2,26684,325,134,-991,39.6867,13.0346
45.7,26736,325,107,-941,39.6949,13.0445
47.1,26566,328,128,-950,39.6939,13.0574
42.2,25290,324,127,-994,39.6934,13.0266
49.0,25210,327,141,-883,39.6935,13.0677
50.8,25932,330,123,-844,39.6776,13.0298
43.8,26498,330,123,-980,39.6937,13.0349
51.8,26427,327,104,-813,39.6870,13.0506
43.8,24978,324,116,-923,39.6904,13.0722
43.9,25859,328,133,-993,39.6813,13.0237
44.7,26196,325,112,-954,39.6921,13.0670
43.9,26413,323,124,-978,39.6998,13.0901
50.3,25142,323,108,-815,39.6832,13.0433
45.4,25424,326,122,-913,39.6961,13.0769
44.6,26523,332,125,-976,39.6971,13.0842
47.1,26703,328,140,-957,39.6943,13.0714
47.6,25189,323,107,-844,39.6917,13.0329
44.7,25926,324,124,-957,39.6822,13.0052
45.0,26925,324,131,-1001,39.6785,13.0329
46.4,25056,325,126,-882,39.6907,13.0383
52.1,26828,328,135,-871,39.6710,13.0343
43.4,26526,327,141,-1027,39.6765,13.0256
49.7,26891,324,113,-873,39.6908,13.0752
50.4,25729,323,93,-805,39.6858,13.0105
45.6,26694,330,107,-923,39.6977,13.0787
46.5,25202,330,124,-907,39.6937,13.0642
44.7,26306,332,115,-937,39.6942,13.0551
49.3,26081,328,96,-829,39.6962,13.0549
44.0,25977,325,123,-975,39.6987,13.0560
45.9,25528,331,121,-905,39.6783,13.0354
47.2,26714,332,125,-928,39.6891,13.0711
49.6,26046,332,114,-843,39.6893,13.0783
50.1,26886,324,129,-892,39.6817,13.0642
43.0,24952,330,109,-920,39.6818,13.0149
50.9,25835,326,110,-830,39.6873,13.0370
42.6,25608,327,132,-1008,39.6835,13.0220
43.8,25116,332,115,-940,39.6925,13.0391
43.0,25308,330,134,-990,39.6786,13.0040
45.3,25712,322,118,-944,39.6937,13.0361
48.2,25651,327,130,-879,39.6722,13.0090
46.9,24972,331,103,-845,39.6797,13.0270
46.5,26562,328,118,-935,39.6894,13.0361
42.7,25064,325,124,-969,39.6831,13.0279
47.1,25816,327,133,-936,39.6890,13.0407
47.8,25466,323,120,-870,39.6815,13.0376
42.5,25712,332,134,-1016,39.6875,13.0209
47.9,26135,331,125,-887,39.6687,13.0009
51.4,25338,323,127,-820,39.6916,13.0814
45.5,26903,323,113,-958,39.6855,13.0447
45.4,24955,323,122,-903,39.6973,13.0705
43.3,26364,324,139,-1021,39.6982,13.0580
43.0,26233,325,132,-1015,39.6913,13.0273
50.8,26165,331,120,-844,39.6885,13.0957
45.2,25017,327,118,-896,39.6961,13.0695
44.1,26565,323,110,-969,39.6872,12.9965
43.9,25673,324,108,-947,39.6927,13.0567
52.1,26367,322,114,-829,39.6924,13.0724
49.4,26424,323,130,-885,39.6808,13.0271
43.8,25423,327,131,-955,39.6880,13.0719
50.9,26733,323,120,-851,39.6725,13.0158
49.1,24943,328,126,-846,39.6873,13.0701
50.8,25243,324,102,-804,39.6882,13.0216
47.1,26293,327,123,-932,39.6892,13.0289
45.5,26123,330,125,-939,39.6932,13.0757
42.5,25152,325,123,-970,39.6803,13.0001
50.5,25364,328,108,-802,39.6904,13.0798
49.6,26362,331,131,-887,39.6693,13.0007
48.0,26820,331,122,-915,39.6796,13.0011
47.1,26308,328,116,-896,39.6881,13.0621
52.1,26215,331,120,-813,39.6732,13.0217
48.6,26281,329,137,-914,39.6877,13.0882
49.1,25880,323,123,-869,39.6928,13.0719
46.2,25904,327,123,-926,39.6934,13.0804
45.2,24969,330,113,-884,39.6953,13.0660
50.6,25106,325,109,-807,39.6809,13.0548
44.6,26068,326,120,-949,39.6845,12.9994
48.5,26884,323,113,-909,39.6822,13.0052
45.7,25091,331,95,-868,39.6930,13.0370
46.5,25642,331,101,-875,39.6911,13.0341
46.7,26545,325,142,-961,39.6810,13.0270
45.9,26876,332,110,-933,39.6966,13.0672
44.0,25401,326,104,-912,39.6941,13.0682
46.8,25205,325,112,-875,39.6868,13.0139
44.0,25331,325,146,-986,39.6855,13.0441
46.1,25088,326,110,-874,39.6772,13.0156
43.2,25416,332,114,-959,39.6928,13.0258
48.6,26057,327,113,-881,39.6779,12.9965
49.5,25786,328,116,-838,39.6913,13.0511
53.1,25583,322,94,-765,39.6864,13.0513
50.0,26278,324,112,-855,39.6765,13.0116
49.4,26547,326,100,-845,39.6933,13.0407
53.9,26728,331,113,-795,39.6864,13.0651
45.7,25739,328,117,-913,39.6855,13.0069
49.5,26918,324,121,-899,39.6836,13.0525
45.8,24932,330,108,-883,39.6787,13.0207
47.1,26786,323,117,-938,39.6975,13.0572
44.4,26400,324,124,-982,39.6993,13.0703
49.3,25059,328,110,-825,39.6921,13.0792
46.6,25632,323,120,-912,39.6848,13.0357
48.5,25559,330,136,-900,39.6822,13.0179
52.1,26833,323,110,-811,39.6931,13.0714
50.0,26525,330,103,-834,39.6800,13.0242
52.8,26034,332,107,-797,39.6877,13.0778
43.2,25724,329,110,-964,39.6826,13.0242
44.8,25972,326,135,-962,39.6868,13.0424
47.5,26254,327,133,-940,39.6925,13.0548
43.5,25475,324,125,-965,39.6872,13.0312
47.9,25678,329,114,-879,39.6963,13.0748
48.1,25330,327,121,-876,39.6822,13.0494
46.4,25148,332,116,-883,39.6967,13.0789
48.2,25606,330,129,-887,39.6821,13.0388
43.8,26236,330,112,-968,39.6911,13.0431
42.3,25996,329,143,-1043,39.6930,13.0453
49.9,26715,329,115,-857,39.6750,13.0000
44.5,24950,332,121,-916,39.6974,13.0678
46.6,24987,332,125,-883,39.6867,13.0202
47.5,24950,326,120,-865,39.6771,13.0334
50.9,25278,323,109,-817,39.6709,13.0042
44.5,26376,323,132,-1005,39.6943,13.0600
45.0,25109,323,115,-916,39.6982,13.0646
45.1,26738,322,102,-943,39.6976,13.0415
50.9,25501,326,134,-844,39.6851,13.0813
46.9,26438,324,108,-914,39.6783,13.0233
45.7,25841,324,107,-903,39.6905,13.0390
47.3,25198,322,129,-900,39.6920,13.0739
45.9,26311,324,112,-921,39.6957,13.0623
44.5,26903,325,114,-959,39.6821,13.0328
51.2,25647,331,114,-802,39.6878,13.0324
50.0,25076,329,111,-812,39.6941,13.0796
44.0,25548,330,119,-949,39.6837,13.0061
45.6,26120,327,107,-905,39.7027,13.0756
51.8,26837,323,93,-815,39.6868,13.0494
47.8,25889,329,117,-863,39.6959,13.0733
44.8,25369,326,123,-929,39.6843,13.0290
42.2,25098,323,138,-998,39.6803,13.0053
47.3,25298,324,137,-910,39.6939,13.0907
47.1,25751,328,103,-865,39.6858,13.0021
47.3,25257,331,121,-889,39.6774,13.0009
51.3,26151,332,106,-822,39.6809,13.0096
48.7,25696,328,141,-898,39.6770,13.0114
44.1,25991,327,135,-982,39.6861,13.0135
50.2,26829,326,115,-878,39.6914,13.0535
43.1,25401,325,127,-983,39.6796,13.0038
52.8,26764,328,107,-822,39.6960,13.0794
46.9,26053,322,112,-909,39.6900,13.0497
50.1,26535,327,125,-878,39.6862,13.0505
46.8,25878,331,115,-892,39.6803,13.0320
44.8,25400,328,115,-923,39.6876,13.0538
49.2,26552,324,94,-844,39.6906,13.0424
44.3,25769,326,124,-945,39.6891,13.0503
42.8,26322,327,125,-1027,39.6855,12.9931
48.2,25128,327,124,-863,39.6900,13.0795
47.4,26343,328,110,-900,39.6909,13.0596
52.6,26578,331,114,-826,39.6807,13.0254
52.9,26810,330,110,-803,39.6813,13.0137
51.9,26521,328,106,-815,39.6901,13.0752
43.4,25514,328,126,-972,39.6931,13.0306
42.0,25116,331,132,-1009,39.7046,13.0827
51.4,26818,322,132,-868,39.6799,13.0398
48.9,26877,327,120,-916,39.6925,13.0721
48.9,26820,325,140,-925,39.6797,13.0313
44.2,26068,329,117,-950,39.6957,13.0891
45.1,25076,324,120,-926,39.6832,13.0347
49.4,25120,328,112,-835,39.6973,13.0835
47.0,26673,331,132,-929,39.6856,13.0352
51.5,26212,324,124,-840,39.6968,13.0895
51.8,26757,329,105,-835,39.6898,13.0630
47.6,26434,325,105,-886,39.6807,13.0003
41.9,25573,326,143,-1020,39.6894,13.0484
47.1,26652,331,142,-954,39.6921,13.0896
48.1,25135,326,140,-890,39.6828,13.0223
51.0,26158,328,111,-823,39.6852,13.0443
46.2,26400,328,108,-910,39.6802,13.0294
46.4,25859,325,139,-944,39.6944,13.0863
42.5,26106,328,131,-1032,39.6815,12.9974
44.0,26538,324,108,-960,39.7066,13.0815
46.5,25645,330,143,-946,39.6786,13.0450
54.4,26696,325,97,-768,39.6719,13.0067
44.7,26249,332,129,-953,39.6942,13.0738
47.7,26328,328,126,-921,39.6831,13.0232
47.0,26192,322,108,-894,39.6914,13.0810
46.5,25842,322,136,-940,39.6905,13.0885
51.1,26019,330,113,-819,39.6922,13.0801
46.9,25655,326,116,-886,39.6960,13.0788
50.1,25341,332,124,-845,39.6860,13.0731
49.4,26404,327,112,-858,39.6958,13.0883
47.4,25709,325,116,-864,39.6867,13.0650
50.1,26301,330,131,-864,39.6869,13.0624
51.2,25227,327,108,-794,39.6801,13.0494
49.7,26341,322,119,-866,39.6935,13.0554
43.1,26120,325,129,-998,39.6962,13.0491
46.2,26822,326,129,-963,39.6929,13.0792
45.0,24990,326,121,-897,39.6940,13.0570
48.9,25339,325,109,-832,39.6900,13.0716
44.5,25745,327,119,-953,39.6861,13.0490
47.7,26725,326,95,-877,39.6987,13.0834
50.3,26264,331,109,-841,39.6893,13.0904
47.5,26278,326,135,-921,39.6752,13.0145
46.0,26614,324,116,-934,39.7000,13.0820
50.6,25731,332,122,-850,39.6777,13.0155
44.3,26576,325,121,-966,39.6971,13.0769
50.0,25173,322,112,-827,39.6968,13.0652
48.8,26373,328,105,-864,39.6965,13.0581
44.4,24973,330,128,-942,39.6863,13.0427
47.0,26356,327,110,-901,39.7023,13.0816
47.0,25478,332,150,-932,39.6805,13.0316
46.1,26097,329,123,-944,39.6814,13.0232
42.7,25974,324,122,-998,39.6840,13.0259
45.6,25845,332,132,-945,39.6709,13.0051
48.3,26363,329,99,-865,39.6991,13.0899
50.7,25798,330,114,-827,39.6916,13.0538
43.5,26548,327,121,-991,39.6888,13.0331
41.9,25162,322,124,-1004,39.6860,13.0012
46.3,26082,329,112,-914,39.6830,13.0056
51.1,26025,324,125,-843,39.6672,13.0046
50.7,26432,323,108,-850,39.6782,13.0095
47.3,25798,323,121,-908,39.6829,13.0282
51.3,26092,327,105,-809,39.6829,13.0441
50.1,25290,325,128,-859,39.6853,13.0806
48.3,25230,329,115,-858,39.6891,13.0279
50.4,26057,324,108,-841,39.6860,13.0745
44.6,25359,329,123,-918,39.6879,13.0493
48.3,26735,327,121,-906,39.6903,13.0539
43.7,25505,323,107,-937,39.6917,13.0418
52.5,26622,323,113,-809,39.6740,13.0007
43.7,26443,325,145,-1014,39.6823,13.0041
50.4,26652,326,133,-883,39.6788,13.0257
51.1,25801,330,108,-810,39.6708,13.0042
47.8,26732,332,114,-880,39.6948,13.0908
48.0,26335,331,121,-891,39.6852,13.0275
45.5,25110,331,119,-909,39.6884,13.0262
47.4,25053,325,100,-843,39.6913,13.0705
45.6,26868,327,113,-950,39.6850,13.0395
44.4,25338,328,144,-977,39.6823,13.0539
44.0,25374,329,138,-967,39.6986,13.0658
52.4,26861,325,128,-840,39.6894,13.0780
51.7,25220,327,117,-804,39.6898,13.0703
47.6,25046,325,119,-878,39.6765,13.0077
50.6,25279,331,112,-820,39.6743,13.0072
43.6,25161,324,118,-935,39.6828,13.0365
49.8,26907,323,118,-867,39.6749,13.0153
44.3,25447,324,126,-940,39.6907,13.0838
48.8,26259,332,125,-884,39.6847,13.0477
49.8,26201,324,104,-824,39.6914,13.0848
43.3,26570,323,127,-1019,39.6760,13.0012
47.7,25555,332,120,-884,39.6871,13.0289
41.8,25868,324,137,-1055,39.6863,13.0240
50.6,25907,324,112,-838,39.6835,13.0609
45.8,25294,332,128,-918,39.6885,13.0490
46.8,25170,324,110,-862,39.6864,13.0085
49.3,26108,324,114,-851,39.6905,13.0613
46.8,26793,323,99,-900,39.7000,13.0715
43.5,25186,332,119,-958,39.6965,13.0431
46.7,26481,324,118,-930,39.6967,13.0746
43.0,26141,327,116,-999,39.6873,13.0335
47.8,25725,331,145,-912,39.6751,13.0295
44.5,26728,330,129,-1001,39.6952,13.0523
43.8,25875,332,104,-947,39.6968,13.0843
45.0,26244,324,117,-934,39.6948,13.0430
43.5,26846,326,133,-1011,39.6935,13.0523
47.4,26713,322,138,-940,39.6857,13.0460
50.9,25769,328,101,-793,39.6838,13.0479
51.7,26614,326,128,-843,39.6867,13.0810
51.9,26613,331,104,-824,39.6889,13.0366
47.8,26796,326,97,-871,39.6828,13.0377
51.1,25744,323,120,-840,39.6936,13.0869
42.5,25383,324,134,-994,39.6936,13.0570
46.6,25439,328,114,-887,39.6858,13.0633
46.6,26388,330,102,-899,39.6808,13.0214
43.8,25532,323,120,-961,39.6867,13.0278
43.1,25236,323,141,-1007,39.6930,13.0486
45.2,26355,322,124,-975,39.6942,13.0662
45.2,25690,329,145,-973,39.6882,13.0368
45.9,25591,324,113,-899,39.6770,13.0047
47.1,25059,325,123,-878,39.6860,13.0643
47.5,25219,328,131,-907,39.6918,13.0666
44.9,25163,329,113,-893,39.6942,13.0568
52.1,26166,332,124,-827,39.6703,13.0184
47.8,26417,330,128,-928,39.6882,13.0872
47.4,26428,323,136,-928,39.6856,13.0380
43.3,26781,328,128,-1013,39.6843,13.0324
46.3,25647,330,117,-903,39.6848,13.0546
43.5,25270,323,129,-978,39.6903,13.0643
45.9,25690,329,133,-925,39.6806,13.0465
45.7,26280,330,106,-919,39.6859,13.0466
42.6,25116,329,128,-969,39.6833,13.0275
46.0,25357,329,138,-938,39.6848,13.0294
43.2,26216,329,143,-1025,39.6806,13.0137
42.4,25007,324,113,-961,39.6980,13.0587
45.3,25831,331,117,-935,39.6858,13.0020
43.0,25562,331,112,-962,39.6988,13.0466
47.1,25164,328,138,-897,39.6818,13.0208
50.1,26122,329,118,-865,39.6863,13.0257
45.7,26562,330,131,-985,39.6975,13.0699
42.1,25820,330,135,-1027,39.6967,13.0453
44.6,26408,330,131,-991,39.7035,13.0848
47.1,26318,331,124,-908,39.6809,13.0125
51.8,25220,325,98,-779,39.6952,13.0771
49.0,26560,326,127,-888,39.6756,13.0379
50.4,25029,325,129,-830,39.6915,13.0698
49.4,26104,323,140,-894,39.6686,13.0143
43.6,25820,332,132,-990,39.7044,13.0852
44.1,26544,327,137,-1010,39.6926,13.0371
48.6,26705,330,134,-912,39.6811,13.0384
51.8,26672,328,128,-848,39.6821,13.0663
44.0,25317,325,110,-926,39.6824,13.0027
45.5,26059,328,140,-957,39.6823,13.0489
54.0,26909,328,104,-803,39.6908,13.0551
47.5,26631,331,121,-903,39.6914,13.0565
44.6,25350,330,143,-965,39.6901,13.0615
44.8,25390,323,124,-949,39.6913,13.0813
44.1,26755,324,118,-978,39.6948,13.0449
53.6,26307,324,98,-784,39.6944,13.0818
51.7,26473,326,134,-854,39.6872,13.0530
51.3,26439,325,132,-869,39.6703,13.0225
44.7,26058,330,142,-995,39.7007,13.0830
51.7,26703,325,124,-841,39.6872,13.0629
42.6,26351,331,143,-1035,39.6884,13.0595
45.2,25031,327,126,-920,39.6874,13.0190
47.2,25899,326,121,-907,39.6867,13.0512
51.9,25539,325,118,-806,39.6854,13.0343
47.0,25588,323,142,-918,39.6720,13.0004
47.7,26146,329,120,-893,39.6773,13.0021
45.3,26527,325,133,-986,39.6805,13.0287
46.9,25241,323,120,-895,39.7003,13.0844
51.7,25686,326,122,-824,39.6855,13.0576
41.6,25028,326,149,-1036,39.6792,13.0039
43.1,25633,326,142,-1003,39.6794,13.0235
47.6,26569,331,110,-880,39.6835,13.0580
50.7,25132,328,139,-842,39.6923,13.0748
43.4,26595,330,148,-1030,39.6930,13.0507
45.6,25753,322,119,-935,39.6946,13.0497
42.7,25614,324,134,-1002,39.6831,13.0251
52.3,25884,323,111,-801,39.6849,13.0457
51.5,25143,327,117,-795,39.6828,13.0364
50.4,26179,331,108,-829,39.6895,13.0382
47.9,25984,328,112,-875,39.6873,13.0272
48.2,25058,327,119,-863,39.6916,13.0487
48.0,25187,328,110,-853,39.6844,13.0468
42.4,25378,327,129,-1003,39.6858,13.0318
47.5,25968,323,114,-899,39.6913,13.0466
52.3,26559,329,123,-843,39.6846,13.0777
44.0,26272,323,128,-990,39.7000,13.0640
47.4,25832,331,128,-900,39.7006,13.0867
46.6,25561,324,113,-894,39.6867,13.0647
44.0,26888,330,134,-1027,39.6816,13.0432
49.4,25865,327,120,-864,39.6808,13.0310
45.2,25177,326,132,-927,39.6964,13.0752
48.0,25996,328,111,-869,39.6751,13.0021
42.5,25224,327,120,-981,39.6969,13.0361
46.5,26533,324,123,-932,39.6808,13.0213
48.8,25502,327,129,-874,39.6879,13.0832
48.9,25748,330,122,-867,39.6815,13.0252
48.5,26544,326,113,-898,39.6722,13.0063
49.0,25203,328,141,-883,39.6811,13.0276
50.7,26458,327,126,-859,39.6809,13.0696
43.9,26907,329,129,-991,39.6887,13.0333
46.1,25625,330,127,-932,39.6801,13.0241
48.0,26774,326,108,-894,39.6962,13.0788
50.1,26341,330,115,-855,39.6896,13.0703
49.5,25125,324,120,-849,39.6770,13.0140
47.0,25539,328,117,-880,39.6950,13.0850
42.7,26872,324,136,-1067,39.6907,13.0757
47.3,25139,324,126,-875,39.6796,13.0212
52.9,26605,328,114,-828,39.6791,13.0223
42.8,25485,325,136,-997,39.6856,13.0450
49.9,24928,328,117,-811,39.6799,13.0147
45.8,25845,330,122,-936,39.6855,13.0422
50.6,25778,322,131,-845,39.6832,13.0613
44.8,25258,329,145,-962,39.6715,13.0115
48.5,25898,324,131,-901,39.6943,13.0877
52.7,25881,328,112,-798,39.6834,13.0501
45.7,26536,325,127,-950,39.6907,13.0456
48.8,25106,325,119,-844,39.6743,13.0148
43.5,26254,327,115,-986,39.7055,13.0862
49.6,26078,327,115,-868,39.6897,13.0859
44.1,25132,330,142,-979,39.6787,13.0094
50.5,26047,331,115,-838,39.6868,13.0529
43.5,26203,326,115,-975,39.6959,13.0493
44.0,26212,323,121,-981,39.6925,13.0624
43.8,25110,324,125,-944,39.6855,13.0243
43.7,25803,323,120,-967,39.6849,12.9982
51.7,26732,324,105,-813,39.6907,13.0726
44.8,25452,323,114,-904,39.6999,13.0752
46.0,26672,323,112,-927,39.7003,13.0684
43.6,26082,323,135,-1012,39.6895,13.0577
44.0,26075,332,129,-991,39.6870,13.0381
46.8,25710,331,128,-903,39.6884,13.0796
47.4,25984,331,125,-919,39.6808,13.0157
44.8,26643,329,118,-969,39.6805,13.0029
50.5,26227,326,107,-843,39.6923,13.0716
44.7,25695,322,126,-963,39.6821,12.9969
53.5,26698,322,108,-815,39.6842,13.0661
49.5,25374,330,132,-871,39.6756,13.0119
52.8,26172,329,115,-810,39.6818,13.0660
50.1,25998,323,113,-837,39.6804,13.0426
45.9,26492,331,136,-958,39.6889,13.0637
48.6,25167,323,113,-829,39.6852,13.0358
43.9,26825,327,126,-1001,39.6869,13.0429
43.1,26014,332,139,-1018,39.6808,12.9966
52.7,26910,326,125,-845,39.6847,13.0551
49.2,26528,327,115,-877,39.6741,13.0173
48.0,26026,326,127,-902,39.7009,13.0885
46.1,25515,328,110,-875,39.6938,13.0941
42.7,25291,329,130,-1004,39.6881,13.0262
45.0,25536,324,126,-927,39.6970,13.0686
46.3,25808,328,111,-886,39.6914,13.0278
45.0,26822,329,120,-970,39.6952,13.0453
53.5,26894,325,109,-810,39.6901,13.0702
48.0,26521,322,111,-894,39.6871,13.0267
49.7,25169,330,120,-832,39.6772,13.0445
44.6,25912,324,122,-957,39.6824,13.0332
44.5,25809,328,107,-912,39.6995,13.0797
46.7,26077,326,125,-917,39.6749,13.0110
49.7,26605,329,117,-874,39.6860,13.0364
48.4,25180,328,114,-849,39.6919,13.0643
43.3,25406,327,126,-975,39.6892,13.0673
48.5,25703,330,116,-850,39.6816,13.0002
43.1,26381,324,125,-1000,39.6843,13.0418
41.7,25395,331,142,-1043,39.6806,13.0339
49.3,25471,328,132,-852,39.6782,13.0110
51.5,25688,330,133,-831,39.6783,13.0643
46.6,26331,327,124,-941,39.6891,13.0511
48.0,25365,325,108,-856,39.6982,13.0728
49.5,26348,326,135,-908,39.6903,13.0486
46.7,25702,322,123,-909,39.6863,13.0135
45.1,25687,324,121,-941,39.6953,13.0500
43.7,25739,331,132,-984,39.6933,13.0700
45.9,26892,325,123,-965,39.6897,13.0468
47.5,25830,329,133,-915,39.6901,13.0475
44.5,26154,322,128,-975,39.6801,13.0274
47.5,25600,328,107,-877,39.6845,13.0017
45.8,25114,324,106,-868,39.6909,13.0237
53.0,26559,327,106,-812,39.6798,13.0050
43.0,25007,327,129,-960,39.6839,13.0343
48.7,25755,328,152,-910,39.6890,13.0708
48.1,25161,331,136,-876,39.6764,13.0414
46.8,26192,323,125,-914,39.6740,13.0010
49.7,26845,325,100,-859,39.6852,13.0489
51.8,25778,330,129,-830,39.6806,13.0256
47.0,25612,331,112,-881,39.6766,13.0017
49.8,25588,325,117,-829,39.6719,13.0144
47.6,25693,330,122,-895,39.6903,13.0424
50.4,25340,331,106,-820,39.6788,13.0192
50.6,25029,329,125,-817,39.6974,13.0881
51.7,26705,329,97,-815,39.6788,13.0002
43.2,26333,323,130,-1024,39.6785,13.0111
46.2,25356,332,137,-919,39.6867,13.0669
50.3,25956,328,106,-816,39.6910,13.0549
44.8,26294,328,118,-962,39.6907,13.0679
43.3,25064,330,118,-933,39.6915,13.0725
43.5,25335,327,126,-962,39.6940,13.0661
52.5,25821,329,112,-785,39.6832,13.0374
44.5,26653,327,112,-970,39.6825,13.0131
53.8,26865,330,99,-776,39.6903,13.0668
49.9,26713,323,111,-869,39.6924,13.0805
49.1,26036,322,121,-880,39.6838,13.0477
44.7,26388,325,118,-959,39.6866,13.0567
44.3,25222,327,121,-927,39.6988,13.0750
46.2,25939,328,125,-933,39.6928,13.0589
50.6,25002,327,115,-820,39.6842,13.0535
52.0,25899,330,105,-808,39.6745,13.0283
44.3,25824,324,122,-962,39.6918,13.0476
50.4,26569,329,120,-866,39.6791,13.0203
47.2,25420,323,132,-906,39.6913,13.0560
45.6,25753,327,125,-933,39.6744,13.0161
43.3,25320,325,120,-953,39.6885,13.0503
43.7,26478,323,133,-1011,39.6893,13.0560
46.4,25351,329,119,-881,39.7012,13.0762
49.9,25552,328,104,-813,39.6879,13.0393
49.1,26168,327,123,-870,39.6785,13.0336
43.5,26094,323,114,-977,39.6871,13.0307
54.0,26817,331,106,-781,39.6849,13.0599
53.8,26811,324,105,-800,39.6837,13.0322
44.3,26150,325,121,-974,39.6810,13.0010
43.7,26048,331,129,-976,39.6769,13.0058
45.2,26850,326,127,-973,39.6957,13.0883
46.3,25215,331,138,-915,39.6866,13.0632
51.7,25205,331,106,-779,39.6771,13.0095
47.0,26298,324,111,-913,39.6925,13.0809
49.0,26008,325,116,-875,39.6837,13.0057
42.3,25300,327,134,-987,39.7014,13.0688
48.9,25803,326,109,-840,39.7016,13.0852
53.8,26446,327,104,-775,39.6901,13.0709
47.3,25629,324,125,-902,39.6818,13.0192
44.3,25309,324,139,-964,39.6862,13.0143
51.1,25872,329,134,-869,39.6811,13.0254
43.6,26553,324,139,-1024,39.6772,12.9947
42.8,25256,329,144,-1013,39.6860,13.0235
48.9,25163,325,118,-839,39.6783,13.0018
44.7,26518,322,107,-941,39.7023,13.0818
48.8,25737,325,116,-860,39.6893,13.0787
45.3,26401,325,134,-976,39.6841,13.0543
45.7,26712,326,128,-972,39.6905,13.0629
51.3,25692,329,101,-798,39.6815,13.0054
47.4,26236,325,122,-921,39.6866,13.0421
52.9,25752,332,104,-784,39.6774,13.0392
44.3,26901,329,116,-991,39.6809,12.9997
46.4,25607,322,115,-905,39.6834,13.0083
44.4,25940,326,118,-942,39.6866,13.0275
44.8,26577,326,121,-966,39.6878,13.0364
50.5,26422,329,106,-836,39.6883,13.0288
43.1,26357,323,123,-1020,39.6762,13.0011
42.7,26016,323,128,-1024,39.6878,13.0428
50.7,26426,325,121,-857,39.6813,13.0499
51.8,26618,329,109,-818,39.6710,13.0101
44.8,25760,326,124,-952,39.6853,13.0144
50.4,26246,327,129,-853,39.6869,13.0370
49.0,25987,329,133,-887,39.6811,13.0551
46.4,25217,332,124,-906,39.6871,13.0642
46.4,26750,325,112,-926,39.6873,13.0270
43.9,26450,322,125,-990,39.6824,12.9964
48.5,25964,323,95,-845,39.6874,13.0253
44.5,26642,328,133,-999,39.6821,13.0104
49.0,26458,329,136,-910,39.6774,13.0078
45.4,26638,329,118,-962,39.6863,13.0087
44.3,25835,327,138,-983,39.6898,13.0677
47.8,25330,322,125,-897,39.6833,13.0092
43.0,26552,326,121,-1023,39.7032,13.0701
45.0,26521,322,134,-981,39.6781,13.0166
46.4,25502,322,121,-908,39.6848,13.0175
44.0,25630,329,122,-967,39.6875,13.0435
42.5,25865,332,126,-1014,39.6835,13.0063
48.5,25029,324,105,-837,39.6952,13.0711
44.5,24942,325,112,-909,39.6892,13.0254
52.3,26112,329,108,-792,39.6860,13.0582
51.8,25999,323,112,-809,39.6887,13.0392
45.9,25800,328,131,-948,39.6859,13.0445
47.0,25566,328,132,-908,39.6807,13.0524
51.0,26412,329,119,-854,39.6784,13.0220
46.6,25238,323,107,-876,39.6823,13.0341
46.1,25740,325,109,-886,39.6924,13.0404
44.0,25150,332,134,-964,39.6888,13.0776
46.9,25186,322,140,-928,39.6873,13.0257
47.3,26311,328,124,-916,39.6881,13.0479
45.4,26427,325,117,-952,39.6910,13.0604
47.0,25043,331,107,-846,39.6852,13.0218
50.1,25745,331,125,-849,39.6775,13.0424
43.8,26279,329,118,-967,39.6980,13.0869
46.2,26447,326,109,-922,39.6991,13.0568
50.2,25568,331,115,-826,39.6947,13.0786
45.3,26570,324,125,-969,39.6920,13.0554
44.6,25997,324,139,-969,39.6994,13.0819
47.9,26556,329,109,-888,39.6814,13.0125
48.3,25663,325,126,-887,39.6829,13.0065
47.1,25725,330,117,-900,39.6876,13.0363
47.3,25962,328,114,-899,39.6829,13.0523
42.3,25590,325,125,-1002,39.6982,13.0706
47.0,25207,325,103,-870,39.6839,13.0170
48.9,24933,324,113,-842,39.6917,13.0569
42.0,25897,326,139,-1042,39.6869,13.0002
45.9,26638,329,129,-952,39.6982,13.0696
47.0,25507,327,112,-895,39.6820,13.0027
51.6,24983,322,105,-783,39.6849,13.0244
42.9,25021,326,141,-987,39.6744,13.0044
43.8,26232,322,132,-998,39.6819,13.0286
47.4,26494,328,138,-944,39.6884,13.0526
45.1,25494,326,132,-955,39.6845,13.0010
49.4,25060,331,115,-836,39.6858,13.0237
42.9,25859,326,118,-988,39.6859,12.9943
50.9,26308,324,117,-856,39.6909,13.0611
43.6,25152,332,117,-937,39.6829,13.0268
44.8,25245,323,123,-910,39.6827,13.0263
49.5,25678,331,138,-887,39.6944,13.0730
44.8,26232,322,111,-950,39.6920,13.0262
41.9,25069,325,131,-988,39.6870,13.0050
48.4,25240,328,142,-899,39.6802,13.0641
43.9,25956,331,105,-947,39.6920,13.0444
50.9,26322,322,120,-844,39.6757,13.0032
51.8,26324,332,111,-803,39.6861,13.0649
51.0,26582,330,126,-878,39.6862,13.0618
54.0,26298,329,95,-773,39.6836,13.0151
46.9,26637,332,111,-891,39.6855,13.0137
43.2,25903,326,115,-975,39.6933,13.0757
43.7,26302,328,132,-1001,39.6910,13.0547
44.4,25254,325,106,-913,39.6819,13.0155
51.3,26482,331,119,-844,39.6846,13.0672
46.7,26583,330,113,-919,39.6814,13.0158
44.6,25684,329,132,-954,39.6966,13.0739
45.9,26159,324,130,-948,39.6918,13.0624
49.1,26409,323,109,-856,39.6970,13.0660
42.7,25887,325,136,-1014,39.6855,13.0375
47.4,26858,330,129,-940,39.6793,13.0007
48.8,25145,331,121,-852,39.6741,12.9984
44.5,25415,329,119,-933,39.6859,13.0068
47.8,25318,329,134,-876,39.6878,13.0746
50.1,25663,326,130,-851,39.6836,13.0553
46.8,25191,324,103,-864,39.6786,13.0118
50.3,25544,330,134,-844,39.6773,13.0500
46.7,25077,325,112,-878,39.6809,13.0043
48.5,26043,326,100,-849,39.6967,13.0721
50.6,25242,328,96,-798,39.6915,13.0659
42.3,25006,329,130,-983,39.6940,13.0825
45.8,25527,326,107,-893,39.6867,13.0069
46.5,25428,327,137,-920,39.6948,13.0740
42.0,25071,331,143,-1023,39.6834,13.0012
43.0,26448,330,132,-1040,39.6934,13.0867
45.4,24980,326,109,-882,39.6980,13.0802
44.2,25199,322,140,-965,39.6924,13.0735
44.0,25216,323,118,-933,39.6863,13.0231
51.0,25000,328,112,-805,39.6915,13.0904
52.5,26436,332,102,-789,39.6956,13.0743
50.4,26144,326,125,-873,39.6800,13.0410
48.6,26782,330,123,-905,39.6831,13.0613
44.0,26761,330,119,-998,39.6982,13.0780
48.4,26705,323,141,-926,39.6890,13.0758
45.0,26068,328,123,-957,39.6899,13.0480
43.1,25838,326,116,-974,39.6934,13.0444
52.5,25580,328,106,-780,39.6894,13.0788
48.6,25410,327,122,-873,39.6902,13.0619
48.3,25677,322,121,-863,39.6800,13.0228
48.2,26152,323,125,-886,39.6809,13.0018
48.3,26854,329,108,-880,39.6823,13.0049
46.7,26907,322,110,-931,39.6923,13.0469
44.5,25239,328,123,-932,39.7001,13.0786
50.3,25464,324,117,-821,39.6944,13.0767
48.1,25962,326,118,-882,39.6764,13.0235
47.7,26614,324,130,-932,39.6925,13.0757
44.0,26542,325,111,-974,39.7018,13.0768
47.9,26146,326,130,-903,39.6820,13.0501
43.2,26109,322,129,-1007,39.6852,13.0501
44.0,25487,328,119,-949,39.6927,13.0424
51.0,26461,326,103,-836,39.6800,13.0059
43.5,25860,323,132,-991,39.6839,13.0378
42.2,25537,326,129,-1007,39.7011,13.0632
49.1,25823,331,120,-860,39.6904,13.0384
42.1,26153,325,143,-1047,39.6832,13.0362
49.7,24988,327,110,-809,39.6889,13.0364
43.9,25212,328,117,-946,39.6942,13.0405
52.9,26812,326,104,-807,39.6846,13.0357
44.5,26477,323,113,-948,39.6861,12.9987
44.1,26406,323,120,-963,39.6760,13.0105
46.2,26695,329,132,-963,39.6952,13.0673
48.7,25486,324,134,-880,39.6918,13.0722
45.8,25934,329,136,-946,39.6820,13.0341
48.9,25365,327,125,-867,39.6736,13.0207
51.1,25306,330,116,-811,39.6782,13.0288
49.5,25729,322,121,-866,39.6817,13.0201
45.8,26144,325,107,-913,39.6953,13.0886
47.6,25435,324,139,-904,39.6923,13.0797
47.2,25524,326,104,-856,39.6856,13.0404
50.7,26059,330,121,-840,39.6704,13.0189
43.3,25035,331,119,-945,39.6896,13.0272
44.9,26131,326,128,-972,39.6733,13.0070
48.6,25392,331,139,-897,39.6726,13.0293
43.8,25523,327,116,-945,39.6862,13.0388
42.4,25802,331,146,-1033,39.6916,13.0888
42.4,25737,324,132,-1008,39.6929,13.0305
43.4,25436,330,122,-955,39.6865,13.0247
43.3,25684,325,131,-1000,39.6917,13.0709
46.7,25407,328,118,-888,39.6881,13.0317
47.4,26447,324,123,-926,39.6794,13.0167
50.5,26884,330,120,-880,39.6992,13.0883
49.2,25172,328,104,-828,39.6858,13.0102
45.9,25913,326,138,-958,39.6849,13.0675
44.2,26339,325,112,-955,39.6926,13.0452
43.7,26336,326,134,-1002,39.6867,13.0560
43.9,25890,327,100,-935,39.6949,13.0317
42.6,24941,322,131,-964,39.6990,13.0874
43.4,26778,323,136,-1030,39.6996,13.0889
43.2,26577,326,130,-1004,39.6937,13.0762
47.2,26304,326,115,-895,39.6971,13.0869
49.0,25330,322,139,-881,39.6802,13.0577
47.6,25863,322,129,-919,39.6961,13.0909
44.6,26456,324,119,-968,39.6967,13.0815
45.0,26582,326,141,-999,39.6822,13.0499
46.8,25301,326,125,-884,39.6814,13.0492
44.9,26007,323,138,-978,39.6896,13.0819
51.4,25901,329,119,-814,39.6858,13.0651
46.5,26648,323,126,-948,39.6853,13.0134
49.3,26573,327,124,-881,39.6814,13.0442
43.8,25468,328,121,-948,39.6875,13.0191
43.1,26007,326,128,-998,39.6940,13.0721
45.8,25945,329,124,-941,39.6831,13.0302
44.9,26660,327,149,-1009,39.6940,13.0716
47.5,26615,330,131,-939,39.6791,13.0300
48.5,25915,329,126,-870,39.6821,13.0449
49.6,25254,327,103,-815,39.6975,13.0836
49.4,26255,327,113,-875,39.6813,13.0402
43.0,25637,323,119,-974,39.6988,13.0503
51.7,26817,327,109,-837,39.6948,13.0909
51.0,25899,329,144,-868,39.6802,13.0457
42.6,26921,325,144,-1078,39.6827,13.0394
45.8,26249,323,118,-917,39.6926,13.0764
49.4,25366,331,121,-851,39.6813,13.0200
52.7,26685,325,114,-835,39.6814,13.0116
45.0,25766,325,113,-913,39.6839,13.0306
49.7,25671,326,136,-877,39.6867,13.0899
45.2,25590,330,121,-913,39.6776,13.0096
46.1,26649,329,131,-967,39.6776,13.0289
47.6,26594,331,102,-882,39.6757,13.0032
45.7,26170,330,124,-955,39.6985,13.0721
47.1,26743,332,118,-925,39.6747,13.0172
52.4,26026,327,101,-802,39.7018,13.0857
52.5,26090,326,122,-821,39.6818,13.0533
49.1,24973,327,129,-860,39.6962,13.0789
49.3,25127,324,135,-865,39.6862,13.0353
49.9,25660,326,106,-836,39.6924,13.0526
50.3,25302,324,107,-816,39.6844,13.0135
49.0,25975,323,109,-847,39.6958,13.0590
47.0,25276,328,110,-876,39.6859,13.0510
44.8,25268,332,123,-922,39.6854,13.0080
44.0,25165,327,125,-950,39.6846,13.0047
53.4,26768,324,121,-820,39.6890,13.0908
44.8,26344,325,131,-988,39.6814,13.0038
45.0,25268,325,134,-940,39.6986,13.0711
48.8,25692,325,100,-834,39.6837,13.0300
50.9,25468,326,115,-825,39.6849,13.0467
42.6,25758,332,139,-1028,39.6859,13.0328
42.2,25481,330,137,-1017,39.7021,13.0804
41.4,24988,330,140,-1021,39.6795,13.0176
49.5,26389,330,123,-867,39.6689,13.0043
50.3,26293,327,103,-840,39.6843,13.0260
46.8,26281,326,116,-903,39.6852,13.0290
46.0,26721,327,131,-965,39.6902,13.0405
50.5,26250,324,102,-813,39.6925,13.0714
47.2,26154,330,121,-921,39.6981,13.0751
43.5,25593,324,128,-972,39.6799,13.0264
45.7,26153,329,113,-932,39.6999,13.0691
44.8,26059,331,127,-948,39.6757,12.9982
46.1,25856,325,116,-919,39.6992,13.0760
43.8,25960,328,129,-982,39.7001,13.0841
51.1,24937,329,118,-815,39.6799,13.0164
48.8,26632,329,129,-906,39.6974,13.0867
45.7,26482,326,144,-982,39.6799,13.0028
45.0,26294,328,123,-953,39.6798,13.0330
41.7,25140,325,132,-1024,39.7020,13.0779
48.7,26255,325,127,-888,39.6880,13.0834
51.6,26676,330,104,-827,39.6857,13.0349
49.0,25060,330,133,-870,39.6840,13.0477
47.7,26705,325,139,-943,39.6767,13.0387
51.3,26301,328,118,-839,39.6782,13.0276
44.9,25741,332,132,-962,39.6859,13.0703
45.0,25340,323,124,-945,39.6952,13.0413
42.1,25798,324,133,-1025,39.6832,13.0434
47.8,26086,324,107,-881,39.6958,13.0665
47.3,25642,325,96,-861,39.7000,13.0689
46.9,26708,330,103,-908,39.6772,13.0169
46.7,26416,328,108,-898,39.6833,13.0128
49.5,25250,329,117,-829,39.6780,13.0386
50.9,26771,322,117,-849,39.6998,13.0881
50.9,25530,325,101,-796,39.6922,13.0699
48.1,25177,325,109,-849,39.6877,13.0314
44.5,26394,327,108,-932,39.7015,13.0864
45.9,25246,324,107,-888,39.6958,13.0695
45.0,26300,328,123,-958,39.6812,13.0009
46.7,25107,330,113,-855,39.6869,13.0688
45.7,26452,325,124,-953,39.6836,13.0000
45.1,26544,329,134,-976,39.6972,13.0708
45.0,26071,331,129,-959,39.6910,13.0809
50.3,24934,330,117,-807,39.6886,13.0440
43.6,25879,324,123,-960,39.6786,13.0197
47.1,26879,327,134,-955,39.6838,13.0363
45.6,26612,324,135,-980,39.6850,13.0684
51.0,25748,328,107,-814,39.6827,13.0389
49.0,25037,324,121,-832,39.6896,13.0568
45.6,25694,322,104,-897,39.6795,13.0186
50.8,24957,326,119,-803,39.6834,13.0627
45.3,26255,322,120,-944,39.6819,13.0346
46.9,26525,326,136,-958,39.6840,13.0261
51.7,25759,323,127,-825,39.6819,13.0481
42.8,25114,329,131,-984,39.6904,13.0715
43.1,25670,332,127,-973,39.6885,13.0232
44.9,26523,325,138,-1006,39.6743,13.0038
50.7,25572,325,114,-832,39.6851,13.0255
51.0,26038,328,124,-837,39.6800,13.0575
51.0,25686,322,134,-857,39.6801,13.0437
43.9,25430,327,113,-941,39.6948,13.0555
43.5,26137,331,121,-990,39.6904,13.0318
48.4,25368,326,110,-845,39.6904,13.0394
43.6,25745,329,121,-964,39.6989,13.0562
49.4,26096,325,133,-885,39.6916,13.0567
51.6,26350,329,109,-831,39.6841,13.0386
47.1,26144,325,108,-885,39.6877,13.0283
46.5,25882,328,127,-929,39.6866,13.0472
51.4,26564,330,135,-874,39.6785,13.0561
42.9,25616,324,115,-977,39.6923,13.0723
44.6,25558,329,114,-928,39.6935,13.0398
53.7,26275,331,109,-784,39.6912,13.0736
50.5,26703,331,102,-842,39.6920,13.0533
45.2,25738,327,142,-978,39.6738,13.0025
45.2,26846,323,123,-963,39.6840,13.0479
47.6,26037,330,115,-883,39.6827,13.0081
47.9,25310,332,117,-860,39.6914,13.0638
45.2,26411,327,119,-959,39.6865,13.0138
44.2,26476,332,128,-989,39.6758,13.0209
50.5,25747,331,137,-871,39.6732,13.0205
46.5,24954,327,122,-892,39.6786,13.0274
47.5,26448,332,104,-884,39.6854,13.0023
43.8,26037,325,121,-985,39.6906,13.0374
48.1,26228,325,132,-909,39.6776,13.0174
45.5,26698,323,133,-984,39.6855,13.0314
44.0,25012,326,120,-927,39.6879,13.0089
42.6,25400,327,117,-977,39.6804,13.0095
43.0,25506,332,115,-952,39.6800,13.0055
46.9,25635,326,124,-887,39.6778,13.0311
44.2,26330,330,121,-984,39.6878,13.0297
47.7,25166,330,116,-856,39.6867,13.0369
45.9,25305,331,110,-889,39.6818,13.0100
46.7,26614,330,121,-925,39.6798,13.0030
50.8,25534,325,147,-857,39.6703,13.0303
49.8,25409,329,141,-866,39.6834,13.0736
44.1,25095,330,118,-937,39.6843,13.0132
42.9,25067,330,146,-998,39.6864,13.0178
47.3,25646,324,115,-870,39.6894,13.0625
47.0,26916,330,130,-945,39.6888,13.0459
46.2,24996,331,119,-893,39.7002,13.0865
46.6,25553,322,137,-930,39.6750,13.0279
49.7,26304,326,111,-854,39.6862,13.0380
50.8,26204,324,122,-860,39.6877,13.0639
50.4,25914,322,108,-843,39.6766,13.0323
45.1,25698,322,121,-942,39.6919,13.0506
45.7,25305,328,125,-905,39.6896,13.0680
45.0,26825,322,123,-984,39.6974,13.0666
44.4,25131,328,120,-918,39.6767,13.0143
43.1,26570,323,128,-1022,39.6947,13.0541
43.3,26146,328,122,-977,39.6959,13.0818
51.4,24949,331,112,-802,39.6865,13.0832
44.1,25026,331,127,-931,39.6770,13.0010
49.6,25593,323,118,-856,39.6873,13.0587
51.3,25549,324,115,-811,39.6912,13.0831
45.3,26761,328,119,-965,39.6897,13.0681
50.4,26028,328,127,-859,39.6731,13.0234
44.8,26684,325,104,-938,39.7020,13.0754
46.7,25878,332,119,-901,39.6964,13.0585
47.3,26670,331,124,-941,39.6983,13.0856
50.2,25644,325,137,-876,39.6751,13.0211
44.5,26758,328,127,-1000,39.6947,13.0474
44.1,26501,331,133,-986,39.6930,13.0769
46.0,25885,325,114,-919,39.6963,13.0792
47.1,25778,327,120,-888,39.6972,13.0722
51.9,25253,327,118,-791,39.6812,13.0233
51.8,25488,332,118,-810,39.6773,13.0372
49.2,25859,328,128,-864,39.6886,13.0858
43.3,25864,330,112,-966,39.7024,13.0864
47.0,26298,322,111,-910,39.6862,13.0603
43.0,26141,322,127,-1017,39.6787,13.0023
46.3,25152,326,120,-883,39.6879,13.0647
42.8,25432,322,131,-1003,39.6903,13.0623
49.2,26651,327,108,-878,39.6905,13.0432
43.7,26604,327,123,-987,39.6920,13.0628
49.8,25281,328,115,-835,39.6857,13.0405
50.6,26672,325,132,-876,39.6834,13.0846
50.9,26596,329,130,-881,39.6748,13.0237
45.0,26318,327,134,-973,39.6872,13.0478
50.3,24941,325,116,-808,39.7021,13.0917
45.0,24974,332,135,-927,39.6899,13.0383
49.1,26440,323,114,-879,39.6849,13.0629
50.1,26399,329,133,-892,39.6799,13.0362
48.2,25343,324,103,-834,39.6951,13.0472
51.8,26213,328,105,-798,39.6712,13.0180
49.0,25149,330,124,-856,39.6856,13.0269
47.0,25316,328,117,-867,39.6849,13.0132
50.0,25872,324,117,-841,39.6735,13.0025
43.6,26140,329,138,-1022,39.6951,13.0717
47.9,25226,325,135,-886,39.6711,13.0048
48.5,25553,325,133,-876,39.6803,13.0048
48.0,25831,326,112,-882,39.7020,13.0808
44.7,25374,327,142,-965,39.6805,13.0231
44.1,26299,323,136,-1012,39.6878,13.0494
47.2,25396,330,123,-884,39.6799,13.0134
47.1,26851,325,126,-950,39.6889,13.0439
44.2,25153,323,119,-935,39.6975,13.0647
43.0,25785,331,125,-980,39.6959,13.0603
46.4,25129,325,112,-873,39.6867,13.0604
44.4,26014,326,132,-971,39.6780,13.0083
44.7,25920,323,135,-989,39.6769,13.0097
44.5,25165,331,117,-916,39.6792,13.0145
41.7,25161,328,138,-1011,39.6965,13.0724
47.2,26409,330,114,-904,39.6972,13.0708
43.2,25208,332,132,-987,39.6838,13.0423
52.0,26552,329,106,-800,39.6819,13.0314
44.0,26831,324,130,-1004,39.6940,13.0881
47.1,25969,329,119,-894,39.6848,13.0389
46.2,26223,330,144,-960,39.6933,13.0658
49.5,26908,330,109,-882,39.6905,13.0370
50.9,26786,326,109,-843,39.6848,13.0510
44.7,25912,330,125,-949,39.6855,13.0368
44.1,26335,326,126,-983,39.6831,12.9971
45.8,26114,328,126,-941,39.6810,13.0284
46.6,25957,327,141,-939,39.6912,13.0699
49.9,26185,331,116,-862,39.6832,13.0542
45.0,26190,326,138,-970,39.6726,12.9981
49.2,26379,329,135,-909,39.6968,13.0797
42.5,25907,324,145,-1041,39.6864,13.0566
49.5,25253,329,106,-826,39.6971,13.0643
48.0,26577,330,107,-884,39.6943,13.0521
48.9,25450,328,123,-855,39.6898,13.0906
42.4,25051,322,121,-959,39.6887,13.0292
45.8,25224,328,120,-917,39.6850,13.0161
46.8,25091,331,127,-900,39.6843,13.0538
47.6,25298,329,107,-846,39.6896,13.0225
41.8,25392,329,130,-1022,39.6840,13.0035
48.3,26736,322,112,-900,39.6829,13.0130
46.1,26750,324,138,-970,39.6911,13.0871
49.5,26034,330,135,-893,39.6773,13.0347
49.9,26107,327,108,-830,39.6977,13.0780
51.0,26238,328,123,-835,39.6738,13.0201
49.4,26237,332,111,-839,39.6930,13.0764
50.8,26062,329,122,-839,39.6841,13.0785
45.2,26232,331,115,-924,39.6954,13.0542
43.9,26093,324,110,-947,39.6872,13.0364
47.2,25176,331,119,-872,39.6846,13.0360
46.4,26813,327,115,-941,39.6915,13.0544
50.1,26088,330,120,-849,39.6716,13.0022
43.6,25667,324,115,-943,39.6998,13.0817
48.1,24975,329,108,-834,39.6859,13.0433
47.0,26542,326,110,-898,39.6979,13.0747
47.6,25292,323,115,-883,39.6919,13.0524
42.1,25210,324,127,-987,39.6896,13.0168
43.5,26651,322,136,-1038,39.6870,13.0678
42.3,25636,327,137,-1024,39.6851,13.0569
45.0,26047,327,125,-950,39.6997,13.0704
49.6,26258,328,92,-832,39.6922,13.0273
50.2,25746,324,127,-847,39.6741,13.0201
44.9,26700,329,103,-942,39.6843,12.9949
50.8,25553,330,146,-861,39.6778,13.0506
49.3,26411,324,114,-862,39.6859,13.0722
48.0,25038,332,126,-870,39.6874,13.0503
44.1,26368,322,145,-1018,39.6876,13.0281
44.7,26571,329,130,-996,39.6758,12.9988
50.5,25930,329,110,-818,39.6812,13.0159
47.5,26570,330,101,-882,39.7022,13.0739
45.1,26339,330,116,-939,39.6821,13.0008
44.4,26646,324,136,-1003,39.6907,13.0590
48.3,25753,332,116,-880,39.6864,13.0505
45.2,26907,328,139,-1006,39.6701,13.0001
43.4,25221,324,100,-925,39.6900,13.0251
48.9,26132,326,130,-880,39.6745,13.0163
49.6,26014,330,125,-880,39.6918,13.0914
43.3,25498,323,142,-987,39.7005,13.0790
45.8,26333,332,124,-955,39.6893,13.0442
42.4,25073,324,136,-993,39.6972,13.0835
46.0,26295,331,117,-919,39.6931,13.0462
41.1,25175,331,156,-1055,39.6874,13.0406
43.9,25622,327,113,-945,39.7069,13.0869
52.0,26379,326,121,-848,39.6736,12.9971
43.4,25018,324,120,-955,39.6815,12.9958
46.3,26812,322,133,-973,39.6802,13.0382
45.2,26735,323,113,-969,39.7012,13.0661
44.4,25149,326,135,-961,39.6922,13.0854
43.6,25639,326,125,-973,39.6886,13.0307
50.5,25490,325,107,-824,39.6840,13.0599
49.1,25832,326,145,-892,39.6767,13.0159
50.5,26778,325,141,-898,39.6722,13.0300
46.4,26049,328,116,-924,39.6980,13.0564
45.0,26746,330,114,-966,39.6871,13.0076
42.8,25326,323,116,-968,39.6798,13.0097
51.0,26560,332,111,-838,39.6741,13.0044
50.8,26196,331,109,-829,39.6884,13.0402
47.2,26858,328,143,-956,39.6768,12.9995
45.8,25777,328,120,-929,39.6870,13.0520
49.0,25825,330,114,-862,39.6882,13.0600
45.6,25761,323,124,-922,39.6888,13.0341
45.2,25926,328,134,-968,39.6820,13.0004
50.3,25628,326,131,-875,39.6739,13.0283
45.1,25924,327,134,-982,39.6992,13.0711
48.2,26006,331,130,-894,39.6740,13.0296
48.8,26319,323,102,-858,39.6800,13.0062
53.8,25665,322,94,-753,39.6869,13.0621
44.1,26496,327,124,-991,39.6931,13.0779
45.9,26902,325,99,-920,39.6806,13.0232
46.0,25979,324,126,-939,39.6871,13.0438
44.3,26199,330,144,-1001,39.6944,13.0822
43.5,26686,328,145,-1030,39.6909,13.0460
44.5,25402,330,117,-930,39.6804,13.0035
44.4,26375,323,98,-935,39.7008,13.0528
45.7,26283,326,105,-920,39.6817,13.0143
50.5,26495,329,136,-893,39.6790,13.0658
47.6,26572,325,125,-908,39.6816,13.0274
43.6,26383,332,126,-988,39.6835,13.0157
46.9,25984,326,133,-934,39.6971,13.0846
44.5,25405,329,111,-928,39.6929,13.0765
46.4,26102,329,126,-934,39.6870,13.0174
45.0,24937,331,136,-925,39.6813,13.0317
49.9,26187,326,113,-850,39.6955,13.0645
46.9,26749,322,125,-929,39.6958,13.0642
48.2,26260,330,114,-891,39.6904,13.0654
47.1,25412,329,120,-888,39.6917,13.0687
49.5,25030,330,135,-859,39.6877,13.0609
46.2,26797,326,134,-965,39.6828,13.0363
46.4,25130,324,141,-923,39.6795,13.0413
48.2,24982,326,106,-828,39.6834,13.0303
51.7,26732,331,121,-864,39.6799,13.0305
48.9,25650,325,101,-829,39.6945,13.0633
44.7,25051,323,116,-916,39.6942,13.0495
51.3,26265,328,110,-822,39.6813,13.0320
44.7,26397,322,103,-940,39.6877,13.0332
51.2,25867,331,128,-846,39.6800,13.0575
46.1,26207,324,133,-954,39.6781,13.0270
45.9,25480,331,118,-918,39.6925,13.0388
43.1,25955,330,130,-998,39.6960,13.0732
47.7,25368,327,129,-889,39.6725,13.0076
46.6,26855,325,112,-926,39.6947,13.0721
51.7,26806,327,131,-860,39.6862,13.0439
44.5,26164,324,137,-985,39.6795,13.0090
46.9,25390,324,132,-920,39.6905,13.0359
43.5,25637,330,144,-1001,39.6734,12.9981
42.9,25885,331,124,-980,39.6862,13.0285
50.2,26467,329,104,-841,39.6840,13.0142
51.0,26853,332,119,-853,39.6800,13.0509
48.5,26457,325,123,-895,39.6933,13.0658
50.6,26014,326,127,-873,39.6685,13.0021
45.8,25285,331,124,-912,39.6814,13.0104
48.6,25902,325,122,-889,39.6804,13.0099
47.1,25803,328,120,-878,39.6835,13.0346
45.9,25276,330,134,-920,39.6763,13.0054
49.5,26533,329,113,-876,39.6956,13.0669
41.9,25274,324,129,-1017,39.6870,12.9976
50.4,26171,322,136,-881,39.6841,13.0302
44.6,26340,331,133,-993,39.6825,13.0121
42.4,25246,323,128,-1004,39.6865,13.0514
43.8,25606,332,125,-975,39.6976,13.0791
47.5,26902,322,129,-943,39.6925,13.0803
45.1,26400,325,117,-955,39.7049,13.0801
45.2,26644,323,112,-945,39.6844,13.0189
44.5,25432,330,140,-976,39.6847,13.0180
45.3,26711,325,135,-989,39.6945,13.0685
52.0,26067,328,104,-815,39.6836,13.0419
47.8,25361,330,124,-884,39.6856,13.0613
51.2,26598,331,134,-885,39.6693,12.9988
48.1,26654,329,109,-886,39.6930,13.0523
50.7,26595,324,130,-883,39.6902,13.0829
44.6,25101,329,143,-952,39.6772,13.0021
43.2,26788,322,132,-1051,39.6873,13.0604
51.6,25667,322,111,-820,39.6949,13.0876
44.2,26867,330,116,-974,39.6912,13.0469
46.1,26923,329,104,-927,39.6839,13.0265
45.9,26910,325,114,-953,39.6811,12.9959
44.3,25207,329,134,-958,39.6942,13.0718
52.3,26424,328,127,-835,39.6708,13.0244
43.6,26117,325,129,-975,39.6855,13.0168
47.8,26864,331,130,-929,39.6943,13.0849
51.9,26636,329,135,-858,39.6791,13.0439
46.1,26808,327,110,-926,39.6919,13.0536
47.0,25605,322,109,-867,39.6833,13.0310
47.7,26466,324,119,-910,39.6811,13.0233
47.0,25603,329,124,-900,39.6821,13.0116
46.9,25628,331,132,-905,39.6954,13.0628
45.4,26244,325,113,-947,39.6902,13.0342
45.8,25013,323,126,-904,39.6927,13.0518
51.4,26214,323,133,-867,39.6891,13.0687
46.5,25656,326,127,-920,39.6960,13.0544
43.4,25374,325,112,-953,39.6935,13.0745
46.8,25155,325,126,-885,39.6945,13.0630
46.9,26212,322,137,-940,39.6815,13.0053
44.0,26875,326,143,-1035,39.6872,13.0396
47.7,25658,324,129,-903,39.6898,13.0745
49.8,25449,328,118,-839,39.6854,13.0509
46.4,26064,328,114,-908,39.6922,13.0377
45.3,25284,328,126,-914,39.6740,13.0123
43.7,25130,331,121,-945,39.6971,13.0596
50.5,25075,331,116,-799,39.6880,13.0747
49.8,26419,330,120,-859,39.6885,13.0822
48.0,25557,327,127,-885,39.6744,13.0006
44.0,26800,329,117,-972,39.6899,13.0742
47.7,25436,329,129,-885,39.6696,13.0069
49.8,25453,331,98,-806,39.6937,13.0457
45.6,26125,323,128,-955,39.6889,13.0301
49.6,26140,326,113,-865,39.6819,13.0413
49.0,25995,324,112,-841,39.6796,13.0269
48.2,26178,329,125,-894,39.6749,13.0204
46.5,25108,326,110,-879,39.6995,13.0671
52.0,25582,323,118,-813,39.6821,13.0396
42.5,25621,326,123,-1003,39.7032,13.0853
49.9,26877,331,132,-896,39.6820,13.0217
45.6,25868,330,133,-959,39.6780,13.0336
43.0,25450,325,133,-985,39.6858,13.0482
51.4,26651,332,120,-844,39.6920,13.0798
44.0,26543,324,140,-1026,39.6852,13.0227
43.4,24974,324,132,-963,39.6859,13.0206
52.2,25699,330,100,-781,39.6924,13.0614
43.3,25834,329,128,-990,39.6886,13.0672
47.8,26912,331,132,-927,39.6838,13.0445
45.8,25241,323,138,-935,39.6918,13.0562
47.5,25119,323,110,-861,39.6820,13.0260
46.4,25029,325,115,-883,39.6802,13.0055
52.4,26645,328,137,-851,39.6924,13.0847
47.5,25200,326,124,-895,39.6840,13.0254
48.2,26202,331,96,-859,39.6937,13.0861
43.7,25489,325,133,-969,39.6943,13.0655
50.0,25020,327,143,-862,39.6914,13.0869
49.8,25780,324,113,-842,39.6961,13.0828
50.9,26204,325,117,-842,39.6815,13.0529
49.9,25640,330,124,-835,39.6901,13.0484
45.6,25098,326,110,-876,39.6971,13.0525
47.3,25164,325,124,-867,39.6915,13.0903
50.3,25876,324,119,-827,39.6948,13.0667
48.5,26021,326,118,-891,39.6992,13.0741
42.1,25596,324,141,-1038,39.6857,13.0307
44.3,26885,324,119,-987,39.6944,13.0596
43.8,25608,328,123,-944,39.7025,13.0734
44.3,25046,325,134,-965,39.6895,13.0642
42.0,25187,323,153,-1028,39.6931,13.0407
47.9,25537,328,130,-890,39.6863,13.0436
47.1,26088,325,117,-915,39.6866,13.0174
46.9,26009,330,128,-910,39.6871,13.0553
53.3,26655,324,106,-792,39.6853,13.0259
49.1,25929,323,131,-888,39.6735,13.0229
44.1,26065,325,131,-979,39.6893,13.0611
44.9,25992,324,124,-942,39.6915,13.0561
45.4,26843,324,132,-990,39.6846,13.0534
44.9,25178,330,126,-926,39.6734,12.9976
52.6,26736,325,115,-833,39.6958,13.0832
49.5,25482,327,129,-854,39.6949,13.0760
44.5,24962,323,143,-955,39.6960,13.0889
50.5,26224,328,113,-847,39.6879,13.0635
45.8,26553,326,131,-981,39.6789,12.9982
47.5,25341,331,121,-883,39.6971,13.0780
51.1,25105,326,110,-786,39.6808,13.0476
46.5,25548,325,112,-892,39.6897,13.0772
52.5,26558,324,122,-841,39.6912,13.0858
43.5,26726,331,143,-1036,39.6814,13.0045
49.9,26922,324,134,-899,39.6798,13.0357
45.8,25548,329,117,-893,39.6957,13.0758
43.7,25880,331,133,-991,39.6998,13.0807
48.6,26661,323,127,-924,39.6846,13.0474
50.4,24965,328,108,-796,39.6848,13.0607
49.2,25562,329,105,-836,39.6963,13.0825
51.2,25498,326,127,-838,39.6925,13.0808
44.7,25606,328,130,-949,39.6800,13.0118
45.9,24934,325,113,-868,39.6839,12.9988
42.9,26431,330,131,-1018,39.6792,13.0170
44.6,25626,325,118,-919,39.7013,13.0725
47.5,25377,330,126,-903,39.6846,13.0694
44.7,25481,325,146,-971,39.6841,13.0195
50.2,25109,330,139,-844,39.6756,13.0549
55.1,26892,325,96,-762,39.6915,13.0757
51.8,25817,332,101,-799,39.6886,13.0837
45.7,26588,329,110,-938,39.6861,13.0429
53.7,26718,325,105,-797,39.6827,13.0686
42.5,25570,328,130,-1002,39.6965,13.0745
51.9,26836,330,128,-849,39.6749,13.0510
42.2,26200,327,147,-1048,39.6839,13.0386
49.8,25113,325,130,-858,39.6769,12.9970
45.8,26290,324,113,-915,39.6988,13.0767
52.3,26757,330,136,-864,39.6872,13.0905
49.4,25706,328,115,-843,39.7001,13.0825
45.4,26551,324,125,-975,39.6809,13.0112
44.6,26120,331,142,-979,39.6986,13.0840
48.2,25454,327,126,-887,39.6797,13.0473
49.3,25725,327,132,-876,39.6942,13.0818
44.9,25031,325,125,-921,39.6812,12.9965
52.0,26495,330,117,-842,39.6925,13.0845
44.1,26060,325,110,-949,39.6901,13.0252
46.8,26833,324,135,-972,39.6783,12.9968
47.3,26124,323,121,-897,39.6889,13.0434
44.6,25407,329,130,-958,39.6991,13.0648
49.5,26798,327,120,-891,39.6799,13.0077
47.3,26698,326,127,-924,39.6850,13.0292
51.1,26863,328,117,-847,39.6787,13.0195
45.0,26641,327,132,-991,39.6733,13.0024
48.2,25341,331,131,-884,39.6798,13.0565
43.3,25919,324,125,-974,39.6944,13.0700
46.3,25203,328,119,-871,39.6974,13.0649
45.0,25659,325,111,-929,39.6889,13.0436
44.8,25842,326,140,-986,39.6874,13.0369
50.1,25228,322,93,-797,39.6991,13.0691
44.7,25771,326,108,-935,39.6909,13.0128
46.2,26317,331,140,-954,39.6863,13.0425
45.9,25907,324,134,-946,39.6954,13.0723
41.9,25897,323,138,-1040,39.6841,13.0147
43.6,25565,330,112,-943,39.6880,12.9997
46.8,25561,326,113,-862,39.7025,13.0769
43.9,25436,329,121,-952,39.6772,13.0138
51.3,25019,324,103,-789,39.6744,13.0165
43.2,25471,331,147,-1004,39.6973,13.0857
50.4,25293,324,128,-854,39.6797,13.0262
46.3,26018,327,123,-928,39.6781,13.0247
45.7,26549,332,112,-939,39.6899,13.0721
41.4,24980,324,136,-1006,39.6949,13.0632
48.6,25390,327,133,-889,39.6822,13.0497
42.8,25991,330,140,-1039,39.6763,13.0110
46.8,25916,331,122,-912,39.6786,13.0371
47.2,26179,328,97,-872,39.6982,13.0880
47.1,25617,323,113,-862,39.6792,13.0348
48.9,25000,323,127,-866,39.6900,13.0442
44.8,26050,328,121,-940,39.6769,13.0108
49.3,25038,327,121,-840,39.6858,13.0400
49.3,26799,326,128,-902,39.6716,13.0146
50.0,26735,324,102,-852,39.6916,13.0798
44.1,25961,331,127,-971,39.6882,13.0681
47.6,26600,324,104,-892,39.6876,13.0096
49.3,25579,324,110,-848,39.6804,13.0214
43.0,25531,323,137,-996,39.6958,13.0484
44.0,26924,332,119,-986,39.6816,12.9996
48.2,25548,331,141,-903,39.6779,13.0214
51.1,26430,329,146,-881,39.6645,13.0092
48.6,26670,328,128,-906,39.6837,13.0466
43.8,26267,332,123,-970,39.6902,13.0499
48.3,26878,323,128,-909,39.6902,13.0419
44.0,26600,325,121,-980,39.6746,13.0023
47.3,25660,330,131,-899,39.6921,13.0848
47.2,26727,330,110,-906,39.6747,13.0022
44.5,26238,326,135,-984,39.6781,13.0037
45.8,25682,326,124,-937,39.6810,12.9969
48.1,25735,329,123,-876,39.6898,13.0651
50.1,26408,331,128,-865,39.6869,13.0736
50.7,26530,324,105,-847,39.6950,13.0636
43.7,25529,331,123,-966,39.6783,13.0136
48.5,25879,330,101,-845,39.6866,13.0443
53.2,26727,326,101,-806,39.6973,13.0941
48.0,25913,323,119,-887,39.6878,13.0542
45.1,25360,324,133,-954,39.6796,13.0341
47.9,26706,322,118,-903,39.6953,13.0534
51.7,25232,325,113,-802,39.6878,13.0532
44.9,26813,327,127,-977,39.6896,13.0573
43.3,26056,329,131,-996,39.6918,13.0474
44.4,25647,327,129,-969,39.6996,13.0862
45.2,26876,331,123,-973,39.6950,13.0733
43.3,25694,324,118,-955,39.6831,13.0034
48.5,25224,330,125,-858,39.6896,13.0729
50.8,26439,328,117,-860,39.6865,13.0301
49.8,26787,325,122,-896,39.6938,13.0782
44.9,26737,331,103,-938,39.6860,13.0042
44.8,26514,327,109,-951,39.6847,13.0182
47.5,25757,329,107,-875,39.6879,13.0602
46.4,25467,324,132,-926,39.6991,13.0722
50.7,26826,323,125,-863,39.6769,13.0045
43.6,26233,324,141,-1017,39.6938,13.0819
46.0,26086,325,120,-940,39.6952,13.0492
47.3,26472,330,123,-913,39.6913,13.0919
48.3,25853,330,133,-898,39.6701,12.9997
48.4,26335,330,108,-871,39.6807,13.0115
50.7,25541,330,113,-825,39.6758,13.0322
52.3,26507,332,115,-825,39.6958,13.0890
46.6,26081,331,111,-884,39.6991,13.0788
44.4,25535,322,111,-906,39.6911,13.0318
51.0,25714,326,115,-807,39.6929,13.0929
44.4,25165,322,128,-961,39.6958,13.0882
44.0,26405,325,137,-1001,39.6918,13.0491
50.9,26097,324,111,-834,39.6787,13.0148
50.9,25270,331,131,-831,39.6849,13.0612
42.9,25439,323,128,-1000,39.6889,13.0331
48.5,25623,328,129,-895,39.6813,13.0553
46.6,25153,328,112,-873,39.6877,13.0327
51.9,25920,327,116,-822,39.6795,13.0313
47.3,25245,323,137,-914,39.6729,13.0155
49.9,26385,325,133,-883,39.6776,13.0262
50.8,26338,326,115,-850,39.6934,13.0641
46.5,25175,324,128,-902,39.6830,12.9986
42.9,25202,332,127,-989,39.6955,13.0490
44.1,26664,330,118,-971,39.6762,13.0075
51.7,25445,324,93,-781,39.6866,13.0470
47.6,25905,325,138,-931,39.6750,13.0033
45.4,26363,322,118,-923,39.6995,13.0812
44.9,26394,324,119,-951,39.6821,13.0016
51.5,25513,324,122,-824,39.6900,13.0648
46.2,25096,325,138,-919,39.6760,13.0044
44.8,26207,325,139,-995,39.6813,13.0206
46.1,25473,329,119,-913,39.6877,13.0476
43.3,25036,326,142,-988,39.6852,13.0442
44.6,26459,328,97,-930,39.6952,13.0256
51.7,26435,329,103,-815,39.6699,12.9995
48.5,25473,330,123,-866,39.6830,13.0420
49.7,26585,322,121,-874,39.6812,13.0308
44.9,25165,331,102,-894,39.6879,13.0000
43.9,25722,323,119,-962,39.6979,13.0649
53.2,26822,326,115,-821,39.6929,13.0824
42.8,25349,329,137,-1011,39.6822,13.0291
42.4,26370,331,145,-1056,39.6856,13.0658
45.0,26643,324,128,-983,39.6798,13.0063
51.6,26637,329,135,-877,39.6791,13.0173
45.5,26883,328,111,-940,39.6961,13.0515
50.2,25989,326,120,-851,39.6821,13.0390
47.2,25785,325,139,-927,39.6971,13.0852
47.6,26541,328,113,-900,39.6914,13.0463
50.3,25189,328,129,-825,39.6833,13.0775
41.4,25106,331,142,-1034,39.6911,13.0446
43.4,26104,331,137,-996,39.6881,13.0660
52.1,26067,325,116,-827,39.6750,13.0020
50.2,25405,323,116,-836,39.6736,13.0163
48.6,26074,323,129,-908,39.6854,13.0407
49.2,26196,323,125,-898,39.6956,13.0686
44.5,25698,331,122,-934,39.6852,13.0530
44.3,25929,325,130,-973,39.6899,13.0771
51.9,26317,322,112,-809,39.6867,13.0445
47.3,26325,323,133,-943,39.6774,13.0040
46.8,25068,323,117,-893,39.6775,13.0034
49.1,26460,326,125,-901,39.6894,13.0821
48.0,26423,331,126,-906,39.6891,13.0444
50.8,26330,330,116,-847,39.6744,13.0188
48.6,25125,328,119,-846,39.6973,13.0780
51.8,25932,329,103,-798,39.6913,13.0700
46.7,26506,332,121,-934,39.7028,13.0832
51.6,26748,322,115,-846,39.6905,13.0452
49.7,25213,326,101,-814,39.6901,13.0393
47.0,25317,324,113,-865,39.6955,13.0613
49.7,25735,325,104,-838,39.6760,13.0168
45.5,26747,328,131,-982,39.7024,13.0880
42.2,24995,328,133,-981,39.6847,12.9982
52.7,26535,329,113,-823,39.6782,13.0209
47.6,25799,324,105,-847,39.6845,13.0236
53.0,26787,323,114,-816,39.6819,13.0543
44.1,25667,322,101,-925,39.7065,13.0774
47.8,26182,328,119,-883,39.6942,13.0843
44.7,25421,327,127,-936,39.6903,13.0298
42.5,26509,327,143,-1047,39.6834,12.9977
53.2,26856,330,103,-805,39.6811,13.0370
49.0,26002,323,118,-878,39.6743,13.0108
44.9,24962,327,103,-884,39.7002,13.0693
44.0,26821,323,130,-1014,39.6848,12.9989
46.6,26369,328,126,-927,39.6823,13.0419
50.3,26626,324,121,-866,39.6843,13.0636
48.4,26137,323,112,-877,39.7029,13.0818
47.2,26764,323,104,-896,39.6920,13.0589
44.0,24972,331,110,-917,39.6984,13.0627
44.4,25479,322,115,-936,39.6997,13.0682
42.6,25959,329,126,-1001,39.6871,13.0212
45.4,25429,324,107,-894,39.6930,13.0654
44.4,25680,324,122,-941,39.6879,13.0104
50.5,24940,327,107,-787,39.6766,13.0135
44.2,24962,330,119,-928,39.6798,13.0142
50.2,25756,323,119,-828,39.6812,13.0614
45.4,25860,330,111,-916,39.6818,13.0250
52.4,26834,327,112,-826,39.6877,13.0383
43.1,26075,332,134,-992,39.6920,13.0472
42.3,25014,328,135,-993,39.6950,13.0486
41.7,25090,330,144,-1020,39.6900,13.0755
44.6,25313,325,115,-926,39.6913,13.0321
45.5,26298,328,125,-943,39.6847,13.0080
50.4,26766,328,112,-870,39.6806,13.0233
44.6,26324,331,113,-939,39.6875,13.0551
51.6,26922,332,108,-835,39.6895,13.0776
47.2,25298,325,140,-903,39.6958,13.0890
48.3,26129,331,122,-870,39.6862,13.0804
43.8,26678,331,145,-1025,39.6858,13.0254
42.5,26198,329,146,-1051,39.6798,13.0320
50.9,26718,326,115,-861,39.6759,13.0251
45.2,25518,332,137,-953,39.6866,13.0497
49.5,25577,328,108,-831,39.6824,13.0164
49.0,24941,327,126,-844,39.6882,13.0742
42.5,25632,322,121,-988,39.6861,13.0271
47.8,25800,332,141,-904,39.6787,12.9986
48.1,26814,327,123,-899,39.6778,13.0055
44.7,25339,323,144,-966,39.6936,13.0575
43.4,26558,327,133,-1033,39.6970,13.0734
43.0,25096,330,128,-965,39.6905,13.0332
42.2,26127,324,136,-1054,39.6807,13.0028
45.4,25255,323,109,-895,39.6950,13.0811
51.6,25758,325,124,-840,39.6817,13.0312
52.5,26892,332,118,-840,39.6779,13.0469
42.4,25497,332,128,-1009,39.6984,13.0548
44.4,26011,323,112,-931,39.6808,13.0093
47.4,25525,324,126,-913,39.6814,13.0004
44.9,25000,324,128,-937,39.6958,13.0704
50.6,25163,323,116,-808,39.6782,13.0003
52.1,24970,323,102,-774,39.6732,13.0003
44.3,26851,327,130,-999,39.6770,13.0187
46.4,25912,327,125,-937,39.6814,13.0005
42.8,25985,326,144,-1031,39.6733,13.0000
49.4,25522,329,112,-855,39.6957,13.0603
43.9,26677,331,109,-972,39.6898,13.0173
51.3,25355,325,129,-831,39.6831,13.0722
46.2,26123,331,116,-912,39.6907,13.0370
49.7,26008,330,115,-844,39.6950,13.0919
48.4,25121,323,122,-854,39.6747,13.0188
43.4,26853,325,124,-1014,39.6846,13.0341
50.4,26595,323,131,-876,39.6899,13.0849
42.9,25153,323,137,-995,39.6926,13.0697
43.8,26817,323,130,-1031,39.6930,13.0876
49.3,24964,329,123,-846,39.6770,13.0423
50.3,26526,323,99,-836,39.6814,13.0428
43.0,25804,326,142,-1009,39.6908,13.0604
49.1,25262,330,121,-859,39.6841,13.0652
47.7,25814,324,117,-881,39.6790,13.0399
43.4,25146,323,109,-930,39.7006,13.0876
45.8,25505,329,110,-902,39.6785,13.0144
46.8,26678,328,116,-909,39.6772,13.0302
47.7,25264,328,121,-884,39.6894,13.0691
49.5,25917,325,105,-847,39.6936,13.0523
47.2,26735,327,147,-962,39.6783,13.0049
45.8,26611,331,122,-941,39.6823,13.0176
45.1,26453,330,118,-942,39.6881,13.0398
47.5,26831,326,128,-936,39.6893,13.0571
45.8,25529,324,100,-889,39.6855,13.0373
50.0,26227,332,116,-847,39.6773,13.0417
49.1,26553,322,114,-866,39.6820,13.0288
44.6,26422,330,109,-928,39.6897,13.0695
47.6,26299,323,142,-936,39.6873,13.0764
47.9,25830,325,135,-906,39.6814,13.0571
44.5,26025,324,135,-974,39.6913,13.0677
45.4,26251,324,135,-979,39.7033,13.0870
45.6,25154,327,132,-921,39.6877,13.0761
47.2,26680,328,115,-913,39.6890,13.0289
42.8,26217,332,135,-1026,39.7008,13.0726
47.5,26037,325,128,-908,39.6842,13.0693
47.4,24934,326,133,-883,39.6922,13.0563
48.2,26633,329,130,-912,39.6859,13.0457
49.9,26071,330,117,-843,39.6759,13.0368
47.4,26101,322,134,-928,39.6786,13.0427
51.1,25893,331,119,-837,39.6844,13.0324
50.0,24984,322,126,-844,39.6788,13.0489
45.7,25399,324,118,-898,39.6936,13.0883
49.7,26092,328,130,-895,39.6819,13.0230
44.1,25440,329,133,-964,39.7006,13.0861
46.1,26909,328,128,-953,39.6890,13.0551
52.0,26875,329,132,-869,39.6857,13.0636
51.1,25542,328,136,-845,39.6632,12.9992
45.1,25501,326,125,-929,39.6969,13.0835
50.9,26564,326,112,-859,39.6712,13.0104
49.4,26227,324,114,-868,39.6822,13.0092
52.1,26656,332,136,-854,39.6908,13.0719
49.0,25279,331,116,-843,39.6923,13.0549
45.7,25594,323,102,-902,39.7046,13.0807
48.1,26905,329,120,-908,39.6833,13.0480
47.5,26327,328,106,-881,39.6798,13.0324
48.6,25360,323,116,-850,39.6809,13.0085
47.0,26694,329,118,-923,39.6778,13.0149
46.3,26758,328,112,-932,39.6922,13.0786
45.3,25313,325,111,-886,39.6989,13.0872
43.9,26117,322,132,-1007,39.6958,13.0542
47.5,24938,329,114,-848,39.6989,13.0862
53.3,26087,328,104,-777,39.6820,13.0291
46.8,26109,330,122,-926,39.6909,13.0532
49.9,24973,325,117,-814,39.6779,13.0306
44.5,25234,326,115,-923,39.6837,13.0447
51.5,24945,331,107,-792,39.6908,13.0560
44.5,25980,323,118,-951,39.6852,13.0430
50.1,26101,329,126,-874,39.6934,13.0746
50.7,25054,325,134,-827,39.6834,13.0422
51.0,26574,328,126,-863,39.6804,13.0127
46.2,25002,329,146,-920,39.6823,13.0151
50.2,25417,324,124,-833,39.6805,13.0048
50.8,25505,328,128,-851,39.6892,13.0817
49.5,26660,328,106,-871,39.6821,13.0527
43.4,25746,329,125,-967,39.7012,13.0769
43.6,25099,322,131,-969,39.6931,13.0433
44.2,26719,324,145,-1034,39.6865,13.0387
43.6,26243,331,139,-998,39.6896,13.0639
49.1,26496,325,132,-898,39.6847,13.0785
47.2,25787,327,119,-895,39.6934,13.0936
51.4,26718,327,113,-844,39.6782,13.0435
45.0,26826,329,148,-1015,39.6811,13.0562
43.0,25342,324,138,-992,39.6833,13.0455
44.6,26292,330,142,-1001,39.6928,13.0678
50.4,26315,325,116,-838,39.6717,13.0011
45.0,25726,325,142,-977,39.6771,12.9943
50.4,25547,332,106,-813,39.6848,13.0188
52.5,26060,325,113,-806,39.6796,13.0561
43.7,26872,327,135,-1027,39.6867,13.0509
45.0,26906,324,116,-982,39.6773,12.9995
42.8,25733,322,123,-997,39.6893,13.0382
44.0,26725,324,127,-1003,39.6923,13.0840
43.5,25756,325,120,-982,39.6919,13.0721
47.4,25264,323,124,-887,39.6991,13.0862
47.0,26082,330,123,-912,39.6992,13.0805
48.9,24953,324,133,-873,39.6719,13.0027
46.6,25875,327,118,-899,39.6897,13.0674
48.2,25198,326,117,-836,39.6867,13.0758
45.5,26481,322,122,-953,39.6919,13.0333
46.2,26374,324,114,-917,39.6967,13.0519
50.5,26219,330,143,-885,39.6967,13.0915
44.7,26900,325,143,-1023,39.6863,13.0443
49.9,26414,326,107,-850,39.6979,13.0719
45.3,26839,323,110,-943,39.6852,13.0512
48.2,26804,327,108,-888,39.6952,13.0683
50.0,25375,327,119,-826,39.6756,12.9997
50.5,25553,323,118,-842,39.6954,13.0664
43.4,26768,331,137,-1020,39.6920,13.0691
47.3,25643,326,146,-932,39.6945,13.0888
48.8,25408,329,125,-863,39.6734,13.0144
46.1,25991,329,133,-943,39.6856,13.0429
48.8,25090,332,118,-839,39.6728,13.0067
45.0,26159,327,131,-973,39.6823,13.0101
50.1,25581,328,137,-865,39.6977,13.0909
48.5,25931,327,111,-871,39.6873,13.0204
46.6,26061,324,113,-917,39.6771,13.0117
43.0,25566,326,148,-1008,39.6905,13.0360
42.9,25854,331,144,-1015,39.6754,13.0183
42.0,26139,323,147,-1053,39.7002,13.0783
45.2,25563,332,115,-915,39.6856,13.0471
49.9,26843,324,135,-899,39.6766,13.0355
50.9,25914,323,125,-862,39.6904,13.0583
43.6,25648,326,132,-980,39.6819,13.0134
49.5,26455,323,135,-908,39.6784,13.0388
42.3,25980,327,137,-1034,39.6867,13.0163
45.8,26202,322,129,-963,39.6985,13.0796
50.2,26167,329,128,-867,39.6874,13.0388
47.1,25337,332,104,-861,39.6795,13.0063
43.8,25297,324,134,-981,39.6957,13.0470
46.8,26690,331,110,-906,39.6756,13.0198
44.1,25873,329,108,-932,39.6907,13.0205
44.6,26283,331,125,-969,39.6792,13.0237
48.5,24933,325,139,-892,39.6919,13.0614
49.6,26039,327,128,-870,39.6948,13.0717
43.7,25171,328,123,-955,39.6997,13.0820
43.9,26461,327,119,-978,39.6967,13.0762
44.2,25393,332,142,-977,39.6914,13.0392
51.3,25417,331,113,-820,39.6837,13.0638
52.3,26802,330,115,-834,39.6800,13.0168
46.3,25695,331,131,-925,39.6763,13.0066
46.5,25640,324,106,-890,39.6935,13.0274
42.5,25061,327,129,-990,39.6964,13.0676
47.6,25947,323,116,-894,39.6813,13.0112
49.7,26554,323,120,-877,39.6750,13.0113
43.9,25447,330,126,-939,39.6958,13.0494
52.5,25624,330,115,-796,39.6948,13.0813
44.2,26840,322,113,-974,39.6884,13.0405
51.3,26194,332,127,-849,39.6878,13.0596
50.3,26403,327,127,-871,39.6844,13.0697
47.2,25082,322,122,-868,39.6917,13.0762
45.6,25728,327,116,-928,39.6783,13.0153
44.6,25736,328,121,-935,39.6797,13.0116
44.9,25117,327,119,-904,39.6889,13.0384
41.4,25161,329,137,-1026,39.6927,13.0716
52.4,26811,331,122,-827,39.6779,13.0063
45.6,26410,325,130,-968,39.6877,13.0276
43.4,26683,324,130,-1014,39.6871,13.0229
51.9,26802,322,119,-848,39.6891,13.0564
52.9,26340,332,116,-809,39.6852,13.0413
49.2,25952,332,117,-862,39.6810,13.0079
45.5,25330,322,124,-914,39.6832,13.0116
45.8,25715,328,122,-912,39.6870,13.0184
43.6,25946,331,132,-1003,39.6840,13.0048
48.3,26529,329,114,-891,39.6934,13.0462
50.8,24938,328,133,-830,39.6904,13.0590
51.1,26880,330,140,-885,39.6767,13.0279
49.5,26007,327,113,-855,39.6835,13.0237
50.2,25150,324,124,-830,39.6838,13.0572
51.8,26451,330,119,-821,39.6732,13.0187
43.3,25266,331,110,-936,39.6881,13.0178
50.0,25724,323,140,-880,39.6699,13.0094
45.9,25492,323,118,-915,39.6774,13.0065
53.8,26513,323,100,-788,39.6743,13.0145
50.8,26378,323,144,-884,39.6868,13.0896
45.1,25283,324,126,-922,39.6950,13.0518
43.2,26108,322,126,-998,39.6958,13.0799
50.2,25460,331,122,-836,39.6870,13.0457
49.2,26795,324,113,-889,39.6834,13.0391
43.3,26116,330,134,-994,39.6864,13.0213
45.7,26477,326,116,-949,39.6852,13.0452
46.1,26622,324,121,-937,39.6852,13.0086
45.2,26695,332,129,-961,39.6929,13.0752
45.9,26744,327,122,-963,39.6813,13.0386
42.9,25457,327,143,-1009,39.6923,13.0667
47.0,25925,326,125,-906,39.6864,13.0706
45.3,26022,331,143,-964,39.6931,13.0615
44.1,26239,323,117,-969,39.6893,13.0231
50.6,25329,329,102,-809,39.6851,13.0138
52.4,25524,327,115,-796,39.6812,13.0266
51.8,25653,324,109,-794,39.6803,13.0511
47.4,26349,332,134,-935,39.6850,13.0810
45.7,26736,325,129,-966,39.6832,13.0490
46.0,25811,331,126,-940,39.6766,13.0128
43.9,25218,324,110,-930,39.6869,13.0454
45.2,26761,325,113,-959,39.6825,13.0299
45.1,25137,322,133,-938,39.6820,13.0258
47.7,26600,330,110,-879,39.6931,13.0924
45.0,26216,330,142,-1000,39.6957,13.0642
50.8,25324,325,120,-822,39.6909,13.0759
48.3,25960,323,120,-872,39.6883,13.0860
47.9,24950,329,113,-830,39.6837,13.0212
49.1,25955,329,117,-871,39.6852,13.0755
48.1,25700,329,115,-852,39.6879,13.0494
44.7,25873,331,125,-948,39.6853,13.0297
47.4,26487,331,126,-923,39.6972,13.0735
50.2,25566,327,120,-828,39.6749,13.0269
52.0,25535,323,112,-800,39.6924,13.0812
49.2,26458,325,104,-863,39.6903,13.0363
44.9,26872,323,121,-974,39.6842,13.0445
47.2,25954,330,137,-938,39.6743,13.0161
44.3,26890,326,113,-960,39.6966,13.0499
45.2,25854,330,101,-911,39.6992,13.0720
50.3,26600,325,117,-866,39.6914,13.0941
46.6,25599,327,132,-929,39.6705,12.9998
49.8,26898,328,107,-854,39.6888,13.0509
44.4,25218,322,115,-918,39.7049,13.0865
51.3,25745,323,128,-837,39.6756,13.0278
51.8,25904,323,111,-816,39.6951,13.0856
46.3,25981,324,105,-904,39.6853,13.0323
45.7,25122,323,105,-884,39.6877,13.0134
49.9,24950,329,125,-836,39.6879,13.0746
44.5,25620,324,120,-956,39.7027,13.0830
45.3,25780,324,116,-912,39.6858,13.0392
44.2,25887,328,117,-959,39.6871,13.0171
49.0,25974,330,133,-883,39.6790,13.0432
51.0,25050,325,126,-822,39.6800,13.0379
43.7,25517,326,129,-978,39.6840,13.0512
43.7,26222,324,111,-957,39.6966,13.0762
48.8,26568,322,143,-916,39.6753,13.0151
45.4,25823,327,111,-916,39.6785,13.0144
52.4,26843,329,99,-820,39.6824,13.0483
51.3,26411,328,109,-832,39.6927,13.0912
44.9,26739,331,120,-979,39.6953,13.0575
44.3,26872,330,133,-999,39.6877,13.0421
47.3,26487,323,121,-921,39.6961,13.0626
44.7,26086,331,125,-956,39.6916,13.0369
48.8,26132,323,122,-878,39.6925,13.0773
46.1,26117,329,127,-931,39.6833,13.0384
48.9,26380,324,117,-875,39.6751,13.0293
50.8,25233,332,112,-806,39.6910,13.0670
50.8,26849,325,119,-859,39.6687,13.0022
46.5,25938,330,125,-910,39.6796,13.0025
44.2,25936,322,127,-971,39.6830,13.0456
44.3,26344,328,129,-1004,39.6852,13.0159
47.0,25871,325,117,-909,39.6865,13.0085
47.3,25140,330,121,-881,39.6971,13.0713
46.3,26071,331,129,-932,39.6801,13.0092
51.2,25752,323,135,-859,39.6788,13.0595
48.3,26829,323,94,-872,39.6787,13.0027
42.9,26056,324,138,-1023,39.6961,13.0791
50.6,26211,327,118,-841,39.6791,13.0130
47.1,26648,324,113,-904,39.6941,13.0741
43.5,25998,330,118,-982,39.6889,13.0412
44.4,25802,328,129,-958,39.6740,13.0053
43.6,25950,330,115,-950,39.6946,13.0860
46.4,26763,326,119,-933,39.6887,13.0231
48.9,25372,324,121,-846,39.6795,13.0043
48.7,25082,322,105,-836,39.6827,13.0470
46.4,25504,327,129,-926,39.6958,13.0837
43.4,24973,324,117,-929,39.6974,13.0648
50.3,26165,328,121,-859,39.6860,13.0647
47.6,26605,328,114,-903,39.6834,12.9989
47.9,26535,327,111,-901,39.6796,13.0206
47.5,26002,330,115,-879,39.6899,13.0750
47.1,25936,326,125,-923,39.6931,13.0462
47.8,25672,322,114,-869,39.6833,12.9966
48.4,26273,329,131,-916,39.6983,13.0867
50.6,25495,328,105,-814,39.7017,13.0880
53.8,26218,325,88,-768,39.6917,13.0505
45.1,25310,325,103,-901,39.6867,13.0457
48.4,25940,327,125,-877,39.6904,13.0902
49.1,25790,329,138,-895,39.6803,13.0272
43.1,25426,331,143,-994,39.6858,13.0269
45.1,25350,323,98,-894,39.7005,13.0687
44.5,26848,325,125,-982,39.6793,13.0241
46.6,26160,328,119,-905,39.6928,13.0433
44.5,25087,324,117,-933,39.6918,13.0176
49.1,25977,322,117,-861,39.6884,13.0760
47.7,25478,330,115,-876,39.6850,13.0138
48.3,25754,331,134,-889,39.6778,13.0178
44.0,25955,331,122,-968,39.6892,13.0334
45.6,25699,326,118,-902,39.6940,13.0414
51.3,26775,328,137,-874,39.6730,13.0071
43.2,25385,329,140,-998,39.6819,13.0437
50.2,25841,327,137,-878,39.6843,13.0714
49.5,24987,330,112,-826,39.6915,13.0882
41.7,24933,326,146,-1026,39.6795,13.0283
44.4,26011,328,136,-987,39.6914,13.0885
44.4,25382,327,114,-922,39.6910,13.0255
43.0,26389,324,145,-1047,39.6729,12.9966
45.3,25764,328,121,-930,39.6829,13.0484
49.2,26512,328,120,-889,39.6869,13.0660
49.4,25442,328,132,-865,39.6856,13.0491
44.0,26643,329,126,-1002,39.6826,13.0273
49.5,25005,329,118,-846,39.6830,13.0315
50.7,26126,325,114,-836,39.6863,13.0306
45.7,25969,322,128,-943,39.6913,13.0564
47.4,26009,325,131,-918,39.6868,13.0463
50.0,26875,332,147,-913,39.6880,13.0772
43.9,25797,328,115,-936,39.6912,13.0260
48.1,25213,323,108,-847,39.6962,13.0629
50.1,25153,326,106,-803,39.6907,13.0764
49.5,26313,329,134,-888,39.6880,13.0711
46.3,26298,323,112,-904,39.7014,13.0817
50.1,25779,326,138,-868,39.6943,13.0849
45.3,25891,322,103,-896,39.6906,13.0143
44.6,25725,330,146,-976,39.6754,13.0055
43.5,25528,325,139,-1006,39.6930,13.0839
48.6,25562,322,112,-847,39.6749,12.9997
54.0,26214,324,92,-769,39.6800,13.0085
49.9,25471,329,105,-805,39.6819,13.0167
53.2,26289,331,111,-804,39.6843,13.0384
43.3,25813,325,132,-1013,39.6767,13.0081
48.7,25120,325,126,-867,39.6887,13.0351
46.4,26336,327,127,-941,39.6942,13.0612
52.3,25568,331,121,-799,39.6739,13.0327
44.2,26819,330,138,-1024,39.6964,13.0569
47.0,26636,330,144,-950,39.6817,13.0466
48.4,26753,327,101,-884,39.6891,13.0529
49.5,26350,325,111,-865,39.6760,13.0311
53.7,26843,325,115,-805,39.6865,13.0756
46.0,25790,326,122,-927,39.6839,13.0034
49.8,24998,330,119,-816,39.6835,13.0371
42.2,25620,329,124,-1011,39.6844,13.0347
52.9,26336,332,105,-793,39.6796,13.0032
48.7,26180,331,132,-900,39.6828,13.0533
46.7,25904,323,107,-880,39.6992,13.0714
45.3,26131,324,134,-986,39.6921,13.0851
47.6,26159,330,145,-937,39.6925,13.0662
48.5,26304,327,121,-893,39.6842,13.0307
52.0,25961,331,120,-816,39.6903,13.0858
44.7,26102,322,120,-958,39.6932,13.0305
49.1,26614,325,118,-877,39.6868,13.0361
50.8,25375,326,122,-829,39.6887,13.0502
48.8,25837,329,97,-835,39.6870,13.0373
47.5,26273,325,121,-897,39.6820,13.0328
47.2,25026,322,98,-850,39.6971,13.0808
46.4,25619,329,142,-941,39.6892,13.0390
49.5,25638,327,121,-867,39.6837,13.0253
43.9,26234,330,131,-976,39.6912,13.0381
48.7,26005,326,112,-865,39.6740,13.0124
45.4,25804,329,132,-962,39.6909,13.0470
44.1,26147,324,126,-991,39.6891,13.0344
46.2,26782,331,111,-929,39.6935,13.0938
44.3,25890,324,112,-935,39.6942,13.0344
44.1,25999,331,118,-947,39.6864,13.0455
43.0,25157,326,124,-970,39.6996,13.0615
43.3,26518,330,123,-1009,39.6984,13.0526
46.0,25075,325,114,-886,39.6833,13.0001
46.4,26366,328,132,-956,39.6873,13.0665
46.1,25235,332,116,-872,39.6882,13.0442
52.0,25284,329,123,-789,39.6801,13.0317
48.7,25837,327,108,-840,39.6819,13.0195
41.7,25083,329,136,-1010,39.6982,13.0489
48.7,26039,330,138,-915,39.6790,13.0345
42.8,25126,327,122,-979,39.6972,13.0668
50.2,25030,326,129,-849,39.6844,13.0627
45.5,26290,323,129,-954,39.6812,13.0489
51.6,25265,327,115,-807,39.6776,13.0197
43.9,25341,329,153,-990,39.6954,13.0878
42.7,25189,329,128,-963,39.6967,13.0700
47.8,26895,331,120,-920,39.6710,13.0031
51.3,25280,330,121,-805,39.6791,13.0640
46.3,26883,325,119,-954,39.6863,13.0610
45.1,26139,323,107,-938,39.6918,13.0484
47.7,26455,332,143,-929,39.6873,13.0643
46.5,25046,329,134,-914,39.6866,13.0698
48.8,25637,329,114,-870,39.6992,13.0837
44.2,25127,326,129,-948,39.6836,12.9961
45.7,26642,330,127,-974,39.6881,13.0673
42.5,25605,324,129,-1014,39.6990,13.0786
45.3,26106,330,114,-928,39.6880,13.0231
46.4,26182,325,136,-967,39.6846,13.0162
50.4,25490,329,139,-859,39.6836,13.0754
52.5,26329,324,113,-821,39.6738,13.0222
47.6,25249,322,125,-882,39.6880,13.0531
43.9,25487,328,144,-990,39.6789,13.0026
51.7,25787,325,102,-798,39.6753,13.0155
42.6,25032,324,124,-986,39.6989,13.0593
48.3,26572,326,114,-891,39.6870,13.0333
46.5,26017,324,106,-906,39.6877,13.0441
45.7,25656,330,109,-892,39.6832,13.0221
47.2,25117,328,119,-879,39.7025,13.0854
42.9,25839,329,140,-1029,39.7021,13.0795
45.5,25328,326,132,-938,39.6840,13.0330
45.1,25313,329,141,-950,39.6877,13.0519
46.3,26044,329,137,-942,39.6699,13.0028
45.0,25306,325,115,-922,39.6989,13.0868
44.7,25675,325,99,-909,39.6893,13.0467
47.4,26024,326,144,-937,39.6907,13.0686
49.5,26827,323,121,-873,39.6812,13.0254
47.2,26811,325,109,-921,39.6851,13.0183
47.3,25423,322,122,-900,39.6854,13.0587
47.5,25281,326,107,-847,39.6781,13.0010
43.8,26541,327,135,-1028,39.6850,13.0130
45.8,26644,330,130,-958,39.6818,13.0415
48.1,26702,328,120,-897,39.6825,13.0264
46.4,25477,331,120,-900,39.6881,13.0697
45.8,24942,331,123,-907,39.6995,13.0858
45.2,25239,328,142,-939,39.6835,13.0098
48.0,25880,329,117,-875,39.6787,13.0059
46.4,26643,325,118,-934,39.6916,13.0794
43.7,25698,329,124,-959,39.6803,13.0003
46.0,26735,326,110,-928,39.6764,13.0021
45.2,26744,327,123,-968,39.6850,13.0323
44.3,26722,326,122,-986,39.6955,13.0565
43.1,26202,323,126,-997,39.6927,13.0341
47.7,26419,330,117,-891,39.6865,13.0693
46.2,26031,323,107,-912,39.6867,13.0503
43.1,25578,325,124,-984,39.6863,13.0065
46.1,25605,326,117,-906,39.6997,13.0924
46.7,26002,325,127,-925,39.6851,13.0357
44.7,25676,328,139,-963,39.6892,13.0747
49.4,26456,323,123,-895,39.6825,13.0577
44.4,26334,327,135,-989,39.6835,13.0434
44.4,25401,331,142,-962,39.6911,13.0858
45.6,25837,324,126,-928,39.6920,13.0843
41.8,24961,329,135,-997,39.6860,13.0174
42.9,25519,330,141,-1021,39.6882,13.0437
43.2,26030,328,110,-976,39.6879,13.0335
52.9,26886,331,116,-841,39.6886,13.0533
46.1,25874,327,132,-929,39.6751,13.0256
47.0,25655,326,138,-923,39.6761,13.0013
51.2,25626,325,127,-836,39.6849,13.0842
42.8,25285,324,129,-989,39.6821,12.9980
47.8,25386,329,145,-901,39.6897,13.0816
49.2,25223,331,110,-836,39.7003,13.0769
44.6,25906,329,124,-953,39.6739,13.0076
51.8,25797,327,119,-810,39.6838,13.0548
46.6,26594,328,95,-898,39.6943,13.0612
43.0,25819,327,121,-965,39.6915,13.0782
44.3,26827,323,134,-1018,39.6827,12.9970
41.8,25477,331,150,-1039,39.6928,13.0444
52.0,25750,323,115,-815,39.6967,13.0878
43.9,24979,327,136,-955,39.6878,13.0654
43.3,26795,329,142,-1044,39.6817,13.0053
46.4,26596,329,143,-967,39.6800,13.0090
45.6,26817,325,117,-943,39.6945,13.0532
45.4,26259,329,135,-973,39.6780,13.0095
44.3,25428,331,116,-936,39.6926,13.0430
49.0,26631,327,122,-892,39.6799,13.0528
48.8,25159,322,120,-844,39.6884,13.0768
51.5,26836,330,118,-841,39.6912,13.0889
49.6,25672,327,118,-845,39.6886,13.0496
45.4,25558,331,135,-948,39.6972,13.0679
44.1,25229,325,116,-911,39.6936,13.0818
44.4,25911,323,117,-954,39.6906,13.0491
42.8,26270,329,140,-1033,39.6850,13.0550
46.9,26870,326,101,-900,39.6993,13.0826
46.9,25246,327,117,-875,39.6898,13.0412
43.0,26404,326,140,-1040,39.6872,13.0537
43.2,26540,328,146,-1036,39.6793,13.0112
50.2,25679,327,114,-827,39.6848,13.0456
45.6,25698,330,118,-898,39.6915,13.0299
51.9,26315,330,126,-848,39.6756,13.0039
47.8,25948,331,109,-878,39.6763,13.0102
46.3,26476,331,123,-936,39.6762,13.0215
47.3,26390,330,134,-922,39.6759,13.0382
52.5,25694,324,116,-800,39.6763,13.0247
47.5,25283,326,125,-885,39.6879,13.0796
49.4,26566,330,120,-892,39.6922,13.0802
51.3,25255,325,108,-795,39.6801,13.0325
47.0,25787,323,125,-912,39.6772,13.0054
49.0,25712,325,124,-860,39.6990,13.0824
49.6,26423,329,123,-891,39.6870,13.0844
46.8,26574,328,106,-892,39.7019,13.0756
50.2,26428,324,103,-840,39.6876,13.0435
42.9,26337,322,139,-1046,39.6786,13.0105
43.8,25721,331,128,-985,39.6833,13.0020
43.8,25447,330,138,-978,39.7009,13.0811
42.9,25272,326,134,-981,39.6825,13.0238
43.7,25210,324,113,-928,39.6997,13.0592
42.6,25605,329,135,-989,39.6929,13.0615
44.3,26271,328,113,-943,39.6809,13.0101
46.5,25473,326,106,-872,39.6968,13.0726
49.8,26173,327,124,-873,39.6886,13.0362
45.6,26035,326,124,-952,39.6844,13.0233
48.4,26764,323,109,-879,39.6781,12.9983
50.5,26780,331,124,-870,39.6744,13.0398
49.4,26787,326,132,-912,39.6858,13.0391
47.8,26394,324,122,-910,39.6766,13.0289
50.6,26280,327,116,-840,39.6801,13.0306
44.2,25166,327,113,-930,39.6912,13.0288
47.5,26587,331,139,-940,39.6833,13.0394
51.7,26635,322,117,-854,39.6777,13.0443
50.0,25315,323,124,-839,39.6767,13.0419
50.1,25166,328,124,-832,39.6844,13.0679
50.7,26481,330,115,-847,39.6809,13.0110
48.0,25052,328,122,-873,39.6718,13.0128
43.9,24941,326,125,-940,39.6812,13.0280
44.5,25541,325,106,-923,39.6907,13.0695
43.4,25267,324,142,-1007,39.6856,13.0240
46.5,25088,323,125,-890,39.6848,13.0590
44.2,26314,331,128,-986,39.6951,13.0831
48.5,25599,322,122,-864,39.6858,13.0618
50.1,25555,324,150,-880,39.6734,13.0434
52.8,26764,331,92,-799,39.6874,13.0281
46.4,25213,330,124,-907,39.6804,13.0430
50.3,25506,328,109,-817,39.6760,13.0021
43.0,26650,323,136,-1045,39.6950,13.0518
45.3,26651,330,135,-970,39.6891,13.0800
48.2,25075,330,103,-841,39.6888,13.0344
46.7,25953,328,113,-887,39.7003,13.0790
48.4,26795,329,142,-947,39.6869,13.0731
52.4,26703,325,128,-847,39.6809,13.0711
42.2,25790,325,143,-1038,39.6850,13.0439
47.0,25987,330,138,-936,39.6924,13.0649
47.4,25474,331,125,-901,39.6798,13.0162
43.3,25856,330,133,-999,39.6783,12.9979
51.7,26433,326,110,-826,39.6791,13.0225
47.7,25940,325,105,-879,39.6828,13.0054
44.1,26198,327,107,-942,39.6812,13.0223
42.4,25448,322,126,-984,39.6972,13.0758
47.9,25934,326,123,-876,39.6827,13.0359
51.6,26867,322,113,-858,39.6840,13.0172
45.2,26810,325,139,-993,39.6714,13.0062
49.4,26223,331,105,-839,39.6796,13.0446
42.1,25570,324,133,-1024,39.6911,13.0764
43.2,25695,328,122,-962,39.6856,13.0141
47.1,26515,326,126,-925,39.6791,13.0017
50.9,26219,332,137,-874,39.6796,13.0131
48.5,25953,322,129,-888,39.6776,13.0202
50.2,25686,330,123,-842,39.6805,13.0476
45.5,25012,324,109,-891,39.6863,13.0450
44.9,25722,330,134,-951,39.6911,13.0510
47.4,26766,326,131,-949,39.6991,13.0813
44.2,26340,325,120,-965,39.6832,13.0412
50.1,26703,327,118,-874,39.6849,13.0343
53.3,26062,322,103,-781,39.6884,13.0854
50.9,25132,330,111,-814,39.6936,13.0707
45.7,25448,325,145,-953,39.6979,13.0783
50.5,25097,328,115,-817,39.6869,13.0347
50.3,25532,325,125,-829,39.6927,13.0688
43.3,25569,327,124,-974,39.6876,13.0548
50.1,25924,330,107,-836,39.6815,13.0344
48.4,25241,327,108,-849,39.6868,13.0430
52.8,26255,325,116,-811,39.6754,13.0235
47.9,26642,323,122,-920,39.6748,13.0130
46.8,25864,322,125,-915,39.6758,13.0145
50.4,25326,326,128,-840,39.6811,13.0266
49.2,25302,330,111,-823,39.6856,13.0370
43.3,25474,330,132,-971,39.6826,13.0259
46.4,25694,330,127,-910,39.6842,13.0499
49.1,25866,324,94,-834,39.6835,13.0336
46.4,25472,326,110,-890,39.6977,13.0810
47.7,26209,329,126,-901,39.6764,13.0048
48.4,25074,327,137,-892,39.6806,13.0414
52.8,26553,332,109,-807,39.6799,13.0416
45.2,26231,330,134,-977,39.6917,13.0554
42.8,25364,328,141,-1016,39.6846,13.0555
43.1,26101,330,140,-1022,39.6781,12.9964
49.6,24947,324,116,-836,39.6861,13.0413
47.6,26083,330,134,-922,39.6987,13.0831
51.4,26865,325,129,-870,39.6808,13.0730
46.4,26156,330,137,-954,39.6883,13.0473
48.8,26390,322,141,-921,39.6823,13.0359
43.2,25913,322,138,-1014,39.6856,13.0266
44.4,26852,330,131,-992,39.6939,13.0699
52.5,25618,324,108,-795,39.6932,13.0836
45.0,26926,325,138,-999,39.6788,13.0373
43.8,26334,329,118,-987,39.7019,13.0679
45.7,25500,330,129,-929,39.6923,13.0404
46.1,26078,329,130,-938,39.6754,13.0267
48.7,25038,331,102,-823,39.6974,13.0914
42.8,24930,324,118,-945,39.6880,13.0009
45.6,25230,328,122,-902,39.6730,12.9989
47.9,26310,328,113,-893,39.6831,13.0011
42.8,25111,328,123,-959,39.6897,13.0242
52.1,26709,329,117,-834,39.6839,13.0443
47.4,25387,324,135,-913,39.6814,13.0215
41.3,25081,332,139,-1041,39.6822,13.0350
50.3,25696,324,131,-848,39.6846,13.0826
52.5,26848,323,128,-848,39.6797,13.0194
42.5,25026,327,113,-964,39.6902,13.0618
49.6,26014,326,127,-854,39.6813,13.0245
47.5,24962,330,124,-870,39.6910,13.0644
50.8,25638,323,124,-843,39.6751,13.0214
45.5,25065,330,117,-910,39.6988,13.0795
46.8,25813,331,111,-896,39.6933,13.0791
42.7,25822,332,133,-997,39.7011,13.0720
51.9,25229,322,97,-770,39.6933,13.0525
46.4,26854,328,107,-930,39.6959,13.0881
46.8,25523,327,123,-907,39.6865,13.0220
45.7,24975,328,125,-913,39.6775,13.0209
50.9,26395,322,130,-874,39.6873,13.0594
44.9,24952,329,114,-895,39.6795,13.0273
47.4,24977,326,125,-871,39.6944,13.0772
48.2,25506,322,124,-875,39.6763,13.0059
44.4,24996,328,118,-918,39.6883,13.0659
45.8,25657,323,121,-929,39.6969,13.0917
48.9,25892,326,131,-885,39.6850,13.0443
47.6,26184,327,102,-867,39.6851,13.0516
45.6,25579,325,139,-957,39.6840,13.0352
42.5,26816,330,152,-1070,39.6900,13.0447
44.9,26074,329,125,-953,39.6905,13.0720
43.0,25857,331,125,-984,39.6906,13.0486
48.1,25936,327,129,-888,39.6864,13.0282
48.2,25249,328,141,-906,39.6858,13.0866
44.3,25995,330,138,-988,39.6862,13.0239
49.5,26635,328,132,-891,39.6721,13.0006
43.9,26167,324,124,-980,39.6945,13.0901
49.2,26479,325,111,-873,39.6833,13.0549
45.8,26787,329,135,-968,39.6812,13.0360
45.0,26843,331,129,-998,39.6870,13.0527
45.6,25559,326,127,-913,39.6932,13.0405
52.2,26469,325,111,-824,39.6804,13.0210
44.4,25680,323,135,-977,39.6967,13.0803
43.7,25912,323,104,-946,39.6928,13.0499
45.7,26894,327,99,-920,39.6881,13.0124
42.9,25725,329,113,-973,39.6965,13.0525
42.5,25555,332,133,-1010,39.6936,13.0412
45.8,26809,325,128,-971,39.6849,13.0074
46.1,25332,325,128,-911,39.6931,13.0452
43.2,25476,326,126,-990,39.6809,12.9956
48.3,25849,329,128,-890,39.6816,13.0113
48.0,26553,322,125,-930,39.6922,13.0648
46.3,26319,329,114,-913,39.6912,13.0394
47.8,26580,325,110,-886,39.6799,13.0304
49.4,26503,327,138,-914,39.6813,13.0674
50.6,26304,330,109,-847,39.6936,13.0757
47.5,25678,323,139,-906,39.6884,13.0391
45.2,25865,328,123,-931,39.6932,13.0782
51.8,26252,328,119,-837,39.6750,13.0226
48.4,25137,323,139,-880,39.6823,13.0543
49.3,25981,322,120,-882,39.6875,13.0698
44.9,26110,323,121,-942,39.6825,13.0058
45.5,25065,329,113,-892,39.6769,13.0145
50.5,26176,330,129,-870,39.6793,13.0048
45.0,25423,323,119,-935,39.6931,13.0720
47.9,26665,328,123,-904,39.6816,12.9995
48.1,26540,324,116,-900,39.6771,13.0237
44.7,25346,328,116,-903,39.6768,13.0071
45.2,25532,323,102,-907,39.6923,13.0705
44.2,26811,322,113,-976,39.6799,12.9961
46.0,25274,329,115,-880,39.6967,13.0520
42.7,25391,327,116,-976,39.7014,13.0836
43.7,26323,328,122,-986,39.6777,13.0045
50.4,25832,329,131,-852,39.6884,13.0787
42.1,25661,326,139,-1044,39.6847,13.0447
47.6,25684,329,121,-899,39.6852,13.0648
50.0,25478,332,133,-858,39.6748,13.0216
54.5,26392,326,100,-760,39.6958,13.0876
43.5,25528,322,126,-976,39.6843,13.0291
43.8,26164,331,147,-1011,39.7003,13.0841
47.4,25848,325,121,-896,39.6986,13.0849
44.3,25336,323,121,-933,39.7005,13.0673
53.3,26862,330,111,-810,39.6726,13.0311
50.4,25935,329,112,-818,39.6843,13.0237
46.3,25737,325,103,-893,39.6933,13.0786
51.8,26638,322,118,-830,39.6785,13.0456
48.9,26084,331,113,-845,39.6812,13.0479
47.5,26280,327,120,-910,39.6731,13.0022
45.4,25558,331,123,-925,39.6841,13.0478
45.8,25009,324,139,-936,39.6733,13.0071
48.0,26097,323,102,-868,39.6961,13.0530
44.5,25008,331,126,-916,39.6846,13.0063
50.0,25573,329,118,-838,39.6796,13.0513
51.5,26907,324,123,-854,39.6856,13.0490
44.9,26094,325,106,-915,39.6914,13.0584
48.4,26148,332,134,-900,39.6758,13.0061
48.1,25321,324,119,-878,39.6765,13.0074
50.4,26206,325,113,-854,39.6887,13.0643
48.4,25339,331,123,-870,39.6870,13.0442
51.1,26092,325,132,-871,39.6782,13.0538
45.3,26239,329,106,-919,39.6987,13.0913
46.0,25827,332,129,-921,39.6849,13.0242
45.8,25850,323,110,-917,39.6942,13.0680
44.8,26642,325,138,-993,39.6778,12.9958
44.5,25230,323,113,-925,39.6963,13.0843
50.8,25569,330,115,-817,39.6770,13.0291
48.0,26904,328,120,-931,39.6897,13.0728
45.3,26489,329,118,-947,39.6959,13.0513
49.0,26217,325,121,-863,39.6936,13.0709
48.0,25884,323,116,-889,39.6944,13.0549
53.2,26606,330,126,-819,39.6739,13.0328
43.3,25257,328,128,-979,39.7011,13.0671
49.9,25273,322,122,-854,39.6756,13.0074
49.2,25105,330,140,-875,39.6818,13.0575
42.6,25489,324,134,-1018,39.6900,13.0577
43.8,26154,330,117,-977,39.6950,13.0648
50.8,26710,328,124,-862,39.6752,13.0193
47.9,25949,328,105,-854,39.6836,13.0192
45.7,25660,327,104,-898,39.6788,13.0193
46.8,25961,325,105,-899,39.6907,13.0290
43.6,25996,323,127,-989,39.6933,13.0563
44.6,26539,328,121,-975,39.6961,13.0726
49.4,26806,329,113,-885,39.6714,13.0084
45.2,25461,326,134,-936,39.6934,13.0538
46.9,25630,324,130,-917,39.6733,13.0124
42.3,25423,325,138,-1001,39.6821,13.0055
44.1,25142,331,131,-948,39.6778,13.0034
50.7,25315,329,118,-821,39.6831,13.0640
46.4,26178,326,127,-940,39.6799,13.0325
49.7,26312,327,123,-871,39.6796,13.0527
47.6,26646,332,118,-908,39.6882,13.0420
50.5,26488,328,122,-875,39.6877,13.0686
48.7,25895,328,120,-867,39.6719,13.0110
51.7,26475,325,116,-834,39.6840,13.0300
43.5,26768,327,144,-1043,39.6931,13.0665
53.4,26036,323,100,-783,39.6789,13.0436
45.6,26772,324,129,-990,39.6926,13.0770
46.1,26194,323,127,-949,39.6933,13.0461
45.1,25261,330,151,-961,39.6887,13.0450
48.8,25139,325,118,-860,39.6948,13.0905
50.7,26410,325,119,-860,39.6986,13.0842
52.4,26724,324,128,-845,39.6809,13.0274
47.6,26685,328,122,-915,39.6893,13.0702
45.7,25627,329,138,-955,39.6872,13.0722
50.8,25409,325,133,-857,39.6901,13.0695
43.2,25233,328,152,-1006,39.6892,13.0832
44.1,26411,324,107,-958,39.6821,13.0255
46.0,26271,329,107,-908,39.6994,13.0639
47.3,26077,323,139,-937,39.6724,13.0030
46.1,26436,327,106,-923,39.6984,13.0646
49.8,26511,330,105,-852,39.6978,13.0895
41.5,25031,329,141,-1026,39.6881,13.0660
49.4,25250,331,97,-811,39.6766,13.0206
41.8,25180,329,126,-1009,39.6862,13.0036
44.6,25190,328,109,-898,39.6862,13.0042
45.5,25995,327,117,-929,39.6837,13.0029
44.9,26389,331,117,-936,39.6908,13.0669
43.9,26142,325,125,-966,39.7007,13.0643
49.7,26205,330,110,-862,39.6884,13.0750
50.6,26459,326,131,-875,39.6798,13.0109
47.5,26794,329,119,-907,39.7005,13.0866
43.0,25132,325,125,-971,39.6848,12.9977
44.1,26103,324,102,-935,39.6980,13.0716
47.0,25942,325,129,-913,39.6837,13.0483
41.9,24952,329,128,-985,39.6850,13.0110
42.3,26148,328,144,-1047,39.6873,13.0183
48.0,26462,329,115,-886,39.6871,13.0523
50.3,25428,331,134,-849,39.6715,13.0259
45.1,25051,329,145,-959,39.6756,13.0271
46.2,26201,326,107,-901,39.6861,13.0588
44.6,26425,323,122,-960,39.6879,13.0698
42.3,25074,325,135,-987,39.6846,13.0023
41.9,25817,328,141,-1044,39.6923,13.0755
47.9,26573,330,123,-926,39.6928,13.0889
49.7,25470,328,105,-831,39.6901,13.0783
43.8,26354,325,110,-977,39.6861,13.0305
48.8,26312,326,110,-843,39.6850,13.0679
45.9,25661,328,133,-937,39.6893,13.0691
42.6,26649,323,134,-1053,39.6917,13.0778
44.5,26384,329,137,-999,39.6898,13.0443
46.0,26751,330,123,-956,39.6838,13.0500
45.9,25808,324,122,-918,39.6841,13.0017
46.0,26648,326,130,-954,39.6952,13.0804
42.4,25667,328,121,-997,39.6925,13.0514
51.0,26415,323,124,-869,39.6904,13.0569
46.5,25774,326,111,-871,39.6844,13.0414
47.6,26249,331,122,-905,39.6957,13.0855
49.7,26122,327,131,-872,39.6929,13.0728
44.1,25214,324,121,-925,39.6915,13.0615
51.8,24995,332,125,-785,39.6743,13.0379
45.0,25532,326,118,-917,39.6941,13.0522
48.4,25680,330,126,-884,39.6804,13.0442
51.3,26667,328,131,-871,39.6755,13.0054
44.7,26504,324,109,-939,39.6920,13.0551
45.0,25829,324,133,-971,39.6884,13.0672
44.1,26126,332,113,-944,39.6884,13.0166
42.4,25178,330,142,-1008,39.6880,13.0289
49.2,26135,331,115,-857,39.6819,13.0265
48.4,25944,330,113,-868,39.6912,13.0630
48.0,26489,332,126,-909,39.6841,13.0400
50.0,26696,330,92,-833,39.6892,13.0504
50.4,26880,329,126,-887,39.6870,13.0703
52.6,25520,326,114,-788,39.6794,13.0153
49.4,26457,330,113,-862,39.6743,13.0041
47.7,25687,323,121,-883,39.6759,13.0181
46.7,26032,323,137,-947,39.6820,13.0133
51.6,26623,330,107,-830,39.6869,13.0543
48.9,25193,322,117,-855,39.6909,13.0750
44.9,26154,322,138,-978,39.6843,13.0604
51.8,25497,328,115,-813,39.6942,13.0788
41.9,25248,331,138,-1017,39.6882,13.0415
43.4,26787,322,121,-1007,39.6836,13.0382
42.3,25091,324,140,-1012,39.6878,13.0138
47.2,26655,328,121,-931,39.6976,13.0707
47.2,25722,332,144,-924,39.6827,13.0226
48.5,26355,322,124,-913,39.6945,13.0805
46.5,26761,329,126,-966,39.6937,13.0715
45.1,26712,327,139,-997,39.6974,13.0716
45.7,26914,324,123,-967,39.6902,13.0465
44.3,25300,325,134,-950,39.6925,13.0601
50.4,25252,325,124,-824,39.6773,13.0128
48.5,25914,329,140,-913,39.6759,13.0178
52.9,25941,331,117,-790,39.6880,13.0796
52.9,25886,329,111,-798,39.6698,13.0043
45.2,26803,328,113,-936,39.6826,13.0137
43.3,25251,326,131,-970,39.6864,12.9994
47.0,26092,328,101,-872,39.6870,13.0437
43.1,25777,322,134,-1009,39.6802,13.0138
49.5,26350,332,132,-878,39.6860,13.0355
51.4,25316,324,114,-796,39.6731,13.0268
44.4,25495,330,126,-962,39.6733,13.0017
43.1,26699,328,139,-1033,39.6822,13.0021
49.6,25549,331,116,-822,39.6722,13.0187
48.3,25999,332,122,-869,39.6939,13.0711
44.1,25131,325,123,-940,39.6731,12.9986
46.0,24952,323,117,-891,39.6787,13.0094
49.9,26766,324,119,-869,39.6833,13.0428
43.9,25600,330,147,-988,39.7013,13.0823
53.1,26373,326,111,-786,39.6757,13.0181
43.6,25513,331,113,-941,39.6873,13.0177
50.5,25502,326,129,-846,39.6831,13.0240
46.7,26743,329,136,-960,39.6740,13.0170
51.0,26156,328,120,-836,39.6737,13.0214
42.8,25681,325,134,-1021,39.6850,13.0163
44.7,25726,323,122,-951,39.6901,13.0500
44.6,25071,325,121,-932,39.6877,13.0357
43.1,25847,326,144,-1035,39.6715,12.9985
53.0,25786,330,107,-789,39.6931,13.0604
48.6,24959,323,109,-822,39.7009,13.0859
51.8,25617,323,119,-814,39.6752,13.0230
50.6,26855,325,107,-848,39.6800,13.0276
47.2,25053,322,120,-867,39.6995,13.0714
50.8,26506,328,126,-879,39.6901,13.0512
44.4,25981,329,127,-972,39.6929,13.0543
44.7,25200,331,126,-946,39.6919,13.0409
50.7,26810,329,128,-882,39.6721,13.0108
43.1,26376,324,129,-997,39.6813,13.0303
46.5,26754,325,120,-942,39.6908,13.0432
51.2,26124,327,118,-842,39.6794,13.0554
46.4,26028,327,110,-906,39.6901,13.0326
43.7,26592,326,127,-1016,39.6906,13.0575
45.4,25049,328,128,-927,39.6904,13.0642
46.3,25626,328,129,-909,39.6859,13.0680
49.1,26498,329,123,-883,39.6906,13.0656
44.9,25282,322,122,-919,39.6911,13.0680
48.9,25380,331,111,-844,39.6970,13.0790
49.8,25753,324,110,-827,39.6855,13.0325
43.5,25738,332,124,-987,39.6932,13.0592
49.9,26021,331,110,-834,39.6878,13.0332
48.2,25450,330,123,-865,39.6960,13.0752
45.4,26715,331,130,-971,39.6857,13.0576
52.5,26411,322,118,-832,39.6869,13.0450
42.9,26333,323,131,-1032,39.7012,13.0899
48.7,25605,332,105,-837,39.6904,13.0726
44.3,25519,323,116,-934,39.6846,13.0269
51.0,26190,331,114,-822,39.6906,13.0836
49.7,26613,324,141,-907,39.6857,13.0698
44.3,25850,329,115,-953,39.6854,13.0313
44.6,25952,330,134,-980,39.6808,13.0194
48.2,26050,325,119,-884,39.6830,13.0531
51.7,26067,323,113,-828,39.6856,13.0653
51.1,26299,332,131,-847,39.6767,13.0148
47.0,25566,325,119,-888,39.6825,13.0395
52.6,26662,324,122,-838,39.6752,13.0091
46.6,26773,329,115,-915,39.6911,13.0512
43.5,26326,324,110,-975,39.6894,13.0356
45.8,25610,330,117,-894,39.6891,13.0359
46.4,25442,325,110,-883,39.6968,13.0811
45.4,26848,327,127,-993,39.6940,13.0708
41.7,25305,328,140,-1023,39.6939,13.0554
44.0,25932,328,118,-948,39.6930,13.0351
52.4,26757,331,115,-822,39.6908,13.0807
47.9,26012,323,131,-910,39.6751,13.0129
48.4,25566,328,121,-875,39.6806,13.0048
47.7,25846,327,100,-858,39.6868,13.0400
46.0,26397,330,122,-942,39.6868,13.0430
52.3,26032,329,115,-820,39.6962,13.0759
47.8,25079,323,134,-883,39.6976,13.0820
49.6,26338,332,127,-871,39.6900,13.0672
47.8,25301,331,124,-892,39.6810,12.9959
51.9,26007,331,119,-834,39.6719,13.0047
48.7,26585,324,137,-920,39.6891,13.0683
43.0,26435,326,150,-1052,39.6916,13.0374
46.5,26083,322,125,-930,39.6950,13.0793
49.2,25643,325,116,-849,39.6865,13.0215
48.8,26746,332,133,-908,39.6673,13.0014
51.3,26732,326,123,-858,39.6862,13.0791
46.3,26451,326,117,-914,39.6868,13.0495
48.1,26726,326,135,-929,39.6913,13.0895
42.9,25958,326,129,-994,39.6974,13.0778
47.0,26139,330,120,-917,39.6812,13.0421
46.4,25750,329,112,-893,39.6817,13.0221
44.4,26896,329,133,-993,39.6757,13.0091
46.2,25498,329,137,-951,39.6908,13.0550
45.7,25501,327,151,-965,39.6910,13.0817
47.8,26322,331,119,-885,39.6793,13.0463
48.8,26251,325,107,-856,39.6766,13.0271
47.6,26052,331,121,-903,39.6916,13.0395
41.6,25602,325,142,-1050,39.6778,13.0064
44.5,26116,330,121,-947,39.6891,13.0187
48.3,24941,325,108,-840,39.6776,13.0065
44.2,25427,325,132,-963,39.7009,13.0803
50.6,25562,329,139,-858,39.6754,13.0236
45.8,26150,327,138,-959,39.6886,13.0628
44.2,25253,330,137,-959,39.6814,13.0159
48.7,26292,322,120,-879,39.6735,13.0067
50.8,25652,323,108,-821,39.6737,13.0158
48.8,25991,331,114,-865,39.6738,13.0040
50.7,25334,326,121,-844,39.6940,13.0705
47.4,26006,328,115,-899,39.6743,13.0177
46.1,26847,324,112,-925,39.7030,13.0826
43.9,25450,323,123,-969,39.6935,13.0697
46.3,26827,329,136,-965,39.6834,13.0082
46.3,26084,324,106,-891,39.6982,13.0527
45.6,25055,331,148,-940,39.6847,13.0504
47.9,26862,328,127,-935,39.6832,13.0164
43.3,24987,327,121,-938,39.6933,13.0563
44.5,26887,324,107,-961,39.6938,13.0741
47.2,25344,330,123,-883,39.6741,13.0141
46.6,25602,324,129,-924,39.6872,13.0503
45.9,25149,328,114,-894,39.6762,13.0003
51.0,25418,328,105,-792,39.6935,13.0808
46.5,25270,330,115,-887,39.6838,13.0036
43.5,25485,330,117,-955,39.6991,13.0743
42.6,25553,322,125,-994,39.7036,13.0811
47.5,25382,324,109,-852,39.6863,13.0212
45.6,25716,326,107,-905,39.6901,13.0373
47.3,25728,327,111,-876,39.6872,13.0457
46.4,25766,330,126,-929,39.6955,13.0899
45.3,26804,327,120,-966,39.6955,13.0606
44.7,25470,328,126,-944,39.6893,13.0685
48.9,25540,332,119,-850,39.6828,13.0216
44.5,25844,325,116,-938,39.6787,13.0203
44.8,25451,328,137,-953,39.6844,13.0217
50.9,26381,328,124,-862,39.6876,13.0832
48.9,26642,324,115,-868,39.6803,13.0323
48.0,26826,328,140,-936,39.6761,13.0441
48.4,25080,326,138,-883,39.6905,13.0748
45.5,26279,326,107,-915,39.6894,13.0428
51.9,26395,331,121,-845,39.6772,13.0185
42.2,25654,322,136,-1019,39.6908,13.0554
48.2,25506,324,133,-886,39.6883,13.0399
42.9,26232,325,133,-1028,39.6910,13.0322
49.0,26789,332,121,-893,39.6804,13.0313
44.9,25038,326,97,-884,39.6795,13.0129
52.0,26398,324,123,-851,39.6698,12.9989
44.9,25032,324,136,-936,39.6797,13.0277
50.4,26296,322,128,-868,39.6828,13.0644
44.8,25835,323,107,-933,39.6798,13.0208
48.5,25495,331,120,-875,39.6713,13.0057
45.9,25188,330,104,-881,39.6917,13.0684
51.7,25708,330,122,-822,39.6890,13.0811
50.7,26840,329,125,-882,39.6965,13.0893
50.6,25179,330,126,-817,39.6775,13.0117
48.6,25594,328,125,-871,39.6881,13.0755
50.5,25667,327,116,-831,39.6686,13.0058
48.4,25132,326,128,-869,39.6917,13.0698
42.2,25181,329,129,-1006,39.6838,13.0003
44.9,26549,328,132,-981,39.6814,13.0473
43.9,26746,323,124,-987,39.6775,13.0087
45.5,26332,324,112,-916,39.6856,13.0422
43.3,25354,327,108,-948,39.6951,13.0716
50.0,26609,325,136,-908,39.6885,13.0594
48.2,26534,322,134,-922,39.6830,13.0483
45.7,26574,331,112,-912,39.6862,13.0331
44.5,25431,329,115,-925,39.6834,12.9971
46.7,25539,328,120,-891,39.6900,13.0794
49.9,26715,329,110,-844,39.6857,13.0701
50.9,26883,328,121,-856,39.6777,13.0125
51.9,26071,331,120,-813,39.6785,13.0358
43.6,25111,322,113,-924,39.6851,13.0384
46.3,26124,325,119,-932,39.6969,13.0841
49.2,25733,329,122,-872,39.6840,13.0324
46.8,25480,332,117,-875,39.6883,13.0636
47.8,25685,329,110,-874,39.6879,13.0748
44.0,26323,332,109,-969,39.6845,13.0368
47.1,25136,328,116,-851,39.6868,13.0454
45.4,26824,327,111,-947,39.6834,13.0369
45.2,26323,330,115,-931,39.6814,13.0033
41.9,25596,327,137,-1030,39.7022,13.0730
49.6,25022,326,105,-804,39.6883,13.0477
46.2,25576,328,118,-919,39.6938,13.0685
47.9,26537,323,113,-908,39.6890,13.0693
48.9,26414,323,115,-879,39.6903,13.0677
44.7,26340,330,123,-947,39.6969,13.0657
47.5,25118,328,106,-847,39.6822,13.0370
44.0,26728,323,132,-999,39.7001,13.0745
48.1,26408,331,115,-892,39.6977,13.0729
49.2,26308,331,115,-864,39.6775,13.0134
43.5,25381,326,136,-1001,39.6817,13.0337
50.3,25109,327,132,-853,39.6736,13.0015
50.6,26100,323,141,-867,39.6777,13.0188
43.6,26748,325,120,-1004,39.6975,13.0487
51.1,25796,325,126,-855,39.6863,13.0759
43.6,26446,324,118,-977,39.6915,13.0372
50.9,25297,322,133,-842,39.6733,13.0322
43.8,26750,325,119,-979,39.6898,13.0520
50.3,26205,323,119,-858,39.6840,13.0693
46.5,26273,326,123,-943,39.6905,13.0345
51.0,26839,332,119,-847,39.6814,13.0572
50.0,26084,332,121,-868,39.6897,13.0529
50.0,26557,327,121,-878,39.6748,13.0293
44.6,25361,325,151,-978,39.6892,13.0645
49.4,25752,323,97,-824,39.6788,13.0283
48.7,26446,327,101,-859,39.6900,13.0333
44.1,25408,326,125,-942,39.6752,13.0070
50.4,25049,327,124,-841,39.6816,13.0139
48.5,25947,328,128,-883,39.6771,13.0212
43.7,26109,325,147,-1019,39.6982,13.0827
52.6,26420,324,97,-796,39.6736,13.0080
42.9,25522,325,114,-967,39.6947,13.0670
49.2,24990,322,105,-823,39.6988,13.0627
46.6,26241,328,128,-929,39.6935,13.0890
43.5,25566,325,143,-1014,39.6938,13.0487
51.8,25544,326,110,-800,39.6826,13.0287
45.7,26267,326,116,-944,39.6777,13.0084
44.7,26036,323,104,-916,39.6983,13.0565
44.9,26643,326,130,-976,39.6904,13.0564
44.3,25638,331,123,-955,39.6968,13.0692
45.1,25016,323,139,-962,39.6813,13.0468
42.5,25486,331,136,-1021,39.6890,13.0565
43.8,25419,326,100,-925,39.6897,13.0390
45.3,26895,322,118,-966,39.6904,13.0377
45.4,26029,328,135,-957,39.7015,13.0857
43.9,26508,322,109,-961,39.6838,13.0108
52.5,25583,326,108,-792,39.6725,13.0187
46.3,26512,330,147,-981,39.6811,13.0143
45.1,26521,325,140,-996,39.6913,13.0419
44.3,25217,325,119,-948,39.6816,13.0125
47.4,25291,323,104,-864,39.6816,13.0062
48.6,25607,325,94,-827,39.6952,13.0847
47.8,25019,326,109,-836,39.6822,13.0389
50.2,25930,327,119,-849,39.6868,13.0441
41.7,25066,328,128,-1006,39.6966,13.0576
46.1,26366,328,122,-924,39.6814,13.0318
43.8,26683,329,125,-1008,39.6929,13.0352
50.0,26532,330,119,-862,39.6830,13.0588
45.1,26342,328,118,-942,39.6901,13.0324
42.2,25062,324,120,-964,39.7054,13.0860
52.0,25395,326,114,-808,39.6718,13.0124
44.5,26756,322,125,-1006,39.6761,12.9956
47.5,26776,325,138,-943,39.6888,13.0916
51.9,26155,325,103,-795,39.6995,13.0931
48.3,26072,328,106,-864,39.6904,13.0665
48.3,25123,326,144,-890,39.6772,13.0529
48.1,25093,322,109,-854,39.6861,13.0252
43.4,25761,322,103,-950,39.6954,13.0653
47.4,26784,324,106,-898,39.6741,13.0024
51.9,25621,323,116,-790,39.6825,13.0700
47.5,26714,324,108,-906,39.6923,13.0538
44.3,26138,328,131,-979,39.6962,13.0614
49.7,26173,323,106,-849,39.6911,13.0486
46.7,25350,324,110,-886,39.6922,13.0551
43.0,25727,328,117,-968,39.6891,13.0557
44.3,25524,326,124,-951,39.6768,13.0157
45.7,26301,330,120,-943,39.6887,13.0386
46.1,26590,325,134,-981,39.6929,13.0584
49.7,26692,328,147,-917,39.6787,13.0701
46.1,26321,327,128,-941,39.6758,13.0256
51.7,26168,324,111,-823,39.6939,13.0796
45.7,26316,328,113,-932,39.6841,13.0329
44.1,26031,329,105,-935,39.6761,12.9995
46.4,25890,331,134,-940,39.6975,13.0750
43.0,25561,326,141,-1016,39.6830,13.0067
42.7,25619,324,126,-1000,39.7003,13.0808
48.4,25398,329,130,-872,39.6840,13.0460
51.0,26182,332,113,-843,39.6760,13.0286
49.2,25196,332,123,-845,39.6806,13.0538
49.2,25838,325,103,-837,39.6888,13.0294
42.3,25163,324,117,-975,39.7027,13.0833
50.4,25950,324,109,-819,39.6833,13.0612
47.9,25479,332,131,-887,39.6790,13.0012
48.1,24931,325,134,-871,39.6782,13.0115
46.9,25596,326,131,-910,39.6750,13.0118
49.0,25273,327,123,-870,39.6975,13.0884
48.6,25799,322,127,-900,39.6991,13.0872
52.2,26249,328,110,-813,39.6770,13.0355
48.2,26615,329,118,-901,39.6801,13.0219
44.5,26180,329,127,-964,39.6878,13.0513
50.3,24955,331,109,-809,39.6979,13.0789
48.7,25670,326,137,-897,39.6864,13.0540
48.5,25766,330,120,-881,39.6813,13.0445
51.0,26126,325,131,-861,39.6793,13.0204
52.6,26764,326,104,-816,39.6972,13.0864
50.6,25197,330,117,-814,39.6907,13.0716
46.5,24938,328,133,-902,39.6941,13.0845
52.4,26699,330,119,-843,39.6938,13.0796
52.3,26447,325,117,-836,39.6928,13.0750
45.9,25274,324,136,-924,39.6951,13.0562
52.5,25997,327,102,-801,39.6855,13.0315
49.3,26719,328,116,-891,39.6768,13.0216
48.7,25104,326,130,-873,39.6910,13.0797
49.8,25740,324,124,-854,39.6946,13.0660
44.8,26405,325,121,-980,39.6840,13.0087
51.3,25753,331,117,-824,39.6835,13.0575
45.8,26752,325,112,-943,39.6858,13.0416
42.4,24957,324,117,-952,39.6931,13.0328
49.3,25731,326,112,-852,39.6966,13.0703
50.4,25158,322,109,-803,39.6983,13.0680
50.2,25276,322,122,-833,39.6963,13.0836
47.2,25085,326,132,-902,39.6990,13.0841
42.9,25003,331,147,-999,39.6728,12.9998
47.7,25059,326,103,-837,39.6857,13.0535
52.5,25370,329,107,-786,39.6786,13.0434
51.1,26304,324,128,-858,39.6798,13.0252
45.0,26621,323,113,-934,39.6973,13.0619
51.3,25985,324,108,-810,39.6730,13.0102
48.9,25137,327,108,-833,39.6712,12.9986
45.9,26822,324,96,-921,39.6872,13.0284
46.1,26868,324,97,-919,39.6925,13.0458
51.3,26475,330,121,-838,39.6827,13.0364
44.4,25252,324,104,-900,39.6796,13.0003
51.7,25079,324,111,-773,39.6963,13.0720
41.7,25410,330,137,-1028,39.6942,13.0587
43.4,26014,322,121,-974,39.6847,13.0296
48.8,25115,326,116,-855,39.6761,13.0062
44.5,25403,330,149,-976,39.6827,13.0082
44.6,26217,327,115,-942,39.6897,13.0682
45.7,25733,328,116,-921,39.7013,13.0719
45.4,26509,326,121,-947,39.6801,13.0068
46.6,25607,325,111,-897,39.6855,13.0362
46.9,25600,328,108,-867,39.6880,13.0222
44.1,25123,330,110,-923,39.6941,13.0337
47.8,26139,324,125,-914,39.6753,12.9990
44.8,26219,331,129,-973,39.6877,13.0441
51.7,25536,330,106,-796,39.6983,13.0820
47.7,25474,329,117,-884,39.6858,13.0251
48.8,26142,330,119,-859,39.6896,13.0477
48.8,25450,326,136,-877,39.6961,13.0847
49.5,26158,329,134,-897,39.6748,13.0097
50.2,25308,325,129,-850,39.6725,13.0050
43.7,25130,323,137,-987,39.6832,13.0055
46.3,26353,325,131,-948,39.6713,13.0083
45.5,26011,324,128,-954,39.6872,13.0269
45.2,26029,326,135,-965,39.6789,12.9976
50.2,26897,326,124,-894,39.6864,13.0605
45.7,25376,322,99,-882,39.6801,13.0146
46.3,26817,326,121,-935,39.7000,13.0707
48.8,26173,324,132,-892,39.6871,13.0479
50.3,25644,326,114,-847,39.6868,13.0371
46.4,25576,328,127,-927,39.6861,13.0518
46.9,25584,330,120,-877,39.6819,13.0038
44.2,26398,329,124,-988,39.6846,13.0375
47.2,25199,331,127,-880,39.6771,13.0009
44.1,25503,324,103,-921,39.6908,13.0098
47.9,25111,323,122,-881,39.6863,13.0619
53.2,26820,323,118,-833,39.6789,13.0401
43.5,25067,323,116,-925,39.7013,13.0710
46.7,26723,326,128,-948,39.6811,13.0152
44.6,25666,329,129,-972,39.6826,13.0264
44.2,26152,324,124,-982,39.6875,13.0245
43.9,25688,324,126,-981,39.6893,13.0529
49.4,25286,325,147,-872,39.6825,13.0636
49.7,24996,329,117,-820,39.6850,13.0477
49.9,26763,330,125,-898,39.6817,13.0224
45.1,26683,323,117,-957,39.6814,13.0124
46.7,26450,322,124,-923,39.6889,13.0462
47.8,25372,329,105,-837,39.6839,13.0429
50.7,25129,327,116,-823,39.6849,13.0389
45.9,24960,325,127,-910,39.6968,13.0558
45.7,26141,327,140,-968,39.6941,13.0658
50.1,25602,329,138,-864,39.6694,13.0059
45.8,26795,328,132,-974,39.6908,13.0515
48.5,26756,329,113,-902,39.6929,13.0665
45.2,25223,326,128,-935,39.6880,13.0426
54.0,26906,329,103,-804,39.6776,13.0518
45.2,25953,329,111,-923,39.6918,13.0588
44.0,26469,330,120,-987,39.6791,13.0019
43.4,25862,323,125,-975,39.6878,13.0073
50.4,25701,331,126,-849,39.6904,13.0876
45.9,25592,325,130,-942,39.6824,13.0064
42.2,25096,326,134,-997,39.6781,13.0152
43.4,26067,327,133,-1004,39.6837,13.0278
45.0,25638,328,113,-934,39.6871,13.0105
47.9,26881,330,126,-914,39.6935,13.0634
42.5,25859,325,142,-1026,39.6752,12.9985
49.9,25452,323,127,-867,39.6738,13.0059
48.0,25042,325,131,-863,39.6910,13.0707
46.1,24946,323,147,-938,39.6946,13.0874
51.0,26102,327,133,-855,39.6773,13.0108
46.4,25504,332,133,-928,39.6880,13.0253
45.4,26256,324,134,-969,39.6748,13.0060
45.6,25065,326,105,-872,39.6930,13.0782
49.3,26866,330,114,-891,39.6899,13.0761
48.5,26673,326,138,-925,39.6748,13.0313
45.7,25581,324,120,-909,39.6821,13.0316
47.6,25590,330,134,-889,39.6970,13.0862
51.2,25135,323,104,-781,39.6763,13.0130
52.0,25511,326,105,-795,39.6810,13.0526
43.7,25414,332,138,-963,39.6935,13.0462
50.4,25785,327,120,-835,39.6784,13.0088
44.7,25070,331,125,-938,39.6755,13.0085
46.9,25225,330,124,-888,39.6763,12.9965
44.3,25538,326,122,-956,39.6891,13.0517
47.4,25743,327,131,-923,39.6955,13.0752
43.9,26472,327,116,-981,39.6798,13.0019
43.5,25236,329,124,-952,39.6871,13.0571
48.0,26925,329,134,-938,39.6793,13.0005
51.1,26505,329,124,-838,39.6764,13.0143
51.9,25136,328,116,-796,39.6739,13.0190
46.1,26531,324,133,-954,39.6904,13.0473
46.0,26300,327,128,-954,39.6761,13.0048
51.8,26100,330,131,-836,39.6757,13.0128
47.7,25492,324,119,-857,39.6921,13.0636
51.0,26565,323,115,-839,39.6824,13.0410
52.0,26425,324,124,-837,39.6731,13.0181
45.3,26458,323,110,-943,39.6963,13.0675
47.9,26857,328,126,-921,39.6834,13.0490
47.5,25620,330,137,-921,39.6937,13.0790
41.8,25100,329,131,-1006,39.6877,13.0301
46.7,26489,323,132,-955,39.6777,12.9980
48.7,25054,326,116,-841,39.6847,13.0118
47.1,25613,328,121,-896,39.6806,13.0416
49.2,25853,332,101,-842,39.6819,13.0141
52.3,26166,328,102,-792,39.6869,13.0443
45.7,25229,323,137,-943,39.6880,13.0527
44.4,26421,323,127,-998,39.6846,13.0029
44.4,26350,323,102,-935,39.7006,13.0912
45.2,26822,323,105,-929,39.6956,13.0610
45.6,26214,329,109,-914,39.6780,13.0032
42.6,25249,326,148,-1022,39.6752,13.0113
45.4,25741,326,125,-927,39.6764,12.9981
52.4,26915,330,138,-866,39.6700,13.0204
48.8,25228,327,115,-826,39.6984,13.0833
48.3,25930,327,132,-887,39.6864,13.0589
49.1,26040,324,108,-834,39.6833,13.0038
45.5,25964,327,143,-964,39.6831,13.0540
45.6,26178,329,138,-979,39.6837,13.0380
42.5,25141,324,123,-962,39.6769,12.9986
49.3,26016,328,109,-860,39.6824,13.0454
44.5,26425,328,135,-991,39.6887,13.0764
46.1,26715,328,115,-946,39.6909,13.0819
46.8,25048,329,133,-894,39.6932,13.0596
46.9,25544,325,117,-882,39.6896,13.0286
44.5,25278,329,138,-975,39.6879,13.0769
45.4,25482,324,118,-915,39.6877,13.0197
43.4,24949,324,120,-955,39.6983,13.0760
45.0,25181,330,138,-941,39.6804,12.9953
42.9,26556,324,128,-1034,39.6868,13.0240
48.4,26701,330,118,-909,39.6838,13.0457
49.5,25832,327,117,-866,39.6937,13.0691
44.8,26105,328,131,-986,39.6945,13.0625
45.0,25037,326,125,-934,39.6891,13.0707
45.0,26008,331,122,-958,39.7004,13.0828
45.9,26440,325,100,-906,39.6899,13.0577
43.2,25159,324,130,-980,39.6997,13.0764
47.5,25760,323,128,-903,39.6939,13.0775
47.0,25262,330,137,-905,39.6881,13.0612
49.1,25031,326,113,-836,39.6717,13.0073
48.5,25280,323,128,-878,39.6827,13.0246
46.1,25664,325,100,-887,39.6850,13.0450
44.7,25629,325,107,-922,39.6862,13.0185
52.9,25975,324,106,-780,39.6829,13.0435
51.1,24988,327,108,-799,39.6863,13.0651
52.9,26236,328,103,-799,39.6718,12.9990
41.8,25118,328,134,-1013,39.6850,13.0247
51.3,26579,328,121,-852,39.6794,13.0293
43.0,25090,325,130,-954,39.6938,13.0442
44.9,26689,322,129,-998,39.6980,13.0784
45.5,25096,332,127,-912,39.6851,13.0408
45.7,26440,329,112,-937,39.6813,13.0202
48.3,25611,332,135,-897,39.6840,13.0267
49.0,26882,330,127,-916,39.6772,13.0153
50.4,26209,323,123,-862,39.6825,13.0288
48.5,26908,329,109,-892,39.6968,13.0847
50.9,25611,327,113,-818,39.6863,13.0359
48.6,25821,323,127,-883,39.6868,13.0563
44.2,25316,324,145,-984,39.6829,13.0320
50.9,25027,323,127,-818,39.6855,13.0535
43.3,25261,332,120,-951,39.7004,13.0823
43.4,26565,324,128,-1004,39.6913,13.0816
47.0,25183,331,114,-870,39.7009,13.0769
46.2,25986,327,106,-906,39.6905,13.0183
43.9,26137,332,126,-990,39.6853,13.0302
47.6,25272,331,138,-905,39.6851,13.0717
43.9,26021,326,120,-960,39.7014,13.0883
44.1,25664,328,127,-969,39.6864,13.0180
43.6,25568,331,131,-990,39.6980,13.0693
44.4,26623,324,136,-1004,39.6918,13.0693
48.9,26614,329,99,-863,39.6875,13.0210
42.4,25643,323,135,-1024,39.6801,12.9983
51.5,25713,322,110,-817,39.6857,13.0400
49.7,26909,330,135,-902,39.6818,13.0749
45.8,26502,329,139,-974,39.6828,13.0314
48.6,26606,332,136,-917,39.6833,13.0753
43.8,25678,332,102,-933,39.6971,13.0688
49.7,26724,323,116,-867,39.6913,13.0760
48.9,26186,329,134,-893,39.6807,13.0277
51.2,25115,331,118,-790,39.6826,13.0233
47.5,25185,332,127,-885,39.6845,13.0410
42.5,25695,323,132,-1004,39.6885,13.0191
48.3,25706,323,107,-857,39.6863,13.0575
49.6,25090,326,108,-827,39.6916,13.0629
53.5,26908,332,106,-800,39.6945,13.0774
51.1,25716,329,114,-814,39.6706,13.0068
44.5,26415,325,114,-949,39.6935,13.0485
42.4,25076,332,129,-966,39.6729,12.9962
49.7,25827,323,111,-854,39.6838,13.0529
46.8,25579,324,123,-899,39.6831,13.0062
52.0,25648,323,109,-780,39.6799,13.0126
45.0,25848,329,112,-940,39.7047,13.0858
42.9,25143,327,138,-990,39.6970,13.0556
43.9,25704,322,117,-941,39.6963,13.0575
47.2,26789,328,115,-915,39.6743,13.0101
52.5,26661,323,125,-834,39.6732,13.0038
49.9,25956,327,140,-885,39.6780,13.0264
46.9,26443,331,136,-944,39.6908,13.0711
44.4,26008,325,123,-959,39.6989,13.0848
45.7,26519,327,136,-971,39.6831,13.0192
49.9,25671,325,117,-832,39.6870,13.0563
43.3,26322,326,123,-1013,39.6832,13.0211
44.5,25815,326,123,-952,39.6878,13.0443
49.3,25127,323,109,-822,39.6752,13.0159
45.3,25750,324,104,-891,39.6882,13.0038
46.7,26250,325,106,-900,39.6914,13.0685
42.7,26224,325,132,-1016,39.6921,13.0635
42.2,25684,326,141,-1040,39.6841,13.0189
52.3,26434,328,124,-839,39.6902,13.0540
44.6,26735,328,113,-955,39.7021,13.0708
52.4,26475,328,107,-808,39.6836,13.0667
45.7,24975,324,114,-901,39.6992,13.0644
48.4,25757,330,115,-868,39.6898,13.0661
45.5,25698,330,135,-947,39.6849,13.0605
50.5,26769,328,127,-873,39.6834,13.0751
45.6,25212,326,130,-924,39.6780,13.0244
46.5,26797,326,122,-951,39.6792,13.0213
44.9,25051,332,109,-891,39.6791,13.0127
46.0,26348,324,125,-947,39.6899,13.0790
51.6,25749,328,133,-836,39.6737,13.0196
44.3,25849,327,112,-938,39.7045,13.0776
51.2,25267,332,129,-819,39.6937,13.0926
46.0,26668,328,102,-916,39.6995,13.0688
45.1,25887,332,144,-974,39.7002,13.0820
46.2,25017,329,134,-909,39.6790,13.0281
50.2,25440,327,126,-849,39.6864,13.0441
47.6,25569,327,110,-860,39.6919,13.0479
44.6,25543,327,139,-959,39.6837,13.0397
46.4,25874,325,135,-935,39.6865,13.0683
48.4,26675,329,102,-882,39.6859,13.0327
42.5,25305,322,126,-982,39.6960,13.0476
48.0,25671,332,113,-871,39.6890,13.0564
45.6,26407,330,116,-952,39.6856,13.0480
49.3,25792,332,134,-888,39.6820,13.0662
47.0,25142,328,141,-909,39.6783,13.0184
49.3,26845,330,117,-899,39.6955,13.0670
47.6,26768,324,128,-931,39.6720,13.0074
48.6,25865,322,124,-886,39.6837,13.0055
48.3,25568,331,114,-865,39.7010,13.0841
48.6,26891,325,132,-920,39.6828,13.0146
49.2,26334,328,107,-860,39.6918,13.0442
42.1,26385,328,148,-1066,39.6934,13.0525
48.8,25950,331,104,-852,39.6802,13.0236
50.9,26207,327,105,-829,39.6949,13.0840
48.4,25975,325,128,-888,39.6777,13.0420
46.2,25276,326,140,-935,39.6887,13.0358
43.7,25566,325,117,-950,39.6969,13.0657
42.5,25359,329,135,-984,39.6811,13.0371
49.3,26218,326,111,-865,39.6739,13.0121
45.9,24985,326,115,-887,39.6806,13.0185
43.5,26165,324,131,-996,39.7056,13.0852
51.7,26582,330,134,-868,39.6868,13.0924
47.2,25628,329,122,-892,39.6734,13.0075
48.2,26668,322,129,-912,39.6840,13.0361
48.2,25566,327,137,-894,39.6828,13.0591
49.9,25126,329,110,-816,39.6828,13.0086
45.4,25613,322,121,-922,39.6957,13.0917
46.0,25671,325,139,-963,39.6997,13.0817
43.0,24972,322,122,-947,39.6827,13.0055
45.1,25321,326,129,-928,39.6850,13.0475
43.4,25266,326,137,-979,39.6878,13.0172
43.1,26232,328,121,-997,39.6862,13.0500
51.3,26512,326,129,-860,39.6787,13.0062
44.5,25377,324,126,-965,39.6772,13.0017
53.2,26236,327,100,-782,39.6869,13.0605
45.3,26371,326,118,-932,39.6818,13.0135
46.1,26358,331,128,-954,39.6968,13.0722
44.1,26134,332,108,-944,39.6850,13.0498
48.4,26176,324,117,-895,39.6838,13.0426
47.9,26564,330,113,-887,39.6836,13.0556
47.4,25682,331,112,-887,39.6902,13.0742
47.8,26411,322,123,-906,39.6877,13.0631
48.8,25579,328,136,-889,39.6787,13.0484
46.9,25575,329,125,-889,39.6898,13.0544
50.4,26430,331,131,-872,39.6789,13.0641
49.0,26656,331,125,-904,39.6851,13.0513
44.9,25466,326,130,-934,39.6723,13.0000
45.8,26156,325,133,-965,39.6877,13.0557
50.2,26124,330,113,-837,39.6799,13.0011
47.4,26323,326,125,-908,39.6754,13.0084
45.9,25504,322,137,-938,39.6924,13.0713
47.5,26681,330,135,-933,39.6802,13.0400
42.8,26818,326,140,-1057,39.6819,13.0205
42.5,25686,331,140,-1016,39.6843,12.9961
49.8,26488,327,138,-903,39.6941,13.0829
52.7,26333,326,98,-790,39.6925,13.0920
47.0,26666,322,123,-929,39.6961,13.0834
47.4,26318,326,129,-925,39.6909,13.0798
42.8,25324,327,132,-1007,39.6945,13.0729
47.1,25333,323,120,-897,39.6912,13.0360
47.4,25593,328,109,-866,39.6814,13.0287
50.0,25102,329,131,-843,39.6900,13.0812
46.3,26399,325,114,-923,39.7003,13.0651
50.0,26009,330,131,-865,39.6950,13.0898
50.2,26849,325,103,-842,39.6870,13.0319
43.6,25381,322,114,-956,39.7052,13.0720
47.4,26626,326,129,-946,39.6978,13.0891
48.4,25947,323,127,-885,39.6833,13.0191
47.8,26010,324,118,-888,39.6889,13.0360
45.7,24966,325,137,-938,39.6955,13.0836
44.5,25810,330,118,-942,39.6818,13.0309
54.2,26553,332,96,-783,39.6900,13.0421
44.6,26479,325,126,-981,39.6975,13.0857
44.9,26442,328,124,-965,39.6852,13.0255
47.8,26357,325,113,-892,39.6866,13.0249
47.1,24991,331,136,-902,39.6857,13.0289
48.0,25189,329,145,-904,39.6693,13.0020
50.1,25900,327,113,-835,39.6761,12.9970
49.0,26705,322,110,-888,39.6870,13.0299
52.9,26687,323,114,-803,39.6850,13.0532
45.6,25426,331,138,-949,39.6884,13.0798
48.6,25531,326,126,-884,39.6750,13.0293
44.2,25520,323,113,-937,39.6963,13.0689
47.7,25292,322,126,-899,39.7023,13.0830
48.6,25974,328,135,-893,39.6850,13.0246
51.3,26290,329,112,-823,39.6898,13.0902
45.4,25946,331,121,-919,39.6984,13.0635
45.2,26653,323,129,-978,39.6816,12.9978
44.9,25034,323,108,-884,39.6902,13.0190
49.7,26212,328,104,-832,39.6791,13.0071
45.9,26739,329,120,-935,39.6737,12.9994
44.1,26175,331,134,-1002,39.6871,13.0141
44.5,26696,329,146,-1015,39.6892,13.0652
46.1,25035,326,108,-871,39.6879,13.0603
46.8,25594,322,126,-909,39.6924,13.0660
43.6,25925,323,115,-966,39.6926,13.0803
49.5,25817,327,107,-832,39.6919,13.0371
52.1,25134,330,112,-779,39.6732,13.0182
49.1,25461,329,123,-849,39.6696,13.0053
50.0,26171,325,101,-836,39.6873,13.0414
52.3,26396,329,123,-827,39.6913,13.0901
50.1,25202,324,133,-850,39.6819,13.0145
44.4,25554,328,121,-958,39.6952,13.0798
47.3,26623,324,105,-886,39.6922,13.0560
52.2,25881,327,114,-816,39.6773,13.0077
42.6,26524,330,143,-1043,39.6983,13.0893
45.9,26322,326,116,-929,39.6914,13.0301
50.9,25843,323,114,-843,39.6898,13.0706
49.2,25015,329,121,-831,39.6870,13.0744
48.1,25956,328,123,-902,39.6793,13.0358
46.6,26517,325,121,-923,39.6905,13.0669
51.0,25282,328,134,-834,39.6790,13.0265
49.2,26803,325,115,-881,39.6819,13.0448
49.6,25208,328,106,-823,39.6965,13.0838
52.2,25598,331,109,-788,39.6828,13.0462
44.2,25051,329,139,-947,39.6849,13.0603
42.5,25476,327,117,-981,39.6914,13.0580
52.5,26131,326,104,-790,39.6981,13.0788
50.8,25598,329,118,-820,39.6785,13.0299
51.4,26858,328,97,-815,39.6920,13.0729
42.5,25924,329,137,-1023,39.6913,13.0284
44.4,25735,324,125,-973,39.6868,13.0520
44.8,25563,329,112,-926,39.6826,13.0262
44.8,25103,329,122,-917,39.6944,13.0449
45.1,26706,327,138,-1001,39.6980,13.0689
48.5,26916,325,111,-902,39.6854,13.0488
45.9,26337,324,118,-933,39.6819,13.0187
51.1,26693,332,116,-841,39.6919,13.0597
47.8,25939,325,127,-896,39.6857,13.0226
43.0,25224,331,127,-986,39.6858,13.0485
52.0,26073,324,117,-825,39.6880,13.0911
41.6,24978,324,124,-1001,39.6942,13.0340
52.7,26236,330,115,-823,39.6930,13.0773
50.1,26584,322,128,-891,39.6910,13.0667
46.4,25206,329,117,-881,39.6970,13.0722
42.1,25444,323,121,-1001,39.6827,13.0328
46.2,26159,324,106,-906,39.6897,13.0182
47.3,25406,323,122,-893,39.6907,13.0448
45.9,25527,329,133,-935,39.6735,13.0174
52.6,26800,326,106,-815,39.6900,13.0907
49.7,25068,325,123,-831,39.6831,13.0279
48.2,26651,324,138,-929,39.6836,13.0531
41.8,25047,329,138,-1021,39.6962,13.0844
45.3,25993,326,114,-917,39.6803,13.0191
47.7,25907,327,124,-880,39.6838,13.0164
51.8,25421,325,108,-792,39.6795,13.0367
48.0,25930,325,102,-865,39.6853,13.0471
51.4,26675,322,126,-857,39.6690,13.0015
52.6,26576,327,118,-823,39.6798,13.0596
51.0,24942,323,118,-802,39.6825,13.0612
43.1,25719,327,120,-985,39.6969,13.0482
44.1,25624,330,118,-948,39.6789,13.0038
43.8,25771,331,104,-934,39.6880,13.0372
43.5,24969,332,117,-926,39.6753,13.0015
47.9,26222,331,143,-932,39.6685,13.0020
43.6,25139,330,135,-956,39.6926,13.0457
45.3,25915,329,134,-962,39.6873,13.0437
47.0,26367,330,126,-940,39.6946,13.0787
43.9,26425,324,113,-976,39.6964,13.0775
47.8,25099,324,138,-899,39.6833,13.0232
44.8,26136,331,126,-976,39.6887,13.0563
47.1,25097,326,112,-877,39.6939,13.0559
44.7,26770,331,143,-1007,39.6872,13.0226
49.1,26779,327,123,-907,39.6791,13.0230
44.0,25895,332,130,-965,39.6864,13.0575
46.2,25885,330,125,-922,39.6852,13.0283
46.3,25297,330,128,-906,39.6745,13.0037
48.3,26370,332,134,-915,39.6834,13.0206
52.5,26146,324,91,-784,39.6934,13.0642
45.1,26012,327,112,-918,39.7015,13.0892
44.0,25082,323,112,-935,39.6930,13.0643
48.0,26269,331,147,-934,39.6696,13.0214
42.4,25466,327,134,-990,39.6875,13.0591
50.7,25398,329,131,-844,39.6814,13.0626
47.0,25091,325,121,-880,39.6876,13.0407
52.9,26695,323,117,-840,39.6918,13.0732
46.7,26213,330,140,-955,39.6922,13.0657
46.8,26794,326,125,-945,39.6791,13.0302
45.7,25919,331,108,-902,39.6820,13.0354
51.0,26654,323,117,-839,39.6731,13.0019
43.1,26843,323,135,-1039,39.7008,13.0785
48.4,25477,329,118,-867,39.6872,13.0194
49.0,26706,326,112,-884,39.6777,13.0205
50.8,25460,331,132,-833,39.6852,13.0720
52.1,26468,325,132,-843,39.6694,13.0244
46.1,25333,324,132,-922,39.6871,13.0416
45.7,26372,325,123,-944,39.6879,13.0291
50.9,25995,328,105,-814,39.6931,13.0748
46.8,26208,323,128,-920,39.6837,13.0650
45.9,25394,329,99,-879,39.6817,13.0065
47.5,26737,328,112,-907,39.6943,13.0927
49.1,25358,330,135,-869,39.6755,13.0417
49.6,26546,324,125,-882,39.6913,13.0858
48.8,25421,323,108,-832,39.6813,13.0410
47.7,26183,325,111,-894,39.6757,13.0174
45.1,26467,327,117,-937,39.6913,13.0271
48.7,25357,329,114,-860,39.6924,13.0594
43.2,25399,329,109,-930,39.6909,13.0480
48.7,25501,329,128,-870,39.6889,13.0644
49.1,25169,331,124,-833,39.6750,13.0318
47.4,25874,331,107,-883,39.6892,13.0253
50.1,25636,327,116,-822,39.6962,13.0698
48.4,26752,322,110,-873,39.6893,13.0714
50.0,26918,331,123,-899,39.6822,13.0578
51.8,25348,324,109,-807,39.6944,13.0816
43.6,25720,325,112,-945,39.6832,13.0225
46.1,25633,324,111,-892,39.6786,13.0180
48.1,25923,331,106,-854,39.6949,13.0658
48.2,25977,332,143,-912,39.6786,13.0448
44.0,26559,328,119,-994,39.6945,13.0465
48.1,26850,324,136,-938,39.6716,13.0225
50.1,26822,328,103,-847,39.6761,13.0180
46.9,25235,329,137,-910,39.6813,13.0118
47.7,26658,327,127,-931,39.6890,13.0595
43.4,26119,326,121,-973,39.6764,13.0101
50.7,26320,322,121,-865,39.6823,13.0620
48.4,26196,329,112,-880,39.6915,13.0718
46.2,26263,326,106,-917,39.6947,13.0796
44.4,26201,328,102,-932,39.6766,13.0052
48.3,25452,328,109,-855,39.7010,13.0860
50.9,26591,324,104,-843,39.6914,13.0579
43.2,25677,322,130,-991,39.6743,13.0044
42.9,25939,327,131,-1021,39.6934,13.0326
45.0,26328,328,123,-941,39.7007,13.0877
46.9,25333,325,147,-925,39.6778,12.9983
52.3,26024,325,115,-817,39.6782,13.0440
45.9,25206,331,131,-923,39.6758,13.0149
46.1,26198,327,135,-951,39.6756,13.0081
47.2,25887,327,113,-896,39.6730,13.0042
51.8,25497,331,117,-813,39.6900,13.0747
46.5,25541,323,123,-913,39.6944,13.0684
43.6,25248,330,115,-925,39.6766,12.9979
44.6,25310,322,114,-910,39.6968,13.0661
44.0,25985,331,113,-961,39.6807,12.9989
44.5,25518,324,140,-971,39.6940,13.0631
50.3,26019,323,129,-881,39.6945,13.0921
46.9,25342,324,115,-871,39.6807,13.0354
51.6,26117,332,119,-819,39.6909,13.0784
47.3,25834,323,126,-901,39.6951,13.0610
44.1,24984,332,139,-967,39.6958,13.0931
45.4,25510,331,124,-935,39.6947,13.0800
43.0,25856,325,138,-1002,39.6986,13.0855
49.2,25046,323,122,-835,39.6789,13.0410
47.0,25565,326,114,-882,39.7030,13.0834
47.6,26001,322,111,-873,39.6861,13.0390
43.7,26116,331,130,-987,39.6823,13.0079
46.3,26178,329,131,-952,39.6788,13.0316
43.9,24995,325,127,-957,39.6815,13.0186
49.8,26180,331,107,-851,39.6943,13.0591
43.5,26443,329,120,-979,39.6913,13.0774
49.6,26046,331,141,-885,39.6734,13.0274
47.5,25674,323,123,-907,39.6833,13.0133
47.9,26641,331,116,-897,39.6931,13.0565
44.2,25286,326,128,-937,39.6822,13.0088
47.2,25838,324,108,-879,39.6954,13.0696
53.0,26420,328,119,-813,39.6732,13.0022
44.7,26405,332,103,-917,39.6962,13.0587
45.4,25880,325,128,-936,39.6755,13.0222
41.8,25594,332,148,-1041,39.6913,13.0577
51.8,25931,324,110,-811,39.6835,13.0216
42.8,25106,330,143,-997,39.6795,13.0192
49.5,25349,328,112,-843,39.6958,13.0624
46.4,26068,329,125,-914,39.6993,13.0881
45.9,25456,329,124,-906,39.6823,13.0016
44.9,25521,328,116,-929,39.6920,13.0231
42.0,25679,323,137,-1029,39.6859,12.9962
49.6,26045,331,108,-835,39.6780,13.0118
48.7,26476,325,121,-895,39.6830,13.0070
52.0,26191,324,132,-841,39.6649,13.0025
43.8,25913,323,114,-942,39.6804,13.0200
46.9,26239,326,101,-895,39.6860,13.0540
49.4,25937,330,123,-872,39.6936,13.0590
42.6,25399,324,128,-973,39.6796,13.0046
48.4,26894,329,137,-926,39.6818,13.0266
46.4,25492,327,109,-866,39.6793,13.0205
53.6,26545,328,114,-790,39.6897,13.0817
44.3,25916,331,142,-997,39.6927,13.0830
43.6,25982,332,118,-969,39.6815,13.0297
48.7,26714,329,118,-890,39.6972,13.0697
48.7,25457,325,138,-877,39.6722,13.0142
46.5,25355,330,148,-937,39.6890,13.0777
49.0,26774,326,143,-928,39.6788,13.0345
45.0,26299,325,124,-962,39.6943,13.0724
53.9,26867,325,119,-803,39.6891,13.0824
47.9,25453,327,128,-900,39.6916,13.0873
48.8,26772,332,113,-873,39.6979,13.0789
46.2,24955,330,132,-904,39.6860,13.0571
46.3,26782,326,116,-935,39.6885,13.0174
48.3,25679,323,143,-910,39.6884,13.0655
44.1,26206,327,142,-1007,39.6855,13.0230
42.8,26054,323,132,-1012,39.6934,13.0647
42.2,25092,327,129,-999,39.6976,13.0800
44.5,25159,324,117,-930,39.6831,13.0004
46.1,26295,323,117,-923,39.6805,13.0276
52.0,25789,322,105,-790,39.6909,13.0398
49.8,25959,331,113,-841,39.6907,13.0523
45.6,24974,322,124,-902,39.6895,13.0421
44.4,26851,324,146,-1023,39.6810,13.0457
45.3,26534,324,107,-934,39.6914,13.0445
46.4,26421,325,124,-931,39.6901,13.0417
50.0,24945,331,121,-817,39.6887,13.0399
44.4,25302,331,107,-909,39.6935,13.0710
48.4,25398,324,122,-854,39.6902,13.0933
47.7,25562,332,126,-873,39.6854,13.0504
47.9,25514,329,106,-864,39.6858,13.0497
45.5,26573,328,123,-974,39.6735,13.0029
50.2,26710,326,123,-889,39.6938,13.0835
45.6,26585,324,101,-927,39.6781,13.0062
43.3,25947,332,145,-1024,39.6839,13.0436
48.2,25108,332,121,-855,39.6903,13.0413
46.4,25106,329,122,-903,39.6963,13.0667
52.6,25634,327,106,-781,39.6913,13.0545
46.1,25348,324,124,-908,39.6863,13.0137
43.6,26699,329,134,-1031,39.6908,13.0742
51.1,26505,331,104,-833,39.6858,13.0679
45.6,26823,326,100,-935,39.6971,13.0876
49.7,25279,331,129,-854,39.6830,13.0474
45.5,25087,331,125,-920,39.6881,13.0638
47.6,25988,325,133,-907,39.6928,13.0939
43.3,25740,327,129,-1000,39.6921,13.0714
48.6,26488,324,125,-916,39.6910,13.0577
43.7,26301,324,121,-965,39.6903,13.0446
48.2,25699,323,120,-870,39.6769,13.0191
49.4,26398,328,120,-868,39.6891,13.0678
47.7,26365,326,117,-908,39.6760,13.0105
49.0,26279,327,132,-896,39.6905,13.0860
51.1,25230,328,106,-792,39.6993,13.0841
51.8,26901,331,113,-830,39.6830,13.0248
52.1,26796,322,118,-852,39.6695,13.0014
42.2,25868,324,137,-1025,39.6913,13.0368
45.6,25893,330,121,-923,39.6809,13.0369
49.0,25486,325,133,-867,39.6846,13.0398
43.8,26299,331,119,-982,39.6941,13.0867
52.5,26515,328,108,-811,39.6898,13.0487
51.5,25994,330,117,-831,39.6835,13.0474
43.7,24994,324,130,-949,39.6880,13.0697
49.4,26740,325,120,-893,39.6760,13.0334
52.9,26142,326,117,-801,39.6795,13.0329
43.8,25197,329,109,-916,39.6985,13.0496
45.1,26887,324,112,-943,39.6831,13.0478
49.5,26146,329,138,-886,39.6809,13.0534
44.5,25657,323,132,-961,39.6900,13.0554
47.3,25370,330,119,-862,39.6984,13.0794
43.1,25609,327,115,-970,39.6956,13.0747
52.3,25633,325,107,-793,39.6976,13.0721
52.2,26333,328,109,-809,39.6982,13.0837
44.7,25057,330,108,-906,39.6873,13.0460
45.2,26882,324,120,-979,39.6921,13.0704
44.8,26829,327,114,-972,39.6864,13.0157
50.9,25280,325,111,-816,39.6889,13.0338
45.9,25106,325,135,-929,39.7022,13.0878
48.4,26546,323,110,-873,39.6763,13.0000
43.0,26396,330,131,-1032,39.6801,13.0332
46.4,26763,324,132,-967,39.6793,13.0314
46.1,25387,331,133,-926,39.6930,13.0845
46.7,26066,328,109,-910,39.6887,13.0570
48.2,26678,330,129,-927,39.6860,13.0691
43.2,26470,331,138,-1033,39.6908,13.0259
45.8,25620,332,106,-901,39.6876,13.0527
42.3,25077,331,133,-996,39.6993,13.0669
47.0,26225,330,128,-921,39.6754,13.0144
51.4,24998,331,108,-795,39.6966,13.0660
47.9,25577,328,103,-847,39.6922,13.0715
50.5,25408,326,103,-809,39.6816,13.0070
44.8,25959,323,116,-954,39.6890,13.0296
45.3,25765,331,116,-935,39.6781,13.0118
48.3,26201,322,115,-865,39.6779,13.0103
45.0,25798,322,116,-949,39.6994,13.0859
47.9,26910,326,123,-913,39.6808,13.0351
48.6,24940,323,133,-866,39.6769,13.0306
43.2,25000,326,133,-975,39.6797,13.0013
48.0,25661,324,109,-851,39.6907,13.0301
46.6,26405,328,116,-919,39.6948,13.0661
44.4,26791,322,110,-968,39.6994,13.0593
44.7,25561,325,131,-954,39.6944,13.0882
44.7,26375,329,140,-988,39.6797,13.0377
49.5,26363,330,120,-878,39.6877,13.0605
42.9,25403,325,129,-999,39.6832,13.0223
46.7,26039,329,116,-887,39.6784,13.0322
42.7,25139,325,143,-997,39.6955,13.0760
46.6,26650,325,127,-943,39.6870,13.0586
48.9,24986,328,135,-856,39.6710,13.0217
49.8,24965,328,131,-841,39.6796,13.0168
45.8,25367,323,117,-910,39.6798,13.0012
43.3,26104,326,114,-974,39.7063,13.0823
50.8,26918,331,97,-840,39.6895,13.0557
47.5,25444,330,117,-865,39.6999,13.0738
50.9,25928,330,113,-837,39.6892,13.0735
44.5,26303,324,122,-963,39.7013,13.0872
46.4,25505,322,123,-898,39.6891,13.0640
51.5,26455,323,111,-832,39.6792,13.0276
48.0,25427,328,97,-841,39.6864,13.0285
47.7,25016,325,127,-868,39.6845,13.0150
49.3,25307,327,107,-822,39.6822,13.0206
43.5,25685,328,132,-976,39.6883,13.0675
46.1,25136,323,110,-892,39.6875,13.0073
44.2,26753,324,112,-978,39.6913,13.0170
46.4,25018,323,120,-878,39.6728,13.0031
45.7,25190,322,126,-908,39.6929,13.0507
43.6,26745,328,133,-1037,39.6967,13.0690
50.8,26641,331,105,-833,39.6934,13.0665
46.5,25053,331,139,-909,39.6834,13.0687
41.9,25389,330,135,-1009,39.6798,13.0065
50.3,25785,330,94,-806,39.6920,13.0546
47.3,26751,329,112,-910,39.6908,13.0428
47.5,25477,324,119,-863,39.6933,13.0942
48.4,25744,322,134,-891,39.6848,13.0396
48.6,25672,323,108,-853,39.6829,13.0481
47.8,26235,331,128,-918,39.6789,12.9974
46.4,26606,329,123,-924,39.6829,13.0171
46.6,25450,327,125,-918,39.6901,13.0669
46.7,26109,326,122,-921,39.6905,13.0497
44.3,26216,327,109,-927,39.6915,13.0389
50.5,26241,322,109,-837,39.6852,13.0184
47.8,26282,330,102,-881,39.7003,13.0729
51.3,26245,327,135,-874,39.6666,13.0057
49.3,26134,331,128,-880,39.6922,13.0616
44.6,24943,330,105,-898,39.6969,13.0417
53.3,26657,327,115,-795,39.6765,13.0390
41.5,25048,328,142,-1031,39.6931,13.0528
50.0,25240,332,112,-810,39.6775,13.0099
44.5,25683,327,131,-973,39.6764,13.0038
46.1,25782,327,130,-931,39.6837,13.0284
44.5,26086,331,116,-929,39.6804,13.0229
49.1,25886,330,102,-845,39.6929,13.0619
46.4,25793,324,110,-883,39.6842,13.0290
42.9,25917,326,142,-1029,39.6764,13.0127
44.1,25576,323,100,-912,39.6848,13.0152
47.1,26051,329,138,-919,39.6705,13.0111
44.1,26052,328,132,-974,39.6934,13.0912
45.6,25059,324,124,-913,39.6862,13.0032
46.0,24947,325,110,-883,39.6900,13.0613
49.4,24948,326,122,-831,39.6785,13.0448
43.6,25857,324,130,-980,39.6791,13.0085
44.7,25588,324,121,-925,39.6925,13.0339
50.9,25941,327,117,-844,39.6934,13.0752
49.2,25102,328,140,-864,39.6862,13.0617
41.4,25086,323,144,-1023,39.7036,13.0846
50.5,25732,325,128,-846,39.6912,13.0920
47.7,25729,323,121,-876,39.6953,13.0683
52.3,25757,324,113,-790,39.6817,13.0280
49.0,25086,325,134,-854,39.6861,13.0365
43.8,26097,329,115,-979,39.6764,12.9995
53.0,26831,323,110,-823,39.6808,13.0019
45.3,26468,324,124,-968,39.6869,13.0080
51.4,25239,324,121,-818,39.6830,13.0678
45.2,25428,326,117,-900,39.6889,13.0651
44.6,26754,326,111,-956,39.6808,13.0091
49.5,26620,328,108,-872,39.6938,13.0539
50.1,25008,324,117,-820,39.6991,13.0906
52.7,26176,327,113,-802,39.6833,13.0501
45.1,25588,324,126,-949,39.6909,13.0520
49.4,26864,329,100,-857,39.6901,13.0246
49.1,26444,324,133,-917,39.6817,13.0508
46.4,25802,323,132,-920,39.6966,13.0915
50.7,25021,325,118,-818,39.6794,12.9948
49.2,26121,326,132,-902,39.6823,13.0136
52.0,26709,323,120,-854,39.6911,13.0628
50.0,25571,331,111,-829,39.6849,13.0188
47.1,25558,327,114,-873,39.6912,13.0397
45.9,25416,328,142,-938,39.6810,13.0387
52.4,25937,322,122,-810,39.6882,13.0528
45.3,26440,324,124,-954,39.6887,13.0600
47.7,25874,327,124,-903,39.6758,12.9974
49.8,26043,324,134,-884,39.6894,13.0450
47.7,26920,328,121,-933,39.6752,13.0006
42.2,25871,327,134,-1030,39.6953,13.0662
44.0,26476,325,135,-1008,39.6856,13.0205
46.7,25533,325,123,-885,39.6825,13.0141
45.1,26719,325,106,-953,39.6905,13.0128
43.4,26220,325,129,-1002,39.6916,13.0814
45.4,26598,329,113,-926,39.6806,13.0231
45.4,25108,323,128,-921,39.6936,13.0661
51.4,25535,330,114,-809,39.6812,13.0371
46.2,26431,327,125,-953,39.6900,13.0525
50.7,25237,329,112,-802,39.6827,13.0615
48.0,26421,322,119,-898,39.6841,13.0366
44.6,25017,323,140,-948,39.6937,13.0675
47.1,25208,324,120,-888,39.6849,13.0312
42.4,24960,327,135,-988,39.6861,13.0521
42.3,25179,327,114,-974,39.6833,12.9972
43.5,24991,329,112,-936,39.6864,13.0019
44.1,26265,331,141,-994,39.6855,13.0171
47.7,25475,323,141,-913,39.6797,13.0344
47.3,25116,322,124,-887,39.6897,13.0331
44.2,26605,328,121,-994,39.6938,13.0811
43.5,25735,322,122,-963,39.6895,13.0147
44.5,25113,323,117,-902,39.6873,13.0513
48.8,26294,325,117,-868,39.6949,13.0603
48.5,26642,323,128,-914,39.6804,13.0556
46.3,26599,331,118,-945,39.6968,13.0870
52.8,26821,325,104,-799,39.6816,13.0313
44.3,26613,325,117,-986,39.6822,12.9931
50.4,26286,327,127,-863,39.6859,13.0761
43.9,25370,329,111,-925,39.6911,13.0252
42.2,25690,326,127,-1018,39.6873,13.0045
50.8,25201,331,134,-844,39.6771,13.0229
46.2,26115,323,134,-954,39.6821,13.0421
51.1,26853,326,131,-875,39.6769,12.9996
45.6,26108,331,119,-946,39.6983,13.0739
45.9,25253,330,139,-917,39.6843,13.0449
44.2,26099,328,115,-965,39.6960,13.0566
44.0,25427,331,115,-941,39.6885,13.0387
44.3,25053,324,133,-948,39.6721,13.0009
47.8,24942,325,111,-843,39.6948,13.0738
42.3,25983,330,137,-1028,39.6912,13.0249
47.4,25404,324,119,-893,39.6867,13.0221
49.5,25985,326,117,-865,39.6917,13.0591
51.9,26737,326,122,-841,39.6826,13.0430
43.7,26772,328,148,-1046,39.6875,13.0317
45.5,25518,325,122,-910,39.6924,13.0588
44.1,26406,327,122,-998,39.6972,13.0726
44.9,26611,326,119,-961,39.6847,13.0477
43.7,26038,329,128,-984,39.6966,13.0891
47.3,26476,327,126,-923,39.6973,13.0896
47.8,26877,328,121,-938,39.6739,13.0076
47.5,25760,332,114,-877,39.6896,13.0537
43.7,25870,322,110,-956,39.7029,13.0810
42.4,25271,327,152,-1026,39.6931,13.0711
46.0,25816,325,112,-918,39.6790,13.0066
50.5,26195,324,126,-854,39.6865,13.0913
53.5,26769,331,114,-816,39.6768,13.0545
46.8,26152,329,131,-918,39.6833,13.0300
43.2,26000,324,139,-1017,39.6769,13.0120
51.6,25876,327,121,-836,39.6789,13.0324
50.1,26450,325,123,-875,39.6797,13.0121
45.8,25498,326,120,-899,39.6925,13.0365
43.4,25547,324,143,-1001,39.6881,13.0730
51.1,26638,322,104,-844,39.6851,13.0522
41.4,25128,327,138,-1022,39.7005,13.0693
51.9,26332,328,128,-851,39.6911,13.0887
42.2,25091,329,125,-973,39.6786,13.0023
46.4,25007,330,119,-881,39.6948,13.0897
53.2,26366,324,110,-791,39.6760,13.0478
43.1,26107,329,120,-995,39.6966,13.0493
47.7,25976,329,133,-915,39.6756,13.0358
49.0,25729,324,112,-854,39.6806,13.0267
51.5,26843,328,124,-849,39.6925,13.0654
42.7,25700,323,126,-1006,39.6886,13.0046
46.8,26836,329,129,-938,39.6878,13.0763
49.1,26500,330,110,-849,39.6881,13.0772
47.5,26656,326,135,-946,39.6862,13.0729
45.6,26258,329,130,-942,39.6869,13.0739
44.4,26300,331,116,-957,39.6783,12.9979
51.5,26387,323,115,-847,39.6835,13.0315
43.7,26673,325,128,-1015,39.6911,13.0539
43.3,25100,324,129,-965,39.6790,13.0233
49.7,26275,328,129,-870,39.6717,13.0105
51.0,26498,324,130,-861,39.6740,13.0048
47.7,26057,322,102,-872,39.6844,13.0118
46.7,25308,331,127,-901,39.6780,13.0109
47.7,25938,331,143,-924,39.6859,13.0597
50.7,25301,327,122,-826,39.6916,13.0833
52.6,26126,324,115,-814,39.6783,13.0170
43.9,25552,323,145,-989,39.6832,13.0143
45.8,25990,326,111,-900,39.6884,13.0118
52.6,26888,327,134,-851,39.6790,13.0521
43.8,24955,329,127,-955,39.6896,13.0227
51.7,26162,328,123,-835,39.6746,13.0306
43.6,26042,325,120,-965,39.6859,13.0274
49.3,26387,322,128,-889,39.6919,13.0830
45.6,26751,322,124,-976,39.6823,13.0105
44.1,25417,331,140,-992,39.6919,13.0688
48.3,25095,323,137,-881,39.6921,13.0926
42.7,25146,324,135,-994,39.6929,13.0461
50.8,25731,326,126,-855,39.6767,13.0483
44.6,26455,323,141,-1002,39.6896,13.0882
51.2,26062,326,131,-842,39.6836,13.0531
51.5,25104,327,125,-810,39.6910,13.0707
48.6,26178,325,131,-889,39.6741,13.0317
48.5,26404,327,129,-918,39.6964,13.0834
48.6,26393,325,99,-865,39.6899,13.0768
48.2,24944,324,95,-823,39.6921,13.0600
51.3,26569,324,109,-816,39.6789,13.0168
50.2,26154,329,123,-849,39.6834,13.0464
50.2,25054,332,122,-823,39.6832,13.0481
50.0,26641,331,121,-867,39.6760,13.0005
48.7,25032,323,107,-836,39.6799,13.0381
48.6,25317,330,130,-861,39.6944,13.0772
46.6,25210,323,102,-864,39.6955,13.0609
47.1,25849,328,123,-902,39.6999,13.0843
47.5,26790,326,129,-933,39.6774,13.0317
51.5,26097,327,123,-854,39.6951,13.0712
47.1,26467,323,135,-938,39.6894,13.0481
51.4,26163,332,127,-845,39.6762,13.0576
45.4,25172,323,99,-878,39.6941,13.0773
48.7,26605,327,111,-869,39.6857,13.0412
43.1,25018,323,139,-985,39.6857,13.0267
46.9,26925,323,115,-927,39.6920,13.0354
41.9,25489,325,127,-1017,39.6840,12.9977
42.8,26301,326,133,-1028,39.6858,13.0302
48.9,26883,328,119,-892,39.6875,13.0609
51.9,25240,331,120,-788,39.6782,13.0513
51.4,25674,324,116,-816,39.6765,13.0192
48.3,25185,330,120,-864,39.6873,13.0790
50.7,26212,327,123,-858,39.6884,13.0876
51.3,25282,323,128,-822,39.6767,13.0503
43.7,26348,322,114,-963,39.6916,13.0424
47.5,26774,324,107,-913,39.6816,13.0321
48.6,25354,328,126,-868,39.6799,13.0007
42.5,25704,325,147,-1032,39.7012,13.0881
48.3,26377,323,129,-913,39.6774,13.0050
49.0,26452,331,116,-858,39.6844,13.0238
51.1,26852,330,99,-836,39.6755,13.0200
48.2,24961,330,141,-873,39.6740,13.0154
49.3,26142,330,133,-892,39.6866,13.0620
44.3,24979,327,137,-953,39.6883,13.0494
45.0,25688,327,122,-937,39.6797,13.0125
47.4,25489,324,127,-889,39.6848,13.0264
49.5,25058,324,140,-868,39.6781,13.0416
47.1,26745,329,142,-956,39.6860,13.0783
47.4,25779,327,111,-864,39.6985,13.0699
42.5,25032,325,130,-991,39.6750,12.9953
49.4,25129,328,100,-810,39.6789,13.0229
43.6,25607,331,118,-946,39.6895,13.0249
46.2,26266,326,131,-934,39.6932,13.0627
43.7,26074,332,114,-953,39.7012,13.0754
47.7,25704,328,121,-901,39.6892,13.0486
51.5,26699,322,125,-854,39.6937,13.0744
48.4,25147,322,124,-863,39.6869,13.0401
43.6,26228,331,114,-963,39.7040,13.0729
50.6,26554,330,110,-848,39.6893,13.0754
49.4,24992,322,127,-863,39.6786,13.0043
50.3,25600,323,114,-832,39.6869,13.0267
50.0,26047,328,116,-853,39.6833,13.0269
47.0,25761,331,118,-876,39.6921,13.0661
48.2,25363,327,128,-886,39.6868,13.0433
47.2,25469,331,144,-911,39.6923,13.0736
50.8,26697,325,102,-836,39.6903,13.0424
43.7,25080,326,128,-967,39.6827,13.0333
43.3,26660,324,123,-1006,39.6988,13.0877
44.1,25789,322,148,-1002,39.6937,13.0872
43.1,25004,329,130,-970,39.7035,13.0890
46.8,25671,327,138,-927,39.6886,13.0378
47.4,26660,331,134,-942,39.6777,13.0457
43.7,25194,328,131,-954,39.6820,13.0358
43.8,24970,325,109,-915,39.6860,13.0216
43.6,24953,329,125,-938,39.6892,13.0708
44.3,25497,330,137,-984,39.6908,13.0316
43.5,25415,328,121,-966,39.7008,13.0886
48.2,25814,323,118,-886,39.6953,13.0766
43.3,26028,323,133,-1001,39.6846,12.9917
49.1,26506,324,125,-878,39.6928,13.0941
43.7,25226,329,127,-951,39.6886,13.0146
52.3,26662,325,111,-812,39.6746,13.0316
43.7,25451,324,126,-972,39.6981,13.0808
49.9,25398,329,119,-826,39.6858,13.0675
44.9,25833,324,125,-947,39.6978,13.0716
47.6,26725,332,135,-930,39.6789,13.0242
44.7,26278,328,115,-959,39.6781,13.0008
50.8,26631,329,108,-844,39.6806,12.9993
45.0,25131,325,114,-918,39.6934,13.0745
49.0,25240,323,103,-832,39.6808,13.0045
43.0,25826,327,140,-1005,39.6769,13.0137
43.1,25035,328,128,-976,39.6968,13.0543
48.0,25875,322,128,-918,39.6847,13.0256
45.8,25897,323,131,-953,39.6854,13.0298
44.8,26507,323,128,-973,39.6819,13.0029
46.5,25891,326,120,-923,39.6867,13.0366
51.2,26503,328,126,-866,39.6916,13.0838
44.9,26159,323,104,-935,39.6964,13.0880
44.4,26040,331,120,-943,39.7011,13.0722
45.0,25597,325,138,-958,39.6841,13.0307
48.6,25719,328,118,-868,39.6874,13.0497
42.4,26457,327,145,-1057,39.6812,13.0433
53.7,26367,322,103,-789,39.6919,13.0576
46.7,25715,327,110,-886,39.6959,13.0630
52.8,25479,330,106,-780,39.6777,13.0082
48.9,26836,329,115,-889,39.6874,13.0455
45.1,25567,329,134,-948,39.6924,13.0444
43.4,25387,331,129,-964,39.6807,13.0171
45.3,26827,327,138,-987,39.6818,13.0071
50.8,25273,330,124,-815,39.6854,13.0415
45.4,25994,326,118,-922,39.6911,13.0591
44.2,26196,331,130,-972,39.6895,13.0496
51.3,26637,329,129,-859,39.6842,13.0697
50.3,26926,329,118,-886,39.6746,13.0165
49.9,26261,328,118,-866,39.6834,13.0190
47.3,25717,323,135,-932,39.6847,13.0323
44.4,26747,328,115,-946,39.7028,13.0744
45.3,26422,324,140,-989,39.6898,13.0759
48.1,25504,328,123,-892,39.6875,13.0436
45.0,25168,326,122,-923,39.6964,13.0857
47.7,25492,328,125,-874,39.6887,13.0701
46.2,26175,329,134,-943,39.6877,13.0701
42.8,25228,326,115,-963,39.6864,12.9967
51.2,25464,326,117,-819,39.6856,13.0451
43.4,26196,329,122,-1000,39.6921,13.0273
42.0,25049,330,144,-1021,39.7013,13.0719
48.6,26482,329,117,-888,39.6785,13.0131
47.6,25238,325,120,-880,39.6844,13.0220
50.1,26508,326,132,-885,39.6879,13.0437
47.3,26717,326,123,-937,39.6882,13.0381
46.8,26671,325,105,-897,39.6931,13.0608
44.9,25996,330,120,-933,39.6751,13.0064
44.6,26164,327,124,-970,39.6794,13.0179
48.3,25590,325,118,-870,39.6772,13.0239
48.4,26475,327,131,-924,39.6957,13.0823
43.7,25170,332,135,-972,39.6959,13.0717
45.0,26244,331,117,-937,39.6837,13.0406
47.9,26242,329,127,-899,39.6901,13.0594
41.5,25158,326,142,-1021,39.7002,13.0826
46.3,26556,329,133,-943,39.6851,13.0736
50.0,26537,323,138,-893,39.6857,13.0521
50.6,25999,329,123,-854,39.6845,13.0359
48.5,25931,331,135,-899,39.6813,13.0407
49.6,25190,325,137,-869,39.6895,13.0557
49.2,26325,328,119,-882,39.6773,13.0340
51.2,26500,332,113,-830,39.6895,13.0853
52.5,26166,325,116,-813,39.6800,13.0246
45.9,26819,325,129,-977,39.6861,13.0371
45.2,25778,331,141,-982,39.6755,12.9971
48.3,25072,324,115,-843,39.6785,13.0228
44.0,26037,325,125,-991,39.6933,13.0829
43.0,25688,322,132,-987,39.6993,13.0670
43.6,25056,325,144,-976,39.6864,13.0298
50.0,26236,324,109,-839,39.6883,13.0798
44.9,26509,329,123,-966,39.6920,13.0364
47.6,26289,330,103,-881,39.6900,13.0794
43.5,25657,327,121,-975,39.6885,13.0164
43.7,26173,325,136,-992,39.6969,13.0870
49.8,26309,328,111,-852,39.6832,13.0327
47.9,26708,329,117,-919,39.6776,13.0251
46.8,25199,329,105,-869,39.6954,13.0489
50.7,26836,326,130,-881,39.6909,13.0765
48.5,26111,330,131,-897,39.6939,13.0675
50.6,25228,326,139,-849,39.6837,13.0342
51.2,26139,322,126,-852,39.6792,13.0258
44.8,25937,324,133,-969,39.6849,13.0609
47.4,24968,328,130,-894,39.6825,13.0146
50.0,26564,325,129,-871,39.6706,13.0018
45.0,26777,327,127,-996,39.6904,13.0820
43.1,26113,329,131,-1012,39.6876,13.0386
45.9,26732,326,127,-963,39.6880,13.0680
52.1,26528,330,103,-804,39.6792,13.0262
50.6,25442,329,133,-851,39.6743,13.0256
50.1,26799,331,120,-878,39.6837,13.0595
49.6,26363,331,108,-863,39.6947,13.0567
47.9,26047,325,122,-897,39.6980,13.0864
49.2,26360,328,126,-871,39.6757,13.0323
45.7,25634,329,153,-967,39.6777,13.0205
47.9,24938,329,143,-897,39.6849,13.0646
47.2,26107,332,115,-909,39.6725,13.0020
44.3,25166,327,105,-905,39.6958,13.0722
48.3,25018,328,133,-883,39.6859,13.0511
43.5,25247,324,128,-977,39.6977,13.0547
44.4,26343,328,120,-978,39.6927,13.0386
45.0,26134,332,129,-973,39.6916,13.0856
46.7,26671,327,107,-923,39.6939,13.0377
45.1,25334,328,121,-932,39.6896,13.0333
44.6,25723,325,132,-973,39.6788,13.0252
47.2,25185,329,102,-849,39.6973,13.0731
51.4,25520,330,127,-829,39.6840,13.0355
48.1,26299,332,115,-878,39.6901,13.0874
44.7,26745,331,116,-957,39.6985,13.0686
44.1,25473,322,99,-911,39.6905,13.0096
48.0,26170,327,115,-877,39.6857,13.0401
45.7,26139,329,130,-947,39.7041,13.0898
43.0,25759,325,125,-981,39.7029,13.0726
41.6,25597,326,148,-1060,39.6980,13.0804
44.2,25917,330,111,-936,39.6948,13.0816
44.2,25693,324,128,-963,39.6888,13.0616
45.9,26740,328,110,-918,39.6871,13.0649
47.7,25845,329,134,-906,39.6818,13.0247
51.3,26356,331,135,-881,39.6754,13.0332
45.0,26324,327,111,-941,39.6877,13.0040
41.6,25139,323,140,-1023,39.6898,13.0401
44.2,26017,329,119,-950,39.6907,13.0335
46.5,26587,330,106,-910,39.6940,13.0407
46.4,25460,323,99,-872,39.6891,13.0021
45.3,26630,331,125,-955,39.6923,13.0739
46.3,25554,323,139,-937,39.6849,13.0236
52.1,26014,324,113,-822,39.6699,13.0080
47.9,25874,331,118,-880,39.6815,13.0503
46.3,25501,330,116,-904,39.6964,13.0645
49.2,26042,328,118,-877,39.6791,12.9991
50.3,26129,330,114,-853,39.6721,13.0059
47.4,26843,322,110,-915,39.6821,13.0174
45.9,26411,328,112,-930,39.6803,13.0143
44.5,25871,328,108,-941,39.6908,13.0708
42.7,25589,325,134,-999,39.6857,13.0569
48.9,25133,327,128,-861,39.6740,13.0199
44.3,26278,325,110,-947,39.6890,13.0255
49.5,26012,327,132,-883,39.6869,13.0839
48.7,25022,329,137,-873,39.6817,13.0579
44.5,25416,324,116,-931,39.6775,13.0135
41.8,25080,330,133,-1001,39.6970,13.0469
44.4,25129,323,119,-910,39.6903,13.0527
44.5,26499,322,106,-943,39.6965,13.0343
42.3,25637,327,133,-1013,39.6813,13.0003
41.9,25570,324,143,-1032,39.6858,13.0344
47.0,25559,323,114,-886,39.6809,13.0388
45.5,26364,327,117,-941,39.6870,13.0419
43.2,25883,323,118,-993,39.6923,13.0262
45.9,25742,329,101,-888,39.6945,13.0623
50.6,26608,323,139,-892,39.6918,13.0793
44.4,26105,324,128,-969,39.6804,13.0134
52.2,25263,324,97,-765,39.6963,13.0862
45.6,26498,330,131,-955,39.6780,13.0174
51.8,26909,323,114,-835,39.6804,13.0437
43.1,24957,323,144,-987,39.6876,13.0255
48.2,26616,328,114,-898,39.7012,13.0818
53.0,26200,326,112,-795,39.6794,13.0142
51.2,25779,322,124,-840,39.6839,13.0352
45.9,25650,329,124,-922,39.6898,13.0750
43.1,25854,324,123,-997,39.6916,13.0317
51.1,26191,324,118,-826,39.6851,13.0345
48.4,25440,328,124,-856,39.6708,12.9987
48.2,24928,329,123,-852,39.6804,13.0241
44.7,26116,323,109,-940,39.6906,13.0377
50.1,26680,324,117,-873,39.6845,13.0630
48.3,25959,331,132,-887,39.6905,13.0791
48.0,25717,330,126,-893,39.6927,13.0539
43.8,26598,327,129,-991,39.6941,13.0731
43.6,26706,326,126,-1010,39.6800,13.0051
49.5,25420,330,110,-824,39.6799,13.0133
48.2,24956,322,140,-879,39.6910,13.0679
43.7,26395,324,108,-969,39.6800,13.0068
45.8,25036,323,135,-927,39.6783,13.0382
46.0,25802,329,144,-947,39.6830,13.0320
46.6,25481,330,108,-875,39.6904,13.0197
49.6,25675,327,118,-852,39.6755,13.0160
44.5,26902,324,138,-1017,39.6797,13.0259
45.5,26314,327,111,-930,39.7070,13.0896
50.0,26601,326,108,-851,39.6912,13.0384
50.3,26027,330,120,-856,39.6689,13.0065
50.6,25607,328,117,-814,39.6833,13.0233
43.5,25764,329,119,-971,39.7031,13.0828
45.2,25506,328,110,-909,39.6871,13.0483
51.2,26426,323,122,-854,39.6727,13.0131
50.1,25920,326,135,-874,39.6760,13.0372
50.1,25272,325,110,-824,39.6818,13.0380
50.2,26039,325,118,-864,39.6970,13.0834
49.6,25929,323,133,-887,39.6677,13.0039
48.8,25135,324,120,-853,39.6822,13.0260
50.8,25777,323,100,-801,39.6770,13.0224
43.8,26573,322,119,-1005,39.6839,13.0227
51.9,25977,328,106,-811,39.6806,13.0020
43.0,25075,325,118,-951,39.6998,13.0583
46.1,26023,325,126,-942,39.7010,13.0879
54.0,26873,327,103,-777,39.6832,13.0261
47.6,25774,322,117,-888,39.6872,13.0496
48.3,26189,329,102,-866,39.6925,13.0385
48.7,26390,328,121,-887,39.6781,13.0001
45.8,25323,330,109,-870,39.6781,13.0217
44.1,26594,330,135,-1002,39.6791,12.9965
45.3,25979,328,116,-940,39.6973,13.0712
44.5,25683,325,106,-929,39.6960,13.0647
43.5,26036,331,117,-980,39.6984,13.0515
51.4,25455,330,106,-804,39.6803,12.9979
51.5,26463,326,130,-859,39.6739,13.0041
44.6,26376,327,130,-999,39.6944,13.0873
45.3,24989,323,120,-901,39.6961,13.0569
44.2,26222,330,121,-948,39.6902,13.0582
45.2,26284,328,116,-947,39.6888,13.0387
52.7,26522,329,111,-806,39.6855,13.0328
48.3,26337,324,115,-886,39.6870,13.0544
44.3,26590,330,125,-985,39.6836,13.0406
44.4,25140,323,109,-908,39.7031,13.0786
45.2,25832,329,124,-943,39.6844,13.0016
47.0,26373,328,145,-945,39.6766,13.0404
47.0,26090,324,107,-884,39.6906,13.0439
51.3,25990,322,132,-861,39.6861,13.0458
45.1,26454,330,109,-943,39.6877,13.0347
42.4,26071,330,131,-1032,39.6818,13.0079
45.6,26322,325,123,-962,39.6800,13.0279
48.4,25064,325,127,-871,39.6761,13.0361
46.5,25568,329,133,-927,39.6846,13.0586
48.7,25874,327,133,-880,39.6790,13.0281
44.6,26493,323,128,-973,39.6882,13.0461
46.1,26667,327,131,-969,39.6976,13.0810
42.0,25628,324,135,-1028,39.6812,13.0232
45.0,25071,322,121,-915,39.6864,13.0547
42.5,26420,330,135,-1051,39.6973,13.0809
43.1,25012,323,126,-975,39.6998,13.0726
46.7,25456,325,138,-926,39.6803,13.0330
42.4,25704,330,141,-1006,39.6877,13.0261
49.9,25222,327,110,-822,39.6920,13.0756
49.3,26787,330,122,-876,39.6988,13.0850
45.8,25389,326,105,-882,39.7004,13.0712
48.9,26564,328,114,-862,39.6978,13.0779
48.7,26724,328,131,-907,39.6797,13.0354
50.2,26072,325,126,-856,39.6813,13.0122
51.1,25016,329,119,-802,39.6895,13.0532
43.9,25601,330,126,-957,39.6821,13.0185
43.6,24975,324,138,-967,39.6989,13.0643
42.2,25026,327,120,-966,39.6795,13.0156
45.3,26108,330,126,-949,39.6946,13.0897
43.7,25662,325,137,-982,39.6795,13.0246
49.1,26640,327,123,-895,39.6727,13.0190
43.1,26304,329,147,-1035,39.6928,13.0491
43.0,26132,324,132,-1020,39.6817,13.0133
52.3,26500,328,121,-849,39.6738,13.0092
45.0,25864,324,129,-956,39.6852,13.0457
50.0,25408,325,121,-833,39.6869,13.0726
43.7,26057,330,119,-965,39.6876,13.0539
45.2,25355,328,123,-929,39.6826,13.0319
49.7,24997,326,143,-859,39.6876,13.0587
54.3,26904,328,103,-791,39.6870,13.0753
52.3,26090,328,121,-822,39.6792,13.0211
52.2,26628,328,113,-828,39.6688,13.0112
45.7,25214,322,99,-872,39.6965,13.0635
48.2,26695,328,132,-919,39.6846,13.0677
50.9,26043,328,116,-831,39.6934,13.0691
46.3,25269,329,142,-935,39.6955,13.0874
43.7,25207,327,129,-960,39.6977,13.0534
48.5,25681,326,134,-883,39.6856,13.0817
48.8,25734,326,128,-870,39.6769,13.0366
50.1,26140,332,123,-844,39.6809,13.0447
43.9,26113,329,112,-955,39.6982,13.0753
44.5,26035,325,121,-969,39.7039,13.0857
47.8,25606,323,109,-863,39.6844,13.0006
51.7,26746,326,126,-850,39.6825,13.0304
45.4,26582,327,131,-960,39.6781,13.0237
43.9,25642,330,116,-948,39.6858,12.9991
48.6,25383,331,127,-863,39.6841,13.0341
47.1,25150,330,114,-879,39.6805,13.0124
49.5,25031,322,112,-839,39.6867,13.0198
52.4,26032,327,116,-810,39.6797,13.0463
48.4,25038,324,115,-856,39.6827,13.0209
50.7,26713,330,104,-850,39.6842,13.0497
48.8,25908,325,125,-885,39.6774,13.0164
46.5,26323,324,142,-962,39.6845,13.0318
44.5,25809,323,118,-942,39.6898,13.0295
43.6,25593,327,105,-932,39.6874,13.0232
44.1,26049,327,131,-988,39.6816,13.0166
46.2,24981,326,107,-864,39.7042,13.0813
45.1,25435,324,152,-972,39.6796,13.0236
47.5,25195,330,131,-877,39.6789,13.0118
52.3,26123,329,105,-795,39.6878,13.0411
49.6,25208,326,99,-816,39.6748,12.9965
51.0,26015,331,124,-855,39.6922,13.0744
50.1,25325,331,121,-838,39.6940,13.0666
52.2,26222,329,104,-808,39.6807,13.0310
46.8,25461,325,119,-894,39.6865,13.0159
52.3,26231,325,105,-800,39.6863,13.0493
42.9,26277,327,138,-1023,39.6934,13.0448
43.2,26775,326,138,-1027,39.6801,12.9981
46.4,25858,331,114,-896,39.6987,13.0670
47.4,26032,331,146,-934,39.6742,13.0295
49.0,25971,322,113,-873,39.6872,13.0259
45.6,26756,324,125,-974,39.6835,13.0392
49.6,26678,329,98,-852,39.6837,13.0545
44.1,25864,323,110,-933,39.6862,13.0070
53.4,26681,322,100,-797,39.6991,13.0794
43.8,25649,326,139,-990,39.6931,13.0859
44.0,26906,323,126,-1010,39.6767,13.0077
45.2,25127,332,131,-935,39.6774,13.0117
45.5,26301,322,136,-971,39.6892,13.0733
43.8,26047,323,110,-951,39.6905,13.0535
52.5,26011,329,108,-806,39.6885,13.0936
50.3,26525,331,108,-846,39.7013,13.0820
46.2,26753,326,111,-938,39.6886,13.0126
45.4,26591,322,107,-940,39.6911,13.0488
49.9,25518,329,137,-878,39.6818,13.0536
50.8,26490,325,119,-848,39.6942,13.0830
48.5,25343,323,121,-874,39.6850,13.0100
46.3,26531,324,126,-952,39.6725,13.0115
48.8,25309,328,124,-847,39.6720,13.0117
49.8,26243,329,141,-884,39.6844,13.0379
46.5,26857,329,103,-905,39.6898,13.0456
54.0,26675,324,104,-783,39.6800,13.0126
53.6,26890,328,100,-785,39.6800,13.0161
46.0,25697,323,111,-900,39.6852,13.0423
51.5,25534,331,132,-832,39.6729,13.0258
48.3,25749,327,126,-879,39.6801,13.0518
45.6,26411,324,126,-958,39.6942,13.0893
50.4,26015,329,121,-836,39.6732,13.0132
49.1,25817,327,139,-886,39.6940,13.0718
48.5,26606,322,112,-877,39.6928,13.0555
42.5,26350,329,139,-1058,39.6836,13.0283
47.3,26165,330,114,-884,39.6940,13.0816
47.3,24951,331,122,-877,39.6948,13.0878
51.4,25848,327,98,-803,39.6893,13.0506
44.3,25249,329,124,-928,39.6880,13.0486
49.3,26664,322,118,-863,39.6813,13.0284
43.2,26492,325,133,-1015,39.6844,13.0341
44.7,25149,326,121,-925,39.6906,13.0624
52.1,25278,326,114,-796,39.6718,13.0157
49.3,24940,331,117,-830,39.6905,13.0903
46.9,26124,322,109,-889,39.6823,13.0431
50.9,26261,325,107,-831,39.6707,13.0036
48.6,25533,326,121,-871,39.6887,13.0489
43.6,24992,327,122,-951,39.6833,13.0101
43.7,24938,325,120,-944,39.6941,13.0845
48.2,26093,322,116,-875,39.6815,13.0039
45.4,26239,322,130,-960,39.6876,13.0258
48.0,26390,323,141,-937,39.6853,13.0442
49.1,26698,330,111,-862,39.6837,13.0556
47.9,26658,324,139,-931,39.6704,13.0073
45.8,25260,328,113,-890,39.6952,13.0599
49.9,26533,325,102,-844,39.6838,12.9963
48.8,26194,328,137,-890,39.6830,13.0419
47.9,26518,325,146,-947,39.6913,13.0836
51.1,25773,331,106,-821,39.6929,13.0593
52.6,26737,330,110,-816,39.6807,13.0389
51.6,26268,322,131,-863,39.6750,13.0408
51.7,26430,328,112,-830,39.6970,13.0778
45.1,25273,331,131,-928,39.6870,13.0578
46.7,25552,329,120,-880,39.6829,13.0388
43.0,25434,326,142,-1012,39.6869,13.0244
50.0,25946,331,131,-866,39.6803,13.0365
44.2,26469,328,118,-965,39.6894,13.0298
49.3,25974,325,123,-868,39.6970,13.0875
45.3,25440,326,131,-957,39.6780,13.0216
48.0,26712,327,126,-921,39.6950,13.0875
45.5,25345,332,121,-914,39.6972,13.0730
47.4,26721,332,118,-906,39.6777,13.0040
45.8,25665,329,117,-923,39.6992,13.0850
46.2,26412,328,133,-952,39.6823,13.0086
43.9,25139,330,132,-947,39.6966,13.0709
46.5,26124,326,124,-917,39.6857,13.0706
43.5,25316,323,135,-982,39.6819,13.0155
51.7,26779,327,110,-834,39.6837,13.0144
44.5,26114,332,117,-939,39.6811,13.0011
46.4,26643,323,114,-943,39.6848,13.0092
48.0,26346,328,114,-890,39.6782,13.0034
45.4,25795,323,117,-903,39.6760,13.0134
45.1,26630,330,117,-945,39.6898,13.0372
48.5,26388,326,130,-914,39.6903,13.0648
42.9,26119,323,132,-1010,39.6935,13.0394
46.7,26818,322,106,-906,39.6930,13.0748
44.8,25783,324,111,-930,39.6982,13.0579
48.7,25579,327,135,-896,39.6918,13.0761
49.9,25328,328,109,-810,39.6935,13.0528
42.6,25197,322,121,-984,39.6805,13.0137
44.1,26171,329,125,-968,39.6892,13.0560
45.1,25565,330,129,-954,39.6900,13.0259
43.2,25161,325,151,-1005,39.6892,13.0604
45.4,25591,324,120,-930,39.7025,13.0856
43.0,25807,323,118,-972,39.6861,13.0004
43.0,25019,328,142,-981,39.6938,13.0651
45.0,25697,328,132,-964,39.6914,13.0358
46.4,25551,328,126,-925,39.6932,13.0860
44.1,25191,323,126,-948,39.7011,13.0740
46.5,24979,329,129,-895,39.6763,13.0204
44.9,26101,330,125,-965,39.6748,13.0130
42.6,25320,325,137,-1006,39.6941,13.0585
50.7,25548,328,141,-856,39.6701,13.0243
43.1,25560,326,104,-953,39.6890,13.0241
44.5,25282,326,148,-980,39.6768,13.0207
45.5,25679,325,110,-913,39.6943,13.0662
41.9,25155,323,126,-993,39.6887,13.0405
43.1,26343,327,123,-998,39.6978,13.0730
46.3,26354,325,131,-948,39.6751,13.0194
50.8,26337,327,121,-847,39.6721,13.0265
50.8,25669,330,128,-834,39.6828,13.0252
42.5,25688,327,122,-1007,39.6981,13.0498
45.2,26814,326,107,-930,39.6920,13.0440
41.6,24970,323,135,-1008,39.7031,13.0762
46.7,25557,322,121,-910,39.6815,13.0362
48.3,26865,324,128,-927,39.6788,13.0033
50.7,25954,323,132,-867,39.6983,13.0901
43.8,25292,329,99,-913,39.7052,13.0829
42.7,26056,331,129,-1003,39.6839,13.0498
43.7,25139,327,131,-951,39.6974,13.0536
44.4,26000,326,112,-950,39.6873,13.0023
44.2,26728,324,125,-996,39.6830,13.0385
43.9,25493,325,110,-941,39.6954,13.0782
44.8,25312,331,124,-918,39.6850,13.0034
51.1,25340,327,125,-819,39.6754,13.0318
47.4,26378,323,111,-913,39.6941,13.0549
49.8,25083,327,127,-829,39.6800,13.0251
46.0,25187,329,142,-937,39.6723,13.0161
44.6,25660,323,125,-968,39.6985,13.0584
50.8,25718,325,131,-850,39.6902,13.0948
48.7,26271,331,114,-858,39.6888,13.0568
44.7,24998,328,140,-947,39.6847,13.0675
51.0,26144,330,141,-877,39.6896,13.0625
45.4,26446,329,131,-969,39.6860,13.0312
44.2,25896,329,110,-943,39.6968,13.0469
52.0,26558,322,129,-859,39.6899,13.0752
50.0,26616,332,143,-901,39.6769,13.0182
47.8,25519,325,110,-859,39.6942,13.0861
47.5,25923,326,116,-900,39.6916,13.0642
46.2,25393,322,107,-868,39.6858,13.0243
48.5,26018,324,126,-895,39.6917,13.0780
42.5,25126,327,119,-954,39.6872,13.0391
51.1,25235,331,112,-785,39.6851,13.0349
46.2,25053,331,129,-904,39.6843,13.0414
47.1,25657,323,125,-897,39.6804,13.0300
43.6,25952,331,114,-964,39.6782,13.0147
46.9,26065,326,115,-893,39.6981,13.0696
49.5,26773,332,117,-882,39.6983,13.0881
48.5,26224,323,111,-874,39.6794,13.0098
46.9,26020,331,139,-933,39.6955,13.0686
43.4,26061,324,125,-986,39.6862,13.0252
47.2,25299,322,117,-876,39.6851,13.0593
44.6,25580,324,139,-972,39.6810,13.0088
49.7,25657,323,102,-818,39.6985,13.0797
42.6,25858,328,134,-1025,39.6849,13.0457
49.9,25406,331,136,-856,39.6750,13.0222
48.3,26613,325,138,-941,39.6732,13.0111
44.7,25289,327,132,-940,39.6879,13.0450
51.3,26209,322,110,-827,39.6747,13.0047
44.6,25073,330,127,-927,39.6913,13.0729
42.8,25505,330,120,-969,39.6784,13.0080
49.9,25818,329,125,-862,39.6767,13.0237
53.0,26420,326,117,-808,39.6934,13.0722
51.9,25650,324,123,-808,39.6859,13.0383
51.0,26191,327,121,-838,39.6731,13.0082
45.2,26792,326,143,-1001,39.6829,13.0569
47.5,26714,322,101,-894,39.6845,13.0343
43.1,25764,324,113,-970,39.6973,13.0410
44.7,25376,325,112,-927,39.6937,13.0548
41.4,24989,330,146,-1037,39.6972,13.0862
50.1,25945,325,124,-873,39.6907,13.0622
45.4,26390,324,125,-952,39.6848,13.0457
47.8,26312,328,97,-862,39.6890,13.0190
47.1,25903,326,118,-896,39.6845,13.0191
46.3,25841,325,114,-904,39.6790,13.0014
51.5,26063,325,121,-832,39.6698,13.0067
49.9,25328,332,120,-827,39.6813,13.0133
49.2,26326,329,121,-893,39.6794,13.0222
48.8,25031,325,123,-861,39.6755,12.9997
44.8,26175,324,133,-978,39.6826,12.9971
48.7,25176,324,109,-824,39.6763,13.0003
47.6,26788,331,126,-917,39.6815,13.0151
49.9,26731,327,128,-879,39.6684,13.0111
50.7,25205,331,108,-815,39.6782,13.0183
50.8,26052,326,128,-846,39.6725,13.0092
46.9,25075,324,116,-876,39.6913,13.0616
49.3,25769,323,133,-867,39.6892,13.0537
48.7,25978,323,126,-901,39.6782,13.0159
52.3,26301,327,104,-813,39.6806,13.0430
47.1,26133,327,129,-929,39.6850,13.0171
42.5,25252,324,116,-967,39.6787,13.0077
48.1,26759,322,113,-894,39.6796,13.0168
48.7,24979,332,124,-850,39.6744,13.0054
46.8,26518,330,129,-948,39.6813,13.0432
52.2,26516,322,117,-817,39.6930,13.0706
46.0,25752,325,129,-921,39.6902,13.0433
51.9,26450,328,120,-842,39.6748,13.0205
53.7,26621,324,96,-795,39.6778,13.0101
42.7,25182,330,133,-989,39.6818,13.0007
51.4,26474,328,115,-849,39.6880,13.0481
44.4,26909,323,138,-1036,39.6879,13.0551
48.2,26166,329,122,-896,39.6856,13.0682
45.1,26623,329,125,-961,39.6853,13.0257
45.4,25324,331,129,-940,39.6827,13.0143
43.6,25955,326,132,-1000,39.6840,13.0392
50.3,25666,326,118,-824,39.7010,13.0901
49.0,25002,328,130,-870,39.6723,13.0058
43.7,25571,327,124,-961,39.6835,13.0194
44.0,26019,329,110,-951,39.7041,13.0793
49.5,26851,331,101,-848,39.6887,13.0513
46.6,25210,331,127,-887,39.6774,12.9955
49.8,25169,326,109,-808,39.6873,13.0711
47.9,25288,323,120,-862,39.6890,13.0620
43.9,25330,330,118,-952,39.6913,13.0474
51.7,26874,330,110,-843,39.6798,13.0533
49.4,26265,326,139,-906,39.6946,13.0825
55.0,26638,326,92,-759,39.6768,13.0243
49.2,26156,323,107,-843,39.6864,13.0463
46.8,26003,332,136,-941,39.6759,13.0080
43.5,25881,324,121,-993,39.6854,13.0118
44.5,26576,322,116,-982,39.6821,13.0198
48.5,25547,322,122,-866,39.6974,13.0806
45.3,26058,324,127,-950,39.6890,13.0493
45.2,25287,324,113,-916,39.6839,13.0086
48.8,25907,327,108,-854,39.6802,13.0438
45.5,26340,327,116,-951,39.6890,13.0379
53.8,26409,330,102,-775,39.6799,13.0051
45.8,25454,323,121,-906,39.6946,13.0769
48.2,26242,325,126,-908,39.6915,13.0823
44.1,25407,331,143,-979,39.6760,13.0241
43.8,25032,322,119,-936,39.6939,13.0747
47.1,25708,323,119,-896,39.6762,13.0186
46.9,25176,328,119,-878,39.6928,13.0575
44.6,26585,322,114,-973,39.6867,13.0462
52.5,25842,328,103,-794,39.6906,13.0783
46.0,26023,332,108,-905,39.6860,13.0439
52.3,26706,323,127,-840,39.6760,13.0161
50.6,25040,331,120,-806,39.6798,13.0463
43.5,25872,329,132,-1005,39.6832,13.0077
49.3,26636,331,131,-905,39.6744,13.0414
52.3,26482,328,114,-829,39.6877,13.0659
45.0,26413,329,115,-947,39.6811,12.9992
51.1,26101,329,125,-861,39.6666,13.0000
45.7,26258,331,127,-946,39.6871,13.0418
45.9,25588,328,120,-896,39.6968,13.0834
44.8,26268,328,127,-977,39.6840,13.0159
45.2,25999,325,115,-916,39.6880,13.0465
43.8,26925,324,121,-1004,39.6797,13.0147
50.8,26651,329,125,-884,39.6792,13.0310
47.3,25670,329,122,-898,39.6975,13.0719
43.8,26084,330,132,-986,39.6799,13.0345
46.4,25077,330,128,-895,39.6769,13.0173
46.0,25989,332,109,-909,39.6861,13.0313
51.9,25124,329,106,-790,39.6819,13.0049
51.9,25817,325,114,-821,39.6828,13.0170
49.2,25031,323,107,-823,39.6910,13.0577
51.2,25881,327,103,-799,39.6777,13.0374
46.8,26174,328,111,-905,39.6999,13.0713
48.5,26329,331,118,-887,39.6858,13.0401
41.8,25792,324,148,-1064,39.6846,13.0173
45.9,25499,329,147,-949,39.6854,13.0674
47.8,26627,323,116,-890,39.6752,13.0054
47.9,26139,328,121,-906,39.6912,13.0916
43.7,25990,328,135,-993,39.6985,13.0733
51.4,26107,323,104,-824,39.6763,13.0326
50.2,26247,323,117,-865,39.6855,13.0399
42.1,25966,326,138,-1037,39.6832,13.0129
42.1,25154,323,126,-980,39.6927,13.0695
43.2,26789,331,122,-1026,39.6863,13.0431
50.8,25964,323,140,-875,39.6804,13.0415
44.1,25630,329,112,-939,39.6894,13.0525
42.6,25823,330,130,-1015,39.6992,13.0597
44.0,26737,322,116,-981,39.6882,13.0134
47.7,26764,331,96,-877,39.6874,13.0332
44.4,25078,327,118,-915,39.6811,12.9984
45.3,26000,326,124,-951,39.6947,13.0478
48.7,26558,327,103,-874,39.6966,13.0740
48.7,26734,325,102,-883,39.6883,13.0558
45.5,25768,326,129,-945,39.6938,13.0436
47.4,26148,325,106,-877,39.7028,13.0784
47.2,25005,329,120,-862,39.6858,13.0293
44.0,26373,326,126,-976,39.6821,13.0023
45.0,26369,323,119,-937,39.6775,13.0151
48.0,26441,330,122,-891,39.6804,13.0469
49.8,26097,323,134,-879,39.6763,13.0146
47.5,26857,327,109,-905,39.6893,13.0537
46.6,25089,329,103,-869,39.6845,13.0174
42.8,26047,324,128,-1006,39.6765,13.0069
49.0,25550,331,132,-885,39.6845,13.0687
46.8,26254,324,137,-942,39.6945,13.0682
42.7,25020,326,114,-939,39.6885,13.0341
53.9,26543,329,106,-785,39.6928,13.0669
44.3,25171,327,121,-941,39.6896,13.0635
48.9,24932,327,109,-824,39.6897,13.0292
48.3,26258,328,115,-878,39.6955,13.0827
45.1,26363,331,106,-921,39.6992,13.0636
52.8,25765,324,106,-794,39.6938,13.0787
52.7,25873,330,106,-791,39.6703,13.0100
50.8,25232,326,118,-832,39.6808,13.0405
42.5,25850,330,139,-1033,39.6880,13.0236
45.8,26043,326,127,-944,39.6806,13.0229
44.0,26469,328,139,-1015,39.6806,13.0020
43.6,25798,326,136,-1000,39.6850,13.0049
46.6,25597,327,148,-933,39.6835,13.0567
43.7,25337,326,123,-955,39.6858,12.9971
42.9,26202,327,128,-1005,39.6842,12.9974
42.3,25405,327,127,-985,39.6929,13.0384
46.2,25549,324,107,-897,39.6895,13.0533
46.9,25203,331,134,-911,39.6719,13.0112
49.2,26861,324,108,-881,39.6727,13.0026
47.4,25332,329,138,-896,39.6889,13.0531
50.0,26305,332,102,-841,39.6776,13.0202
45.4,25561,325,119,-909,39.7014,13.0786
48.0,26386,330,119,-885,39.6785,12.9995
48.7,25442,326,114,-845,39.6952,13.0765
46.2,24930,331,123,-886,39.6857,13.0128
43.8,26536,331,124,-996,39.6950,13.0464
45.3,25081,324,138,-936,39.6988,13.0696
45.7,25039,328,117,-906,39.7019,13.0832
47.2,26852,329,123,-931,39.6970,13.0816
45.0,25235,323,123,-925,39.6932,13.0348
44.3,26107,328,103,-925,39.6865,13.0134
