t,h0,GSi,GSf,Vv,lat,lon
55.2,25822,463,43,-615,39.7081,13.0914
61.5,25822,469,44,-550,39.6685,13.0089
59.4,26342,466,54,-588,39.6915,13.0762
51.2,25546,469,51,-664,39.6969,13.0467
56.4,26081,472,47,-600,39.6821,13.0511
55.6,26060,471,49,-636,39.6832,13.0392
58.9,26019,465,49,-574,39.6923,13.0930
62.0,25246,468,46,-548,39.6788,13.0354
53.7,25896,467,50,-644,39.6792,13.0130
54.4,25910,463,41,-632,39.6965,13.0516
62.5,25354,467,38,-542,39.6885,13.0271
56.8,25467,466,38,-582,39.6879,13.0672
57.0,26210,472,52,-614,39.6804,13.0513
54.4,26687,468,46,-653,39.6984,13.0730
56.5,26832,469,44,-604,39.6898,13.0721
56.0,25222,465,44,-600,39.6965,13.0528
63.1,26600,466,47,-557,39.6821,13.0263
59.2,25356,468,40,-564,39.6930,13.0915
52.8,25723,470,56,-645,39.6948,13.0910
53.5,25903,462,48,-642,39.6877,13.0628
59.5,25683,465,44,-560,39.7066,13.0988
52.5,25218,471,57,-644,39.6860,13.0489
62.4,26297,467,50,-563,39.6844,13.0452
51.8,25321,472,55,-654,39.6937,13.0453
62.6,25593,468,45,-545,39.6943,13.0658
53.9,26740,467,46,-636,39.7011,13.0970
53.3,25289,463,57,-647,39.6975,13.0798
56.9,25343,471,46,-591,39.6811,13.0163
53.2,25726,463,40,-634,39.6861,13.0103
59.1,25659,469,55,-593,39.6813,13.0373
60.2,25336,467,49,-561,39.6864,13.0304
61.0,25237,471,40,-545,39.6919,13.0660
54.9,25348,464,46,-610,39.6880,13.0641
52.2,25972,470,49,-657,39.6901,13.0167
61.8,25433,466,57,-557,39.6658,13.0126
51.9,25515,465,38,-648,39.6986,13.0501
55.7,25150,465,53,-602,39.6720,13.0121
60.4,25299,468,42,-565,39.6853,13.0589
52.1,26090,471,54,-666,39.6933,13.0560
61.9,26922,466,45,-558,39.6819,13.0551
62.0,26626,469,37,-565,39.6757,13.0175
64.0,26176,466,46,-545,39.6928,13.0943
56.3,25989,464,54,-627,39.6914,13.0791
59.4,25673,470,60,-589,39.6879,13.0745
63.4,26230,470,44,-546,39.6982,13.0988
64.2,25683,464,43,-520,39.6807,13.0150
57.6,26483,468,49,-598,39.6784,13.0372
56.5,26757,471,42,-614,39.6852,13.0219
63.3,26025,468,45,-543,39.6905,13.0797
62.1,25295,465,52,-540,39.6858,13.0543
56.7,26295,471,60,-617,39.6856,13.0648
60.3,26439,462,48,-581,39.7000,13.0847
55.6,26118,465,45,-621,39.6896,13.0490
58.7,26770,471,60,-611,39.6822,13.0750
56.5,26460,467,42,-622,39.6846,13.0097
56.3,25239,469,52,-604,39.6992,13.0717
66.5,26911,463,45,-521,39.6775,13.0428
51.7,25694,467,47,-655,39.6983,13.0440
56.3,26651,464,43,-617,39.6747,13.0177
58.1,26540,469,40,-595,39.6840,13.0116
60.2,26911,467,55,-586,39.6925,13.0844
54.9,25811,462,53,-611,39.6958,13.0737
63.9,26800,469,43,-540,39.6794,13.0195
53.2,25247,472,45,-630,39.6871,13.0518
60.4,26420,466,41,-572,39.6830,13.0142
57.3,26051,466,55,-605,39.6730,13.0162
55.4,26088,470,57,-629,39.6855,13.0588
58.2,26513,470,38,-595,39.6826,13.0114
64.4,25497,466,47,-515,39.6831,13.0300
51.9,26079,464,44,-663,39.6872,13.0327
60.3,26153,465,41,-565,39.6926,13.0675
55.5,26672,470,54,-620,39.6920,13.0995
62.4,26330,472,47,-550,39.6957,13.0676
56.0,25639,470,39,-603,39.6983,13.0643
57.3,26832,472,55,-617,39.6754,13.0260
64.2,26543,469,39,-538,39.6820,13.0097
56.3,25530,471,46,-602,39.6954,13.0875
51.5,25951,468,63,-682,39.6854,13.0212
60.7,26883,462,55,-577,39.6866,13.0816
54.0,26805,463,43,-636,39.6766,13.0130
57.8,25885,470,54,-592,39.6831,13.0229
59.0,25875,466,43,-592,39.6883,13.0734
59.1,26454,463,50,-593,39.6824,13.0656
57.3,25457,465,52,-603,39.6839,13.0395
60.2,25498,469,46,-552,39.6851,13.0218
52.5,25971,463,48,-661,39.6966,13.0356
52.4,26508,472,54,-667,39.6982,13.0666
55.4,25547,464,50,-623,39.6824,13.0437
55.1,25527,470,38,-604,39.6775,13.0033
63.8,25884,468,43,-536,39.6858,13.0855
62.9,26234,464,45,-553,39.6752,13.0451
59.9,26705,466,47,-581,39.6884,13.0691
62.1,25802,464,50,-542,39.6979,13.0862
61.1,26164,469,42,-554,39.6836,13.0650
56.6,25777,465,45,-585,39.6882,13.0232
54.2,25610,467,52,-623,39.6948,13.0459
53.9,25462,470,57,-644,39.6756,13.0085
53.4,26247,464,48,-658,39.6790,13.0240
61.4,25158,471,49,-545,39.6936,13.0878
53.2,25733,463,42,-647,39.6827,13.0354
59.5,25654,470,50,-586,39.7000,13.0809
57.8,25865,469,56,-610,39.6891,13.0425
59.5,25070,468,51,-577,39.6756,13.0194
56.2,26419,469,51,-631,39.6878,13.0643
62.6,26159,467,38,-542,39.6863,13.0210
52.3,26711,464,50,-677,39.6917,13.0346
58.3,25938,464,53,-605,39.6848,13.0524
57.9,26341,466,52,-601,39.6938,13.0940
60.4,25006,471,46,-553,39.6960,13.0760
53.8,26797,466,50,-655,39.6801,13.0068
59.1,25743,469,55,-587,39.6815,13.0307
59.7,25596,465,46,-571,39.6885,13.0843
51.6,25495,471,57,-654,39.7028,13.0906
54.5,25035,467,46,-616,39.6945,13.0871
62.9,24993,468,39,-530,39.6902,13.0755
60.5,26597,463,39,-571,39.6927,13.0421
54.5,26121,469,43,-628,39.7049,13.0878
56.2,26821,466,58,-636,39.6813,13.0107
53.8,26318,466,43,-628,39.7061,13.0920
56.3,26305,469,43,-601,39.6857,13.0063
59.3,25880,465,41,-566,39.6955,13.0868
60.7,25935,469,45,-555,39.6971,13.0723
58.7,26376,471,53,-598,39.6974,13.0903
62.6,26820,466,50,-574,39.6856,13.0873
52.0,25015,467,57,-655,39.6857,13.0308
58.4,26321,471,35,-584,39.6923,13.0713
56.2,25525,469,46,-614,39.6839,13.0519
54.5,25333,471,59,-623,39.6878,13.0604
64.9,26827,470,51,-544,39.6964,13.0913
63.9,26781,464,41,-544,39.6871,13.0649
61.0,25780,467,46,-566,39.6902,13.0918
59.5,26219,464,45,-583,39.6835,13.0561
59.7,26645,467,49,-589,39.6919,13.0905
58.9,26218,462,38,-573,39.6851,13.0088
60.6,25227,465,46,-552,39.7020,13.0830
51.1,25413,467,63,-667,39.7029,13.0894
56.9,25371,466,47,-594,39.7000,13.0892
58.8,25236,466,46,-584,39.6820,13.0424
54.5,26038,470,38,-627,39.6904,13.0417
51.1,24987,468,40,-648,39.6875,13.0039
52.5,25960,465,50,-662,39.6959,13.0820
54.3,26618,471,45,-637,39.6972,13.0777
61.9,26167,463,41,-541,39.6851,13.0578
59.3,26283,466,49,-581,39.6867,13.0428
56.8,25417,469,52,-598,39.6859,13.0470
56.5,25516,462,48,-611,39.6947,13.0948
63.3,26747,466,51,-553,39.6666,13.0108
51.8,25396,463,62,-666,39.6756,13.0286
53.1,25248,467,48,-626,39.7038,13.0844
57.8,25568,467,51,-582,39.7008,13.0950
61.2,25228,465,51,-554,39.6913,13.0726
53.0,25343,468,49,-631,39.6916,13.0804
58.6,25307,463,47,-584,39.6969,13.0901
54.8,26772,467,52,-628,39.6807,13.0181
59.0,26774,470,56,-600,39.6901,13.0530
57.7,25710,472,42,-589,39.6856,13.0574
62.0,26191,471,42,-551,39.6957,13.0843
54.1,25687,465,45,-632,39.6878,13.0483
57.3,25437,462,54,-607,39.6891,13.0665
53.3,26561,467,41,-642,39.6998,13.0712
53.8,26736,467,56,-648,39.6961,13.0686
51.5,25208,468,51,-662,39.6842,13.0168
64.7,26712,465,43,-537,39.6898,13.0992
53.0,25284,469,48,-618,39.6948,13.0466
61.3,26368,468,53,-561,39.6908,13.0941
54.7,25592,471,48,-614,39.6811,13.0048
55.7,26790,467,54,-641,39.6876,13.0732
57.4,25148,466,38,-579,39.6932,13.0734
63.8,26826,467,54,-553,39.6892,13.0912
59.4,25716,469,50,-568,39.6807,13.0229
54.1,25536,467,42,-609,39.6999,13.0847
52.4,24962,469,41,-615,39.6949,13.0725
53.8,26025,469,58,-639,39.6904,13.0524
53.9,26484,462,49,-643,39.6937,13.0538
54.0,25994,471,40,-629,39.6822,13.0371
56.7,25390,472,45,-581,39.6894,13.0353
54.2,26063,468,59,-648,39.6832,13.0393
56.8,26031,463,48,-613,39.6867,13.0565
57.4,25859,466,40,-580,39.6790,13.0084
55.5,26184,466,46,-617,39.6883,13.0244
53.0,25103,466,49,-628,39.6881,13.0578
54.9,26259,469,58,-626,39.6920,13.0668
56.6,26575,465,47,-618,39.6932,13.0728
53.7,25994,468,43,-623,39.6790,13.0102
55.4,25540,471,50,-605,39.6962,13.0956
53.6,26417,471,60,-653,39.6928,13.0723
56.0,25286,464,52,-619,39.6718,13.0048
58.6,26587,470,41,-589,39.6938,13.0693
51.3,25081,463,51,-650,39.6827,13.0139
52.8,25061,470,55,-649,39.6832,13.0415
56.8,25340,472,45,-592,39.6980,13.0675
58.9,25741,467,58,-586,39.6818,13.0591
60.2,25852,470,44,-566,39.6967,13.0611
53.4,25488,470,39,-622,39.6997,13.0551
55.3,25493,467,39,-610,39.6950,13.0816
64.2,26110,469,46,-541,39.6995,13.0887
60.4,25914,469,41,-564,39.6982,13.0790
52.7,26009,467,45,-656,39.6937,13.0385
56.6,25320,465,49,-599,39.6795,13.0218
62.3,26713,468,42,-558,39.6855,13.0259
59.0,26029,471,55,-586,39.6906,13.0738
53.9,26061,467,59,-660,39.6744,13.0085
52.9,25334,463,51,-636,39.6826,13.0104
53.4,25771,466,57,-643,39.6809,13.0238
55.4,26877,468,46,-630,39.6929,13.0562
61.3,26852,469,51,-578,39.6899,13.0758
54.7,25615,470,58,-636,39.6880,13.0781
53.1,25413,466,52,-628,39.6922,13.0648
51.8,25082,470,46,-650,39.7040,13.0734
51.8,26315,463,64,-687,39.6990,13.0769
58.0,25219,472,41,-569,39.6923,13.0758
51.9,25794,465,52,-658,39.6964,13.0772
52.1,25627,467,58,-664,39.6853,13.0108
53.0,26446,465,50,-644,39.6940,13.0929
54.1,25537,467,49,-635,39.6955,13.0955
56.5,26143,464,49,-607,39.6973,13.0852
53.2,25004,470,54,-639,39.7029,13.0890
58.4,25225,471,47,-569,39.6917,13.0876
52.8,25413,468,51,-629,39.6913,13.0514
57.6,26119,468,56,-601,39.6869,13.0636
53.7,26178,470,45,-643,39.6933,13.0425
60.0,25300,469,50,-554,39.6882,13.0570
61.0,26703,467,47,-583,39.6814,13.0667
54.3,25754,465,37,-614,39.7020,13.0898
51.5,26329,468,61,-688,39.6831,13.0450
56.6,25180,467,45,-608,39.6898,13.0790
59.5,26708,468,48,-602,39.6753,13.0303
57.0,26047,470,45,-612,39.6863,13.0152
55.5,24965,468,56,-611,39.6923,13.0497
51.2,25026,464,61,-666,39.6909,13.0321
61.2,26831,465,42,-571,39.6850,13.0242
59.2,26668,468,42,-585,39.6929,13.0671
60.7,26921,463,48,-595,39.6971,13.0937
54.4,25038,464,52,-619,39.7012,13.0812
53.7,25707,466,45,-623,39.7006,13.0738
56.7,25981,463,40,-591,39.6889,13.0366
59.6,24932,463,49,-564,39.6862,13.0357
56.8,25445,467,53,-602,39.6924,13.0931
57.3,26488,463,49,-603,39.6957,13.0990
59.5,26557,463,55,-593,39.6943,13.0747
54.5,26196,463,48,-633,39.6908,13.0517
56.6,24937,463,49,-599,39.6905,13.0366
63.2,26550,465,39,-538,39.6891,13.0247
58.1,26723,462,45,-604,39.6814,13.0171
56.2,26926,463,52,-623,39.6893,13.0330
53.3,25190,465,61,-643,39.6880,13.0351
57.2,25878,463,51,-610,39.6991,13.0873
59.1,25952,465,49,-585,39.6845,13.0687
56.7,26236,462,43,-594,39.6910,13.0099
52.5,25512,471,57,-665,39.6877,13.0489
63.6,26266,463,39,-544,39.6799,13.0196
51.8,25711,463,51,-654,39.6806,13.0039
54.5,26111,470,48,-620,39.6902,13.0600
54.6,25342,466,48,-620,39.6958,13.0425
61.7,26563,468,48,-573,39.6815,13.0569
62.7,26528,467,39,-563,39.6906,13.0735
57.2,25242,470,51,-577,39.6763,13.0176
56.3,26633,472,38,-612,39.6893,13.0228
60.6,26318,467,51,-569,39.6876,13.0718
57.5,25960,470,42,-594,39.6836,13.0115
62.3,26571,467,35,-560,39.6837,13.0045
54.8,26126,467,57,-639,39.6860,13.0409
58.1,26509,468,50,-601,39.6777,13.0216
57.8,25368,470,60,-597,39.6850,13.0324
54.1,25884,467,52,-634,39.6806,13.0358
54.1,25308,467,45,-629,39.6816,13.0069
53.9,26569,469,53,-654,39.6885,13.0478
51.4,25038,464,55,-644,39.7006,13.0939
63.1,25913,470,42,-538,39.6852,13.0151
57.2,26541,462,45,-598,39.6912,13.0632
53.4,26474,468,58,-660,39.6857,13.0182
57.2,24934,467,59,-588,39.6849,13.0544
55.7,26335,470,58,-630,39.6799,13.0501
54.3,25992,469,54,-635,39.6899,13.0429
54.9,25890,469,55,-638,39.6941,13.0535
55.3,26030,470,51,-624,39.6982,13.0676
55.7,26141,469,50,-623,39.7016,13.0694
60.4,24937,466,48,-555,39.6728,13.0103
56.7,25596,471,44,-611,39.6810,13.0141
62.0,25067,462,50,-543,39.6776,13.0373
52.4,25297,471,46,-648,39.6964,13.0957
58.9,26749,470,48,-594,39.6950,13.0627
59.5,25445,464,52,-571,39.6721,13.0186
59.8,25638,468,40,-560,39.6781,13.0383
57.3,25436,467,49,-595,39.6758,13.0115
58.7,25693,469,61,-591,39.6874,13.0915
57.0,26619,466,44,-603,39.6895,13.0481
54.9,24938,469,42,-600,39.6972,13.0793
53.4,25934,463,47,-629,39.6843,13.0350
52.4,25752,464,53,-651,39.7017,13.0746
54.2,26777,470,41,-630,39.6796,13.0263
53.8,26238,472,48,-642,39.6993,13.0615
53.5,26716,468,47,-649,39.7060,13.0857
58.6,26138,470,36,-573,39.6931,13.0836
62.0,26285,471,41,-544,39.6819,13.0213
53.0,25117,465,46,-622,39.6933,13.0454
57.0,25238,462,49,-587,39.6933,13.0667
54.1,26414,463,53,-646,39.6836,13.0155
51.4,26731,465,61,-701,39.6895,13.0343
57.6,25094,464,47,-586,39.6723,13.0164
60.4,25655,471,63,-581,39.6662,13.0183
59.3,26764,469,43,-588,39.6985,13.0892
53.7,26319,463,41,-635,39.6968,13.0859
53.5,25518,465,48,-632,39.6921,13.0528
55.5,25520,463,55,-613,39.6894,13.0636
62.4,26537,470,44,-557,39.6846,13.0234
53.2,25647,470,51,-647,39.6871,13.0787
56.5,26211,465,44,-611,39.6850,13.0553
57.3,26131,471,56,-613,39.6953,13.0804
59.7,25691,469,50,-571,39.6763,13.0232
51.9,25623,466,55,-651,39.6747,13.0091
59.6,26579,471,49,-583,39.6733,13.0232
57.3,24941,467,50,-568,39.6888,13.0322
58.4,26349,467,43,-600,39.6777,13.0189
61.2,25231,464,44,-555,39.6835,13.0304
59.3,26783,471,39,-581,39.6974,13.0653
57.2,25991,470,52,-596,39.6725,13.0172
56.1,26009,467,50,-609,39.6942,13.0876
56.4,25553,472,43,-609,39.6956,13.0895
65.0,26647,466,48,-534,39.6796,13.0200
60.9,24996,465,41,-549,39.6747,13.0143
58.8,25737,464,45,-588,39.6815,13.0552
60.5,26500,463,52,-585,39.6797,13.0249
55.5,25119,471,50,-613,39.6962,13.0926
52.2,24999,465,41,-627,39.7027,13.0815
51.7,25553,468,50,-652,39.6978,13.0894
55.3,25910,462,56,-641,39.6822,13.0159
51.4,25703,470,55,-675,39.6927,13.0620
57.7,25245,471,53,-590,39.6742,13.0238
62.7,25299,467,41,-524,39.6832,13.0299
52.7,25306,465,56,-656,39.6831,13.0196
53.0,26027,467,47,-654,39.6888,13.0530
55.3,25119,471,47,-606,39.6866,13.0208
59.2,26288,471,42,-591,39.6834,13.0375
56.1,25356,470,57,-600,39.6851,13.0305
60.4,25863,463,43,-562,39.6878,13.0434
56.1,25784,472,55,-612,39.6892,13.0734
54.2,26215,468,45,-635,39.6833,13.0344
53.0,25670,464,45,-645,39.6931,13.0673
59.0,25379,470,56,-581,39.6778,13.0376
52.5,26265,469,54,-665,39.6929,13.0852
63.8,26032,469,39,-537,39.6888,13.0649
54.7,26181,462,45,-627,39.6940,13.0825
64.1,26574,466,49,-552,39.6883,13.0806
59.3,25454,469,44,-563,39.6852,13.0183
56.8,25247,469,46,-590,39.6804,13.0105
52.7,26330,469,43,-653,39.6832,13.0290
57.6,26885,466,54,-623,39.6806,13.0166
59.1,25431,466,54,-580,39.6705,13.0087
63.5,26036,472,45,-537,39.6884,13.0441
58.8,26560,468,44,-575,39.6871,13.0470
51.3,25384,463,48,-654,39.6873,13.0536
61.7,26122,464,49,-565,39.6852,13.0807
54.9,25314,469,45,-608,39.6838,13.0456
62.0,26927,466,49,-583,39.6800,13.0445
56.8,26518,464,55,-621,39.6771,13.0493
52.9,25771,464,49,-652,39.6974,13.0953
61.0,25579,471,50,-561,39.6775,13.0177
59.2,25030,467,54,-581,39.6993,13.0921
57.4,26119,465,56,-603,39.6859,13.0626
55.7,25761,469,52,-625,39.6926,13.0384
55.3,25549,464,56,-630,39.6799,13.0068
64.8,26126,467,41,-528,39.6805,13.0303
56.4,26072,471,46,-615,39.6942,13.0828
53.0,25078,470,36,-613,39.6897,13.0495
64.2,26611,465,43,-537,39.6993,13.0871
55.0,26469,464,42,-638,39.6886,13.0313
52.3,25722,466,59,-646,39.6854,13.0139
62.5,26488,468,37,-550,39.6817,13.0391
61.0,25431,466,57,-553,39.6894,13.0875
56.0,26405,468,47,-618,39.6911,13.0233
65.3,26923,471,45,-541,39.6959,13.0777
55.8,25847,469,40,-604,39.6913,13.0627
51.3,25276,468,59,-677,39.6850,13.0519
53.2,26734,471,50,-665,39.6780,13.0035
51.4,25224,464,48,-650,39.6943,13.0851
60.6,26228,467,44,-564,39.6875,13.0670
53.5,25420,463,51,-639,39.6861,13.0668
52.4,26015,463,58,-653,39.6901,13.0691
58.0,26822,466,59,-606,39.6878,13.0826
57.5,25321,464,48,-597,39.6915,13.0832
54.4,26065,465,48,-626,39.6939,13.0574
54.6,25377,470,42,-601,39.7052,13.0748
58.8,24947,462,54,-583,39.6962,13.0841
51.3,24969,470,51,-654,39.6926,13.0583
52.4,26043,462,50,-665,39.6923,13.0555
62.8,26705,469,45,-568,39.6912,13.0648
62.5,25746,469,48,-547,39.6814,13.0653
56.5,26254,465,43,-608,39.6874,13.0189
55.9,26507,471,45,-615,39.6755,13.0236
54.7,26581,469,46,-636,39.6769,13.0079
52.6,25849,468,44,-636,39.6966,13.0497
62.0,25715,469,44,-540,39.6909,13.0580
64.9,26235,465,38,-517,39.6742,13.0151
62.1,25699,463,39,-547,39.6779,13.0188
58.8,25696,471,58,-584,39.6859,13.0779
53.1,26911,464,57,-665,39.6829,13.0306
58.7,25177,464,40,-580,39.6890,13.0402
65.0,26623,466,43,-530,39.6865,13.0388
61.4,26516,471,49,-569,39.6908,13.0412
57.8,26308,464,45,-606,39.6886,13.0627
61.6,25972,469,49,-546,39.6907,13.0819
55.2,26471,463,42,-626,39.6991,13.0891
57.4,26272,470,48,-583,39.6981,13.0691
57.5,26797,472,41,-600,39.6834,13.0403
57.8,26646,470,50,-604,39.6901,13.0690
55.7,25322,466,49,-601,39.6814,13.0385
51.8,25079,465,44,-636,39.6819,13.0295
60.9,25635,467,47,-565,39.6757,13.0291
50.5,24955,468,54,-660,39.6998,13.0703
54.2,26278,467,44,-637,39.6991,13.0923
61.1,25369,470,54,-560,39.6962,13.0722
55.7,26425,469,53,-629,39.6839,13.0078
55.8,26272,471,44,-609,39.6984,13.0695
59.5,26350,470,53,-604,39.6863,13.0566
53.0,26597,467,46,-651,39.6880,13.0303
59.3,25697,462,46,-573,39.6819,13.0142
56.8,26429,462,46,-602,39.6922,13.0452
52.0,26633,467,52,-696,39.6803,13.0387
55.6,25509,465,49,-601,39.6765,13.0263
59.3,25047,465,44,-567,39.6932,13.0904
60.7,26500,464,48,-575,39.6931,13.0462
54.8,25290,464,47,-602,39.6845,13.0191
54.1,25342,468,56,-635,39.6900,13.0415
60.2,26137,472,51,-576,39.6879,13.0836
53.9,26137,463,54,-637,39.6885,13.0735
55.1,26386,462,45,-631,39.6747,13.0068
58.6,26907,472,52,-608,39.6900,13.0874
62.2,26820,462,53,-560,39.6821,13.0368
55.4,25958,463,62,-635,39.6977,13.0823
60.6,26366,471,40,-576,39.6836,13.0198
53.9,26700,462,44,-633,39.6793,13.0058
60.8,26200,468,40,-562,39.6850,13.0443
57.7,25571,467,44,-601,39.6865,13.0493
57.2,26397,467,46,-623,39.6895,13.0761
62.0,25223,469,39,-536,39.6768,13.0209
51.8,25702,467,45,-662,39.6868,13.0138
51.1,26106,468,50,-689,39.6925,13.0622
52.0,25190,471,48,-638,39.6908,13.0779
57.0,26739,471,45,-610,39.6921,13.0704
53.9,26579,465,52,-648,39.6874,13.0232
53.0,26081,464,54,-671,39.6943,13.0678
55.5,25367,465,49,-614,39.6845,13.0226
51.7,25342,465,53,-656,39.6889,13.0698
60.4,26899,466,47,-586,39.6825,13.0264
58.1,25344,466,51,-576,39.6764,13.0332
56.5,26893,467,53,-616,39.6804,13.0559
54.7,24986,471,52,-609,39.6928,13.0492
53.1,25913,465,59,-651,39.6923,13.0612
61.8,25572,471,41,-545,39.6951,13.0715
51.4,25357,471,44,-657,39.6840,13.0143
50.6,25784,469,53,-687,39.6836,13.0438
51.5,25009,471,42,-637,39.6852,13.0254
54.7,24985,465,52,-620,39.6933,13.0683
63.5,26353,467,50,-554,39.6874,13.0878
63.5,26123,464,44,-551,39.6888,13.0699
53.9,26323,466,45,-646,39.6845,13.0300
51.3,25517,469,52,-664,39.6914,13.0575
57.0,25818,470,47,-595,39.6769,13.0261
52.0,25426,465,56,-665,39.6900,13.0782
59.7,25093,470,48,-554,39.6993,13.0959
55.3,25961,466,36,-612,39.6806,13.0191
55.0,25807,464,57,-622,39.6842,13.0398
61.6,26822,465,49,-578,39.6820,13.0548
58.2,26019,468,37,-579,39.6912,13.0291
54.8,25588,472,54,-626,39.6808,13.0578
57.4,25767,465,57,-606,39.6969,13.0890
52.7,24936,470,46,-619,39.6809,13.0160
57.8,25799,464,44,-586,39.6938,13.0773
64.4,26647,470,40,-537,39.6855,13.0854
60.6,25650,467,46,-556,39.7031,13.0853
63.5,26324,463,54,-543,39.6685,13.0134
60.9,25230,463,42,-547,39.6731,13.0117
51.5,25389,465,55,-650,39.6844,13.0022
54.3,26228,470,54,-632,39.6940,13.0848
52.9,25175,468,39,-626,39.6992,13.0618
52.1,26651,468,64,-690,39.6707,13.0074
52.1,25267,466,46,-657,39.7030,13.0724
50.7,25870,472,60,-687,39.6772,13.0133
55.3,26736,468,39,-616,39.6835,13.0059
59.1,25982,464,50,-596,39.6714,13.0098
58.0,26285,466,53,-600,39.6941,13.0801
62.7,25395,466,47,-542,39.6948,13.0844
64.1,26111,464,48,-539,39.6828,13.0155
57.4,25479,467,52,-597,39.6764,13.0436
54.0,25865,472,48,-634,39.6857,13.0354
55.3,25143,467,55,-613,39.6993,13.0730
54.1,24988,466,42,-608,39.6871,13.0569
62.0,26571,465,40,-573,39.6873,13.0444
57.7,26524,462,51,-608,39.6986,13.0767
54.8,25412,464,50,-620,39.6768,13.0217
57.6,26738,463,44,-616,39.6851,13.0206
58.9,25754,471,50,-580,39.6869,13.0523
57.7,26167,466,41,-597,39.6974,13.0575
58.9,26802,464,52,-590,39.6808,13.0551
54.1,25590,468,51,-646,39.6993,13.0677
53.9,25350,467,42,-626,39.6825,13.0198
57.2,25446,465,57,-614,39.6737,13.0390
62.9,26683,466,48,-541,39.6823,13.0292
60.4,26241,463,48,-579,39.6979,13.0985
59.1,24935,471,43,-550,39.6905,13.0258
52.2,25478,471,54,-653,39.6913,13.0496
55.5,25410,468,42,-601,39.6989,13.0576
57.8,26781,469,39,-588,39.7028,13.0773
53.4,25477,469,38,-626,39.6891,13.0210
58.1,26006,467,44,-589,39.6986,13.1009
56.1,25096,468,44,-581,39.6852,13.0058
53.2,26867,468,58,-659,39.6797,13.0261
50.1,25299,471,64,-690,39.6929,13.0700
53.5,25634,466,56,-651,39.6958,13.0601
61.8,25289,467,52,-534,39.6844,13.0718
55.4,26148,468,50,-624,39.7014,13.0744
59.0,26846,462,49,-600,39.6904,13.0409
57.5,25081,465,47,-578,39.6990,13.0774
58.8,25503,469,60,-589,39.6707,13.0218
55.2,26916,465,53,-636,39.6868,13.0505
55.0,26284,464,39,-626,39.6930,13.0501
58.7,26889,465,45,-594,39.6851,13.0401
56.5,25654,464,46,-590,39.6973,13.0770
55.8,25712,470,48,-612,39.6822,13.0166
53.7,25817,462,49,-634,39.6870,13.0455
54.8,25791,467,49,-624,39.6987,13.0700
61.6,25900,472,46,-556,39.6839,13.0090
52.8,25942,470,64,-662,39.6865,13.0514
55.1,26479,464,62,-637,39.6787,13.0482
54.6,25847,468,42,-616,39.6821,13.0022
57.0,26717,464,45,-621,39.6775,13.0093
59.0,26210,470,44,-594,39.6872,13.0473
52.6,26318,462,43,-652,39.6887,13.0551
55.2,25800,471,51,-633,39.6830,13.0572
56.3,26718,465,37,-606,39.6855,13.0408
56.0,25919,463,56,-619,39.6913,13.0664
58.5,25720,471,45,-581,39.6897,13.0417
60.3,25982,471,55,-573,39.6861,13.0877
55.8,26516,471,47,-628,39.6883,13.0806
56.9,25936,472,42,-599,39.6873,13.0102
52.5,25853,466,46,-648,39.6803,13.0097
53.6,25379,462,63,-636,39.6792,13.0061
51.5,25552,465,52,-661,39.6770,13.0225
62.3,26674,463,57,-575,39.6755,13.0126
61.3,25854,467,44,-566,39.6755,13.0235
54.4,25491,464,61,-637,39.6956,13.0775
66.0,26360,462,37,-513,39.6878,13.0759
62.2,26320,468,41,-562,39.6795,13.0452
57.1,26632,468,50,-615,39.6847,13.0404
51.9,25939,462,48,-655,39.6799,13.0154
59.3,26001,469,57,-585,39.6931,13.0856
63.7,26087,465,46,-542,39.6862,13.0395
62.2,26702,465,47,-574,39.6930,13.0944
63.4,25473,468,41,-522,39.6827,13.0293
61.4,26119,466,41,-556,39.6946,13.0695
53.6,25235,467,53,-631,39.6775,13.0262
53.6,25188,464,44,-621,39.6785,13.0070
55.4,26054,471,41,-614,39.6968,13.0645
53.6,26496,469,53,-657,39.6949,13.0598
53.2,25173,470,51,-639,39.6786,13.0036
52.6,26470,464,57,-668,39.6904,13.0562
52.6,26172,465,52,-658,39.6934,13.0832
61.1,25830,469,50,-558,39.6855,13.0264
57.7,25297,469,41,-580,39.6945,13.0695
57.8,26126,462,54,-618,39.6931,13.1030
52.0,25790,471,57,-660,39.6833,13.0467
55.3,25736,470,44,-620,39.6961,13.0575
59.5,25793,466,54,-590,39.6878,13.0914
57.8,25600,463,42,-579,39.6915,13.0672
53.5,25810,466,54,-649,39.6759,13.0260
52.6,25831,470,64,-663,39.6758,13.0307
55.9,25695,465,47,-603,39.6891,13.0292
53.4,25639,471,58,-654,39.6792,13.0478
51.1,25517,463,50,-668,39.6921,13.0734
58.0,26645,470,59,-614,39.6943,13.0915
56.0,25938,468,53,-624,39.6942,13.0643
63.6,26081,468,47,-545,39.6778,13.0176
58.1,26000,469,51,-590,39.6938,13.0761
52.9,25562,470,52,-633,39.7006,13.0945
57.9,25829,467,62,-608,39.6924,13.0773
60.7,26188,464,50,-579,39.6905,13.0574
60.7,25197,463,56,-556,39.6771,13.0466
63.6,25379,463,50,-522,39.6938,13.1003
55.0,26001,469,44,-617,39.6908,13.0475
55.7,26322,468,57,-639,39.6844,13.0770
56.2,26366,471,49,-606,39.6874,13.0611
54.5,25962,467,49,-638,39.6727,13.0139
56.6,25483,471,55,-611,39.6800,13.0569
52.4,25258,466,54,-642,39.6922,13.0489
59.2,26592,468,51,-594,39.6860,13.0604
61.8,26629,469,45,-572,39.6792,13.0230
53.3,26670,467,51,-660,39.6951,13.0645
59.3,25376,467,38,-569,39.6812,13.0336
56.7,26262,468,46,-616,39.6953,13.0459
59.8,25162,470,46,-559,39.6826,13.0249
57.8,26009,465,45,-609,39.6973,13.0717
56.8,25009,464,55,-583,39.6887,13.0291
60.0,25901,469,43,-565,39.6846,13.0385
55.2,26287,471,57,-630,39.6796,13.0151
62.6,26188,463,40,-558,39.6888,13.0735
60.2,26193,471,50,-588,39.6804,13.0083
54.7,25714,472,48,-621,39.7006,13.0719
55.2,26162,465,39,-620,39.6860,13.0115
60.6,25705,467,42,-557,39.6924,13.0596
56.4,25423,463,56,-604,39.6899,13.0494
59.8,25060,468,56,-561,39.6754,13.0226
62.6,26239,466,55,-565,39.6772,13.0421
62.5,26102,468,50,-544,39.6870,13.0805
56.4,25185,471,49,-597,39.6815,13.0185
64.4,26554,470,49,-540,39.6875,13.0548
58.3,25071,466,37,-562,39.6867,13.0269
60.3,25904,463,38,-554,39.6801,13.0372
54.6,25797,470,52,-630,39.6776,13.0258
56.1,25198,466,53,-610,39.6976,13.0773
63.8,26833,467,49,-535,39.6834,13.0548
54.6,26723,467,50,-645,39.6832,13.0547
54.1,25343,472,59,-626,39.6848,13.0296
55.4,26419,468,43,-626,39.6992,13.0573
57.3,25400,463,48,-590,39.6883,13.0758
58.5,25954,467,44,-593,39.6890,13.0804
53.8,26721,463,50,-637,39.6949,13.0557
56.0,26837,467,44,-623,39.6788,13.0382
58.3,26926,466,49,-585,39.6831,13.0603
53.5,26789,470,48,-651,39.6938,13.0618
51.7,25669,465,64,-676,39.6913,13.0663
51.4,25361,463,42,-659,39.7015,13.0813
56.3,24998,468,53,-602,39.6894,13.0405
56.4,25865,467,37,-595,39.7084,13.0898
52.9,25353,469,59,-639,39.6789,13.0073
61.2,25345,469,48,-546,39.6865,13.0768
58.4,25713,462,48,-580,39.6760,13.0153
54.6,26530,468,44,-631,39.6921,13.0444
60.7,26219,465,43,-568,39.6781,13.0092
56.2,26126,463,43,-597,39.6774,13.0134
53.9,25590,472,42,-623,39.7008,13.0818
59.0,25093,467,42,-563,39.6807,13.0384
57.1,26847,468,46,-609,39.6850,13.0580
54.2,25407,463,46,-635,39.6781,13.0083
55.4,25879,468,42,-604,39.7032,13.0884
58.2,26797,464,58,-611,39.6870,13.0534
57.0,26752,465,49,-623,39.6797,13.0519
58.8,25091,466,50,-586,39.6915,13.0954
54.4,26454,463,59,-640,39.6876,13.0568
54.3,26882,470,45,-647,39.6900,13.0647
54.5,26131,464,54,-633,39.6995,13.0715
61.6,26482,467,45,-559,39.6912,13.0591
58.5,25721,471,48,-588,39.6798,13.0530
64.9,26613,470,36,-531,39.6739,13.0111
58.3,25476,471,58,-591,39.6947,13.0807
59.2,25956,463,39,-567,39.7023,13.0838
62.8,25496,469,41,-534,39.6896,13.0826
61.4,25761,463,45,-571,39.6817,13.0213
60.4,26262,470,42,-564,39.6897,13.0274
57.2,26085,472,50,-610,39.6815,13.0193
58.3,25175,465,48,-580,39.7026,13.0946
54.8,25894,470,52,-620,39.6806,13.0206
61.7,26715,472,42,-556,39.6852,13.0409
59.0,26241,471,43,-589,39.6946,13.0686
54.4,25452,468,49,-618,39.6874,13.0698
58.2,25302,464,56,-582,39.6843,13.0630
64.6,26721,468,35,-537,39.6851,13.0202
61.1,25791,462,47,-569,39.6897,13.0379
61.3,26617,471,46,-580,39.6885,13.0592
58.9,25711,465,49,-575,39.6769,13.0334
59.2,26907,465,52,-603,39.6866,13.0378
62.3,25404,463,53,-550,39.6855,13.0927
56.2,26850,468,55,-623,39.6841,13.0685
63.4,26239,470,42,-552,39.6846,13.0743
53.5,25160,470,48,-627,39.6813,13.0168
61.5,25282,466,42,-553,39.6964,13.0895
62.4,26716,470,36,-557,39.6832,13.0392
54.8,26455,465,33,-613,39.6912,13.0040
60.5,25032,465,49,-566,39.6796,13.0549
57.9,26202,467,55,-597,39.6847,13.0749
58.3,25364,465,43,-578,39.6879,13.0228
52.7,26849,468,48,-673,39.6898,13.0199
59.8,25836,472,58,-577,39.6794,13.0681
59.9,25893,469,51,-575,39.6859,13.0855
58.0,25977,462,42,-589,39.6900,13.0371
55.4,25129,472,42,-592,39.6921,13.0783
58.5,26731,463,45,-601,39.6832,13.0143
54.4,25839,472,44,-613,39.6864,13.0150
59.4,25921,466,42,-576,39.6836,13.0351
62.4,25830,468,47,-540,39.6976,13.0907
54.1,25677,471,48,-638,39.6907,13.0454
52.6,26853,462,64,-680,39.6759,13.0129
52.4,25141,466,55,-651,39.6895,13.0479
59.9,25684,465,46,-554,39.6907,13.0660
55.9,25774,470,50,-614,39.6885,13.0260
64.9,25830,469,38,-520,39.6901,13.0955
56.9,26829,470,46,-613,39.6867,13.0048
63.5,26412,462,50,-554,39.6896,13.1043
64.1,26807,465,52,-560,39.6837,13.0505
59.8,26008,463,49,-569,39.6962,13.0954
63.2,26903,471,45,-565,39.6925,13.0826
56.3,26679,469,47,-623,39.6830,13.0427
53.2,25464,472,48,-644,39.6903,13.0469
60.7,26466,467,49,-572,39.6993,13.0959
53.2,25718,466,58,-661,39.6782,13.0088
56.9,26081,463,47,-608,39.6899,13.0480
56.3,26505,462,46,-634,39.6836,13.0062
52.8,26327,465,55,-679,39.6828,13.0328
53.8,26066,464,37,-627,39.6838,13.0202
60.2,25162,471,40,-562,39.6927,13.0523
51.2,25847,468,54,-684,39.6866,13.0526
56.7,26435,466,52,-623,39.6879,13.0430
58.7,25185,471,56,-579,39.6935,13.0682
61.0,25198,470,57,-564,39.6872,13.0538
55.9,25309,465,50,-618,39.6872,13.0331
58.4,25516,468,58,-589,39.6781,13.0546
54.2,26650,463,45,-642,39.7071,13.0833
56.7,25043,470,49,-577,39.6964,13.0485
64.6,26421,464,53,-538,39.6937,13.0965
55.7,26232,469,56,-637,39.6718,13.0145
56.0,26327,471,49,-625,39.6903,13.0399
62.7,25973,463,40,-550,39.6795,13.0488
53.4,26392,463,52,-653,39.6946,13.0542
59.5,25491,471,51,-576,39.6801,13.0171
61.6,25724,467,37,-547,39.6865,13.0091
54.2,26804,464,44,-627,39.6842,13.0090
54.1,25461,464,50,-630,39.6875,13.0633
53.7,26892,463,53,-658,39.6872,13.0260
58.5,24960,464,51,-574,39.6932,13.0796
60.6,25375,463,54,-564,39.6799,13.0177
60.8,26158,466,48,-561,39.6798,13.0212
56.2,25258,464,43,-599,39.6931,13.0599
62.3,26812,465,43,-574,39.6788,13.0375
55.7,25684,469,58,-618,39.6943,13.0839
58.0,26430,469,42,-588,39.6914,13.0623
55.1,26788,467,41,-637,39.6963,13.0457
55.0,26498,464,43,-634,39.6832,13.0275
59.1,26808,466,54,-591,39.6882,13.0780
54.5,24993,463,41,-608,39.6991,13.0731
60.0,26447,465,53,-585,39.6875,13.0599
59.8,26324,471,51,-593,39.6750,13.0259
61.6,25463,467,50,-562,39.6975,13.0858
51.3,26518,472,50,-694,39.6988,13.0632
57.6,25375,466,53,-597,39.6828,13.0313
51.6,25396,465,53,-664,39.6947,13.0618
57.9,26617,468,57,-615,39.6862,13.0873
58.6,25082,470,46,-568,39.6922,13.0820
52.7,25210,471,64,-652,39.6849,13.0222
54.8,25948,469,52,-643,39.6960,13.0697
61.7,25176,472,56,-557,39.6811,13.0392
58.2,25667,471,61,-606,39.6788,13.0562
52.7,26516,467,55,-663,39.6961,13.0501
54.7,25140,469,49,-609,39.6825,13.0513
63.8,26702,467,48,-553,39.6868,13.0793
59.4,25086,464,52,-573,39.6904,13.0804
60.8,26011,466,42,-556,39.6822,13.0440
53.2,26526,462,40,-652,39.6914,13.0325
54.9,26301,465,58,-631,39.6875,13.0435
60.5,25823,471,38,-558,39.6788,13.0134
62.8,26669,466,52,-568,39.6876,13.0702
58.1,26463,463,54,-606,39.6819,13.0546
60.8,26033,468,42,-564,39.6954,13.0696
61.0,25220,463,52,-542,39.6948,13.0952
58.0,25017,466,44,-571,39.6874,13.0300
52.9,25593,468,45,-629,39.6869,13.0097
54.7,26396,464,44,-625,39.6837,13.0127
52.6,25573,467,44,-644,39.6862,13.0426
52.8,26904,471,58,-669,39.6820,13.0165
58.1,26508,463,47,-599,39.6820,13.0045
59.5,26853,467,36,-581,39.6910,13.0525
58.3,26702,462,49,-613,39.6779,13.0170
56.4,25852,466,45,-601,39.7019,13.0855
52.8,26375,469,48,-651,39.6898,13.0271
61.8,25134,463,40,-535,39.6742,13.0153
53.8,26194,465,54,-640,39.6745,13.0100
58.4,25817,465,48,-572,39.6789,13.0212
52.6,26616,472,58,-670,39.6968,13.0661
52.1,26096,463,59,-666,39.6908,13.0419
56.8,26265,463,42,-596,39.6816,13.0203
50.9,26563,470,51,-707,39.6892,13.0243
56.7,25155,465,44,-592,39.6927,13.0479
58.5,26806,470,44,-599,39.6878,13.0326
56.4,25016,463,43,-596,39.6880,13.0362
59.5,26349,466,53,-585,39.6831,13.0195
60.4,25958,467,54,-585,39.6950,13.0990
63.9,26327,471,35,-534,39.6858,13.0529
60.0,25478,471,43,-556,39.6863,13.0155
52.2,25620,466,54,-654,39.6897,13.0808
55.3,25326,468,53,-616,39.6812,13.0505
56.7,26730,462,43,-600,39.6822,13.0216
61.4,26535,464,58,-579,39.6794,13.0297
51.7,25810,462,49,-672,39.6801,13.0355
54.0,25224,465,50,-621,39.6750,13.0105
50.9,25051,471,50,-660,39.7020,13.0867
55.2,26255,468,48,-642,39.6764,13.0092
63.0,26141,467,48,-553,39.6716,13.0206
65.1,26721,469,42,-539,39.6773,13.0171
55.6,26517,464,35,-610,39.6960,13.0670
55.4,26582,472,48,-635,39.6830,13.0189
61.2,25800,469,54,-553,39.6924,13.0742
61.3,25869,465,49,-571,39.6821,13.0374
54.6,26736,466,54,-641,39.6979,13.0889
52.4,26220,470,60,-668,39.6886,13.0523
57.6,25722,462,50,-590,39.6840,13.0602
65.4,26609,468,46,-528,39.6802,13.0453
60.8,26479,462,48,-567,39.6799,13.0542
51.9,25230,467,46,-644,39.6938,13.0397
61.6,26777,469,41,-562,39.6957,13.0960
55.7,26196,465,54,-627,39.6824,13.0345
59.1,26809,463,47,-601,39.6843,13.0659
57.4,26656,464,39,-595,39.6767,13.0090
58.4,25233,468,40,-565,39.7006,13.0781
54.8,25814,464,54,-628,39.6979,13.0884
58.8,26005,463,48,-603,39.6895,13.0524
58.3,26278,465,53,-598,39.7008,13.0956
62.1,25276,470,39,-542,39.6870,13.0674
51.6,25295,467,46,-646,39.6820,13.0240
53.5,25401,466,51,-638,39.6803,13.0136
55.4,25836,465,54,-609,39.6954,13.0597
56.2,26290,466,49,-619,39.6980,13.0901
53.2,25279,463,51,-633,39.6946,13.0848
54.6,25181,470,42,-613,39.6843,13.0407
56.3,25148,469,53,-596,39.6856,13.0454
55.2,26160,470,45,-619,39.6923,13.0291
52.4,26342,470,46,-678,39.6901,13.0481
60.4,26695,469,45,-570,39.6855,13.0104
54.8,24976,466,42,-597,39.6988,13.0548
53.4,26240,471,46,-648,39.6961,13.0461
55.2,24979,465,48,-601,39.6810,13.0095
53.8,25196,464,38,-608,39.6976,13.0642
54.5,26920,470,58,-648,39.6799,13.0351
54.0,25553,464,63,-645,39.6850,13.0244
56.3,26881,462,36,-613,39.6843,13.0090
58.1,25144,464,49,-579,39.6937,13.0778
53.6,26134,468,48,-654,39.6897,13.0709
51.5,25612,462,49,-659,39.6865,13.0421
57.1,26703,471,54,-629,39.6987,13.0865
57.2,26078,466,54,-619,39.6860,13.0671
61.1,25764,471,36,-555,39.6906,13.0263
54.1,25119,466,41,-605,39.7032,13.0887
53.0,24928,468,65,-648,39.6928,13.0817
56.4,25050,466,55,-592,39.6855,13.0528
54.6,25899,464,42,-624,39.6906,13.0273
53.2,26492,470,48,-654,39.6978,13.0945
55.7,25842,465,55,-616,39.6782,13.0252
59.5,25126,468,54,-562,39.6819,13.0395
63.1,26876,463,40,-562,39.6908,13.0427
55.5,25927,463,45,-617,39.6910,13.0337
53.6,25587,463,44,-618,39.7069,13.0851
55.3,25007,467,42,-589,39.6804,13.0385
53.3,25224,470,52,-639,39.6977,13.0655
52.9,26540,470,47,-662,39.6916,13.0271
53.7,26354,470,47,-651,39.6887,13.0197
59.3,26686,469,47,-586,39.6861,13.0632
51.8,26688,464,62,-682,39.6824,13.0363
59.9,26636,471,49,-585,39.6850,13.0566
55.8,24988,462,47,-591,39.7005,13.0810
57.4,25330,464,54,-597,39.6871,13.0545
53.5,25747,465,43,-642,39.6841,13.0401
64.4,26081,465,48,-531,39.6872,13.0736
56.1,26575,469,59,-639,39.6874,13.0805
60.5,25309,466,49,-562,39.6925,13.0573
59.0,25308,467,50,-587,39.6930,13.0706
53.2,25736,468,53,-650,39.6887,13.0588
53.1,26529,463,51,-659,39.6809,13.0224
56.3,26627,462,44,-627,39.6878,13.0673
61.2,25537,464,52,-565,39.6817,13.0510
54.2,25608,464,56,-641,39.6884,13.0687
59.4,25668,466,57,-586,39.6933,13.0728
57.2,25425,465,51,-596,39.6855,13.0332
53.1,25973,469,50,-639,39.6945,13.0625
56.9,25904,469,49,-613,39.6803,13.0467
60.9,25520,472,44,-562,39.6898,13.0662
54.2,25482,471,47,-636,39.6894,13.0576
57.8,25098,465,45,-590,39.6867,13.0218
56.5,25448,463,50,-600,39.6769,13.0302
56.1,26375,462,40,-609,39.7020,13.0615
54.4,26508,471,58,-655,39.6887,13.0639
57.6,25233,462,49,-592,39.6880,13.0168
54.7,25131,462,48,-625,39.6747,13.0027
55.9,26015,468,47,-612,39.6849,13.0255
56.9,26624,466,42,-623,39.6944,13.0876
55.0,25133,466,43,-613,39.6843,13.0275
52.9,26239,472,53,-648,39.6847,13.0135
53.9,25793,471,44,-637,39.6944,13.0453
57.7,25514,470,45,-587,39.6995,13.0710
61.6,24998,465,51,-547,39.6904,13.0817
63.2,26734,466,45,-561,39.6892,13.0633
52.0,26841,469,57,-686,39.6863,13.0386
62.1,26021,472,43,-550,39.6838,13.0362
56.0,26531,465,46,-629,39.6961,13.0852
54.7,26512,469,44,-626,39.6798,13.0086
59.1,25647,469,45,-561,39.6960,13.0880
56.2,25222,464,51,-590,39.6852,13.0452
56.0,26575,467,57,-621,39.6857,13.0253
58.3,25722,464,47,-578,39.6857,13.0246
52.8,25401,462,51,-645,39.6929,13.0603
52.6,25910,470,48,-644,39.6788,13.0134
52.5,25045,466,47,-628,39.6815,13.0035
56.6,25177,468,38,-580,39.6814,13.0224
60.8,26007,472,52,-571,39.6864,13.0564
64.3,25342,471,36,-513,39.6983,13.0964
60.3,26383,466,35,-566,39.6984,13.0543
61.6,25724,467,44,-552,39.6816,13.0519
56.1,26650,470,46,-642,39.6910,13.0809
53.8,26510,462,53,-660,39.6863,13.0708
49.6,24981,470,52,-687,39.6866,13.0166
62.2,26322,471,49,-563,39.6731,13.0334
62.8,26799,464,48,-560,39.6806,13.0486
56.0,25742,470,48,-610,39.6818,13.0365
57.6,26613,467,49,-618,39.6921,13.0856
61.2,26043,463,46,-570,39.6919,13.0617
54.8,25579,472,48,-614,39.6793,13.0286
59.0,25228,467,43,-573,39.6863,13.0232
53.5,26037,464,53,-648,39.6984,13.0795
58.0,26489,472,53,-595,39.6899,13.0677
62.6,26471,464,36,-551,39.6907,13.0366
51.3,25059,465,51,-664,39.6877,13.0181
53.4,25738,469,47,-628,39.6940,13.0257
56.5,25506,464,58,-607,39.6739,13.0229
60.3,26217,464,44,-559,39.6902,13.0559
59.0,26088,470,40,-576,39.6908,13.0249
51.6,25378,464,46,-656,39.6815,13.0123
52.3,26259,462,48,-654,39.6970,13.0705
59.7,24962,467,49,-568,39.6839,13.0791
53.1,25154,468,46,-640,39.6905,13.0664
64.3,25632,468,34,-523,39.6801,13.0134
59.5,26223,465,58,-593,39.6879,13.0559
58.2,26143,471,52,-601,39.6744,13.0339
54.7,25350,471,48,-618,39.6871,13.0653
59.4,25488,469,54,-586,39.6948,13.0877
58.2,26515,467,50,-594,39.6909,13.0712
59.3,24994,464,55,-570,39.6856,13.0650
58.0,26554,464,48,-611,39.6785,13.0405
56.7,26889,471,46,-624,39.6942,13.0898
59.7,25950,464,47,-577,39.6979,13.0888
63.2,26614,468,48,-556,39.6762,13.0106
52.1,25425,465,50,-642,39.6959,13.0791
58.4,25349,467,50,-569,39.6834,13.0490
56.0,26562,472,52,-620,39.6909,13.0763
62.0,25760,470,35,-542,39.6786,13.0154
55.2,25421,469,46,-607,39.6869,13.0381
60.3,25620,469,53,-573,39.6833,13.0462
54.2,25899,472,42,-627,39.6879,13.0297
52.9,25752,466,54,-652,39.6904,13.0820
51.9,25085,471,56,-639,39.6845,13.0293
57.4,25019,471,41,-576,39.6981,13.0896
53.3,25705,465,45,-642,39.6891,13.0296
53.3,25239,468,53,-650,39.6918,13.0386
62.5,25126,468,39,-526,39.6774,13.0164
53.5,25412,466,49,-618,39.6816,13.0371
58.9,26226,471,58,-594,39.6730,13.0222
59.0,26510,465,59,-606,39.6875,13.0595
56.2,26508,472,48,-619,39.6866,13.0630
57.4,25399,468,36,-578,39.7023,13.0879
51.5,25742,469,53,-672,39.6762,13.0017
53.4,25240,471,52,-635,39.6915,13.0507
54.5,25951,463,44,-619,39.6999,13.0861
57.0,26684,468,41,-594,39.6926,13.0791
51.2,25037,469,55,-648,39.6821,13.0160
60.1,25407,465,48,-566,39.6995,13.0977
54.2,26241,467,40,-636,39.6866,13.0473
54.1,25448,465,59,-638,39.6808,13.0039
53.4,26508,464,44,-637,39.6938,13.0557
64.5,26793,469,45,-549,39.6791,13.0539
61.8,25245,464,48,-539,39.6958,13.0689
56.2,26358,467,52,-632,39.6883,13.0284
56.7,25949,467,45,-603,39.6889,13.0444
54.1,26165,463,53,-646,39.6812,13.0297
54.3,25400,471,52,-619,39.6951,13.0651
53.4,26654,465,49,-657,39.6787,13.0261
54.2,26640,471,49,-655,39.6796,13.0105
60.6,25042,468,43,-540,39.6912,13.0345
61.1,26021,472,54,-559,39.6816,13.0531
62.3,25591,469,43,-552,39.6802,13.0135
55.1,25227,465,55,-614,39.6880,13.0633
59.7,26760,464,44,-585,39.6778,13.0265
60.0,25413,463,42,-563,39.6906,13.0497
52.2,26051,470,49,-682,39.6921,13.0318
61.1,24976,467,56,-555,39.6956,13.0956
58.0,24960,462,57,-586,39.6933,13.0917
61.6,25184,467,35,-532,39.6909,13.0803
55.3,25615,464,49,-622,39.6744,13.0131
57.0,25812,467,50,-586,39.6729,13.0109
56.4,26674,472,46,-620,39.6913,13.0958
55.9,26478,468,46,-614,39.6836,13.0627
61.0,25749,463,38,-557,39.6819,13.0274
57.7,26622,465,49,-590,39.6842,13.0327
55.4,26795,471,51,-645,39.6970,13.0933
56.9,26391,465,43,-608,39.6944,13.0521
59.2,26349,467,46,-595,39.6904,13.0360
61.9,25314,471,44,-534,39.6917,13.0908
57.1,26103,462,46,-607,39.6800,13.0377
55.3,25856,470,39,-603,39.6989,13.0540
61.0,26301,470,44,-576,39.6837,13.0629
53.8,25242,471,49,-618,39.6857,13.0187
54.2,25018,464,45,-598,39.7021,13.0724
52.4,24973,462,53,-657,39.6948,13.0644
60.5,26591,466,40,-576,39.6941,13.0574
51.9,25301,470,52,-638,39.6836,13.0314
57.6,26830,470,67,-631,39.6783,13.0402
65.6,26117,466,40,-513,39.6914,13.0870
54.7,25271,470,48,-610,39.6814,13.0158
61.7,25189,467,51,-550,39.6853,13.0707
56.2,25794,470,44,-602,39.6970,13.0978
51.6,25774,463,48,-665,39.7010,13.0831
59.9,25435,469,47,-561,39.6944,13.0937
61.0,26390,466,46,-572,39.6842,13.0080
51.1,25001,472,61,-661,39.6937,13.0681
55.2,26605,462,52,-623,39.6817,13.0390
57.9,25543,465,50,-594,39.6920,13.0424
57.2,25391,465,42,-574,39.6780,13.0270
54.5,26566,471,39,-624,39.7000,13.0641
61.6,26376,467,50,-569,39.6746,13.0139
57.8,26557,468,53,-605,39.6877,13.0455
53.2,25386,469,61,-650,39.6879,13.0226
52.7,25810,470,57,-650,39.6958,13.0718
61.4,25356,463,39,-543,39.6905,13.0506
53.7,26573,470,57,-653,39.6940,13.0742
54.5,26882,469,46,-624,39.6882,13.0263
58.5,25189,470,44,-576,39.6938,13.0646
58.7,25143,463,55,-571,39.6777,13.0168
52.9,25038,471,55,-630,39.6785,13.0176
64.2,25781,466,51,-528,39.6700,13.0304
56.0,25117,466,57,-615,39.6962,13.0867
63.6,26595,469,44,-564,39.6906,13.0696
58.1,25599,469,46,-590,39.6944,13.0957
59.8,25961,466,42,-574,39.6824,13.0609
54.7,26663,465,45,-644,39.7015,13.0802
56.8,25183,463,45,-602,39.6900,13.0423
54.9,26012,471,44,-629,39.6856,13.0388
61.1,25904,462,45,-561,39.6891,13.0248
59.1,25964,469,49,-569,39.6987,13.0766
61.4,26580,466,53,-577,39.6900,13.1002
60.7,26607,469,47,-584,39.6800,13.0400
55.8,25463,463,41,-594,39.6759,13.0138
58.5,25314,468,44,-565,39.6979,13.0490
50.7,25723,466,60,-680,39.6846,13.0349
51.2,25391,471,45,-659,39.6945,13.0398
55.9,26466,463,42,-613,39.6842,13.0425
54.0,25363,472,48,-628,39.6874,13.0340
58.4,24996,466,60,-590,39.6809,13.0587
53.4,26348,466,48,-642,39.6946,13.0609
60.1,25857,467,51,-576,39.6965,13.0863
54.9,26283,464,48,-615,39.6935,13.0763
57.2,26414,470,36,-591,39.6918,13.0526
54.7,26346,470,46,-620,39.6805,13.0100
62.0,26200,470,38,-542,39.6875,13.0437
57.2,26272,465,46,-606,39.6932,13.0738
58.1,25756,465,51,-596,39.6839,13.0178
57.8,26828,470,36,-602,39.6863,13.0351
63.9,26392,470,40,-549,39.6789,13.0171
52.0,25134,472,53,-656,39.6944,13.0421
58.7,26490,468,45,-600,39.6991,13.0783
57.8,25735,469,51,-583,39.6749,13.0094
49.9,25003,471,62,-677,39.6767,13.0171
58.6,25122,465,43,-567,39.6879,13.0805
60.2,24958,470,47,-550,39.6993,13.0968
51.8,25040,471,58,-642,39.6831,13.0227
57.9,25832,471,49,-594,39.6857,13.0086
55.9,26273,469,53,-627,39.6841,13.0690
53.6,25869,464,49,-640,39.6955,13.0656
61.2,24974,469,50,-546,39.6966,13.0898
56.8,26626,471,52,-625,39.6844,13.0416
62.2,25224,471,49,-536,39.6928,13.0663
63.7,26563,466,42,-546,39.6893,13.0595
57.0,26465,469,42,-600,39.6806,13.0466
55.4,26447,463,47,-631,39.6783,13.0106
58.3,26094,464,48,-603,39.6920,13.0905
52.4,25217,468,51,-629,39.6900,13.0446
58.2,26467,471,48,-602,39.6721,13.0102
56.3,25840,471,47,-589,39.6914,13.0860
57.3,25935,464,51,-611,39.6852,13.0322
60.1,26085,467,52,-568,39.6878,13.0698
59.3,26529,463,46,-578,39.6888,13.0179
56.6,26464,468,37,-602,39.6966,13.0853
61.6,26840,464,39,-557,39.6941,13.0479
53.6,26440,470,53,-662,39.6906,13.0590
56.7,25778,471,39,-593,39.6866,13.0186
53.3,25916,470,58,-646,39.6953,13.0546
58.2,25594,471,51,-587,39.7020,13.0942
55.6,26804,469,35,-622,39.7056,13.0890
58.3,26210,471,45,-596,39.6875,13.0773
62.3,25233,469,51,-530,39.6929,13.0594
58.4,26753,466,42,-590,39.6970,13.0825
58.2,26704,469,50,-610,39.7019,13.0941
61.0,26380,467,45,-566,39.6910,13.0956
58.9,25108,468,37,-554,39.6875,13.0414
54.2,26429,470,40,-623,39.6849,13.0411
64.1,26449,462,41,-549,39.6963,13.0722
52.9,26069,464,54,-646,39.6816,13.0123
54.6,25904,467,54,-627,39.6966,13.0971
63.4,25356,469,50,-522,39.6805,13.0502
59.7,25911,462,59,-582,39.6892,13.0777
53.7,26007,466,42,-630,39.6794,13.0021
52.4,25604,470,35,-637,39.6986,13.0641
59.4,25054,471,43,-560,39.7033,13.0936
57.7,25971,467,52,-592,39.6835,13.0160
54.1,26803,465,51,-652,39.6958,13.0924
55.9,26518,465,41,-623,39.6873,13.0270
53.5,26486,465,47,-656,39.6979,13.0700
60.8,26432,467,44,-572,39.6885,13.0936
57.2,25584,465,39,-582,39.6853,13.0072
53.6,26130,464,41,-638,39.6855,13.0290
54.7,26079,466,49,-612,39.6837,13.0258
54.7,25366,464,53,-605,39.6814,13.0491
55.7,26703,470,41,-626,39.6951,13.0373
53.2,25410,463,49,-625,39.6871,13.0698
56.3,25846,467,40,-603,39.6865,13.0170
53.7,25918,470,42,-626,39.6884,13.0137
61.6,25712,472,46,-543,39.6706,13.0163
55.9,25156,469,47,-596,39.6835,13.0161
61.4,26908,465,53,-589,39.6849,13.0626
56.4,25656,462,51,-611,39.6878,13.0808
62.1,25300,463,45,-553,39.6922,13.0905
60.7,25047,465,51,-552,39.6900,13.0460
60.0,26154,464,53,-585,39.6773,13.0399
51.4,24947,467,61,-656,39.6975,13.0756
59.5,25949,463,50,-586,39.6973,13.0904
50.4,25440,469,51,-686,39.6839,13.0412
61.8,25480,471,44,-566,39.6795,13.0366
65.4,26113,468,47,-516,39.6825,13.0669
54.0,25274,471,41,-604,39.6862,13.0375
54.7,25822,466,48,-618,39.6981,13.0868
62.4,25428,471,52,-550,39.6852,13.0688
53.2,25826,464,53,-638,39.6862,13.0132
60.0,25105,465,39,-559,39.6756,13.0166
54.2,26108,468,48,-632,39.6781,13.0134
62.8,26736,464,55,-562,39.6919,13.1002
61.7,25006,467,42,-542,39.6964,13.0815
59.4,25694,471,40,-566,39.6943,13.0635
53.7,25169,464,47,-618,39.6924,13.0719
59.2,26250,470,64,-602,39.6941,13.0935
56.6,26451,466,39,-594,39.6887,13.0705
54.1,26206,466,49,-647,39.6949,13.0499
57.4,26241,467,39,-591,39.6887,13.0583
50.9,24979,466,52,-655,39.6919,13.0332
58.2,26522,470,49,-619,39.6788,13.0458
51.9,25107,469,58,-657,39.6965,13.0816
51.8,25671,463,47,-658,39.6922,13.0792
54.1,26292,462,48,-634,39.6870,13.0137
52.8,25307,470,53,-651,39.6775,13.0193
56.7,25614,466,52,-609,39.6775,13.0216
55.0,25959,471,41,-621,39.6916,13.0298
56.0,26160,470,58,-625,39.6952,13.0733
53.9,25782,468,56,-631,39.6920,13.0861
52.6,25766,469,49,-642,39.6904,13.0366
50.4,25344,463,56,-674,39.7010,13.0764
61.3,26722,465,40,-561,39.6929,13.0460
56.4,25845,462,58,-614,39.6853,13.0515
55.4,26609,472,49,-620,39.6944,13.0530
62.1,25850,468,44,-550,39.6784,13.0369
50.7,24968,464,48,-668,39.6917,13.0625
51.5,26345,463,55,-682,39.6749,13.0065
52.6,26686,462,50,-676,39.6944,13.0650
57.0,24977,468,45,-576,39.6784,13.0082
54.0,25476,466,56,-645,39.6827,13.0438
56.4,26660,465,49,-627,39.6802,13.0589
52.9,26338,471,40,-653,39.6946,13.0668
61.6,25768,464,50,-571,39.6857,13.0904
52.9,26097,467,50,-653,39.7035,13.0820
53.7,25186,463,52,-624,39.6918,13.0348
52.4,25798,464,42,-643,39.7007,13.0599
55.0,25841,472,40,-624,39.6935,13.0452
55.4,26521,466,51,-611,39.6822,13.0156
64.4,26442,467,46,-535,39.6877,13.0752
50.2,25161,462,48,-677,39.6978,13.0781
67.0,26813,466,35,-513,39.6927,13.0856
62.8,25774,463,39,-531,39.6823,13.0372
53.8,26161,469,51,-645,39.6889,13.0396
55.2,26018,468,52,-625,39.6796,13.0115
54.2,25155,469,44,-609,39.6882,13.0239
60.5,26724,462,44,-580,39.6895,13.0617
57.1,25693,471,33,-582,39.6953,13.0734
53.8,25100,464,43,-611,39.6842,13.0271
58.2,26293,462,49,-596,39.6878,13.0488
64.2,25827,469,35,-528,39.6785,13.0326
60.0,26921,464,45,-589,39.6750,13.0081
62.0,25888,471,55,-552,39.6763,13.0449
57.4,26323,469,50,-607,39.6772,13.0192
53.5,25249,465,56,-638,39.6929,13.0657
58.3,26882,466,49,-607,39.6908,13.0813
60.7,26325,469,49,-569,39.6938,13.0707
56.6,26778,467,57,-621,39.6901,13.1004
57.9,25731,466,41,-589,39.6972,13.0752
51.7,25158,464,55,-638,39.6742,13.0103
56.2,25324,467,49,-608,39.6789,13.0400
57.0,26183,467,50,-622,39.6935,13.0685
56.0,26196,465,52,-627,39.6915,13.0917
55.2,26004,469,44,-628,39.6784,13.0009
53.4,25668,465,47,-625,39.6996,13.0530
56.0,25196,463,50,-605,39.6912,13.0251
52.5,25439,464,40,-639,39.6994,13.0802
52.9,25938,469,60,-657,39.6760,13.0146
55.3,26643,470,52,-630,39.6711,13.0049
58.8,26149,471,42,-589,39.6763,13.0170
55.5,26246,466,56,-618,39.6869,13.0621
56.3,26219,469,50,-616,39.6898,13.0456
62.4,26442,466,43,-548,39.6753,13.0343
57.8,26499,465,56,-609,39.6883,13.0384
60.6,25383,471,47,-563,39.6953,13.0980
63.0,25492,465,32,-526,39.6854,13.0473
56.3,26307,470,44,-612,39.6892,13.0530
61.7,26445,467,44,-564,39.6724,13.0289
63.4,26651,469,44,-536,39.6917,13.0592
54.4,26861,469,56,-650,39.6914,13.0624
55.0,26124,471,54,-645,39.6918,13.0788
58.1,25478,469,49,-590,39.6920,13.0414
54.7,25879,466,54,-629,39.6838,13.0198
57.4,25820,471,57,-602,39.6714,13.0126
51.8,25479,464,52,-663,39.6925,13.0419
57.7,25399,463,39,-580,39.6929,13.0384
56.6,25408,464,50,-588,39.6917,13.0571
60.6,25311,470,45,-566,39.6845,13.0820
55.1,26204,465,43,-611,39.6815,13.0212
54.7,25156,467,47,-607,39.6882,13.0401
55.5,26331,464,43,-620,39.6951,13.0508
51.9,25393,463,56,-645,39.7051,13.0911
60.5,25450,470,48,-554,39.6772,13.0249
57.2,25901,468,54,-600,39.6846,13.0103
59.8,26541,466,43,-570,39.6920,13.0908
52.9,26452,472,54,-649,39.6809,13.0300
54.0,25336,467,47,-623,39.6806,13.0447
60.3,25173,470,40,-554,39.6938,13.0641
55.6,25303,466,53,-617,39.6935,13.0433
59.8,25485,468,49,-570,39.6741,13.0132
58.3,25167,471,37,-567,39.6882,13.0615
51.2,25386,472,56,-659,39.6876,13.0781
57.8,24950,470,53,-587,39.6800,13.0259
54.3,25989,466,43,-615,39.6901,13.0535
60.4,26647,470,50,-591,39.6805,13.0724
57.3,26351,464,51,-603,39.6837,13.0537
63.4,26108,469,44,-538,39.6882,13.0841
59.9,25081,471,38,-558,39.6900,13.0663
53.2,25758,469,45,-643,39.7032,13.0717
57.2,26280,463,42,-587,39.6898,13.0725
51.5,25127,466,42,-645,39.6916,13.0622
57.7,25009,465,54,-601,39.6821,13.0668
50.1,25136,472,61,-684,39.6852,13.0229
61.7,25120,463,48,-543,39.6822,13.0306
57.0,26064,471,51,-609,39.6851,13.0613
62.4,25983,464,47,-543,39.6915,13.0521
53.0,25155,466,49,-629,39.6983,13.0733
59.1,25490,470,38,-558,39.7064,13.0959
54.0,25847,466,45,-621,39.6882,13.0043
53.1,26139,466,39,-647,39.6935,13.0344
64.5,26447,471,35,-537,39.6765,13.0101
51.6,25677,467,48,-657,39.6984,13.0537
52.6,25290,468,42,-630,39.6959,13.0588
52.0,25758,471,52,-667,39.6903,13.0379
64.6,26443,466,43,-536,39.6829,13.0388
51.9,25365,463,52,-642,39.6886,13.0265
58.5,26843,469,45,-612,39.6939,13.0603
54.8,25774,470,53,-617,39.6905,13.0626
58.1,26572,464,51,-609,39.6984,13.0818
64.1,26560,469,41,-550,39.6978,13.0872
56.0,26488,466,48,-615,39.6893,13.0776
58.2,26497,464,60,-605,39.6714,13.0195
55.5,26471,468,41,-617,39.6905,13.0435
56.9,25291,467,43,-591,39.6990,13.0621
54.5,26146,465,51,-639,39.6778,13.0302
51.3,25208,471,56,-671,39.6908,13.0599
58.0,26428,467,36,-579,39.6894,13.0514
51.6,25515,466,44,-655,39.6812,13.0206
51.9,25392,464,48,-655,39.6944,13.0415
52.1,25433,466,50,-671,39.6813,13.0178
58.9,26181,471,38,-579,39.6817,13.0174
61.7,26420,468,60,-579,39.6775,13.0627
63.2,25554,463,38,-533,39.6945,13.0688
58.2,25612,464,49,-578,39.6965,13.0730
54.8,25910,465,40,-613,39.6946,13.0651
59.8,25300,466,50,-566,39.6787,13.0422
65.7,26927,463,49,-533,39.6728,13.0488
59.0,25699,467,42,-572,39.6846,13.0325
62.4,25639,472,42,-554,39.6861,13.0232
52.7,26237,470,56,-676,39.6953,13.0915
56.6,26524,465,42,-605,39.6901,13.0229
59.9,26686,467,50,-590,39.6945,13.0765
59.5,26756,472,52,-599,39.6850,13.0535
52.5,26664,465,62,-671,39.6978,13.0758
60.9,26026,462,41,-576,39.6908,13.0520
61.5,25335,472,45,-552,39.6760,13.0127
60.6,25688,468,35,-547,39.6875,13.0312
55.2,26651,469,54,-652,39.6812,13.0185
57.1,26337,470,40,-615,39.6912,13.0457
54.7,26234,471,57,-632,39.6895,13.0576
64.0,26546,471,37,-539,39.6916,13.0624
56.1,25007,464,50,-597,39.6788,13.0247
56.9,25403,463,46,-585,39.6980,13.0845
58.7,26833,464,40,-600,39.6814,13.0076
56.2,25159,469,48,-593,39.6817,13.0258
62.8,25851,466,38,-534,39.6881,13.0507
61.1,26339,470,46,-579,39.6809,13.0251
53.4,26335,465,55,-663,39.6868,13.0692
53.1,26014,469,50,-651,39.6799,13.0438
60.0,25355,464,44,-551,39.6738,13.0124
61.2,26889,467,40,-574,39.6794,13.0334
58.0,25177,469,44,-573,39.6923,13.0488
52.9,26069,471,55,-653,39.6828,13.0449
56.6,26660,466,56,-639,39.6843,13.0284
53.5,26362,469,45,-647,39.6920,13.0736
52.4,25761,470,50,-656,39.6769,13.0254
52.9,26750,466,54,-673,39.6885,13.0081
63.2,25663,471,48,-532,39.6898,13.0834
53.6,26005,471,57,-657,39.6932,13.0423
60.5,26572,471,48,-571,39.6704,13.0102
55.2,25833,463,52,-611,39.7035,13.0960
52.1,25254,468,44,-638,39.6876,13.0127
51.9,26154,467,49,-671,39.6824,13.0352
58.7,25506,468,44,-583,39.6882,13.0663
54.0,25973,463,40,-625,39.6866,13.0018
58.7,26836,467,45,-589,39.6913,13.0653
51.8,26797,464,53,-691,39.6771,13.0238
62.8,26617,466,51,-550,39.6956,13.0836
59.2,25416,468,53,-580,39.6867,13.0597
50.7,24995,465,60,-659,39.6854,13.0375
52.9,26119,466,50,-648,39.6958,13.0723
62.3,25688,462,41,-543,39.6798,13.0074
63.6,26401,472,44,-558,39.6809,13.0306
56.1,26139,470,44,-611,39.6968,13.0921
62.0,25646,467,38,-550,39.6800,13.0126
59.1,25392,469,37,-572,39.6932,13.0477
57.7,26058,469,45,-593,39.6904,13.0369
63.2,26628,465,53,-564,39.6698,13.0157
52.8,25273,466,60,-646,39.6909,13.0728
53.0,26468,462,49,-651,39.6967,13.0870
64.5,26302,471,39,-526,39.6769,13.0247
60.3,25481,464,57,-572,39.6807,13.0518
56.2,26598,471,49,-632,39.6849,13.0705
57.3,26348,472,46,-595,39.6847,13.0361
60.8,26861,466,43,-566,39.6786,13.0108
56.9,25782,471,60,-614,39.6950,13.0809
52.2,25316,464,62,-660,39.6771,13.0290
60.8,25017,472,48,-564,39.6850,13.0653
52.7,26091,462,46,-643,39.6977,13.0949
63.2,26440,472,50,-561,39.6964,13.0866
56.5,26901,463,47,-625,39.6975,13.0861
64.4,26869,470,49,-549,39.6805,13.0544
55.6,26813,467,48,-633,39.6864,13.0711
57.2,25559,469,48,-603,39.6881,13.0886
53.0,25279,471,54,-635,39.7042,13.0860
55.3,26443,466,54,-647,39.6960,13.0599
54.1,26071,468,49,-618,39.6850,13.0027
54.4,26470,469,47,-636,39.6898,13.0466
53.0,26548,465,48,-660,39.7043,13.0894
61.0,25568,470,49,-568,39.6849,13.0235
60.1,25849,470,47,-577,39.6809,13.0316
52.0,25502,466,46,-644,39.6974,13.0791
60.3,26310,465,42,-581,39.6858,13.0319
55.0,25969,464,61,-646,39.6949,13.0914
53.0,25520,465,53,-648,39.6911,13.0617
64.0,26383,469,40,-537,39.6883,13.0488
56.2,24968,471,46,-585,39.6812,13.0093
60.0,26844,463,42,-592,39.6880,13.0398
53.2,25694,468,64,-660,39.6697,13.0063
56.1,26523,472,51,-623,39.6915,13.0456
56.9,25963,468,51,-607,39.6750,13.0030
56.9,25685,467,55,-610,39.6948,13.0710
56.6,25912,465,38,-600,39.6960,13.0919
51.7,25578,468,56,-672,39.6855,13.0166
56.7,26349,463,51,-603,39.6842,13.0387
59.8,25318,467,45,-557,39.6965,13.0642
54.3,26776,469,47,-663,39.6860,13.0230
58.2,25832,465,42,-588,39.6918,13.0830
55.7,26565,469,47,-624,39.6986,13.0815
53.0,26053,470,59,-658,39.6821,13.0158
54.8,26920,472,46,-643,39.6861,13.0045
62.9,25696,469,43,-551,39.6924,13.0609
55.6,25252,471,47,-594,39.7077,13.0908
61.0,25157,470,51,-570,39.6773,13.0323
62.5,26522,463,44,-553,39.6948,13.0849
50.9,25683,463,60,-673,39.6876,13.0707
58.8,26069,470,54,-578,39.6701,13.0183
59.1,25046,464,48,-571,39.6912,13.0407
57.6,26630,467,44,-609,39.6763,13.0277
60.5,26642,466,47,-587,39.6933,13.0882
53.5,24944,468,53,-618,39.6806,13.0114
56.1,26034,464,55,-615,39.6855,13.0686
60.1,25784,470,35,-558,39.6917,13.0513
62.3,25359,470,53,-540,39.6904,13.0930
61.3,26347,468,51,-575,39.6805,13.0409
56.0,26750,464,49,-610,39.6990,13.0736
57.6,26868,466,50,-624,39.6851,13.0769
52.2,25256,468,42,-644,39.7053,13.0872
60.3,26091,464,56,-577,39.6889,13.0621
64.7,26666,468,45,-531,39.6910,13.0962
58.6,26516,462,49,-598,39.6813,13.0354
58.4,26194,464,51,-590,39.6951,13.0716
57.7,26900,464,50,-612,39.6821,13.0465
60.8,25550,465,48,-558,39.6802,13.0162
53.7,25726,466,48,-630,39.6958,13.0535
56.5,26151,466,49,-608,39.6853,13.0399
63.4,25290,471,43,-530,39.6977,13.0837
60.1,26005,472,40,-571,39.6949,13.0684
52.9,25293,470,50,-629,39.6930,13.0630
54.5,24963,469,50,-604,39.6926,13.0566
63.7,26659,470,37,-549,39.6859,13.0239
51.9,24973,467,45,-629,39.7063,13.0889
60.3,26329,467,41,-576,39.6823,13.0349
59.0,26279,466,46,-580,39.6848,13.0084
58.7,25972,465,56,-597,39.6969,13.0898
61.4,25863,469,52,-561,39.6860,13.0431
59.1,24931,464,58,-583,39.6854,13.0689
61.7,25304,470,46,-547,39.6884,13.0981
60.5,25488,471,48,-572,39.6849,13.0307
53.0,25035,465,50,-634,39.6955,13.0571
55.7,25096,468,42,-591,39.6912,13.0274
60.3,26320,464,46,-564,39.6742,13.0097
59.6,25886,468,53,-568,39.6830,13.0653
60.7,26455,471,55,-575,39.6890,13.0734
65.1,26919,464,42,-536,39.6823,13.0714
60.3,25328,466,46,-547,39.6845,13.0370
52.6,26431,472,47,-664,39.7017,13.0946
55.7,26209,469,42,-605,39.6863,13.0171
56.8,26586,468,46,-615,39.6842,13.0559
61.9,26618,466,50,-577,39.6918,13.0815
61.5,25667,471,44,-548,39.6907,13.0394
60.8,26274,471,53,-577,39.6893,13.0656
53.7,26313,471,47,-657,39.6781,13.0202
56.3,24993,465,49,-580,39.6807,13.0146
55.6,25501,470,48,-607,39.6907,13.0329
53.3,25678,470,56,-645,39.7038,13.0883
54.2,25007,462,52,-615,39.6744,13.0052
61.5,26775,469,51,-577,39.6961,13.0782
52.2,25332,470,46,-642,39.6991,13.0707
61.5,24935,469,46,-545,39.6819,13.0491
56.8,26185,468,45,-600,39.6789,13.0089
59.7,25182,471,39,-558,39.6956,13.0455
59.4,25816,472,40,-566,39.6826,13.0081
57.2,25635,464,40,-581,39.6899,13.0817
53.9,25091,464,39,-604,39.6998,13.0671
52.5,24970,472,53,-646,39.6905,13.0312
64.4,26556,465,39,-542,39.6953,13.0814
59.7,25465,468,47,-566,39.6880,13.0417
54.3,25904,467,53,-625,39.6891,13.0385
52.1,25443,467,46,-639,39.6883,13.0288
59.8,26143,468,47,-566,39.6891,13.0236
58.9,25842,463,50,-577,39.6758,13.0352
55.2,26526,465,54,-646,39.6844,13.0242
51.7,25109,468,57,-651,39.6950,13.0790
56.7,26369,464,41,-599,39.7060,13.0819
63.2,26767,470,55,-556,39.6875,13.0925
58.1,25727,464,45,-577,39.6987,13.0823
56.0,25720,464,47,-627,39.6736,13.0063
51.0,25266,467,47,-665,39.6899,13.0487
54.8,25324,467,50,-628,39.6959,13.0933
62.1,26181,463,45,-552,39.6862,13.0090
59.8,25379,471,46,-568,39.6937,13.0657
61.2,25833,470,49,-563,39.6923,13.0886
50.7,24964,468,52,-669,39.6743,13.0065
56.5,26028,468,51,-595,39.6894,13.0402
59.2,25858,468,51,-581,39.6834,13.0109
61.8,25693,467,44,-551,39.6769,13.0149
59.1,26150,463,42,-572,39.6782,13.0250
64.0,26544,462,36,-541,39.6818,13.0118
53.6,26460,468,51,-650,39.6826,13.0383
55.1,25788,467,45,-620,39.6839,13.0036
54.1,25970,465,45,-632,39.6879,13.0061
52.2,25950,465,48,-655,39.6921,13.0218
59.5,25089,467,49,-573,39.6799,13.0069
58.7,25379,468,43,-580,39.6894,13.0821
63.1,26269,468,48,-563,39.6817,13.0224
64.2,26876,463,45,-551,39.6760,13.0336
58.5,26106,463,54,-584,39.6992,13.0792
52.7,26090,466,53,-662,39.6916,13.0943
51.8,26474,465,53,-688,39.6853,13.0126
59.6,25875,468,53,-577,39.6875,13.0987
54.8,26516,469,53,-626,39.6862,13.0193
59.0,25493,470,43,-579,39.6880,13.0600
62.0,26040,469,45,-568,39.6802,13.0374
62.5,26765,465,42,-573,39.6785,13.0185
61.5,25401,466,43,-544,39.6928,13.0509
53.1,25169,465,48,-632,39.6836,13.0384
52.6,25281,464,47,-642,39.6852,13.0197
54.1,25739,465,58,-638,39.6806,13.0469
54.1,26833,464,44,-649,39.7039,13.0825
62.6,26299,463,42,-540,39.6832,13.0243
53.8,25282,470,39,-624,39.6838,13.0109
56.2,26381,466,52,-632,39.6867,13.0573
62.7,26392,468,41,-541,39.6790,13.0325
55.4,25642,471,57,-619,39.6795,13.0446
63.0,26374,463,56,-564,39.6739,13.0400
62.3,26099,469,42,-545,39.6948,13.0512
60.1,25508,463,48,-568,39.6909,13.0857
53.5,26890,467,52,-660,39.6947,13.0503
50.6,25062,471,61,-670,39.6822,13.0161
62.3,25808,465,52,-557,39.6891,13.0847
60.3,25984,464,52,-571,39.6783,13.0060
58.7,25751,472,49,-575,39.6984,13.0745
51.4,25693,466,59,-669,39.6920,13.0549
61.9,25495,464,40,-543,39.6888,13.0417
60.7,25990,469,46,-577,39.6731,13.0340
64.4,26318,467,43,-536,39.6924,13.0812
54.6,25213,471,42,-603,39.6896,13.0363
52.4,25656,467,45,-651,39.6930,13.0364
54.3,26276,470,46,-644,39.6864,13.0173
56.4,26830,464,45,-622,39.7003,13.0885
61.5,25293,469,55,-559,39.6903,13.0906
57.6,26156,467,49,-604,39.6944,13.0780
53.5,26097,462,54,-663,39.6798,13.0533
59.3,25291,464,51,-579,39.6816,13.0135
56.7,25769,467,31,-584,39.7006,13.0599
53.0,26525,468,48,-651,39.6841,13.0273
56.3,26059,468,53,-601,39.6884,13.0849
52.8,25478,469,56,-661,39.6929,13.0771
55.6,26693,470,49,-622,39.6971,13.0905
52.9,26384,464,44,-649,39.6854,13.0483
53.8,26295,467,49,-651,39.6985,13.0959
59.1,25842,464,39,-569,39.6869,13.0486
52.6,25195,468,54,-632,39.6787,13.0245
59.8,25310,471,48,-563,39.6788,13.0373
62.5,26195,465,48,-556,39.6960,13.0769
59.4,25459,463,53,-576,39.6925,13.0828
55.1,26295,466,53,-647,39.6824,13.0410
54.8,25090,465,38,-593,39.7009,13.0556
53.4,26759,466,61,-658,39.6829,13.0537
59.8,26703,468,40,-582,39.6882,13.0456
50.6,25031,463,54,-663,39.6922,13.0748
61.8,25626,470,55,-569,39.6869,13.0869
62.8,26729,463,50,-561,39.6890,13.1011
63.5,25592,467,42,-529,39.6843,13.0097
54.7,25095,468,46,-601,39.6845,13.0280
53.1,24945,470,53,-627,39.6911,13.0583
61.8,25806,469,59,-572,39.6937,13.0793
53.4,26145,471,53,-653,39.6894,13.0560
53.4,25022,466,56,-619,39.7005,13.0820
56.8,26407,471,51,-613,39.6996,13.0981
51.6,25147,472,51,-650,39.6957,13.0842
58.5,25566,469,48,-580,39.6869,13.0841
53.1,26599,470,48,-672,39.6984,13.0760
57.1,25715,468,56,-607,39.6855,13.0778
56.8,26584,465,55,-621,39.6835,13.0459
56.7,25446,463,49,-607,39.6904,13.0395
60.5,25136,465,53,-557,39.6958,13.0997
56.7,26730,466,50,-611,39.6737,13.0186
52.9,26802,465,60,-680,39.6778,13.0337
53.4,24980,467,49,-639,39.6931,13.0444
52.9,26807,462,51,-667,39.6836,13.0092
62.6,26150,468,47,-559,39.6905,13.0941
58.5,26066,462,47,-581,39.6949,13.0630
53.4,26173,465,48,-628,39.6862,13.0345
63.7,25620,466,41,-523,39.6836,13.0625
54.2,25284,470,50,-610,39.6964,13.0771
61.1,26724,470,50,-576,39.6942,13.0689
58.0,25416,472,47,-580,39.6854,13.0377
53.6,25730,465,57,-639,39.6779,13.0237
54.4,25936,466,35,-621,39.6880,13.0416
57.8,25674,464,49,-586,39.7025,13.1003
60.4,26344,467,46,-561,39.6968,13.0953
56.9,25930,469,46,-610,39.6937,13.0715
55.9,26090,470,50,-605,39.6967,13.0821
60.3,25131,468,53,-571,39.6894,13.0836
57.2,26641,472,48,-620,39.6829,13.0408
55.2,26235,469,44,-615,39.6846,13.0187
60.2,25577,463,45,-555,39.6914,13.0598
55.4,26925,468,52,-641,39.6944,13.0856
53.7,26126,470,43,-648,39.6866,13.0387
61.5,25324,466,40,-546,39.6973,13.0789
56.9,26631,470,42,-605,39.7020,13.0905
58.9,26472,471,38,-585,39.6960,13.0669
57.5,25387,467,49,-589,39.6857,13.0080
56.3,26110,466,52,-615,39.6859,13.0700
58.9,26656,466,48,-591,39.6975,13.0837
53.3,26459,467,46,-655,39.7003,13.0653
58.3,25173,464,50,-592,39.6992,13.0885
60.8,26096,465,47,-576,39.6923,13.0616
61.5,26857,468,39,-579,39.6897,13.0485
55.8,25926,463,45,-617,39.6993,13.0892
53.9,26680,469,46,-661,39.6843,13.0184
62.3,25282,467,55,-547,39.6893,13.0820
58.3,26605,471,56,-600,39.6807,13.0589
54.4,26520,463,45,-645,39.7042,13.0893
60.7,25837,470,56,-573,39.6765,13.0195
64.7,26487,468,44,-538,39.6908,13.0724
57.9,26572,470,50,-620,39.6878,13.0399
55.0,26531,466,46,-622,39.6826,13.0291
54.7,26376,469,43,-626,39.6751,13.0168
59.5,26758,468,55,-595,39.6829,13.0550
59.3,26856,465,36,-583,39.6994,13.0966
59.8,26561,466,44,-594,39.6924,13.0789
52.9,25194,469,53,-630,39.7039,13.0777
59.5,26816,469,46,-603,39.6841,13.0724
61.2,26487,469,42,-560,39.6845,13.0124
52.4,26796,468,54,-674,39.6853,13.0026
53.0,26366,465,50,-647,39.7006,13.0808
57.1,26717,465,52,-619,39.6905,13.0830
58.5,26800,465,37,-588,39.6936,13.0405
65.3,26211,469,45,-524,39.6949,13.0624
51.7,26109,462,50,-682,39.6925,13.0830
59.9,26403,466,45,-595,39.6891,13.0395
64.7,25858,464,44,-521,39.6739,13.0392
60.5,26561,467,48,-585,39.6947,13.0685
62.8,25082,468,41,-529,39.6778,13.0492
54.2,26160,462,49,-641,39.6952,13.0868
63.0,26888,462,50,-542,39.6948,13.0794
59.6,26165,464,43,-581,39.6938,13.0799
56.9,26500,469,42,-600,39.6813,13.0308
52.8,26407,462,43,-652,39.6819,13.0166
56.5,26796,470,50,-629,39.6776,13.0378
60.7,25413,467,38,-543,39.6920,13.0984
51.1,25329,471,58,-659,39.6795,13.0096
60.1,25876,468,56,-571,39.6826,13.0610
63.0,26895,469,35,-544,39.6859,13.0561
58.2,26506,470,59,-608,39.6781,13.0303
62.6,26785,465,52,-567,39.6843,13.0660
52.4,25258,464,39,-641,39.6953,13.0318
56.8,26808,469,63,-638,39.6819,13.0479
51.8,25555,469,48,-652,39.6864,13.0289
57.2,25128,465,45,-586,39.6970,13.0628
61.9,25898,463,52,-560,39.6848,13.0856
62.1,26257,469,42,-549,39.6888,13.0572
59.4,25395,463,55,-582,39.6975,13.0880
57.6,26411,466,47,-615,39.6965,13.0636
60.3,25769,468,53,-556,39.6941,13.0765
60.8,26199,466,45,-589,39.6787,13.0390
58.8,26758,464,44,-595,39.7005,13.0767
52.6,25692,466,52,-657,39.6881,13.0483
54.7,26783,471,38,-632,39.6950,13.0347
50.9,25504,469,66,-679,39.6847,13.0166
62.4,26680,470,56,-574,39.6786,13.0448
56.0,25439,466,53,-616,39.6811,13.0331
55.9,25902,466,41,-606,39.6766,13.0062
52.8,26394,464,59,-654,39.6905,13.0785
55.3,25080,465,41,-598,39.6943,13.0633
61.2,26001,472,47,-569,39.6960,13.0960
56.0,25016,470,49,-604,39.6813,13.0283
61.8,26488,468,48,-570,39.6872,13.0632
54.5,26519,471,47,-655,39.6782,13.0047
54.9,25743,467,46,-619,39.6880,13.0396
53.8,26382,471,42,-651,39.6897,13.0242
51.7,25754,466,54,-674,39.6814,13.0404
60.1,25926,470,52,-583,39.6923,13.0618
52.1,26107,468,53,-666,39.6789,13.0045
63.8,25481,467,42,-528,39.6781,13.0167
56.1,26739,466,45,-612,39.6844,13.0283
56.9,25723,468,50,-591,39.6911,13.0408
58.5,25340,470,49,-588,39.6860,13.0348
53.6,25967,471,49,-637,39.6941,13.0611
63.2,26376,465,43,-547,39.6810,13.0419
54.5,26172,464,39,-628,39.6927,13.0468
58.9,26103,462,51,-594,39.6778,13.0472
53.6,25329,466,55,-625,39.6883,13.0561
53.8,26439,472,36,-639,39.6948,13.0428
58.4,25651,468,48,-579,39.6865,13.0250
57.3,26721,470,47,-617,39.6822,13.0460
52.0,25065,470,46,-630,39.7009,13.0518
54.2,26781,471,48,-648,39.6979,13.0529
58.1,24933,465,47,-577,39.6856,13.0582
53.4,26366,466,52,-653,39.7050,13.0847
57.2,26144,468,43,-598,39.6848,13.0338
60.9,25417,468,34,-549,39.6884,13.0522
59.0,25843,468,49,-583,39.6941,13.0872
54.2,26344,472,64,-660,39.6838,13.0494
52.1,25512,470,43,-648,39.6910,13.0556
50.0,25167,468,54,-680,39.6847,13.0165
58.9,26376,471,51,-584,39.6860,13.0261
54.3,25085,463,48,-610,39.6902,13.0554
61.7,25870,471,37,-555,39.6810,13.0398
55.9,26104,470,50,-617,39.6811,13.0413
60.3,25474,469,46,-556,39.6908,13.0726
54.1,25740,472,55,-644,39.6949,13.0856
58.5,26304,467,53,-609,39.6951,13.0849
53.9,26130,472,41,-623,39.6977,13.0836
58.7,25968,467,50,-590,39.6966,13.0926
63.8,26064,462,45,-529,39.6755,13.0162
62.7,26642,465,52,-560,39.6890,13.0467
52.1,25633,471,51,-653,39.6838,13.0483
56.7,26078,471,59,-621,39.6945,13.0946
64.6,26752,469,35,-533,39.6939,13.0757
58.1,26924,467,48,-611,39.6986,13.0589
52.1,25287,462,50,-665,39.6815,13.0170
60.4,25900,463,52,-567,39.6851,13.0454
59.4,26072,470,49,-576,39.7016,13.0939
50.7,26172,467,55,-702,39.6788,13.0038
53.9,26336,472,43,-634,39.6909,13.0528
61.0,25215,471,43,-545,39.6960,13.0969
57.6,26263,467,36,-594,39.6894,13.0363
55.0,25132,464,46,-604,39.6874,13.0539
57.0,25334,470,55,-597,39.6886,13.0830
62.5,25893,464,50,-547,39.6977,13.0852
57.5,25948,470,51,-611,39.6869,13.0635
57.2,25840,463,50,-602,39.6833,13.0620
58.4,26808,469,44,-598,39.7030,13.0855
63.3,26769,471,37,-548,39.6997,13.0858
57.0,25217,470,57,-606,39.6821,13.0070
52.4,25984,471,56,-652,39.6908,13.0571
53.5,26690,464,52,-651,39.6838,13.0525
57.9,26085,464,42,-595,39.6891,13.0263
59.6,24941,471,45,-560,39.6897,13.0392
58.9,25073,467,53,-567,39.6929,13.0837
55.1,25930,466,56,-642,39.6914,13.0826
61.0,26518,463,45,-563,39.6946,13.0486
52.9,25766,467,47,-650,39.6791,13.0192
56.2,26386,462,53,-638,39.6717,13.0180
56.0,26528,465,39,-606,39.6809,13.0380
57.6,25189,470,49,-584,39.6937,13.0573
55.8,25633,464,44,-596,39.6923,13.0626
51.7,25210,465,59,-667,39.6939,13.0931
57.2,25337,467,51,-588,39.6874,13.0527
60.2,25191,466,45,-550,39.6908,13.0651
55.9,26259,468,52,-607,39.6735,13.0057
63.0,26135,463,43,-548,39.6726,13.0126
53.7,25896,469,43,-639,39.6935,13.0738
57.4,26643,472,52,-623,39.6838,13.0796
58.5,25041,465,45,-575,39.6932,13.0800
53.3,25580,463,47,-632,39.6997,13.0762
52.3,25899,470,45,-655,39.6795,13.0027
54.9,26285,465,38,-623,39.6775,13.0136
55.5,26471,470,50,-623,39.6861,13.0429
56.8,25873,469,47,-613,39.6882,13.0557
53.0,26055,462,54,-653,39.6959,13.0853
63.9,26443,468,55,-548,39.6829,13.0826
52.9,25007,469,58,-643,39.6853,13.0099
58.5,26689,468,39,-585,39.7076,13.0904
55.2,25953,467,53,-625,39.6805,13.0064
54.9,26283,472,53,-631,39.6784,13.0111
59.6,25794,467,52,-581,39.6818,13.0364
59.1,25910,470,44,-581,39.6973,13.0986
56.2,25056,467,43,-603,39.6860,13.0118
52.9,26212,463,43,-654,39.6930,13.0551
53.5,25205,468,44,-628,39.6821,13.0156
52.9,26232,471,50,-668,39.6870,13.0568
51.7,25515,469,41,-655,39.6779,13.0065
62.3,26098,464,56,-567,39.6755,13.0204
59.4,26157,471,55,-585,39.6964,13.0744
53.9,24974,465,51,-627,39.6837,13.0375
58.0,25651,469,48,-588,39.6867,13.0570
59.7,25365,467,42,-559,39.7041,13.0859
57.2,26039,468,50,-615,39.6926,13.0989
55.9,25937,468,54,-616,39.6819,13.0277
51.6,26289,465,53,-680,39.6898,13.0250
63.6,26017,467,49,-535,39.6775,13.0062
52.2,26318,463,53,-670,39.6931,13.0528
61.4,26708,463,35,-557,39.6930,13.0601
59.5,26480,471,41,-594,39.6992,13.0752
61.4,25833,468,47,-561,39.7045,13.0997
59.5,25729,468,47,-582,39.6804,13.0112
56.7,25323,466,36,-586,39.6946,13.0505
61.5,26891,469,43,-564,39.6943,13.0780
55.4,26121,468,57,-632,39.6820,13.0324
56.0,25578,471,55,-622,39.6875,13.0619
62.0,26029,462,34,-546,39.6897,13.0710
57.0,25184,467,52,-592,39.6897,13.0611
54.0,26301,465,50,-630,39.6978,13.0494
62.7,26803,470,54,-563,39.6910,13.0894
61.7,25738,465,39,-550,39.6975,13.0777
62.0,25115,464,53,-545,39.6871,13.0609
59.2,25888,464,43,-586,39.6808,13.0437
55.6,26162,464,55,-626,39.6860,13.0587
64.5,25772,465,37,-524,39.6784,13.0070
57.2,25926,467,52,-594,39.6854,13.0396
57.5,26829,464,39,-609,39.7020,13.0928
54.9,25845,470,41,-623,39.6879,13.0564
52.6,25048,462,39,-616,39.6868,13.0029
52.9,25126,467,48,-637,39.6933,13.0861
53.2,25848,466,43,-641,39.6921,13.0861
54.8,26816,463,51,-633,39.6992,13.0873
63.9,26696,467,51,-560,39.6776,13.0340
55.3,25710,467,43,-606,39.6899,13.0204
60.2,26576,463,46,-578,39.6820,13.0258
63.2,26642,465,34,-545,39.6864,13.0112
56.4,26359,470,39,-608,39.6893,13.0327
51.4,25550,463,43,-659,39.6854,13.0317
59.5,26161,470,51,-587,39.6809,13.0173
57.1,26883,463,40,-604,39.6827,13.0078
54.0,26541,467,48,-659,39.6773,13.0253
57.6,26767,468,52,-614,39.6882,13.0811
58.2,26649,467,48,-592,39.6903,13.0617
52.5,26307,467,38,-656,39.6951,13.0792
58.0,24932,468,56,-591,39.6925,13.0749
61.7,26415,470,43,-561,39.6850,13.0602
59.5,26822,472,48,-583,39.6943,13.0866
62.2,26885,465,42,-571,39.6951,13.0943
64.7,26626,470,39,-544,39.6887,13.0466
62.0,26413,467,44,-553,39.6795,13.0371
57.1,25487,465,48,-600,39.6813,13.0306
53.0,25472,463,56,-641,39.6801,13.0266
52.5,25067,469,53,-634,39.7010,13.0846
56.6,25799,472,40,-596,39.6850,13.0355
57.9,25862,463,51,-579,39.6911,13.0467
61.7,25833,472,44,-551,39.6811,13.0238
56.9,26300,472,46,-597,39.6942,13.0916
53.4,25439,469,55,-651,39.6873,13.0488
54.0,26189,471,53,-641,39.6794,13.0082
63.2,25930,470,45,-546,39.6857,13.0292
60.6,25031,471,43,-553,39.6764,13.0051
63.0,26442,469,47,-555,39.6874,13.0569
55.9,26243,470,47,-625,39.6941,13.0790
59.4,25657,468,58,-577,39.6817,13.0292
59.4,26074,468,44,-580,39.6780,13.0077
51.8,25262,467,55,-652,39.6998,13.0819
57.9,25349,469,44,-581,39.6993,13.0797
61.2,26323,462,51,-579,39.6814,13.0215
56.4,25390,469,57,-602,39.6778,13.0264
55.7,25435,467,42,-602,39.7056,13.0894
53.9,25997,463,57,-645,39.6811,13.0396
57.7,25411,471,47,-577,39.6939,13.0782
62.9,26925,462,51,-576,39.6965,13.0756
54.6,26384,466,37,-623,39.6952,13.0555
52.5,25261,469,55,-643,39.6925,13.0985
53.2,25376,471,38,-618,39.6823,13.0264
58.5,25950,467,52,-571,39.6856,13.0289
64.7,26063,470,46,-526,39.6789,13.0131
53.4,25874,469,51,-637,39.6919,13.0662
57.9,26846,466,51,-618,39.6931,13.0621
63.3,25512,465,43,-531,39.6994,13.0826
57.2,25120,467,39,-568,39.7101,13.0935
61.2,26388,467,43,-564,39.6812,13.0531
60.3,26173,466,40,-570,39.6956,13.0553
56.1,25814,471,57,-624,39.6858,13.0698
56.1,26598,468,40,-612,39.6980,13.0891
54.8,25023,471,42,-605,39.6853,13.0190
52.0,25614,463,46,-653,39.6938,13.0352
51.6,25810,465,55,-664,39.6990,13.0852
55.5,25596,466,50,-602,39.6873,13.0093
58.2,25489,463,55,-590,39.6949,13.0775
55.9,24943,468,50,-586,39.6785,13.0225
57.0,26130,472,41,-604,39.6999,13.0942
54.4,26022,469,47,-634,39.6787,13.0192
58.8,25363,463,50,-578,39.6836,13.0610
59.5,25321,464,42,-570,39.6907,13.0459
53.4,24939,465,51,-619,39.6889,13.0384
56.0,26052,466,52,-621,39.6751,13.0200
59.2,25015,472,48,-580,39.6809,13.0150
62.9,26151,469,39,-554,39.6835,13.0589
58.1,25737,467,49,-587,39.6907,13.0512
62.2,25538,467,47,-536,39.6826,13.0554
51.4,25651,470,51,-668,39.6982,13.0939
55.2,26899,468,42,-620,39.6892,13.0326
60.1,25109,472,45,-564,39.6962,13.0804
53.1,25799,471,41,-636,39.6875,13.0137
54.8,26720,466,50,-646,39.6989,13.0959
61.6,25439,468,44,-550,39.6961,13.0901
54.6,25633,468,47,-608,39.7026,13.0923
55.6,26330,466,46,-618,39.7001,13.0575
57.9,26362,464,52,-603,39.6937,13.0622
58.1,26426,462,46,-583,39.6918,13.0508
52.8,26453,465,53,-682,39.6964,13.0530
57.1,25186,468,39,-575,39.6939,13.0624
59.0,26853,463,45,-597,39.6883,13.0162
59.6,25505,462,44,-569,39.6897,13.0363
52.8,26492,467,55,-673,39.6791,13.0309
61.4,26858,465,43,-577,39.6793,13.0312
58.2,26784,472,56,-596,39.6938,13.0914
52.5,25162,467,38,-618,39.6953,13.0576
53.3,25286,470,47,-630,39.6976,13.0506
54.1,24956,463,55,-629,39.7012,13.0906
55.2,25977,465,51,-615,39.6934,13.0617
58.3,24941,464,49,-568,39.6953,13.0905
61.9,26420,463,40,-571,39.6785,13.0092
59.5,25162,470,51,-567,39.6886,13.0445
53.3,26379,464,46,-644,39.7039,13.0918
55.2,26899,463,43,-641,39.6757,13.0143
62.8,26604,463,51,-572,39.6699,13.0217
52.1,26202,463,54,-670,39.6895,13.0358
52.3,25039,465,46,-640,39.6796,13.0192
58.6,26253,467,47,-601,39.6908,13.0542
54.5,26143,462,34,-618,39.6869,13.0453
62.6,26427,465,36,-551,39.7052,13.0914
60.3,26913,463,49,-579,39.6853,13.0718
58.3,26496,470,41,-593,39.6830,13.0434
53.7,26667,471,48,-642,39.6760,13.0102
56.0,26024,463,58,-617,39.6840,13.0686
57.3,26039,470,54,-596,39.6972,13.0863
56.4,26458,472,49,-624,39.6804,13.0446
61.2,26055,471,53,-570,39.6914,13.0705
54.8,25857,467,48,-625,39.6859,13.0550
63.8,25964,463,44,-536,39.6985,13.0957
57.5,25183,468,51,-585,39.6949,13.0647
53.1,25888,471,59,-659,39.6905,13.0701
55.8,25437,464,41,-599,39.7007,13.0724
51.8,25694,464,54,-655,39.7012,13.0763
52.5,26125,466,55,-646,39.6981,13.0626
56.3,25971,464,56,-624,39.6869,13.0745
54.6,26561,465,45,-627,39.7028,13.0853
54.9,26556,467,47,-643,39.6795,13.0063
52.8,25457,463,47,-642,39.6984,13.0894
59.5,26920,465,45,-589,39.6920,13.0972
61.6,25633,467,46,-557,39.6906,13.0823
53.2,25594,465,56,-635,39.6865,13.0635
54.8,25926,465,46,-630,39.6863,13.0377
59.0,25322,466,49,-586,39.6865,13.0559
58.6,26902,463,45,-601,39.6813,13.0515
53.6,26535,463,44,-640,39.7040,13.0913
57.3,25438,467,60,-607,39.6874,13.0626
51.5,25662,463,56,-663,39.6856,13.0457
64.4,26002,468,45,-520,39.6968,13.0792
58.6,26293,465,52,-582,39.6973,13.0848
51.9,26055,470,58,-666,39.6777,13.0195
60.5,26266,465,54,-584,39.6804,13.0414
55.6,26657,468,43,-631,39.6781,13.0121
60.1,26476,466,39,-568,39.6976,13.0592
51.9,25039,462,57,-656,39.6910,13.0664
51.8,25854,465,59,-662,39.6945,13.0745
56.4,25427,467,53,-602,39.6869,13.0460
53.2,25265,462,60,-654,39.6781,13.0127
61.8,26807,468,47,-565,39.6945,13.0920
58.9,26732,472,53,-589,39.6820,13.0446
55.3,26057,462,53,-611,39.6875,13.0283
57.3,26318,464,53,-611,39.6695,13.0070
58.8,26429,465,48,-581,39.6874,13.0337
56.7,25505,470,57,-600,39.6787,13.0469
55.8,25720,465,46,-607,39.6910,13.0637
59.4,26796,465,42,-578,39.7041,13.0860
57.1,26530,464,43,-599,39.6814,13.0067
56.9,24993,470,54,-594,39.6837,13.0385
55.0,24966,463,51,-618,39.6823,13.0163
61.5,25168,465,46,-545,39.6898,13.0854
53.0,26232,466,63,-662,39.6787,13.0270
58.3,24982,463,57,-581,39.6974,13.0853
53.8,25259,467,56,-625,39.7017,13.0785
57.5,25236,470,54,-579,39.6795,13.0346
56.8,25529,463,46,-602,39.6769,13.0171
52.0,25057,463,52,-651,39.6835,13.0314
59.6,26469,470,49,-579,39.6780,13.0370
50.8,25125,468,48,-658,39.6800,13.0161
57.3,26276,465,56,-603,39.6928,13.0849
61.3,26400,467,38,-564,39.6829,13.0384
53.3,25502,467,46,-633,39.6961,13.0422
51.6,25999,465,48,-669,39.6824,13.0311
55.6,26821,469,46,-627,39.6973,13.0691
58.9,25230,469,42,-579,39.6915,13.0420
54.9,25020,472,53,-596,39.6893,13.0506
51.9,25588,466,59,-675,39.6935,13.0438
65.7,26459,470,40,-520,39.6876,13.0403
51.9,25407,464,58,-652,39.7006,13.0844
62.0,26541,466,48,-560,39.6776,13.0327
55.0,25345,466,52,-609,39.6942,13.0762
53.4,26207,466,57,-641,39.6855,13.0087
60.0,25814,463,39,-554,39.6844,13.0152
62.3,25502,463,45,-544,39.6857,13.0278
52.2,25741,472,49,-641,39.6900,13.0265
65.7,26799,467,48,-530,39.6816,13.0480
58.0,26657,470,52,-597,39.7005,13.0990
55.2,25084,462,52,-600,39.6804,13.0188
55.6,25565,463,49,-610,39.6772,13.0292
64.4,26751,463,36,-529,39.6880,13.0772
61.8,25348,464,56,-557,39.6844,13.0972
51.0,25110,468,49,-663,39.6864,13.0309
54.5,25895,466,47,-637,39.6894,13.0690
52.1,26010,464,49,-662,39.6792,13.0098
60.9,26106,462,43,-560,39.6788,13.0428
54.5,25101,470,38,-600,39.6958,13.0583
56.3,26252,467,47,-596,39.6796,13.0203
63.9,26367,462,44,-537,39.6849,13.0833
50.7,24976,471,57,-671,39.6878,13.0583
52.7,26661,466,54,-663,39.6855,13.0360
52.7,26800,469,53,-684,39.6886,13.0416
57.4,25379,468,51,-594,39.6782,13.0235
59.5,26697,468,59,-594,39.6955,13.0959
53.3,26380,472,51,-647,39.6938,13.0497
56.4,25550,467,48,-602,39.6914,13.0547
54.7,26445,464,38,-623,39.6934,13.0837
60.8,25885,469,53,-563,39.6874,13.0415
66.4,26718,466,37,-520,39.6860,13.0673
52.4,25527,464,53,-646,39.6913,13.0390
59.9,25105,467,49,-560,39.6924,13.0667
57.0,26388,468,52,-619,39.6835,13.0225
57.7,25895,469,54,-594,39.6826,13.0339
57.2,26728,466,56,-611,39.6843,13.0421
62.9,26805,466,53,-571,39.6723,13.0351
50.8,25838,467,58,-684,39.6874,13.0343
59.3,26483,468,40,-595,39.6946,13.0708
52.9,25195,467,39,-624,39.7045,13.0867
51.6,25461,472,55,-657,39.6783,13.0207
52.3,26271,469,53,-665,39.6896,13.0481
54.5,26841,471,49,-645,39.6986,13.0710
52.9,25783,470,48,-647,39.6895,13.0291
58.8,26624,464,42,-588,39.6754,13.0071
64.4,26560,468,53,-547,39.6757,13.0319
55.2,26643,470,41,-612,39.6971,13.0532
57.1,26804,462,59,-636,39.6933,13.0868
51.4,25631,463,56,-678,39.6931,13.0506
53.6,26179,467,50,-647,39.6803,13.0071
53.0,25014,469,48,-619,39.6932,13.0795
51.3,26145,465,51,-680,39.7058,13.0848
52.5,26246,467,51,-664,39.6896,13.0785
62.0,26172,463,43,-574,39.6821,13.0536
51.4,24936,469,57,-645,39.6880,13.0237
63.0,26472,469,51,-568,39.6811,13.0502
64.8,26553,471,45,-539,39.6900,13.0503
51.9,25922,466,54,-662,39.7037,13.0868
58.7,25370,464,42,-563,39.6866,13.0368
56.9,26629,466,51,-620,39.6804,13.0474
53.6,25902,465,45,-629,39.7056,13.0874
60.6,25419,462,45,-553,39.6841,13.0411
55.4,25674,463,45,-610,39.7013,13.0939
56.1,25897,466,46,-602,39.6935,13.0743
57.7,26480,467,45,-603,39.6769,13.0249
58.9,25923,465,47,-578,39.6868,13.0813
53.8,25803,465,47,-643,39.6829,13.0394
52.8,26693,472,61,-673,39.6851,13.0606
62.7,25031,464,50,-526,39.6963,13.0741
61.1,26743,468,42,-568,39.6904,13.0703
52.4,26522,468,47,-668,39.6891,13.0538
61.3,26026,465,46,-557,39.6952,13.0793
57.2,26623,466,40,-602,39.6884,13.0300
53.6,25283,472,47,-632,39.6964,13.0951
53.4,25915,470,54,-633,39.6850,13.0335
58.9,25298,464,56,-588,39.6846,13.0569
53.4,26737,467,53,-663,39.6840,13.0540
52.3,25908,465,60,-664,39.6733,13.0158
52.5,25420,463,51,-649,39.6796,13.0351
61.4,25961,464,48,-560,39.6864,13.0299
56.7,25926,463,46,-609,39.6801,13.0310
61.8,25080,472,40,-535,39.6849,13.0576
52.5,25154,468,47,-638,39.6788,13.0207
60.6,26693,467,46,-583,39.6921,13.0601
60.5,26305,469,43,-569,39.6832,13.0351
54.1,26232,468,47,-636,39.6870,13.0160
54.1,25776,468,49,-638,39.6953,13.0810
56.3,26885,467,57,-646,39.6771,13.0363
60.8,26165,470,44,-557,39.6819,13.0075
57.2,26281,469,50,-612,39.6978,13.0841
55.0,26533,469,51,-626,39.6943,13.0649
51.6,25821,469,57,-659,39.6790,13.0307
63.5,26291,471,39,-540,39.6900,13.0827
53.0,25490,470,54,-650,39.6805,13.0450
55.4,26759,471,47,-631,39.6896,13.0652
54.3,26167,469,40,-615,39.6879,13.0417
64.9,26910,470,46,-538,39.6668,13.0083
60.8,26049,463,46,-575,39.6862,13.0658
53.2,26470,468,50,-641,39.6792,13.0126
63.0,26438,464,40,-549,39.6940,13.0846
62.7,26642,471,48,-571,39.6860,13.0590
59.0,25287,465,52,-566,39.6895,13.0547
51.5,25312,469,59,-659,39.6883,13.0338
52.9,26587,471,57,-663,39.6903,13.0897
52.5,25374,468,48,-646,39.6985,13.0732
57.5,26869,464,53,-604,39.6907,13.0553
52.3,25744,472,53,-647,39.6905,13.0490
54.9,26526,471,41,-617,39.6964,13.0569
55.4,26483,467,47,-631,39.6855,13.0146
59.6,26136,464,48,-572,39.6863,13.0285
61.5,25798,468,43,-556,39.6782,13.0196
57.1,26012,472,47,-597,39.6937,13.0706
55.2,26075,466,45,-608,39.7005,13.0644
56.1,26446,468,51,-620,39.6944,13.0452
63.3,25923,463,44,-528,39.6798,13.0120
55.1,26451,469,51,-632,39.6710,13.0059
58.8,25967,466,51,-595,39.6787,13.0618
51.7,26168,472,52,-676,39.6930,13.0708
55.0,26212,466,49,-612,39.7028,13.0957
60.2,25570,467,39,-562,39.6845,13.0465
53.6,26536,470,49,-640,39.6962,13.0994
57.3,25257,470,38,-580,39.6820,13.0289
61.9,24995,469,49,-543,39.6876,13.0655
52.3,26826,469,53,-681,39.6827,13.0270
59.3,25016,462,53,-584,39.6853,13.0272
58.9,25219,469,47,-572,39.6876,13.0501
63.0,26395,466,47,-550,39.6770,13.0425
62.6,26496,471,50,-566,39.6747,13.0434
59.4,26175,469,39,-567,39.6778,13.0105
52.0,25233,472,43,-640,39.6935,13.0407
60.5,25485,471,46,-547,39.6926,13.0655
54.8,26865,470,44,-644,39.6878,13.0211
55.1,25289,471,54,-617,39.6958,13.0712
55.9,25527,470,46,-599,39.6993,13.0814
59.2,26154,471,54,-590,39.6755,13.0200
59.0,25611,468,47,-571,39.6825,13.0259
51.9,25023,467,54,-646,39.7023,13.0731
51.2,25594,470,46,-670,39.6858,13.0161
59.3,25522,467,47,-565,39.6937,13.0772
57.1,25334,466,56,-589,39.6805,13.0242
57.2,26921,465,43,-618,39.6974,13.0915
62.6,25827,470,40,-538,39.6874,13.0229
63.6,25436,465,52,-529,39.6797,13.0641
55.7,25611,463,56,-606,39.6857,13.0255
57.0,26014,471,53,-611,39.6783,13.0553
60.4,25298,464,34,-545,39.6853,13.0115
57.8,24969,471,50,-566,39.6996,13.0686
53.4,25845,468,48,-655,39.7045,13.0885
49.3,25111,471,58,-699,39.6759,13.0095
55.1,26400,465,51,-620,39.6752,13.0087
52.6,25872,463,46,-637,39.7024,13.0852
54.5,26669,469,59,-649,39.6885,13.0923
58.2,26331,467,42,-595,39.6879,13.0714
62.1,26724,468,42,-567,39.6932,13.0521
55.1,25165,464,50,-615,39.6796,13.0047
52.0,25382,469,62,-662,39.6970,13.0870
60.4,25449,464,41,-555,39.6823,13.0027
51.4,25977,466,52,-683,39.6901,13.0459
55.1,25537,463,43,-621,39.6903,13.0775
61.4,25388,470,56,-548,39.6832,13.0264
59.9,26810,472,49,-594,39.6867,13.0526
53.2,26783,464,50,-656,39.6929,13.0920
61.9,26877,465,41,-552,39.6938,13.0408
56.9,26485,464,56,-618,39.6857,13.0608
61.9,26827,469,53,-564,39.6757,13.0158
55.1,26135,464,42,-621,39.6897,13.0343
56.1,25553,470,51,-599,39.6890,13.0759
59.9,26122,465,52,-582,39.6831,13.0684
57.2,26631,469,59,-614,39.6764,13.0126
58.2,25113,465,51,-576,39.6789,13.0171
57.2,25897,464,52,-609,39.6948,13.0840
58.1,26606,467,42,-583,39.6961,13.0924
58.9,26480,466,51,-587,39.6932,13.0586
59.3,26094,465,36,-563,39.6813,13.0183
65.2,26459,468,39,-521,39.6795,13.0144
58.6,26375,465,53,-587,39.6912,13.0978
62.4,25849,464,36,-538,39.6813,13.0477
55.7,25367,463,52,-619,39.6958,13.0868
63.5,26600,462,39,-534,39.6816,13.0147
57.4,26336,463,36,-588,39.6777,13.0129
62.7,25432,465,52,-537,39.6881,13.0612
51.5,25254,469,47,-661,39.7013,13.0822
62.3,25019,470,57,-540,39.6958,13.0972
52.4,26460,470,55,-676,39.6764,13.0061
57.8,26423,468,52,-613,39.6915,13.0778
57.1,26021,468,45,-608,39.6808,13.0138
64.6,26890,462,48,-549,39.6914,13.0848
55.0,26500,465,58,-640,39.6908,13.0854
54.0,26768,467,46,-647,39.6997,13.0826
63.3,26669,471,49,-566,39.6771,13.0354
54.5,25985,466,55,-636,39.6838,13.0454
60.5,25454,465,45,-552,39.7043,13.0913
60.0,25608,464,49,-573,39.6782,13.0297
61.0,26169,471,45,-561,39.6809,13.0157
56.1,26024,463,49,-616,39.6931,13.0742
55.9,25488,463,45,-593,39.6830,13.0133
57.1,25130,468,49,-589,39.6855,13.0578
57.1,26347,470,44,-593,39.6845,13.0295
65.1,25785,465,48,-513,39.6828,13.0478
59.5,26709,470,46,-594,39.6758,13.0140
54.5,26764,468,40,-633,39.6808,13.0032
50.0,25184,471,61,-687,39.6772,13.0384
51.3,26529,471,62,-691,39.6888,13.0756
62.7,25637,464,48,-545,39.6929,13.0577
61.8,25657,471,53,-567,39.6716,13.0428
59.4,26072,468,51,-583,39.6918,13.0602
56.3,26479,468,50,-621,39.6866,13.0842
52.7,26631,467,55,-673,39.6933,13.0995
55.0,25344,469,43,-613,39.6936,13.0402
56.3,26900,464,52,-616,39.6734,13.0173
55.9,26444,466,47,-610,39.6986,13.0810
63.1,26223,467,54,-546,39.6797,13.0570
52.9,25476,470,50,-647,39.6867,13.0132
62.8,25976,465,53,-551,39.6895,13.0978
64.0,25873,471,34,-534,39.6845,13.0082
51.7,26461,468,56,-680,39.6805,13.0188
59.1,26049,472,52,-584,39.6926,13.0761
63.5,25255,462,52,-523,39.6929,13.0633
65.5,26673,466,42,-532,39.6873,13.0600
65.5,26044,468,34,-514,39.7032,13.0772
58.0,26249,464,57,-610,39.6950,13.0859
61.6,25643,464,52,-565,39.6820,13.0352
59.0,25421,464,54,-584,39.6753,13.0280
61.6,25397,471,46,-539,39.6745,13.0179
58.6,25225,466,58,-587,39.6827,13.0515
52.8,25941,463,53,-658,39.6900,13.0508
55.8,25398,464,47,-607,39.6803,13.0104
55.0,26768,463,58,-640,39.6973,13.0967
58.4,25261,468,38,-575,39.6828,13.0267
62.2,25554,465,40,-544,39.7023,13.0970
61.6,26854,470,48,-567,39.6845,13.0326
54.6,26794,465,49,-650,39.6801,13.0485
55.6,26031,468,41,-615,39.6938,13.0696
60.8,26031,467,52,-570,39.6773,13.0310
54.2,26523,463,54,-664,39.6935,13.0776
61.5,25069,471,51,-544,39.6894,13.0644
59.9,25065,472,42,-547,39.6832,13.0136
54.4,26261,465,53,-642,39.6820,13.0064
52.9,26123,470,47,-663,39.6943,13.0420
53.0,26565,470,56,-676,39.6782,13.0240
56.9,26076,467,52,-596,39.6789,13.0158
53.4,25369,463,43,-627,39.6954,13.0891
59.7,25553,463,49,-562,39.6975,13.0972
60.2,25931,463,54,-582,39.6764,13.0166
59.7,25080,465,41,-557,39.6872,13.0271
62.5,25818,463,54,-551,39.6806,13.0762
61.1,26490,463,40,-558,39.7004,13.0776
55.3,26287,464,55,-626,39.6787,13.0210
58.2,26455,467,53,-610,39.7016,13.0817
59.2,26666,466,55,-606,39.6705,13.0113
53.5,25909,467,56,-634,39.6867,13.0537
63.4,26541,466,50,-563,39.6866,13.0536
55.4,25339,472,47,-605,39.6927,13.0386
63.5,26334,462,36,-537,39.6736,13.0147
60.5,25722,468,54,-569,39.6779,13.0227
50.9,25093,469,47,-655,39.7000,13.0559
60.2,25318,471,46,-566,39.6984,13.0922
65.0,26852,464,41,-542,39.6887,13.0790
58.4,25541,464,56,-602,39.6918,13.0683
50.7,25820,465,52,-688,39.6946,13.0597
53.2,26597,464,44,-651,39.7078,13.0804
53.0,26491,469,52,-665,39.6924,13.0722
61.6,26675,470,36,-557,39.6924,13.0622
53.0,25309,469,57,-637,39.6899,13.0690
55.6,25633,463,41,-609,39.6978,13.0842
52.3,25371,471,44,-631,39.6943,13.0895
62.3,26206,468,53,-555,39.6818,13.0157
65.1,26489,466,43,-522,39.6907,13.0924
58.7,25000,468,58,-584,39.6696,13.0171
57.8,26074,463,49,-581,39.6987,13.0985
50.8,25097,468,49,-667,39.6989,13.0602
56.3,25189,470,44,-595,39.6843,13.0536
57.2,26511,468,46,-606,39.6835,13.0412
52.3,25452,464,47,-630,39.6949,13.0387
53.5,26485,463,54,-664,39.6836,13.0030
54.2,26610,470,56,-648,39.6821,13.0598
52.0,25580,466,43,-645,39.6894,13.0550
53.5,25182,469,56,-627,39.6843,13.0613
61.5,25298,463,48,-540,39.6773,13.0119
54.3,26192,468,47,-620,39.6888,13.0317
60.2,26076,466,43,-562,39.6891,13.0653
53.2,26840,462,46,-664,39.7053,13.0870
63.7,26679,471,44,-542,39.6971,13.0610
57.8,26459,462,43,-601,39.6799,13.0054
56.2,25472,471,43,-594,39.6857,13.0080
61.6,26841,462,35,-570,39.6940,13.0613
53.5,25574,465,44,-639,39.6943,13.0402
52.6,25245,472,46,-626,39.6926,13.0726
56.1,26839,467,52,-627,39.6855,13.0087
53.2,25194,467,41,-618,39.7016,13.0870
54.1,25555,465,46,-610,39.6847,13.0188
53.5,25320,469,46,-623,39.6955,13.0815
57.1,25585,468,42,-595,39.6825,13.0170
51.7,25679,466,51,-672,39.6854,13.0538
58.9,26871,466,42,-585,39.6803,13.0414
55.5,26576,467,43,-613,39.6964,13.0859
58.7,25805,468,50,-581,39.6984,13.0743
52.3,25328,471,56,-653,39.6887,13.0732
50.8,24949,465,53,-660,39.6863,13.0415
53.7,25859,466,52,-634,39.7028,13.0871
63.9,25672,468,46,-524,39.6950,13.0994
58.4,25510,466,51,-585,39.6740,13.0097
62.6,26412,468,44,-566,39.6802,13.0024
55.3,25047,469,37,-599,39.6826,13.0273
60.3,26200,469,48,-585,39.6956,13.0786
58.5,25876,467,38,-575,39.6938,13.0574
55.8,25100,464,67,-618,39.6745,13.0428
57.7,26398,462,42,-593,39.6959,13.0894
57.1,25910,468,42,-602,39.6859,13.0157
55.4,25715,463,42,-615,39.6867,13.0125
53.5,25961,467,53,-652,39.6937,13.0944
60.0,26290,464,39,-570,39.6809,13.0059
64.3,26169,472,44,-537,39.6784,13.0166
57.2,26380,463,53,-625,39.6927,13.0960
65.0,26521,464,41,-533,39.6886,13.0808
55.0,25962,466,47,-625,39.6822,13.0169
52.8,26486,467,51,-669,39.6857,13.0492
58.7,25512,471,50,-596,39.6848,13.0437
57.6,25924,466,41,-589,39.6980,13.0535
54.1,25642,470,54,-633,39.6784,13.0326
53.5,25293,464,52,-622,39.6919,13.0319
58.1,25925,470,56,-602,39.6862,13.0880
61.4,25220,468,45,-549,39.6755,13.0153
54.8,26528,465,49,-629,39.6832,13.0562
60.5,26826,466,45,-578,39.6875,13.0876
54.1,26277,464,47,-639,39.6768,13.0132
63.0,26912,470,52,-555,39.6852,13.0636
52.8,25702,465,46,-642,39.6946,13.0890
55.0,25918,468,46,-625,39.6997,13.0648
56.7,26000,469,50,-627,39.6936,13.0729
57.7,26266,463,50,-599,39.6909,13.0426
55.7,26207,465,52,-613,39.6902,13.0803
51.8,25415,462,54,-652,39.6761,13.0108
51.5,25447,470,60,-666,39.6932,13.0657
63.3,25908,462,38,-544,39.6807,13.0246
61.2,25584,472,50,-556,39.6739,13.0221
58.2,26487,463,48,-609,39.6867,13.0719
59.3,26072,465,49,-575,39.6750,13.0194
53.7,25117,463,38,-613,39.6995,13.0533
51.0,25311,467,54,-660,39.6988,13.0545
58.9,24931,465,50,-578,39.6987,13.0868
54.0,25645,466,50,-632,39.6883,13.0579
62.2,25359,469,40,-544,39.6780,13.0123
53.9,26799,472,40,-639,39.6887,13.0185
54.4,26801,462,46,-642,39.6791,13.0187
58.2,26090,467,45,-599,39.6911,13.0730
54.5,25012,471,38,-603,39.6929,13.0806
63.1,26546,469,43,-545,39.6991,13.0942
56.0,26226,465,55,-620,39.6791,13.0210
58.6,26881,467,46,-597,39.6783,13.0148
54.5,25309,468,46,-614,39.7002,13.0780
52.1,25048,469,48,-637,39.6850,13.0440
58.5,25152,471,51,-585,39.6807,13.0349
61.9,25372,467,42,-535,39.6916,13.0465
57.8,26467,469,45,-608,39.6771,13.0296
50.6,25049,471,56,-672,39.6746,13.0162
52.1,25338,466,47,-641,39.6950,13.0790
53.5,26717,465,57,-665,39.6831,13.0443
53.1,25149,464,39,-619,39.6955,13.0495
52.4,26828,472,48,-673,39.6770,13.0037
51.4,24933,464,40,-641,39.6990,13.0544
62.9,26909,466,41,-567,39.6780,13.0256
61.9,26118,466,49,-567,39.6726,13.0176
63.7,26840,463,46,-562,39.6882,13.0910
54.9,26916,470,44,-640,39.7027,13.0945
51.7,26078,469,49,-673,39.6808,13.0316
59.2,25930,469,47,-591,39.6834,13.0616
53.2,26245,472,47,-655,39.6965,13.0924
54.8,25791,463,62,-633,39.6881,13.0384
52.7,24953,470,46,-626,39.6754,13.0070
58.1,26575,463,40,-584,39.6970,13.0541
54.7,26421,465,46,-633,39.6984,13.0583
57.9,26509,462,56,-616,39.6717,13.0221
64.0,26455,463,47,-545,39.6893,13.0489
58.0,26436,464,39,-588,39.6815,13.0359
61.4,26460,468,54,-581,39.6784,13.0489
58.9,25556,463,57,-581,39.6864,13.0341
52.5,25041,468,42,-630,39.6849,13.0340
55.1,25835,468,51,-624,39.6935,13.0454
59.1,25300,471,52,-581,39.6977,13.0920
52.5,26169,466,49,-658,39.6944,13.0872
60.1,26344,464,44,-571,39.6993,13.0893
55.0,25046,464,45,-599,39.6816,13.0298
53.5,25593,467,45,-635,39.6895,13.0186
54.6,25881,466,56,-619,39.6950,13.0691
62.6,25582,471,45,-532,39.6808,13.0476
55.7,25074,466,51,-601,39.6830,13.0637
54.7,26552,464,55,-644,39.6871,13.0732
54.7,26204,463,44,-639,39.6787,13.0060
50.0,25018,463,56,-682,39.6906,13.0297
52.8,25336,463,49,-642,39.6989,13.0960
52.6,26447,471,48,-658,39.6851,13.0173
52.6,25535,468,56,-651,39.6895,13.0742
56.2,25112,465,40,-590,39.6890,13.0490
54.2,26452,470,51,-642,39.6902,13.0799
65.2,25619,463,43,-510,39.7001,13.0855
58.3,26912,470,45,-602,39.6808,13.0110
52.1,26177,463,52,-669,39.6824,13.0270
60.7,25686,469,41,-560,39.6892,13.0759
60.3,26682,464,40,-582,39.6816,13.0320
53.4,25677,465,48,-637,39.7012,13.0628
62.3,25596,463,39,-536,39.6977,13.0830
58.2,25283,466,46,-586,39.7012,13.0834
56.3,24983,467,37,-590,39.6856,13.0234
54.2,26741,467,50,-646,39.6814,13.0165
54.7,25554,462,48,-628,39.6881,13.0642
57.5,25794,465,45,-598,39.6966,13.0784
56.7,25158,467,40,-574,39.6919,13.0824
60.0,26472,471,43,-576,39.6796,13.0241
60.1,25249,465,51,-559,39.6786,13.0412
59.0,25877,465,49,-573,39.6868,13.0468
50.8,24993,470,49,-671,39.6938,13.0707
58.3,26318,467,54,-601,39.6809,13.0619
54.0,26460,471,41,-641,39.6909,13.0738
54.6,26232,470,51,-636,39.6923,13.0359
64.4,25949,470,41,-527,39.6827,13.0332
57.0,26524,468,50,-609,39.6775,13.0104
58.5,26363,471,36,-581,39.6990,13.0583
63.1,25606,465,47,-528,39.6738,13.0124
58.2,25553,463,48,-576,39.6810,13.0220
59.6,26203,471,47,-577,39.6962,13.0985
61.9,26323,462,44,-545,39.6801,13.0305
55.3,25901,465,56,-627,39.6890,13.0532
55.6,26580,472,52,-622,39.6881,13.0312
57.5,24928,472,46,-576,39.6974,13.0999
60.8,25549,464,49,-567,39.6801,13.0311
52.4,25746,471,48,-644,39.7047,13.0852
53.7,26281,472,46,-628,39.6902,13.0388
54.1,25253,465,45,-611,39.6886,13.0248
63.1,25310,468,43,-533,39.6846,13.0592
60.4,25454,464,56,-567,39.6719,13.0244
63.2,26898,471,49,-562,39.6798,13.0168
55.0,26095,470,53,-623,39.6984,13.0868
55.4,26438,465,49,-625,39.6711,13.0042
61.3,25785,468,43,-564,39.6787,13.0525
54.1,26447,471,44,-653,39.6961,13.0671
53.8,26049,465,46,-653,39.6800,13.0361
59.3,25568,469,43,-569,39.6945,13.0877
60.4,26605,472,46,-573,39.6926,13.0827
54.5,25360,471,44,-619,39.6816,13.0246
55.2,26227,467,50,-626,39.7028,13.0933
54.9,25750,471,52,-610,39.6939,13.0908
54.5,26495,470,47,-640,39.6990,13.0922
63.0,26900,468,41,-550,39.6967,13.0636
60.1,25262,467,44,-556,39.6811,13.0275
62.4,25814,466,41,-546,39.6924,13.0615
61.2,26018,467,47,-551,39.6853,13.0334
61.2,26446,466,43,-566,39.7051,13.0962
54.9,25010,472,48,-599,39.6834,13.0449
55.1,26765,466,60,-651,39.6715,13.0054
55.4,26772,471,49,-622,39.6973,13.0863
54.8,26790,470,43,-628,39.6911,13.0441
52.8,25743,465,48,-650,39.6957,13.0390
62.9,25359,466,41,-523,39.7075,13.0911
53.1,24948,469,51,-637,39.6850,13.0457
58.6,25471,468,54,-592,39.6796,13.0140
55.5,26705,465,53,-635,39.6807,13.0193
58.0,26373,465,52,-609,39.6973,13.0967
53.4,26508,463,54,-648,39.7014,13.0751
58.0,25469,463,37,-573,39.6961,13.0424
52.7,25399,468,46,-632,39.7033,13.0961
53.4,25158,462,47,-632,39.6869,13.0173
61.9,25177,466,47,-551,39.6836,13.0373
59.6,25347,465,63,-577,39.6826,13.0469
53.2,25667,468,48,-638,39.6783,13.0125
55.1,25200,469,49,-606,39.6921,13.0873
61.0,26301,464,56,-578,39.6768,13.0487
52.2,26242,470,51,-683,39.6992,13.0644
51.4,25143,469,53,-643,39.6955,13.0579
54.2,25706,465,59,-632,39.6773,13.0151
61.4,26599,464,46,-574,39.6884,13.0828
52.5,26552,464,50,-666,39.6906,13.0284
53.4,25511,466,51,-630,39.6973,13.0924
54.4,26408,467,48,-629,39.6889,13.0688
54.1,25328,471,47,-630,39.6796,13.0301
57.1,25164,464,52,-579,39.6841,13.0376
53.3,25424,465,53,-637,39.6857,13.0453
54.1,26289,464,42,-646,39.6890,13.0151
55.7,25545,466,52,-626,39.6805,13.0156
63.2,26027,465,52,-543,39.6906,13.0793
57.6,26142,466,44,-608,39.6938,13.0763
60.7,26189,470,53,-574,39.6773,13.0128
58.9,26058,468,45,-598,39.6901,13.0588
52.8,25379,466,54,-643,39.6873,13.0113
57.7,26478,469,55,-622,39.6778,13.0422
54.2,25005,470,44,-610,39.6811,13.0336
53.4,26065,470,47,-655,39.6897,13.0400
62.1,25355,465,46,-545,39.6767,13.0092
61.9,26444,466,51,-566,39.6815,13.0482
52.8,26388,469,56,-659,39.6916,13.0431
59.1,25004,467,41,-550,39.6936,13.0719
56.6,26673,471,57,-624,39.6873,13.0697
60.3,26452,470,39,-562,39.6815,13.0120
51.4,25349,468,56,-668,39.6854,13.0149
54.0,25187,462,53,-624,39.6916,13.0571
54.6,26673,471,46,-644,39.6751,13.0087
65.9,26845,464,45,-526,39.6928,13.0843
61.0,25786,463,52,-571,39.6807,13.0765
52.0,25586,465,52,-654,39.6900,13.0793
59.2,26009,470,44,-565,39.6986,13.0953
57.3,26499,464,46,-612,39.6794,13.0331
53.5,25258,470,44,-615,39.6899,13.0235
60.7,26737,464,48,-582,39.6815,13.0714
56.4,25787,471,42,-600,39.7047,13.0875
55.6,26497,470,53,-629,39.6878,13.0920
56.1,25795,464,51,-609,39.6922,13.0735
53.4,26267,471,40,-631,39.6879,13.0428
54.5,26509,462,37,-620,39.6969,13.0444
57.5,25642,462,38,-588,39.6904,13.0320
63.9,25973,464,38,-533,39.6933,13.0426
57.4,25340,469,38,-584,39.6910,13.0743
58.2,25519,464,48,-592,39.6864,13.0775
61.5,26726,464,45,-565,39.6827,13.0435
57.2,26856,471,46,-619,39.6884,13.0506
53.4,25436,466,60,-652,39.6879,13.0823
63.4,25633,466,49,-538,39.6823,13.0662
54.9,26620,465,56,-648,39.6939,13.0900
53.2,24963,469,52,-632,39.6882,13.0263
54.7,26223,468,53,-648,39.6844,13.0493
55.8,26853,462,54,-629,39.6984,13.0737
60.7,26301,464,44,-576,39.6837,13.0370
52.8,25782,468,44,-644,39.6893,13.0392
55.5,26688,469,52,-625,39.6875,13.0235
61.2,26830,466,46,-587,39.6785,13.0374
56.9,25025,471,62,-595,39.6907,13.0562
55.1,25434,465,43,-608,39.6983,13.0868
54.9,26700,468,59,-641,39.6836,13.0735
59.7,26171,469,50,-590,39.6918,13.0983
53.7,26081,465,47,-623,39.6858,13.0038
53.3,25428,469,38,-619,39.6932,13.0586
64.0,26173,469,47,-543,39.6784,13.0050
52.9,26413,469,54,-652,39.6951,13.0575
51.3,26505,465,55,-700,39.6980,13.0787
55.3,25681,472,57,-623,39.7022,13.0902
56.1,25614,469,47,-602,39.6922,13.0329
59.6,25128,472,64,-581,39.6741,13.0535
55.4,26874,465,58,-650,39.6800,13.0070
58.5,26281,472,51,-601,39.6971,13.0859
61.6,26895,470,47,-570,39.6908,13.0792
54.9,26595,466,46,-630,39.6892,13.0566
57.4,25346,462,50,-595,39.6828,13.0237
52.2,26028,463,66,-677,39.6916,13.1002
57.7,25464,468,43,-575,39.7033,13.0838
54.7,26066,464,56,-635,39.6902,13.0541
65.5,26917,464,40,-527,39.6877,13.0497
57.6,26358,469,40,-602,39.6892,13.0446
60.0,25146,472,55,-566,39.6914,13.0886
53.4,25123,465,51,-638,39.6918,13.0377
57.2,26101,464,47,-607,39.6953,13.0905
55.4,26292,468,54,-622,39.6822,13.0399
58.9,25583,470,42,-579,39.6821,13.0386
57.2,26265,464,45,-603,39.6848,13.0501
55.4,26373,464,48,-634,39.6898,13.0321
55.0,26509,472,39,-620,39.6993,13.0719
58.9,25286,470,56,-588,39.6754,13.0519
59.5,26310,466,49,-572,39.6857,13.0460
55.9,25998,469,40,-607,39.6909,13.0182
52.8,25396,470,56,-649,39.6810,13.0053
54.5,25847,466,46,-638,39.6940,13.0730
53.2,25018,470,50,-637,39.6809,13.0002
53.0,25938,463,44,-649,39.6874,13.0256
58.8,26585,467,35,-577,39.6873,13.0459
53.4,26470,468,50,-657,39.6894,13.0292
59.1,26001,465,54,-593,39.6959,13.0837
60.1,24974,465,48,-552,39.6897,13.0867
58.9,25090,464,45,-560,39.6972,13.0776
54.8,25157,470,39,-595,39.6904,13.0117
52.2,25052,471,46,-641,39.6859,13.0169
52.5,25680,466,59,-667,39.6714,13.0122
58.9,26383,468,48,-592,39.6945,13.0471
55.9,25690,467,47,-596,39.6882,13.0221
62.4,26657,468,46,-562,39.6879,13.0965
58.6,25881,467,51,-594,39.6872,13.0686
62.9,26213,464,44,-535,39.6773,13.0317
50.8,25146,467,54,-662,39.7001,13.0701
58.9,26815,469,54,-601,39.6842,13.0350
55.4,26549,464,51,-635,39.6926,13.0638
56.6,26373,462,44,-612,39.6846,13.0318
62.3,25465,468,41,-548,39.6886,13.0412
58.1,26188,464,41,-585,39.6938,13.0938
56.4,26407,468,44,-597,39.6862,13.0326
52.6,26800,466,47,-670,39.6854,13.0343
62.6,24936,465,51,-531,39.6776,13.0222
49.8,25077,462,58,-691,39.6864,13.0559
61.5,26531,470,36,-555,39.6802,13.0268
61.2,25714,467,57,-570,39.6721,13.0183
59.6,25323,471,51,-557,39.6965,13.0793
54.3,25336,466,37,-607,39.6880,13.0427
60.8,25931,467,38,-553,39.6843,13.0468
51.3,25041,464,47,-644,39.7045,13.0642
62.4,25122,470,49,-538,39.6744,13.0278
57.4,26176,467,48,-603,39.6831,13.0211
59.3,26684,470,46,-588,39.6858,13.0733
61.1,25312,462,57,-568,39.6715,13.0195
63.2,25324,470,43,-528,39.6814,13.0441
56.6,24999,471,58,-602,39.6931,13.0650
56.2,26103,463,58,-618,39.6892,13.0922
53.3,25910,468,45,-629,39.7025,13.0854
60.7,26268,462,49,-575,39.6848,13.0234
52.3,25886,468,54,-656,39.6835,13.0255
63.3,26236,466,54,-549,39.6783,13.0112
63.8,26170,469,46,-531,39.6973,13.1005
57.2,25003,466,56,-592,39.6810,13.0317
57.1,26607,467,44,-604,39.6969,13.0589
62.4,26826,467,52,-573,39.6795,13.0314
56.1,26629,467,59,-633,39.6870,13.0499
52.1,25573,467,63,-666,39.6865,13.0283
63.7,25749,470,49,-536,39.6809,13.0460
59.1,25724,464,58,-591,39.6771,13.0160
55.2,25808,468,64,-639,39.6938,13.0857
59.4,25283,471,42,-576,39.6838,13.0213
61.9,26450,472,45,-561,39.6924,13.0481
53.1,25239,467,44,-617,39.6840,13.0220
55.7,26335,463,53,-622,39.6868,13.0396
55.0,25506,462,53,-635,39.6877,13.0680
51.8,26459,471,54,-680,39.7029,13.0764
54.7,26014,470,49,-631,39.6842,13.0067
61.7,26291,469,47,-563,39.6724,13.0102
66.2,26759,466,38,-517,39.6897,13.0300
57.8,25033,468,49,-577,39.6996,13.0786
59.3,25134,470,46,-568,39.6827,13.0173
57.1,26925,471,47,-627,39.6782,13.0253
57.9,25302,471,44,-570,39.6856,13.0252
62.5,25779,462,46,-552,39.6885,13.0724
59.2,25775,470,51,-583,39.6868,13.0688
54.4,25480,466,44,-611,39.6835,13.0116
60.9,26489,470,43,-581,39.6849,13.0442
54.4,26089,467,51,-635,39.6867,13.0233
54.7,25682,463,48,-612,39.6779,13.0255
58.7,24990,465,56,-576,39.6831,13.0729
63.7,25684,464,43,-527,39.6954,13.0716
62.7,25303,467,39,-534,39.6840,13.0547
58.9,25156,463,39,-574,39.6822,13.0369
54.4,25275,462,49,-610,39.6828,13.0341
54.4,24939,466,58,-627,39.6944,13.0491
59.9,25991,462,41,-562,39.6925,13.0542
59.7,26907,471,48,-584,39.6946,13.0798
52.3,25697,463,48,-644,39.6762,13.0097
57.5,26736,469,52,-616,39.6811,13.0121
58.6,25835,466,43,-580,39.6947,13.0824
63.7,26563,470,40,-551,39.6770,13.0226
55.9,26878,471,44,-627,39.6909,13.0584
53.2,26768,469,51,-672,39.7002,13.0899
58.4,25376,472,52,-583,39.6873,13.0519
53.7,25189,467,51,-626,39.6851,13.0107
54.7,25604,463,35,-609,39.6863,13.0326
59.6,26128,471,46,-593,39.6873,13.0621
52.2,25344,465,47,-645,39.6860,13.0382
58.5,26057,464,53,-584,39.6876,13.0391
55.5,25639,465,35,-596,39.6879,13.0256
58.0,26086,468,49,-603,39.6886,13.0581
58.4,25674,470,47,-583,39.6801,13.0043
60.3,25999,470,48,-575,39.6796,13.0321
57.9,26687,465,56,-618,39.6900,13.0653
57.4,26472,465,39,-607,39.6822,13.0415
56.1,26163,471,55,-629,39.6837,13.0334
61.3,25790,470,49,-549,39.6770,13.0452
58.7,26285,471,41,-586,39.6986,13.0961
55.1,25828,465,45,-614,39.6870,13.0270
54.1,26354,464,45,-626,39.6726,13.0055
51.8,24963,467,43,-638,39.6940,13.0542
50.9,25470,462,56,-669,39.6856,13.0212
56.5,25300,470,41,-583,39.6853,13.0137
60.1,26337,471,51,-594,39.6812,13.0527
59.0,26203,471,47,-580,39.6983,13.0885
58.7,25466,463,48,-574,39.6788,13.0208
52.4,24937,466,47,-648,39.6764,12.9997
63.1,25067,463,43,-528,39.6972,13.0643
51.3,25673,467,50,-682,39.6817,13.0399
61.0,26196,466,59,-576,39.6926,13.1006
61.5,25775,462,56,-563,39.6842,13.0816
54.4,26270,470,56,-630,39.6785,13.0081
53.5,24986,463,63,-640,39.6850,13.0412
56.7,26687,469,46,-621,39.6838,13.0093
66.0,26594,467,44,-520,39.6788,13.0082
63.4,26109,470,46,-541,39.6765,13.0108
60.8,26031,468,57,-577,39.6848,13.0445
52.9,24997,469,50,-634,39.6794,13.0229
61.6,25644,467,43,-561,39.6882,13.0404
57.1,25541,466,42,-603,39.6922,13.0535
53.7,26590,463,47,-649,39.6937,13.0798
60.7,26463,468,30,-558,39.6825,13.0378
52.8,25685,467,53,-638,39.6789,13.0175
56.4,25718,472,50,-605,39.6822,13.0330
57.0,26189,472,46,-601,39.7015,13.0944
55.5,26831,469,54,-639,39.6865,13.0342
56.9,26591,468,38,-594,39.7049,13.0725
59.8,25579,469,49,-566,39.6761,13.0274
58.6,25622,471,37,-567,39.6936,13.0495
57.1,26903,466,49,-616,39.6824,13.0023
50.7,25297,468,59,-686,39.6972,13.0693
54.1,25837,471,56,-630,39.6794,13.0276
56.3,26363,470,45,-619,39.6886,13.0183
62.7,25905,469,44,-537,39.6868,13.0576
62.4,25494,470,43,-546,39.6824,13.0505
52.5,25381,467,41,-643,39.6918,13.0192
59.9,25564,471,53,-588,39.6732,13.0244
60.9,26058,470,41,-571,39.6894,13.0611
55.9,25859,469,55,-608,39.6971,13.0877
55.3,25468,469,54,-614,39.6821,13.0220
54.1,25920,467,39,-616,39.6805,13.0020
59.3,25564,464,47,-568,39.6797,13.0183
55.1,25996,471,51,-618,39.6850,13.0394
55.6,25401,468,51,-615,39.7012,13.0853
62.4,26606,471,44,-543,39.6923,13.0574
62.2,26609,470,43,-548,39.6867,13.0877
51.1,26116,466,60,-689,39.6932,13.0839
57.6,25897,470,53,-611,39.6838,13.0644
54.0,26052,466,47,-630,39.6958,13.0731
56.4,26430,468,55,-620,39.6888,13.0393
50.2,25731,468,54,-701,39.7014,13.0778
55.5,25356,466,54,-605,39.6833,13.0062
65.0,25872,467,40,-515,39.6889,13.0190
54.1,26784,463,48,-662,39.6972,13.0912
59.0,25955,467,45,-582,39.6987,13.0906
55.5,25312,469,57,-617,39.6921,13.0812
61.3,26333,463,43,-567,39.6950,13.0608
51.9,25788,467,52,-658,39.6770,13.0057
53.5,26035,469,46,-645,39.6930,13.0421
53.5,26414,466,45,-636,39.6868,13.0239
57.6,25180,471,47,-581,39.6869,13.0334
56.8,26735,472,42,-609,39.6863,13.0397
57.6,25583,470,50,-590,39.6906,13.0747
54.7,26504,464,39,-617,39.7043,13.0885
56.0,25625,470,53,-615,39.6862,13.0420
51.2,25331,471,56,-665,39.6862,13.0233
58.6,25770,463,44,-570,39.6929,13.0508
60.3,25893,465,38,-558,39.7013,13.0861
61.1,26062,467,38,-553,39.6882,13.0393
59.0,26744,472,45,-598,39.6776,13.0299
63.2,26788,470,46,-567,39.6920,13.0565
53.1,25783,463,42,-629,39.6985,13.0959
56.6,26846,464,47,-618,39.6874,13.0259
62.0,26320,472,39,-551,39.6910,13.0370
56.3,25866,466,57,-615,39.6870,13.0805
51.7,25187,467,53,-645,39.6901,13.0583
54.4,26781,467,44,-650,39.6939,13.0380
59.2,25883,471,44,-574,39.6934,13.0954
57.8,26821,462,48,-607,39.6773,13.0128
52.5,26122,464,47,-661,39.6884,13.0589
57.1,26308,466,57,-612,39.6928,13.0882
53.0,25930,463,48,-653,39.6834,13.0189
53.7,25305,466,44,-623,39.6912,13.0512
52.4,26733,467,55,-671,39.6987,13.0699
52.4,25744,470,47,-640,39.6907,13.0409
51.2,25659,463,55,-675,39.6971,13.0633
61.8,25221,470,34,-540,39.6958,13.0441
53.9,26249,467,54,-635,39.6754,13.0113
62.4,25009,462,43,-528,39.6861,13.0305
54.9,25902,467,47,-623,39.6831,13.0058
52.6,24946,469,47,-638,39.7005,13.0765
57.8,25811,469,53,-585,39.6831,13.0112
57.3,25511,463,49,-599,39.6868,13.0877
56.6,25435,463,53,-604,39.6955,13.0611
58.6,25280,470,46,-568,39.6842,13.0355
60.1,26882,472,48,-589,39.6791,13.0364
54.8,26797,466,53,-649,39.6935,13.0977
56.6,25291,469,54,-599,39.6988,13.0903
59.4,25685,468,40,-558,39.6881,13.0468
55.3,24951,468,42,-589,39.6873,13.0284
57.2,26437,466,53,-617,39.6914,13.0765
57.2,25771,468,55,-602,39.6795,13.0392
58.9,26071,468,49,-588,39.6985,13.0747
59.5,25387,462,52,-578,39.6826,13.0419
54.6,26551,463,52,-653,39.6759,13.0147
60.2,26873,466,48,-594,39.6977,13.0924
62.4,26810,470,40,-565,39.6901,13.0826
57.9,25282,466,51,-587,39.6991,13.0794
59.8,26364,464,44,-569,39.6969,13.0720
58.3,26313,463,59,-600,39.6816,13.0244
54.3,26369,466,44,-637,39.6927,13.0337
59.3,25563,471,46,-572,39.6839,13.0584
63.0,24985,470,40,-527,39.6913,13.0309
53.6,25030,465,51,-619,39.6864,13.0444
56.2,25606,471,52,-622,39.6846,13.0339
62.9,25019,463,44,-528,39.7022,13.0980
58.2,26319,470,54,-594,39.6778,13.0388
59.7,26736,472,40,-582,39.6884,13.0216
52.4,25245,466,48,-637,39.6918,13.0256
58.1,26088,467,44,-581,39.6925,13.0456
51.1,25639,466,49,-679,39.6899,13.0570
65.2,26263,467,41,-522,39.6793,13.0536
60.5,25129,463,38,-554,39.6864,13.0580
57.2,26697,463,39,-603,39.6961,13.0545
57.7,26469,468,52,-626,39.6778,13.0137
62.7,26606,468,46,-563,39.6842,13.0575
53.5,25937,465,43,-634,39.7062,13.0897
63.1,26721,465,44,-553,39.6959,13.0847
52.6,26176,471,54,-664,39.6935,13.0768
59.5,25702,472,41,-580,39.6708,13.0036
55.8,26736,471,49,-626,39.6754,13.0250
55.2,26507,467,58,-647,39.6753,13.0273
59.7,25277,463,48,-570,39.6895,13.0409
56.0,25459,465,48,-597,39.6869,13.0280
52.9,26387,464,46,-655,39.7015,13.0668
51.6,25722,472,52,-661,39.6860,13.0269
58.2,25073,463,49,-581,39.6966,13.0849
60.2,25339,469,55,-565,39.6774,13.0227
58.7,25684,463,47,-568,39.6856,13.0159
54.0,26149,463,47,-653,39.6995,13.0926
61.5,25474,471,45,-542,39.6704,13.0106
55.1,26586,462,42,-632,39.6843,13.0129
54.6,25410,469,52,-615,39.6992,13.0891
52.5,25833,466,43,-650,39.6820,13.0258
53.0,25246,469,54,-632,39.6908,13.0700
63.0,26221,471,44,-555,39.6888,13.0660
51.6,25055,470,46,-645,39.6800,13.0210
52.5,25175,464,38,-626,39.6940,13.0421
57.0,26743,468,44,-627,39.6934,13.0747
55.4,25012,466,53,-617,39.6966,13.0893
63.0,25325,470,41,-529,39.6958,13.0733
57.8,25570,469,50,-589,39.6751,13.0193
54.0,26055,465,47,-634,39.6940,13.0743
52.6,25425,469,49,-647,39.6845,13.0149
50.6,25174,463,62,-681,39.7009,13.0883
56.7,25050,465,51,-600,39.7036,13.0948
56.1,26341,471,48,-622,39.6885,13.0419
57.3,26599,466,33,-599,39.6954,13.0611
60.1,25393,463,46,-569,39.6940,13.0671
60.0,25349,465,51,-560,39.6824,13.0722
58.9,26131,466,38,-583,39.6914,13.0796
60.0,26503,469,41,-572,39.6825,13.0282
55.2,25310,464,65,-627,39.6914,13.0832
58.0,25844,468,56,-595,39.6988,13.0811
55.7,26685,466,42,-622,39.6923,13.0398
60.2,26433,465,38,-579,39.6907,13.0426
56.7,25050,466,49,-575,39.6869,13.0170
57.3,26670,465,40,-612,39.6801,13.0041
51.8,26133,462,50,-673,39.6978,13.0724
58.8,25086,463,53,-586,39.6737,13.0048
65.3,26764,471,51,-533,39.6897,13.0725
61.4,26860,471,55,-576,39.6689,13.0148
56.4,25270,468,40,-594,39.6975,13.0557
64.7,26847,467,40,-529,39.6926,13.0645
53.8,25037,462,44,-614,39.7034,13.0892
59.3,25732,468,55,-586,39.6927,13.0728
52.1,25257,471,58,-656,39.6870,13.0672
65.0,26320,471,41,-528,39.6877,13.0881
53.8,26578,467,46,-641,39.7071,13.0768
55.7,26094,465,59,-631,39.6894,13.0949
53.7,26258,471,48,-661,39.6919,13.0370
63.5,26482,472,42,-539,39.6960,13.0725
54.5,25290,466,45,-613,39.6849,13.0029
62.6,26121,470,50,-559,39.6815,13.0197
62.0,25960,466,50,-555,39.6854,13.0584
55.6,25951,470,45,-627,39.6801,13.0425
59.6,24965,467,42,-559,39.6892,13.0771
55.7,25671,469,47,-619,39.6896,13.0653
54.7,26377,466,54,-644,39.6947,13.0945
57.2,25075,466,45,-578,39.6985,13.0759
62.5,25767,471,39,-540,39.7012,13.0906
62.3,26270,465,37,-551,39.7066,13.0959
59.9,26756,472,45,-582,39.7014,13.0924
55.4,26778,466,55,-644,39.6890,13.0340
58.1,25990,463,49,-606,39.7001,13.0960
60.8,25303,470,51,-559,39.7035,13.0967
56.1,25991,470,40,-607,39.6975,13.0522
60.9,26378,468,49,-565,39.6971,13.0861
63.5,25901,472,45,-543,39.6822,13.0481
58.0,25196,464,56,-580,39.6811,13.0665
63.0,25320,470,44,-537,39.6834,13.0268
63.3,26567,463,39,-554,39.6977,13.0858
54.5,26500,468,48,-650,39.6961,13.0580
55.2,26061,465,43,-630,39.6928,13.0573
60.9,26185,470,58,-573,39.6875,13.0806
57.3,25634,468,44,-583,39.6890,13.0347
55.2,25818,471,33,-600,39.7054,13.0875
59.8,26893,463,45,-583,39.6924,13.0594
54.6,25057,467,49,-618,39.6838,13.0524
59.1,26251,462,50,-593,39.6827,13.0174
56.8,25079,466,59,-598,39.6794,13.0147
54.3,24990,472,59,-628,39.6852,13.0583
60.4,25084,471,45,-559,39.6789,13.0118
57.3,26137,470,46,-609,39.6737,13.0147
63.7,25941,466,38,-526,39.6982,13.0984
61.0,26798,469,50,-582,39.6997,13.0936
58.8,26430,462,46,-590,39.6941,13.0683
58.5,26845,465,53,-605,39.6765,13.0215
53.6,25872,463,52,-648,39.6887,13.0307
51.8,25415,469,54,-658,39.6832,13.0280
53.2,25347,466,58,-643,39.6792,13.0308
64.7,26805,466,47,-543,39.6932,13.0947
61.8,25018,466,54,-540,39.6987,13.0979
50.8,25092,466,59,-671,39.6854,13.0087
52.6,26777,465,54,-684,39.6947,13.0572
56.4,25664,466,50,-609,39.6866,13.0365
54.5,26796,471,48,-642,39.6792,13.0193
54.5,25937,470,54,-619,39.6784,13.0176
57.0,26145,463,46,-591,39.6917,13.0449
52.8,26676,468,58,-677,39.6793,13.0130
56.6,25029,469,50,-580,39.6856,13.0166
63.6,26621,467,36,-550,39.6764,13.0116
59.4,26862,471,50,-591,39.6910,13.0778
64.7,26269,471,49,-534,39.6794,13.0215
56.9,25251,469,58,-591,39.6940,13.0764
58.5,25140,468,39,-568,39.7041,13.0845
53.4,25462,463,51,-635,39.6922,13.0298
58.1,25449,468,58,-602,39.6765,13.0591
60.6,25511,468,44,-574,39.6863,13.0310
51.7,25173,463,48,-636,39.6928,13.0461
51.0,26017,464,58,-687,39.6974,13.0766
62.4,26308,463,47,-556,39.6882,13.0462
52.7,25420,467,52,-651,39.6963,13.0685
56.0,25445,463,44,-616,39.6983,13.0706
56.8,25667,468,48,-605,39.6867,13.0364
58.9,26696,467,52,-595,39.6918,13.0978
57.4,25904,466,50,-605,39.6915,13.0675
61.1,26526,471,40,-567,39.6898,13.0340
59.7,25035,469,46,-563,39.6840,13.0315
57.7,25594,467,40,-580,39.6857,13.0098
61.0,26721,467,52,-585,39.6900,13.0495
62.3,25961,462,40,-548,39.6890,13.0906
52.6,24958,466,52,-632,39.6821,13.0292
54.7,26727,465,48,-644,39.6961,13.0673
64.8,26885,469,41,-544,39.6854,13.0443
57.0,25370,464,51,-591,39.6977,13.0791
53.4,24944,469,43,-618,39.6959,13.0686
63.1,25964,463,41,-554,39.6775,13.0129
60.6,26362,468,38,-562,39.6836,13.0353
52.5,26310,464,49,-659,39.6804,13.0285
58.2,26293,465,41,-597,39.7029,13.0942
56.9,25106,466,51,-582,39.6870,13.0307
53.4,25797,468,53,-639,39.7028,13.0916
62.2,25686,465,46,-552,39.6796,13.0091
56.1,26060,462,43,-603,39.6839,13.0148
55.5,25489,464,49,-617,39.6940,13.0558
62.2,26173,468,43,-552,39.6759,13.0142
53.5,25548,470,48,-628,39.6990,13.0600
59.2,24926,470,49,-562,39.6970,13.1009
52.6,26028,463,56,-656,39.6934,13.0559
61.2,26077,465,39,-548,39.6842,13.0106
62.1,26425,465,54,-554,39.6851,13.0482
60.2,26542,467,53,-586,39.6956,13.1009
55.4,25699,470,52,-624,39.6815,13.0188
65.7,26636,469,37,-523,39.6891,13.0538
54.5,26224,467,48,-622,39.6961,13.0561
53.9,26394,470,49,-658,39.6864,13.0212
53.0,25371,472,54,-650,39.6852,13.0303
60.3,25712,470,45,-559,39.6805,13.0090
60.8,26508,468,44,-558,39.6802,13.0441
59.6,25519,470,44,-569,39.6823,13.0349
57.8,26631,467,54,-599,39.6928,13.0772
58.3,25511,467,48,-572,39.6953,13.0791
55.4,26642,463,43,-634,39.6986,13.0568
53.4,26414,469,42,-643,39.6820,13.0164
62.2,25641,470,47,-547,39.6799,13.0117
57.9,26597,471,42,-610,39.6801,13.0249
60.6,26001,469,56,-577,39.6805,13.0642
62.1,26087,470,46,-549,39.6981,13.0789
58.7,26402,466,41,-582,39.7026,13.0690
63.9,25969,467,48,-539,39.6908,13.0725
59.7,26539,467,43,-582,39.6906,13.0529
52.4,25686,467,56,-655,39.6951,13.0714
60.1,25011,466,52,-548,39.6865,13.0479
54.5,26756,465,55,-643,39.6877,13.0761
52.9,25073,470,67,-644,39.6847,13.0242
52.1,26652,469,44,-677,39.6912,13.0674
58.6,26338,470,47,-594,39.6894,13.0992
58.1,25090,463,48,-567,39.6788,13.0209
55.3,25921,464,44,-629,39.6928,13.0856
56.8,25121,465,46,-578,39.6961,13.0556
54.5,25173,465,52,-617,39.6801,13.0243
56.4,25979,464,40,-593,39.6924,13.0771
63.5,26191,467,49,-550,39.6799,13.0800
61.3,24969,471,40,-544,39.6729,13.0062
52.7,25262,466,45,-625,39.6868,13.0397
52.6,25511,467,48,-640,39.6831,13.0457
60.4,25224,463,49,-573,39.6785,13.0127
61.2,25267,472,47,-568,39.6823,13.0147
56.3,26364,465,44,-614,39.7006,13.0758
56.2,26576,465,38,-601,39.6889,13.0308
56.8,25965,472,55,-606,39.6871,13.0509
58.1,24991,462,59,-584,39.6853,13.0853
54.0,26707,468,56,-656,39.6958,13.0763
60.5,25522,468,43,-554,39.6845,13.0703
57.7,26256,472,48,-596,39.6900,13.0780
61.5,26923,465,41,-557,39.6856,13.0254
53.9,26184,467,50,-643,39.6945,13.0865
57.4,26319,471,49,-599,39.6778,13.0123
54.8,25861,465,39,-624,39.6833,13.0160
50.0,25007,472,53,-684,39.6926,13.0725
61.9,25447,466,32,-533,39.6858,13.0189
59.7,25040,469,52,-558,39.6805,13.0126
55.3,26013,464,42,-607,39.6911,13.0441
63.9,26366,467,52,-547,39.6785,13.0546
57.6,25512,463,49,-593,39.7005,13.0959
57.8,26147,467,53,-614,39.6884,13.0845
57.8,25062,469,49,-583,39.6874,13.0852
55.8,25062,466,43,-584,39.6828,13.0307
57.3,26921,462,44,-607,39.7052,13.0890
55.4,25628,463,45,-601,39.6856,13.0243
53.9,25077,463,51,-616,39.6957,13.0752
59.5,26395,465,56,-601,39.6871,13.0681
58.1,25442,465,43,-582,39.6885,13.0298
57.9,25432,463,50,-592,39.6915,13.0484
52.5,26165,469,51,-666,39.6928,13.0309
59.9,26552,472,50,-573,39.6903,13.0497
53.3,26671,465,50,-660,39.6885,13.0296
58.2,25529,467,48,-579,39.6905,13.0508
52.8,26353,467,47,-659,39.6814,13.0038
59.0,25747,469,44,-580,39.6815,13.0534
60.6,26139,466,50,-579,39.6875,13.0684
62.9,26596,467,39,-549,39.6861,13.0623
53.4,26335,469,55,-652,39.6880,13.0688
53.1,26150,471,49,-641,39.7004,13.0727
55.3,25513,470,48,-614,39.6974,13.0918
59.1,25135,464,58,-581,39.6793,13.0064
57.3,26082,465,52,-600,39.6822,13.0224
63.6,25874,470,40,-542,39.6841,13.0685
51.7,26244,467,62,-690,39.6933,13.0588
62.8,25993,466,56,-556,39.6809,13.0830
59.6,25341,468,52,-566,39.6795,13.0532
59.0,26071,471,42,-567,39.6934,13.0332
61.1,25912,466,43,-554,39.6778,13.0221
56.7,25866,471,55,-607,39.6825,13.0620
57.0,25303,470,55,-588,39.6911,13.0424
55.5,26316,465,47,-621,39.6901,13.0516
59.4,25982,464,48,-585,39.6826,13.0190
60.6,26330,470,49,-568,39.6963,13.0726
57.9,25190,463,50,-577,39.6994,13.0832
59.8,26579,463,40,-573,39.6936,13.0472
58.8,26684,463,42,-594,39.6849,13.0397
60.7,25836,467,40,-563,39.6908,13.0821
55.7,25262,468,51,-613,39.6938,13.0691
57.9,26230,465,57,-604,39.6779,13.0478
60.8,26821,464,48,-569,39.6895,13.0968
60.3,25186,463,40,-558,39.6897,13.0549
53.1,26594,463,47,-664,39.6883,13.0254
53.4,25690,466,55,-636,39.6867,13.0516
53.9,26311,468,56,-642,39.6864,13.0176
52.3,25502,464,52,-657,39.6843,13.0103
51.0,25807,465,56,-681,39.6815,13.0191
57.4,25484,465,54,-590,39.6845,13.0295
55.9,25231,464,56,-609,39.6881,13.0961
50.6,25382,464,48,-677,39.6989,13.0780
50.9,25211,462,43,-659,39.7045,13.0788
52.2,26190,463,53,-657,39.6821,13.0158
62.0,25960,464,49,-555,39.6840,13.0625
63.1,26616,464,53,-561,39.6900,13.0810
50.9,26267,468,56,-701,39.6894,13.0397
56.4,25792,468,50,-618,39.6944,13.0640
56.2,25008,470,41,-588,39.6929,13.0598
54.6,26048,469,53,-648,39.6971,13.0748
63.2,25581,471,45,-541,39.6884,13.0560
59.4,25251,462,39,-567,39.6907,13.0250
59.0,26699,468,48,-592,39.6915,13.0716
61.9,26266,468,49,-554,39.6768,13.0356
61.6,25022,467,48,-536,39.6936,13.0872
60.7,25419,464,52,-570,39.6799,13.0391
53.8,25179,464,58,-628,39.6917,13.0646
55.4,26885,465,53,-637,39.6942,13.0662
55.1,25884,471,42,-625,39.6932,13.0836
58.8,25896,469,51,-578,39.6747,13.0086
51.3,25427,471,50,-663,39.6836,13.0105
65.6,26835,467,49,-531,39.6720,13.0306
51.2,25409,466,48,-657,39.6874,13.0239
57.0,26106,470,40,-598,39.6863,13.0207
54.9,25830,468,53,-622,39.6875,13.0664
63.6,25176,462,39,-520,39.6791,13.0090
51.0,24980,472,47,-660,39.6871,13.0380
56.3,26538,471,46,-614,39.6937,13.0661
60.9,26363,471,54,-570,39.6980,13.0962
55.0,25029,463,40,-590,39.6892,13.0230
60.3,26153,467,52,-566,39.6783,13.0523
53.4,26908,467,52,-662,39.6882,13.0768
62.7,26047,466,46,-554,39.6912,13.0698
56.7,26182,469,52,-603,39.6885,13.0515
52.3,25207,469,56,-648,39.6863,13.0267
53.2,26834,463,54,-676,39.6989,13.0810
58.3,25479,466,49,-575,39.6821,13.0395
52.9,26866,468,43,-669,39.6920,13.0496
57.9,26619,463,51,-589,39.6885,13.0797
54.0,26045,467,50,-641,39.6879,13.0517
60.9,24944,469,46,-546,39.6919,13.0662
61.0,25333,469,52,-562,39.6777,13.0360
57.6,25290,462,58,-599,39.6756,13.0130
56.3,25011,470,50,-595,39.6937,13.0679
56.2,25781,471,49,-592,39.6834,13.0510
59.3,26301,469,51,-581,39.6836,13.0459
51.7,25083,470,48,-646,39.6923,13.0773
63.8,26041,466,47,-538,39.6724,13.0147
56.5,25172,470,44,-592,39.6859,13.0242
54.2,26285,463,51,-644,39.6740,13.0218
53.7,26012,471,41,-639,39.6957,13.0727
57.7,26527,471,47,-595,39.6889,13.0885
54.8,26847,462,53,-650,39.6902,13.0296
58.6,25374,469,46,-584,39.6923,13.0412
62.7,25940,463,38,-535,39.6863,13.0474
55.9,26444,463,47,-625,39.6978,13.0941
56.4,25624,468,58,-611,39.6970,13.0732
54.2,26429,467,45,-654,39.6921,13.0736
62.2,25720,470,49,-550,39.6721,13.0278
54.1,26780,463,52,-651,39.6959,13.0736
59.9,25697,465,43,-561,39.6776,13.0280
51.7,25381,467,55,-651,39.6797,13.0309
54.6,24940,468,60,-629,39.6825,13.0578
53.0,26758,465,47,-661,39.6867,13.0618
51.2,25161,469,48,-646,39.6829,13.0277
54.6,24972,468,54,-603,39.6760,13.0264
54.1,26386,466,42,-624,39.6939,13.0589
55.0,26846,467,58,-642,39.6879,13.0841
62.0,26091,467,46,-566,39.6804,13.0410
64.9,26096,465,42,-524,39.6965,13.0561
56.4,25165,466,50,-600,39.6857,13.0479
54.7,26424,463,45,-633,39.6993,13.0823
53.8,25748,471,42,-633,39.6851,13.0388
54.2,25196,470,49,-622,39.6831,13.0217
63.2,26451,462,51,-563,39.6690,13.0121
52.7,26500,469,56,-655,39.6987,13.0861
57.0,26019,471,57,-615,39.6908,13.0847
58.4,26189,471,47,-595,39.6913,13.0294
59.9,25361,462,52,-565,39.6822,13.0165
61.5,25786,466,60,-566,39.6796,13.0313
53.4,25964,466,48,-632,39.6885,13.0260
53.8,26104,463,47,-622,39.6820,13.0336
54.3,26125,464,36,-618,39.6914,13.0119
64.3,26663,465,34,-536,39.6816,13.0205
62.5,26859,463,48,-565,39.6759,13.0236
56.8,26375,465,40,-602,39.6901,13.0735
53.8,25499,467,56,-632,39.6926,13.0979
61.7,26579,463,43,-571,39.6840,13.0303
59.2,25385,465,58,-574,39.6913,13.1023
57.4,26023,472,54,-612,39.6833,13.0230
53.2,25735,464,56,-660,39.6885,13.0746
62.0,26028,470,59,-563,39.6722,13.0393
57.6,26007,470,48,-582,39.6878,13.0645
60.5,26144,471,40,-559,39.6846,13.0411
53.7,26320,467,48,-639,39.6879,13.0278
53.7,26346,470,51,-652,39.6972,13.0772
60.5,25579,465,43,-557,39.6807,13.0161
56.7,25778,471,50,-609,39.6928,13.0912
53.8,26031,466,53,-635,39.6911,13.0685
61.5,26826,466,40,-568,39.6847,13.0397
52.7,26251,470,43,-650,39.6938,13.0394
62.7,25935,465,43,-560,39.6806,13.0082
60.9,26597,466,54,-583,39.6834,13.0658
63.1,26723,468,46,-547,39.6849,13.0407
53.1,25206,464,48,-641,39.6978,13.0940
54.1,26909,468,47,-646,39.6851,13.0434
55.4,25921,472,47,-625,39.6950,13.0624
57.6,25499,467,58,-599,39.6757,13.0302
55.1,24968,472,56,-626,39.6934,13.0986
52.0,26260,469,41,-666,39.6842,13.0025
63.8,26891,463,45,-555,39.6913,13.0867
59.7,25393,471,50,-569,39.6855,13.0736
53.5,25577,466,52,-656,39.6821,13.0295
58.3,26653,466,41,-582,39.6774,13.0300
53.4,25013,472,51,-630,39.6938,13.0749
54.1,26781,468,45,-634,39.6899,13.0653
56.5,25592,464,54,-602,39.6894,13.0490
57.2,26070,467,50,-604,39.6987,13.0921
56.0,25869,469,61,-621,39.6970,13.0945
55.1,25925,463,40,-626,39.6773,13.0129
62.8,26577,469,47,-557,39.6980,13.0740
63.7,25709,465,51,-528,39.6831,13.0297
52.7,25914,469,48,-650,39.6928,13.0483
54.7,26226,471,44,-632,39.6775,13.0267
59.4,26569,467,46,-591,39.6967,13.0931
55.9,25977,467,50,-634,39.6938,13.0794
60.4,26348,462,44,-569,39.6897,13.0497
60.4,24944,465,36,-546,39.6822,13.0246
51.9,26398,466,50,-681,39.6882,13.0423
51.2,26235,471,57,-692,39.6958,13.0558
57.0,26809,463,46,-617,39.6848,13.0606
57.8,25030,466,52,-582,39.6862,13.0416
53.7,25720,471,46,-629,39.6923,13.0729
56.8,25430,466,55,-611,39.6969,13.0967
51.7,25386,466,57,-660,39.6781,13.0238
55.0,25990,467,41,-612,39.6987,13.0893
56.6,25527,468,52,-586,39.6816,13.0420
55.5,26204,469,46,-616,39.6773,13.0061
64.3,26641,466,39,-541,39.6868,13.0262
54.1,24997,470,46,-614,39.6942,13.0783
56.0,26307,468,50,-609,39.6935,13.0595
56.7,26005,464,50,-607,39.6993,13.0759
52.8,25622,465,44,-649,39.6964,13.0511
52.4,25993,465,57,-668,39.6810,13.0388
53.5,26887,469,50,-663,39.6911,13.0537
54.6,26001,467,56,-648,39.6876,13.0553
61.4,25486,462,51,-555,39.6924,13.0754
64.3,26792,467,33,-540,39.6880,13.0676
56.3,25313,466,43,-605,39.6938,13.0370
52.6,25605,465,57,-646,39.6794,13.0289
54.3,25927,468,45,-616,39.6828,13.0033
61.2,26806,472,46,-584,39.6843,13.0560
57.7,26234,464,44,-593,39.6893,13.0672
58.2,25834,471,44,-595,39.6810,13.0405
66.9,26740,462,41,-513,39.6942,13.0705
57.0,26656,469,43,-617,39.6908,13.0568
53.4,26465,467,57,-649,39.6852,13.0280
54.6,25802,463,52,-614,39.7004,13.0872
54.1,25604,467,59,-645,39.6805,13.0537
52.2,25534,471,46,-650,39.6913,13.0182
59.7,25746,468,49,-573,39.6930,13.0795
54.8,26332,467,42,-626,39.6860,13.0288
54.5,25709,463,51,-637,39.6863,13.0334
55.8,25619,464,40,-592,39.6755,13.0062
57.3,24955,468,46,-584,39.6780,13.0099
56.8,25359,469,41,-588,39.6929,13.0702
60.5,26697,464,44,-579,39.6798,13.0317
51.7,26839,466,49,-693,39.6849,13.0569
51.3,25438,468,61,-677,39.6863,13.0322
61.1,24947,468,47,-538,39.6910,13.0641
54.7,25108,468,50,-621,39.6908,13.0384
56.3,25809,462,39,-593,39.6873,13.0462
53.2,26879,470,48,-664,39.7042,13.0905
63.1,26128,466,46,-542,39.6813,13.0438
56.7,26860,468,45,-613,39.6800,13.0015
63.5,26506,469,52,-550,39.6956,13.0929
53.3,26848,471,60,-665,39.6737,13.0097
56.5,25281,466,52,-591,39.6911,13.0782
55.9,26020,471,51,-618,39.6966,13.0890
53.7,25280,469,50,-634,39.6946,13.0859
58.1,26189,468,36,-583,39.7038,13.0906
60.0,25150,463,48,-549,39.6838,13.0505
55.5,25224,471,56,-618,39.6828,13.0540
57.8,26370,470,56,-612,39.6812,13.0239
55.1,26001,465,53,-625,39.6966,13.0596
60.2,26422,468,40,-585,39.6828,13.0371
55.7,25095,465,43,-592,39.7031,13.0610
60.0,25135,466,61,-575,39.6938,13.0825
52.7,26012,468,57,-665,39.6749,13.0087
54.6,26524,469,53,-630,39.6897,13.0592
52.7,25248,469,50,-627,39.6821,13.0102
54.1,26501,472,49,-641,39.7063,13.0917
54.3,26275,463,50,-635,39.7031,13.0918
58.4,25952,469,47,-583,39.7048,13.0851
61.4,26075,468,40,-556,39.6981,13.0986
58.8,26107,472,48,-591,39.6964,13.0671
52.1,25812,471,48,-662,39.7015,13.0727
59.3,26398,464,36,-574,39.7021,13.0870
63.1,26171,471,51,-553,39.6856,13.0618
63.8,26529,469,51,-552,39.6896,13.0693
51.3,26067,467,59,-675,39.6927,13.0958
62.7,26705,467,39,-556,39.6900,13.0755
54.4,25048,465,56,-635,39.6894,13.0558
59.6,25440,466,40,-553,39.6847,13.0121
63.4,25569,464,42,-532,39.6968,13.0587
58.3,25742,463,45,-587,39.6914,13.0853
63.0,25643,469,36,-526,39.6900,13.0825
58.9,25408,471,43,-576,39.6847,13.0234
60.4,26306,470,48,-584,39.6816,13.0704
58.2,26641,465,37,-598,39.6857,13.0240
53.4,25388,462,53,-632,39.6765,13.0099
59.7,26892,469,54,-603,39.6714,13.0228
58.8,26123,468,52,-589,39.6750,13.0149
55.1,26382,464,39,-610,39.6950,13.0814
60.3,26283,466,52,-578,39.6703,13.0111
60.5,26807,464,51,-577,39.6823,13.0361
51.0,25703,471,56,-673,39.6999,13.0905
61.7,25936,467,43,-565,39.6940,13.0940
64.5,26549,463,45,-535,39.6998,13.0978
55.9,26518,469,39,-616,39.6819,13.0176
54.0,26077,463,47,-642,39.6946,13.0669
62.6,25550,471,46,-545,39.6760,13.0131
55.7,26333,467,59,-635,39.6757,13.0149
59.4,26321,468,54,-583,39.6904,13.0709
51.5,25553,468,53,-658,39.6883,13.0295
58.4,25026,463,55,-566,39.6908,13.0832
51.7,26119,467,54,-685,39.6916,13.0852
55.1,25342,468,47,-598,39.6906,13.0328
52.8,25376,472,66,-649,39.6857,13.0470
55.1,26926,469,56,-633,39.6836,13.0139
57.5,25497,471,50,-592,39.6986,13.0942
53.2,26611,465,46,-670,39.6838,13.0333
63.2,26514,471,52,-554,39.6965,13.0834
54.8,26759,470,58,-657,39.6982,13.0765
58.8,26694,470,44,-602,39.6871,13.0159
54.8,25130,472,63,-622,39.6835,13.0612
57.6,26852,464,51,-626,39.6837,13.0271
58.8,26175,464,43,-602,39.6901,13.0454
53.0,25524,467,49,-631,39.6951,13.0851
61.0,25726,468,59,-562,39.6790,13.0273
53.1,25433,467,49,-645,39.6862,13.0508
54.5,25502,468,53,-627,39.6912,13.0743
57.6,26336,466,57,-616,39.6995,13.0980
51.7,25535,464,47,-655,39.6904,13.0680
59.4,26566,466,45,-573,39.7001,13.0935
55.8,25013,468,43,-597,39.6939,13.0797
55.3,25990,464,55,-618,39.6842,13.0355
58.9,26634,466,52,-607,39.6848,13.0311
59.5,26287,467,57,-591,39.6806,13.0538
54.5,25989,462,53,-634,39.6963,13.0749
54.6,26539,464,45,-630,39.6960,13.0669
56.4,25226,471,36,-584,39.6854,13.0344
60.1,26347,467,42,-560,39.6953,13.0347
52.6,25826,465,50,-654,39.6914,13.0482
60.4,26868,467,47,-588,39.6782,13.0187
60.4,25586,465,49,-565,39.6835,13.0559
52.8,26647,468,51,-666,39.6803,13.0058
60.0,26054,465,50,-569,39.6861,13.0503
52.2,25609,468,47,-637,39.6830,13.0087
61.4,25761,469,42,-557,39.6793,13.0478
50.5,25126,464,66,-682,39.6899,13.0822
56.0,25918,465,48,-618,39.6830,13.0471
54.7,26215,466,40,-625,39.7028,13.0870
59.6,25289,470,45,-567,39.6846,13.0715
60.3,26788,465,47,-588,39.6944,13.0760
53.2,26503,470,56,-666,39.6828,13.0051
51.5,25966,467,58,-682,39.6906,13.0429
57.5,26321,469,46,-621,39.6962,13.0908
57.3,26353,469,43,-607,39.6846,13.0073
63.5,26724,464,50,-560,39.6888,13.0816
64.1,26735,469,43,-541,39.6978,13.0831
61.7,25128,471,43,-538,39.6863,13.0347
59.9,26275,466,53,-583,39.6766,13.0363
53.4,26024,465,51,-628,39.6953,13.0906
59.0,24992,472,35,-558,39.7030,13.0864
53.2,26031,471,56,-658,39.6839,13.0079
57.2,25643,471,51,-597,39.6912,13.0672
56.8,25190,466,59,-612,39.6889,13.0394
57.9,25924,469,57,-615,39.6852,13.0320
52.1,26397,468,55,-675,39.6885,13.0458
51.3,24973,470,56,-660,39.6941,13.0338
60.3,25287,469,49,-561,39.6721,13.0102
55.7,25114,463,46,-609,39.6887,13.0518
59.1,26506,466,56,-589,39.6820,13.0686
60.1,25816,463,39,-564,39.6885,13.0163
61.6,26428,469,56,-576,39.6757,13.0511
56.1,25695,472,45,-613,39.6914,13.0541
51.6,26329,465,50,-680,39.6956,13.0842
51.7,25199,468,51,-642,39.6942,13.0668
61.2,26204,471,48,-564,39.6788,13.0202
52.2,25735,471,50,-662,39.6974,13.0600
52.9,26897,469,46,-671,39.6887,13.0402
54.0,25244,470,57,-619,39.6830,13.0417
58.3,25071,462,44,-572,39.6934,13.0621
61.2,26314,469,44,-551,39.6864,13.0736
58.9,25293,465,45,-575,39.6873,13.0338
60.7,25504,469,47,-561,39.6789,13.0224
55.7,25534,470,46,-605,39.6953,13.0775
58.2,25347,469,52,-590,39.6898,13.0633
59.2,25251,465,54,-586,39.6782,13.0602
53.0,26780,463,53,-686,39.6904,13.0557
58.7,25395,472,45,-577,39.6715,13.0171
57.8,26109,470,47,-604,39.6811,13.0479
54.7,25048,465,55,-621,39.6824,13.0249
57.3,25209,465,49,-586,39.6829,13.0538
60.3,26166,463,48,-577,39.6898,13.0828
61.5,26005,468,38,-561,39.6737,13.0097
60.7,26691,466,51,-577,39.6797,13.0291
58.6,26645,467,38,-595,39.6827,13.0354
65.0,26828,469,44,-537,39.6871,13.0733
54.0,25790,463,47,-631,39.6954,13.0568
52.4,26872,466,54,-679,39.6948,13.0515
56.7,25880,464,55,-613,39.6844,13.0464
57.5,25250,469,46,-601,39.6930,13.0672
60.0,25317,468,39,-564,39.6955,13.0550
54.2,25100,465,48,-626,39.6941,13.0949
62.0,26814,464,50,-575,39.6880,13.0475
56.5,24974,468,50,-590,39.6946,13.0634
59.3,25522,462,58,-592,39.6825,13.0220
54.5,25351,464,37,-600,39.6933,13.0742
54.4,26914,467,36,-639,39.6983,13.0461
59.6,25543,470,50,-588,39.6811,13.0080
64.3,26407,462,40,-543,39.6846,13.0274
54.9,25537,467,44,-610,39.6893,13.0645
59.7,25470,463,44,-572,39.6935,13.0976
59.4,26090,463,40,-564,39.6827,13.0425
62.0,26180,463,50,-552,39.6831,13.0560
56.1,25503,466,47,-597,39.6895,13.0784
53.4,25727,472,47,-633,39.6895,13.0433
53.9,25820,466,50,-639,39.6867,13.0614
52.0,26557,469,60,-675,39.6788,13.0450
61.3,26197,468,46,-579,39.6944,13.0836
57.0,26431,465,51,-615,39.6861,13.0539
54.4,25207,465,51,-620,39.6795,13.0266
55.4,25660,471,53,-628,39.6981,13.0906
52.0,24991,465,40,-632,39.6883,13.0502
60.4,26139,471,48,-585,39.6818,13.0262
55.7,25167,470,49,-601,39.6902,13.0376
59.4,26567,464,36,-569,39.6785,13.0178
62.1,26122,468,42,-553,39.6898,13.0693
57.2,26231,471,53,-620,39.6889,13.0906
60.4,26074,468,39,-567,39.7022,13.0897
53.2,26339,469,55,-655,39.6944,13.0695
53.4,24948,468,47,-631,39.7036,13.0883
60.4,26268,463,52,-574,39.6890,13.0731
56.0,26006,467,49,-617,39.6939,13.0880
62.4,26555,467,44,-552,39.6875,13.0449
56.1,25089,469,44,-584,39.6796,13.0333
58.3,26101,463,42,-590,39.6955,13.0780
61.2,26264,466,46,-564,39.6821,13.0092
61.8,26150,465,47,-563,39.7013,13.0984
56.7,26231,470,39,-607,39.6928,13.0628
61.0,25781,467,46,-566,39.6836,13.0787
53.4,25782,469,68,-661,39.6792,13.0320
52.9,26813,467,51,-677,39.6976,13.0943
51.2,25710,470,50,-667,39.6780,13.0222
57.1,25069,470,46,-574,39.6844,13.0479
59.9,25132,463,52,-571,39.6796,13.0510
55.1,26482,465,53,-639,39.6816,13.0162
60.6,25388,465,51,-556,39.6907,13.0559
55.2,25368,467,50,-621,39.6859,13.0356
57.1,25931,470,48,-609,39.6884,13.0346
53.3,26635,469,46,-660,39.7016,13.0783
54.1,26188,466,61,-641,39.6918,13.0756
59.4,26578,464,50,-587,39.6814,13.0446
56.0,25003,462,47,-595,39.6916,13.0298
60.6,26008,469,39,-565,39.6919,13.0799
54.0,25143,464,50,-629,39.6861,13.0231
61.0,25550,467,42,-547,39.6782,13.0078
60.6,25516,464,35,-550,39.6882,13.0290
53.7,25762,468,44,-649,39.6830,12.9989
54.5,25714,466,58,-628,39.6878,13.0434
54.0,25776,470,47,-639,39.6910,13.0771
62.5,25565,463,46,-549,39.6875,13.0910
61.3,25229,467,43,-552,39.6880,13.0438
52.0,26217,471,49,-661,39.6966,13.0870
53.8,26199,469,52,-648,39.6748,13.0083
56.0,25678,462,43,-601,39.6842,13.0228
60.0,25719,463,38,-560,39.6922,13.0539
53.5,26482,470,50,-658,39.6855,13.0319
56.1,26391,466,50,-622,39.6971,13.0931
62.1,26747,471,49,-559,39.6808,13.0330
60.2,26203,463,41,-570,39.6865,13.0315
53.7,25741,463,48,-632,39.6865,13.0273
52.9,24931,469,39,-612,39.6808,13.0277
53.0,25356,464,50,-640,39.6945,13.0808
55.8,26319,465,52,-636,39.6822,13.0074
52.1,26662,462,51,-676,39.6894,13.0210
55.2,25646,466,56,-619,39.6869,13.0473
62.5,26864,463,46,-561,39.6836,13.0435
58.0,25119,470,39,-571,39.6995,13.0768
57.5,25425,463,40,-572,39.7014,13.0847
64.2,26762,466,42,-537,39.7023,13.0979
60.0,26124,466,48,-577,39.6968,13.0917
53.9,26298,463,38,-637,39.6897,13.0053
54.1,26331,468,58,-649,39.6983,13.0879
59.8,25597,467,53,-575,39.6873,13.0803
65.3,26653,467,34,-529,39.6907,13.0834
50.4,25410,465,54,-684,39.6889,13.0686
55.2,26717,470,57,-630,39.6915,13.0871
54.1,26149,468,53,-631,39.6921,13.0669
57.4,26089,472,46,-594,39.6869,13.0512
51.7,25115,472,48,-658,39.6855,13.0053
56.0,26380,468,57,-626,39.6962,13.0986
57.3,25154,472,48,-597,39.6948,13.0810
54.9,25440,463,53,-610,39.6842,13.0440
54.2,25845,469,58,-636,39.6883,13.0838
52.4,26889,465,45,-677,39.6774,13.0082
52.9,24943,463,52,-625,39.6966,13.0871
64.8,25916,471,45,-520,39.6927,13.1030
60.7,26776,470,49,-570,39.6858,13.0568
56.0,26045,465,42,-613,39.6891,13.0782
61.9,26418,463,43,-547,39.6938,13.0972
59.0,25295,466,45,-570,39.6914,13.0786
51.7,25481,466,52,-660,39.6947,13.0771
51.1,26086,463,61,-686,39.6939,13.0537
61.6,26205,462,49,-565,39.6783,13.0257
50.2,25212,468,56,-683,39.6895,13.0276
52.4,25237,471,50,-643,39.6857,13.0010
62.4,26033,469,46,-552,39.6890,13.0612
55.4,25927,465,53,-623,39.6862,13.0640
56.2,26555,469,51,-612,39.6852,13.0275
57.0,26081,471,48,-596,39.6888,13.0720
63.6,26066,472,49,-532,39.6766,13.0470
54.7,26233,472,54,-637,39.6822,13.0087
62.2,25653,471,49,-545,39.6764,13.0268
58.0,26693,472,43,-607,39.6823,13.0373
54.2,25599,463,44,-625,39.6854,13.0444
60.0,26415,470,41,-568,39.6974,13.0593
56.4,25860,467,41,-598,39.7042,13.0880
65.7,26648,463,43,-527,39.6819,13.0187
58.3,26226,462,50,-598,39.6895,13.0411
57.5,25868,465,44,-583,39.6963,13.0672
65.3,25962,466,47,-516,39.6836,13.0738
60.0,26232,469,45,-582,39.6946,13.0976
58.2,25972,464,47,-596,39.6842,13.0368
58.6,25569,462,51,-580,39.6813,13.0424
56.1,26334,467,42,-618,39.6976,13.0951
60.0,25685,463,49,-570,39.6868,13.0736
56.9,25219,463,53,-589,39.6837,13.0536
52.0,25404,466,55,-645,39.6743,13.0090
57.9,25435,468,47,-585,39.6845,13.0221
54.4,24990,467,51,-617,39.6835,13.0443
54.9,25256,467,45,-618,39.6845,13.0028
54.3,26672,465,50,-652,39.6918,13.0717
58.7,26604,465,50,-591,39.6862,13.0756
55.6,26765,462,57,-648,39.6728,13.0289
60.9,25445,472,37,-548,39.6884,13.0236
53.5,26801,467,46,-660,39.6905,13.0764
60.4,25823,467,51,-560,39.6814,13.0542
60.0,25719,463,46,-563,39.6863,13.0477
53.8,25243,465,51,-646,39.6724,13.0066
61.4,26598,464,50,-573,39.6829,13.0610
64.9,26621,472,45,-542,39.7001,13.0921
58.1,26853,472,44,-602,39.6794,13.0315
59.8,25887,471,47,-565,39.6825,13.0207
59.4,25212,463,46,-568,39.6829,13.0457
58.3,26169,462,51,-592,39.6872,13.0388
59.8,25421,469,51,-572,39.6994,13.0924
52.9,25005,466,53,-640,39.6854,13.0156
52.4,25152,470,45,-623,39.6924,13.0546
61.7,25158,463,39,-547,39.6893,13.0366
58.4,26269,467,41,-580,39.6992,13.0594
62.8,25638,468,45,-543,39.6780,13.0487
61.3,25164,468,43,-552,39.6988,13.0965
58.3,26471,463,54,-619,39.6769,13.0182
55.5,25425,470,46,-610,39.6930,13.0579
56.0,26588,466,51,-629,39.6877,13.0327
52.4,24952,470,51,-649,39.6814,13.0198
59.5,25042,463,46,-551,39.6899,13.0590
61.2,25554,465,55,-561,39.6724,13.0333
53.1,25066,472,58,-636,39.6993,13.0912
60.0,26648,462,43,-569,39.6923,13.0853
56.0,26161,470,45,-616,39.6862,13.0261
55.1,26685,472,53,-619,39.6945,13.0792
55.3,25331,464,50,-617,39.7006,13.0963
55.4,25500,466,49,-604,39.6977,13.0839
56.4,25616,463,57,-611,39.6850,13.0559
57.0,26256,466,52,-615,39.6810,13.0071
52.2,26910,467,60,-687,39.7035,13.0931
52.4,26369,472,54,-661,39.6898,13.0673
53.5,26441,468,48,-635,39.7005,13.0654
62.3,25734,469,45,-533,39.6872,13.0131
55.5,25532,468,48,-611,39.6763,13.0268
55.1,25597,469,51,-625,39.6838,13.0478
56.8,25354,463,47,-584,39.6905,13.0375
62.8,26391,469,47,-556,39.6854,13.0819
52.3,25332,468,37,-637,39.7046,13.0905
58.9,24930,465,58,-576,39.6846,13.0456
55.2,25297,465,62,-621,39.6830,13.0537
61.8,26748,468,46,-576,39.6949,13.0872
58.3,24988,471,46,-567,39.6898,13.0517
61.9,26128,469,38,-554,39.6858,13.0428
50.2,25128,468,49,-678,39.6823,13.0052
53.9,26525,468,50,-639,39.6876,13.0595
61.9,26018,466,45,-553,39.7015,13.0832
57.8,26181,465,48,-600,39.6839,13.0090
61.8,26764,468,45,-568,39.6869,13.0559
58.5,25553,463,58,-595,39.6825,13.0308
52.7,25750,463,51,-649,39.6965,13.0720
59.2,25274,466,39,-566,39.6933,13.0329
52.7,26470,469,51,-681,39.6938,13.0814
57.3,25737,464,56,-599,39.6851,13.0216
59.4,26820,471,57,-600,39.6699,13.0280
62.4,25874,471,48,-549,39.6800,13.0386
61.2,25885,463,47,-548,39.6942,13.0425
61.9,26611,467,46,-563,39.6866,13.0166
63.5,25260,471,47,-523,39.6829,13.0634
54.0,26902,464,51,-667,39.6879,13.0207
54.5,25792,470,50,-629,39.6804,13.0291
56.6,26918,469,50,-629,39.6713,13.0238
53.1,26611,467,46,-653,39.6918,13.0435
52.7,26662,462,45,-672,39.6970,13.0738
63.6,26696,469,36,-551,39.6767,13.0084
55.0,25544,466,50,-620,39.6806,13.0082
53.9,26824,464,60,-671,39.6900,13.0588
56.0,25451,469,56,-612,39.6971,13.0737
62.6,25085,469,44,-535,39.6808,13.0478
51.4,25214,463,52,-652,39.6871,13.0534
60.2,25721,467,46,-554,39.6804,13.0109
53.9,26550,472,56,-654,39.6807,13.0387
60.4,26302,467,50,-558,39.6874,13.0794
57.6,26739,471,49,-610,39.6808,13.0263
57.8,25228,469,47,-590,39.6990,13.0843
52.3,25059,470,56,-641,39.6872,13.0524
60.5,26682,470,48,-569,39.6786,13.0324
58.9,26636,470,46,-589,39.6825,13.0182
57.8,26098,471,52,-596,39.6930,13.0722
57.3,26636,467,47,-612,39.6850,13.0585
59.7,26380,470,52,-598,39.6718,13.0093
57.8,26688,470,55,-604,39.6987,13.0923
59.5,24990,466,50,-571,39.6767,13.0251
53.9,25614,466,54,-650,39.6901,13.0687
62.6,25767,466,50,-553,39.6923,13.0552
59.0,25385,469,43,-565,39.6803,13.0390
53.5,25137,463,49,-611,39.6793,13.0093
60.4,25433,465,52,-560,39.6887,13.0736
59.3,25246,462,41,-553,39.6825,13.0441
61.0,25221,472,54,-571,39.6706,13.0051
56.9,25996,472,43,-604,39.6834,13.0329
60.3,25770,472,49,-565,39.6944,13.0653
57.6,26311,468,47,-616,39.6988,13.0882
53.0,25272,465,48,-637,39.6823,13.0091
61.3,25332,470,47,-556,39.6791,13.0104
61.6,26038,469,33,-543,39.7021,13.0886
59.7,25754,462,43,-571,39.6834,13.0392
54.2,26715,467,52,-639,39.6823,13.0026
53.7,25676,468,54,-627,39.6870,13.0564
62.8,25047,467,38,-526,39.6919,13.0591
56.9,25408,464,46,-602,39.6799,13.0123
51.9,24938,470,57,-663,39.6797,13.0299
55.7,25208,469,40,-605,39.6967,13.0586
59.2,26480,467,50,-586,39.6938,13.0834
60.1,24972,464,47,-574,39.6943,13.0929
61.5,25232,464,46,-540,39.6958,13.0840
55.1,26188,467,55,-634,39.6772,13.0084
56.8,25021,466,60,-598,39.6960,13.0893
56.5,25147,467,46,-601,39.6743,13.0070
54.6,26617,466,50,-643,39.6799,13.0292
62.3,25846,469,53,-560,39.6908,13.0605
56.8,25457,467,49,-607,39.6872,13.0174
52.4,25635,469,50,-654,39.6959,13.0883
60.8,25270,469,50,-558,39.6876,13.0561
53.9,25159,465,51,-611,39.6803,13.0112
64.3,26628,464,47,-544,39.6756,13.0170
53.5,25393,466,60,-636,39.6868,13.0589
54.0,25521,467,50,-633,39.6791,13.0037
59.5,25885,468,53,-585,39.6834,13.0693
57.9,26379,470,52,-594,39.6840,13.0300
58.5,25043,467,40,-574,39.6875,13.0643
54.2,26620,472,52,-648,39.6926,13.0760
56.2,26846,470,41,-623,39.6982,13.0778
59.4,26689,462,51,-593,39.7021,13.0907
58.1,26062,469,50,-602,39.6865,13.0877
54.3,26378,467,53,-643,39.6895,13.0369
58.6,25261,470,56,-580,39.6912,13.0813
62.9,25709,469,32,-532,39.6958,13.0456
56.5,24990,464,44,-578,39.6855,13.0258
54.4,25589,467,45,-636,39.6771,13.0132
58.9,25775,472,50,-584,39.6951,13.0612
57.1,25606,469,45,-607,39.6894,13.0408
53.7,25377,464,47,-622,39.6915,13.0368
52.2,25626,471,51,-651,39.6823,13.0200
55.7,26364,467,44,-617,39.7001,13.0838
60.1,26833,469,43,-575,39.6891,13.0386
62.9,25356,466,44,-533,39.6769,13.0100
53.6,26148,471,44,-642,39.6906,13.0337
58.6,25694,466,46,-580,39.6762,13.0340
64.1,26791,465,51,-544,39.6845,13.0442
60.3,25300,472,52,-568,39.6816,13.0474
56.5,25450,462,46,-601,39.6810,13.0382
65.0,26157,468,37,-527,39.6800,13.0295
56.3,25157,470,54,-612,39.6808,13.0465
61.4,25687,464,62,-566,39.6899,13.0854
52.3,26880,470,52,-679,39.6799,13.0464
63.9,26472,468,47,-548,39.6926,13.0758
56.7,25029,469,50,-579,39.6951,13.0848
59.3,25614,464,50,-576,39.6805,13.0196
55.0,26659,471,64,-647,39.6787,13.0373
63.3,25487,465,37,-527,39.7005,13.0965
60.0,26715,470,41,-577,39.7006,13.0847
55.7,25669,462,49,-608,39.6942,13.0615
61.3,25599,467,51,-561,39.6918,13.0657
52.1,25653,462,64,-666,39.6783,13.0209
56.0,25528,471,48,-604,39.6912,13.0605
54.2,25985,470,43,-623,39.6960,13.0786
58.8,25894,466,37,-570,39.6930,13.0939
56.1,25283,462,59,-607,39.6955,13.0932
51.3,26269,464,58,-681,39.6893,13.0419
53.5,26199,464,56,-650,39.6877,13.0529
54.7,26430,466,42,-635,39.6940,13.0545
55.8,25659,469,45,-595,39.6918,13.0483
59.7,25894,469,47,-568,39.6876,13.0804
56.6,25296,468,42,-593,39.6842,13.0360
65.1,26556,463,44,-527,39.6985,13.0937
61.8,25023,470,46,-538,39.6897,13.0626
52.9,25997,463,51,-640,39.6909,13.0169
51.1,25225,469,56,-666,39.7023,13.0886
58.8,25386,465,54,-586,39.6903,13.0558
61.1,26410,462,49,-577,39.6786,13.0690
63.2,26303,471,34,-535,39.6843,13.0044
64.5,26312,464,46,-528,39.6914,13.0856
51.5,24984,468,62,-667,39.6768,13.0128
58.3,26581,469,41,-587,39.6839,13.0407
58.9,26353,466,47,-584,39.6895,13.0778
55.9,26688,469,40,-619,39.6997,13.0728
60.1,26000,464,43,-584,39.6845,13.0250
53.7,25529,472,52,-632,39.6928,13.0521
50.7,25651,463,59,-683,39.6911,13.0776
57.4,25545,467,51,-597,39.6814,13.0371
58.2,26812,466,58,-623,39.6815,13.0428
53.8,26248,469,57,-649,39.6850,13.0576
54.4,26013,463,54,-637,39.6805,13.0504
56.6,24958,466,61,-598,39.6883,13.0721
60.5,26880,465,39,-586,39.6824,13.0192
61.9,26800,472,44,-583,39.6908,13.0788
54.4,25819,465,43,-617,39.6926,13.0483
51.2,25179,471,47,-657,39.6865,13.0412
58.2,25545,465,45,-568,39.6994,13.0915
56.2,25300,466,50,-616,39.6984,13.0848
57.0,24971,464,46,-590,39.6925,13.0629
54.4,25983,465,42,-614,39.6989,13.0962
51.0,25843,471,61,-690,39.6838,13.0245
55.9,25199,463,53,-603,39.6907,13.0833
58.1,25013,465,49,-588,39.6849,13.0542
54.2,25438,469,51,-621,39.7009,13.0967
53.7,26246,471,58,-655,39.6970,13.0873
61.3,25134,468,48,-559,39.6901,13.0518
52.9,24943,471,50,-641,39.6932,13.0776
57.4,26603,464,46,-600,39.6785,13.0393
55.7,26082,469,47,-620,39.6875,13.0071
56.8,25333,464,41,-592,39.6958,13.0666
57.7,26676,462,40,-604,39.6890,13.0514
64.5,26471,464,40,-531,39.6909,13.0255
54.8,25712,471,53,-613,39.6951,13.0794
52.0,25180,471,54,-643,39.6804,13.0421
57.9,25514,469,44,-586,39.6791,13.0256
58.4,25667,464,61,-592,39.6724,13.0150
58.2,25134,465,52,-578,39.6840,13.0440
54.3,26642,467,49,-641,39.6938,13.0676
57.1,25953,467,51,-611,39.6833,13.0693
57.1,26449,464,39,-603,39.6898,13.0192
54.2,25314,467,46,-607,39.6898,13.0139
63.5,26756,463,55,-566,39.6825,13.0374
53.4,25871,468,57,-640,39.6799,13.0234
55.0,26102,467,47,-633,39.6834,13.0356
57.1,25036,471,56,-601,39.6856,13.0717
58.4,26365,470,37,-585,39.6785,13.0078
53.1,25160,471,48,-644,39.6919,13.0618
51.4,24968,464,52,-641,39.6845,13.0362
51.4,26444,467,56,-690,39.7011,13.0844
51.7,25738,466,62,-662,39.6899,13.0935
60.0,25422,469,48,-571,39.6825,13.0550
61.8,26653,465,57,-573,39.6945,13.0980
58.2,26889,468,61,-625,39.6910,13.0657
54.2,25795,470,48,-621,39.6955,13.0531
60.8,25697,464,59,-577,39.6858,13.0971
61.8,24963,462,47,-546,39.6729,13.0195
60.1,25237,469,54,-568,39.6714,13.0184
52.5,25773,467,54,-635,39.6999,13.0865
61.3,25829,465,48,-562,39.6905,13.0748
51.5,25470,462,60,-668,39.6887,13.0157
52.6,25945,464,42,-649,39.6919,13.0152
63.2,26306,471,48,-559,39.6798,13.0153
59.1,25620,470,51,-575,39.6741,13.0327
53.3,25630,463,50,-636,39.6948,13.0800
53.2,26902,466,55,-673,39.6930,13.0872
53.0,26344,468,53,-654,39.7001,13.0742
61.8,25879,463,47,-560,39.6894,13.0824
61.6,25131,466,49,-541,39.6826,13.0541
59.5,25708,471,52,-585,39.6933,13.0773
61.5,26006,468,53,-565,39.6698,13.0199
58.1,25590,466,48,-585,39.6815,13.0139
63.5,26292,471,54,-547,39.6750,13.0524
57.9,25988,470,40,-584,39.6922,13.0240
58.1,26570,468,38,-602,39.6759,13.0113
60.7,25569,470,48,-564,39.6718,13.0194
56.9,26677,469,54,-622,39.7003,13.0884
53.6,26733,466,44,-643,39.6844,13.0086
53.6,25000,466,44,-616,39.6869,13.0531
51.7,25106,468,57,-650,39.6876,13.0453
51.1,24986,462,45,-642,39.7026,13.0702
60.2,25188,467,45,-559,39.6863,13.0282
54.0,26465,472,44,-650,39.6852,13.0116
53.1,25996,466,55,-648,39.7001,13.0727
61.2,25185,470,59,-566,39.6918,13.0957
59.7,24967,462,39,-561,39.6917,13.0426
53.6,25725,465,47,-628,39.6969,13.0754
56.5,26304,471,38,-608,39.7079,13.0890
51.7,26298,466,49,-677,39.6859,13.0042
64.2,26052,462,48,-531,39.6770,13.0285
61.4,26511,465,50,-576,39.6790,13.0360
55.1,25794,470,38,-603,39.6962,13.0500
65.1,26770,471,39,-528,39.6912,13.0615
59.4,26838,464,48,-593,39.6819,13.0367
54.0,26289,465,48,-637,39.6937,13.0917
51.7,25379,468,50,-662,39.6898,13.0451
56.7,26303,471,48,-611,39.6738,13.0203
59.1,26299,470,43,-575,39.6917,13.0531
58.9,25962,463,49,-574,39.6733,13.0130
61.7,25183,471,49,-549,39.6912,13.0481
65.6,26557,471,38,-526,39.6902,13.0514
53.5,25877,468,40,-632,39.6978,13.0568
59.7,25111,462,50,-568,39.6919,13.0672
57.7,26852,468,52,-611,39.6906,13.0801
64.7,26661,465,54,-538,39.6951,13.0962
54.2,26548,464,50,-644,39.6891,13.0238
52.0,25486,471,45,-642,39.6998,13.0615
53.8,26646,462,43,-636,39.6787,13.0172
56.8,26157,467,51,-615,39.6813,13.0153
60.7,26325,468,45,-588,39.6904,13.0867
53.9,25914,464,49,-620,39.6827,13.0049
56.1,26602,468,45,-632,39.6852,13.0191
65.5,26566,466,39,-524,39.6932,13.0760
53.1,26357,465,47,-649,39.7062,13.0907
56.6,26413,468,48,-618,39.6888,13.0424
58.8,26839,472,59,-610,39.6675,13.0176
52.6,26620,466,45,-669,39.6962,13.0659
60.6,25477,467,44,-556,39.6884,13.0373
54.0,25753,468,37,-617,39.7092,13.0901
60.9,26267,472,41,-572,39.6859,13.0186
61.8,25950,469,50,-553,39.6893,13.0900
59.8,25012,463,37,-546,39.7023,13.0883
63.8,26686,465,59,-558,39.6851,13.1045
59.3,26846,467,49,-588,39.6757,13.0241
63.4,26822,471,38,-560,39.6815,13.0157
51.7,26039,465,50,-666,39.6734,13.0042
57.0,26241,471,56,-624,39.6860,13.0522
59.6,26270,472,38,-565,39.6924,13.0304
57.6,25792,469,50,-601,39.6925,13.0546
61.2,26761,469,49,-580,39.6979,13.0759
53.0,25468,470,54,-641,39.6909,13.0445
61.4,26805,466,40,-568,39.6835,13.0625
54.5,25354,469,48,-618,39.6869,13.0432
61.8,26681,466,43,-566,39.6804,13.0442
62.4,25951,467,49,-556,39.6866,13.0726
53.9,25498,462,50,-631,39.6854,13.0070
61.8,26574,466,40,-550,39.6961,13.0705
56.1,26850,465,43,-617,39.6802,13.0419
57.7,26290,465,46,-610,39.6891,13.0521
60.9,26647,465,35,-571,39.6930,13.0543
55.8,25848,463,42,-601,39.6951,13.0495
59.6,25187,469,51,-574,39.6870,13.0641
61.4,26579,470,42,-555,39.6791,13.0081
53.2,26252,471,49,-658,39.7042,13.0843
56.8,25147,466,42,-593,39.6972,13.0701
56.8,26270,465,43,-608,39.6912,13.0739
60.9,25151,465,50,-553,39.6860,13.0806
51.0,25500,467,57,-675,39.6793,13.0402
57.2,25184,466,47,-580,39.6897,13.0581
63.3,26757,465,44,-561,39.6828,13.0250
55.5,25570,467,54,-622,39.6771,13.0238
58.7,25646,472,56,-574,39.6920,13.1019
54.0,26011,471,51,-645,39.6777,13.0489
60.4,25569,467,39,-555,39.6992,13.0723
53.6,26807,463,47,-657,39.6873,13.0104
60.9,26354,472,46,-573,39.6804,13.0564
57.6,26253,468,41,-586,39.6900,13.0377
62.2,26394,469,54,-561,39.6886,13.0933
57.1,26513,469,46,-605,39.6953,13.0772
57.8,26672,462,43,-603,39.6800,13.0239
57.4,25089,467,47,-572,39.6989,13.0697
51.9,25920,471,39,-659,39.6895,13.0232
56.4,26218,470,43,-617,39.6960,13.0530
57.6,26351,467,56,-597,39.6832,13.0494
59.7,25773,469,48,-567,39.6854,13.0242
59.7,26904,468,56,-600,39.6755,13.0394
54.9,26010,468,52,-630,39.6814,13.0601
63.2,26371,466,41,-536,39.6812,13.0289
56.4,25001,464,42,-598,39.6839,13.0036
56.2,25938,464,47,-603,39.6800,13.0052
65.1,26394,462,47,-526,39.6827,13.0329
57.8,25579,470,41,-574,39.6768,13.0164
54.0,25047,466,55,-630,39.6797,13.0444
59.0,25845,471,46,-577,39.6757,13.0225
59.1,25544,466,47,-578,39.6918,13.0474
54.2,25739,467,43,-611,39.6926,13.0537
52.8,26002,469,53,-650,39.6928,13.0431
57.9,26852,463,38,-599,39.6873,13.0345
61.7,25423,471,39,-544,39.6952,13.0723
60.8,25348,464,53,-572,39.6832,13.0767
59.7,26843,470,42,-593,39.6737,13.0136
56.6,26402,462,44,-602,39.6955,13.0835
61.0,25130,467,44,-539,39.6926,13.0706
62.6,26308,471,42,-545,39.6794,13.0586
52.8,25210,464,55,-647,39.6835,13.0138
61.3,25995,470,48,-553,39.6905,13.0785
56.2,26165,472,40,-607,39.7040,13.0941
61.2,25804,472,53,-570,39.6743,13.0194
58.6,26694,468,50,-603,39.6959,13.0879
63.1,26021,471,36,-532,39.6947,13.0818
52.3,25625,470,54,-656,39.6908,13.0391
55.0,26392,467,51,-639,39.6908,13.0725
59.4,25199,464,36,-562,39.6807,13.0340
59.9,25408,462,43,-557,39.6964,13.0832
60.2,25872,463,55,-573,39.6878,13.0776
52.4,25569,467,49,-631,39.6808,13.0228
54.8,26068,465,49,-631,39.6828,13.0477
54.1,26420,464,34,-631,39.6868,13.0007
53.5,25435,471,49,-628,39.6787,13.0137
61.4,25382,465,40,-547,39.6876,13.0255
61.2,25363,468,45,-543,39.6924,13.0392
61.9,25074,467,40,-537,39.6751,13.0088
58.7,25831,470,52,-596,39.6751,13.0310
59.0,26808,471,38,-588,39.6866,13.0160
54.9,24940,470,52,-620,39.6896,13.0739
54.8,26080,469,35,-615,39.6945,13.0475
59.7,26391,471,48,-581,39.6849,13.0635
59.3,24930,464,42,-559,39.6771,13.0090
59.1,26675,465,40,-587,39.6944,13.0813
53.1,26915,466,52,-672,39.6951,13.0781
51.0,24957,465,58,-666,39.6900,13.0490
56.0,26754,470,57,-641,39.6864,13.0498
56.1,26335,468,49,-597,39.6874,13.0608
60.5,25423,464,48,-560,39.6740,13.0232
55.4,26262,466,46,-628,39.6851,13.0106
52.9,25030,469,55,-630,39.6847,13.0328
54.1,25539,468,58,-643,39.6757,13.0260
59.9,24948,468,49,-568,39.6838,13.0262
57.3,25555,466,46,-598,39.6839,13.0170
61.1,25496,467,49,-560,39.6844,13.0722
54.0,26005,469,45,-635,39.6872,13.0437
62.6,26466,465,48,-557,39.6811,13.0330
53.0,26208,462,43,-648,39.6977,13.0459
51.0,24927,468,51,-649,39.6987,13.0733
57.9,25918,463,43,-582,39.6954,13.0694
55.4,26159,470,47,-616,39.6867,13.0388
55.7,24995,465,41,-593,39.7071,13.0840
56.0,25374,462,53,-590,39.6843,13.0130
61.6,26596,468,44,-562,39.6976,13.0851
57.7,26096,468,53,-605,39.6885,13.0737
59.6,26426,465,50,-580,39.6898,13.0738
53.5,25051,471,53,-635,39.6967,13.0705
58.2,26668,471,43,-591,39.6810,13.0049
51.9,26418,471,54,-674,39.6834,13.0417
53.3,25136,471,55,-631,39.6856,13.0307
54.2,26765,465,46,-647,39.6960,13.0767
63.5,25990,464,42,-539,39.6879,13.0507
53.8,26210,464,46,-644,39.6868,13.0543
57.8,25544,465,55,-607,39.6834,13.0615
61.7,26467,464,39,-572,39.6917,13.0593
58.5,25371,463,47,-580,39.6928,13.0824
65.0,26390,469,41,-528,39.6810,13.0264
53.9,25244,470,53,-630,39.6827,13.0386
53.2,26654,464,46,-650,39.6859,13.0355
60.9,26419,464,52,-572,39.6861,13.0528
57.2,26211,466,51,-612,39.6844,13.0638
59.0,25848,470,59,-592,39.6882,13.0819
55.5,25314,467,45,-615,39.6797,13.0026
55.4,25764,463,45,-624,39.6924,13.0903
58.6,26012,466,52,-588,39.6908,13.0949
51.2,24944,464,43,-648,39.7027,13.0762
52.6,25380,463,53,-640,39.6842,13.0209
54.5,24989,468,45,-601,39.6824,13.0043
57.8,26387,462,40,-601,39.7037,13.0939
60.0,26691,471,49,-577,39.6872,13.0762
50.9,25522,465,53,-671,39.6846,13.0437
55.4,26604,463,47,-623,39.6984,13.0892
53.4,25210,471,48,-623,39.6892,13.0664
55.6,26619,463,42,-632,39.6970,13.0677
64.3,26760,470,48,-544,39.6970,13.0942
58.9,25521,467,41,-580,39.6984,13.0891
60.4,25145,469,44,-556,39.6853,13.0828
55.4,26369,464,44,-633,39.6878,13.0295
57.4,26000,470,54,-599,39.6995,13.0913
58.6,25098,472,46,-568,39.6857,13.0676
57.4,26769,469,36,-601,39.6888,13.0455
53.1,25651,468,45,-637,39.6872,13.0168
61.3,25884,471,47,-558,39.6808,13.0106
55.4,25885,465,51,-601,39.6835,13.0206
54.5,25455,470,46,-607,39.7048,13.0936
58.4,26540,471,43,-601,39.6794,13.0170
62.3,26067,466,47,-572,39.6718,13.0097
54.5,25977,462,59,-646,39.6907,13.0581
57.3,26425,462,42,-599,39.6796,13.0096
52.9,26773,468,49,-661,39.6876,13.0535
53.7,25195,466,42,-624,39.6863,13.0242
55.7,25739,465,56,-630,39.6858,13.0520
56.6,26126,468,49,-608,39.6799,13.0266
59.6,26074,471,44,-585,39.6827,13.0484
61.1,26271,466,46,-571,39.6921,13.0966
52.1,25316,469,47,-636,39.6836,13.0324
56.2,26530,465,62,-632,39.6885,13.1001
52.3,25371,467,40,-630,39.7036,13.0850
58.5,25397,464,51,-587,39.6998,13.0814
53.5,26071,463,46,-629,39.6887,13.0377
60.5,26001,466,48,-568,39.6771,13.0098
56.7,25901,466,50,-610,39.6892,13.0642
60.3,25173,467,47,-557,39.6894,13.0574
59.0,26475,468,45,-585,39.6797,13.0357
54.7,26860,469,54,-647,39.6787,13.0406
59.1,25347,468,47,-573,39.6834,13.0330
59.7,26466,468,43,-579,39.6813,13.0390
61.1,25679,469,37,-553,39.6740,13.0073
54.4,25438,468,51,-631,39.6856,13.0747
62.7,25763,471,45,-544,39.6827,13.0452
58.8,25536,466,54,-590,39.6978,13.0810
54.5,25500,467,55,-623,39.6817,13.0444
58.6,25931,470,45,-580,39.6796,13.0135
55.6,25770,470,49,-610,39.6780,13.0265
55.6,26689,462,55,-652,39.6747,13.0294
61.7,25464,468,50,-543,39.6797,13.0316
53.8,25822,466,47,-632,39.6988,13.0766
59.4,26093,462,57,-579,39.6924,13.0750
54.4,25938,464,66,-650,39.6768,13.0474
60.1,26539,470,53,-590,39.6864,13.0825
53.2,24954,469,44,-623,39.6878,13.0415
63.2,26341,466,43,-549,39.6822,13.0642
56.9,26169,466,43,-612,39.6867,13.0243
58.0,26743,472,47,-596,39.6888,13.0766
52.0,26339,465,54,-668,39.6820,13.0264
50.9,25413,463,54,-666,39.6937,13.0670
59.3,25754,463,50,-587,39.6812,13.0638
62.5,26895,469,55,-575,39.6805,13.0663
55.4,26528,466,47,-627,39.6794,13.0258
61.6,26647,469,43,-565,39.6920,13.0591
64.5,26665,469,44,-534,39.6824,13.0346
62.8,25553,467,38,-534,39.6899,13.0413
56.4,26813,468,40,-617,39.6822,13.0120
61.9,26405,469,50,-573,39.6699,13.0208
60.7,26186,463,54,-578,39.6766,13.0497
57.8,26923,464,50,-609,39.6806,13.0325
54.0,26747,466,57,-662,39.6824,13.0388
55.5,26741,462,38,-627,39.7019,13.0829
52.9,25459,471,51,-654,39.6897,13.0270
62.4,26544,470,50,-562,39.6721,13.0165
56.1,26679,470,36,-613,39.6764,13.0087
53.1,25895,469,53,-650,39.6830,13.0384
52.5,25805,469,56,-655,39.6930,13.0906
57.4,26171,468,36,-589,39.7022,13.0895
57.8,26156,469,41,-599,39.6933,13.0877
50.8,25449,470,48,-671,39.6923,13.0726
56.4,26145,469,55,-632,39.6765,13.0517
56.5,25301,472,50,-594,39.6924,13.0363
58.4,26908,467,46,-595,39.6918,13.0927
58.7,26287,463,57,-604,39.6873,13.0395
54.8,26859,468,53,-645,39.6866,13.0608
58.3,26005,466,38,-575,39.6869,13.0311
60.0,26603,467,49,-577,39.6895,13.0416
56.0,26893,469,56,-630,39.6793,13.0320
61.8,25888,466,54,-563,39.6847,13.0492
53.6,25702,465,65,-647,39.6839,13.0246
56.7,25154,467,60,-608,39.6857,13.0569
56.8,26374,466,42,-610,39.6935,13.0792
54.8,25105,469,48,-596,39.6830,13.0093
53.9,26206,463,59,-646,39.6926,13.0547
56.7,26159,468,55,-623,39.6849,13.0349
55.4,26137,463,40,-621,39.7001,13.0552
50.5,25484,464,50,-677,39.6856,13.0207
57.3,26567,464,52,-608,39.6852,13.0127
61.2,25751,472,47,-570,39.6928,13.0714
52.3,26003,463,54,-662,39.6943,13.0864
56.2,26727,467,44,-620,39.6753,13.0140
62.5,26859,465,47,-566,39.6862,13.0811
55.6,25797,468,56,-631,39.6917,13.0769
59.5,25010,465,45,-554,39.6973,13.0893
53.0,25295,469,58,-647,39.6875,13.0592
64.1,26445,464,42,-547,39.6960,13.0836
54.4,24946,468,51,-620,39.6798,13.0394
56.1,26634,463,39,-620,39.6950,13.0945
63.9,26397,469,42,-531,39.6901,13.0286
52.4,24997,466,53,-635,39.6982,13.0849
52.2,25169,465,54,-659,39.6845,13.0061
56.9,26274,468,39,-604,39.7047,13.0908
53.7,26891,471,44,-658,39.6788,13.0069
59.7,26428,463,42,-574,39.6746,13.0292
56.3,25740,472,49,-593,39.6932,13.0744
53.5,26001,463,48,-649,39.6894,13.0235
61.2,26162,463,45,-550,39.6962,13.0792
58.3,26708,466,47,-600,39.6836,13.0369
54.1,25800,465,55,-632,39.7018,13.0850
64.2,25938,467,47,-530,39.6915,13.0490
60.9,26268,462,56,-586,39.6967,13.0946
56.5,25062,462,43,-587,39.6998,13.0752
58.7,25283,467,50,-582,39.6848,13.0271
55.9,26807,468,49,-628,39.6824,13.0583
58.7,25704,465,48,-572,39.6888,13.0407
54.7,26826,472,59,-648,39.6868,13.0588
53.8,25120,466,40,-622,39.6819,13.0250
54.5,25739,470,53,-638,39.6836,13.0515
54.3,25566,471,43,-618,39.6878,13.0191
57.3,26516,470,42,-608,39.6851,13.0380
59.2,26615,469,43,-596,39.7030,13.0926
55.9,25142,466,48,-595,39.6849,13.0450
56.7,25910,469,46,-604,39.6874,13.0585
58.9,25113,468,47,-567,39.6893,13.0733
63.1,24962,469,45,-521,39.6947,13.0988
61.9,25913,464,52,-567,39.6845,13.0451
61.1,25864,471,45,-565,39.6832,13.0095
53.1,26678,466,44,-656,39.6956,13.0391
50.8,25520,465,49,-673,39.6919,13.0549
55.3,25856,463,42,-612,39.6858,13.0317
59.3,26693,465,47,-598,39.6803,13.0333
51.3,25062,472,53,-659,39.6934,13.0517
56.8,25690,464,48,-617,39.6813,13.0030
53.3,26552,462,49,-648,39.6996,13.0810
52.8,25268,469,61,-641,39.6857,13.0461
57.5,26313,470,48,-583,39.7040,13.0972
60.8,25681,466,51,-572,39.6893,13.0826
62.0,26261,470,52,-557,39.6847,13.0764
64.6,26803,470,38,-547,39.6928,13.0990
54.4,25597,469,50,-622,39.6859,13.0528
58.7,24974,471,45,-567,39.6984,13.0549
52.5,25815,470,62,-664,39.6803,13.0182
56.9,25453,464,54,-608,39.6933,13.0911
58.0,26756,463,38,-606,39.6926,13.0642
61.3,26892,466,48,-576,39.6796,13.0685
56.9,25812,467,47,-598,39.6912,13.0842
56.2,26824,463,47,-633,39.6773,13.0109
53.1,26090,467,55,-655,39.6914,13.0552
59.8,25342,465,52,-580,39.6941,13.0900
60.8,26390,468,48,-578,39.6848,13.0315
52.9,26567,466,57,-654,39.6947,13.0692
50.8,25260,468,56,-664,39.6944,13.0596
54.3,26583,464,47,-639,39.6811,13.0161
61.0,26382,467,50,-569,39.6838,13.0326
62.6,26764,470,51,-574,39.6907,13.0664
54.9,26257,466,49,-622,39.6827,13.0310
54.8,25538,472,49,-621,39.6968,13.0977
57.2,25308,468,49,-587,39.6866,13.0384
57.9,25652,463,40,-592,39.6829,13.0138
55.2,26087,470,54,-633,39.6926,13.0803
63.9,26599,471,50,-547,39.6767,13.0232
55.8,26037,466,42,-612,39.6820,13.0113
58.5,26088,467,41,-573,39.6886,13.0672
64.0,26220,469,57,-543,39.6784,13.0627
63.1,26261,469,52,-546,39.6905,13.0892
56.6,26324,469,45,-614,39.6840,13.0408
51.5,26228,468,63,-682,39.6807,13.0558
54.5,26477,466,54,-642,39.6761,13.0345
56.3,26481,463,45,-613,39.6801,13.0410
53.7,26671,465,45,-643,39.6909,13.0384
63.0,26197,469,37,-539,39.6912,13.0533
59.2,25826,469,44,-579,39.6999,13.0753
57.3,25585,469,52,-596,39.6725,13.0114
54.7,25537,471,55,-628,39.6805,13.0047
53.2,26074,470,52,-660,39.6878,13.0801
62.1,26005,464,50,-567,39.6715,13.0214
56.6,26462,469,50,-624,39.6823,13.0509
57.6,26440,462,46,-588,39.6953,13.0730
59.6,25059,469,52,-575,39.6950,13.1016
62.6,26729,468,56,-570,39.6904,13.0780
61.6,25785,466,55,-563,39.6767,13.0243
59.7,25932,463,49,-581,39.6833,13.0356
57.8,26384,469,52,-592,39.6797,13.0176
56.2,26609,468,45,-626,39.6932,13.0917
51.4,25202,462,64,-660,39.6848,13.0473
49.7,25023,470,64,-688,39.6764,13.0111
59.0,24967,470,57,-574,39.6791,13.0541
61.4,26279,464,54,-583,39.6830,13.0686
60.4,26868,472,49,-578,39.6736,13.0163
53.5,25129,464,56,-630,39.6779,13.0065
59.9,26481,464,41,-575,39.6943,13.0952
56.6,26224,471,51,-603,39.6920,13.0871
63.6,26561,465,52,-558,39.6737,13.0166
56.4,26068,466,59,-621,39.6919,13.1002
59.8,26274,471,36,-569,39.6923,13.0271
62.9,26582,464,33,-540,39.6894,13.0561
61.9,25099,469,49,-530,39.6865,13.0704
55.1,26350,462,42,-617,39.6825,13.0143
56.6,26902,467,57,-622,39.6920,13.0694
52.7,25985,468,54,-653,39.6950,13.0751
56.1,26537,471,53,-611,39.6902,13.0854
60.7,25154,468,48,-559,39.6963,13.0609
55.9,25895,464,52,-612,39.6922,13.0506
59.9,25147,465,49,-558,39.6944,13.0820
57.5,26836,465,44,-606,39.6912,13.0476
57.7,26136,465,40,-587,39.6862,13.0071
51.4,25073,463,46,-643,39.7049,13.0807
56.8,24929,470,47,-594,39.6781,13.0335
57.0,26184,468,47,-602,39.6846,13.0487
54.3,26826,470,59,-658,39.6910,13.0594
60.4,25240,471,51,-572,39.6859,13.0561
57.5,25314,466,48,-584,39.6873,13.0388
59.6,26824,467,49,-592,39.6790,13.0227
51.9,26186,465,47,-670,39.6808,13.0338
58.6,25668,463,44,-576,39.6900,13.0908
52.6,24954,466,39,-627,39.7015,13.0675
52.6,25869,469,54,-646,39.6924,13.0823
53.6,26671,462,53,-659,39.6843,13.0417
56.3,26755,465,35,-610,39.6948,13.0351
54.5,25000,471,36,-602,39.6794,13.0079
55.5,26677,464,47,-627,39.6850,13.0417
54.3,25193,464,48,-611,39.6949,13.0676
56.9,25943,467,46,-612,39.6835,13.0626
57.7,26218,463,47,-603,39.6999,13.0907
57.8,26457,471,57,-601,39.6934,13.0677
53.9,25336,469,42,-612,39.6875,13.0472
53.5,25280,463,51,-626,39.6967,13.0598
58.7,26029,465,35,-568,39.6912,13.0431
54.1,25224,469,52,-624,39.6961,13.0725
55.9,25582,467,53,-602,39.6789,13.0331
57.1,25893,469,44,-596,39.6942,13.0768
63.6,26143,463,45,-539,39.6740,13.0350
64.0,26342,466,49,-528,39.6839,13.0313
56.2,26915,466,50,-612,39.6833,13.0506
67.0,26899,470,44,-513,39.6801,13.0538
58.9,26874,470,44,-584,39.6938,13.1032
62.0,26759,463,55,-579,39.6723,13.0298
53.2,26702,471,67,-678,39.6806,13.0412
57.0,25317,465,50,-594,39.7004,13.0811
55.8,25517,463,51,-618,39.6933,13.0676
58.8,25017,468,46,-568,39.6937,13.0645
52.9,26863,467,57,-683,39.6914,13.0591
51.1,25204,467,59,-660,39.6954,13.0757
52.8,24998,469,57,-631,39.6954,13.0777
60.4,25572,470,52,-575,39.6792,13.0371
60.1,26638,467,47,-582,39.6895,13.0555
59.3,25788,466,51,-586,39.6911,13.0587
64.2,26892,464,49,-539,39.6793,13.0256
57.6,26317,471,48,-592,39.6863,13.0345
60.5,25826,471,57,-573,39.6838,13.0820
60.3,26065,464,47,-574,39.6859,13.0509
57.8,26130,469,41,-600,39.6905,13.0621
59.0,26575,468,45,-577,39.6818,13.0138
63.2,26479,468,45,-545,39.6856,13.0853
53.8,25397,468,53,-629,39.6929,13.0724
56.8,25895,462,52,-600,39.6903,13.0589
64.6,26800,469,40,-539,39.6749,13.0314
62.3,26262,465,49,-560,39.6853,13.0755
57.4,25967,467,50,-602,39.6818,13.0556
62.9,26584,462,46,-552,39.6852,13.0242
54.5,25176,472,48,-623,39.6962,13.0814
57.4,26128,464,51,-602,39.6944,13.0571
61.4,24985,467,41,-540,39.6920,13.0540
59.5,25904,465,40,-562,39.6954,13.0917
52.5,24946,470,48,-624,39.6965,13.0696
58.0,26176,466,47,-600,39.6900,13.0565
59.2,26482,464,45,-582,39.6810,13.0354
58.0,26253,469,54,-608,39.6888,13.0737
60.1,25096,471,48,-564,39.6824,13.0372
63.5,26109,463,34,-533,39.6741,13.0150
60.1,25596,464,50,-566,39.6819,13.0326
55.3,26772,462,42,-631,39.6832,13.0271
59.1,25577,468,51,-575,39.6741,13.0071
53.3,26604,467,45,-652,39.6786,13.0210
58.8,25460,471,55,-589,39.6893,13.0956
51.7,26669,463,52,-688,39.6801,13.0081
61.3,26388,465,47,-561,39.6856,13.0313
59.7,24998,463,53,-558,39.6864,13.0428
57.9,25222,467,51,-589,39.6943,13.0744
54.3,26009,467,63,-652,39.6801,13.0412
63.8,26611,472,50,-549,39.6738,13.0284
55.5,26883,464,43,-623,39.6842,13.0226
57.2,26891,468,43,-606,39.6974,13.0763
62.3,26435,464,52,-574,39.6774,13.0317
54.2,26179,471,44,-638,39.6816,13.0169
55.5,26063,465,57,-632,39.6880,13.0813
55.2,25894,465,41,-616,39.6895,13.0664
56.9,26614,469,50,-613,39.6762,13.0169
63.8,26796,466,51,-556,39.6802,13.0544
54.0,26310,465,51,-654,39.6860,13.0339
62.9,26729,465,41,-547,39.6850,13.0135
52.4,26339,468,55,-660,39.6751,13.0221
54.4,25941,472,50,-628,39.6846,13.0312
53.7,25132,462,50,-622,39.6919,13.0489
60.9,25219,468,41,-554,39.6925,13.0802
56.3,25180,470,53,-583,39.6844,13.0290
56.0,25931,466,42,-595,39.6918,13.0297
56.2,25396,465,54,-591,39.6895,13.0770
57.0,25390,465,42,-599,39.6994,13.0875
53.8,25363,466,50,-627,39.6885,13.0403
54.3,26888,468,42,-631,39.6804,13.0118
60.0,25814,470,52,-582,39.6841,13.0312
64.7,26236,464,43,-533,39.7020,13.0906
55.5,25895,468,50,-615,39.6945,13.0573
51.9,26073,462,49,-671,39.6945,13.0461
62.2,25980,464,50,-567,39.6753,13.0104
54.6,25689,466,44,-618,39.6884,13.0583
51.8,25883,469,52,-678,39.6868,13.0546
62.1,26118,468,46,-559,39.6858,13.0357
57.7,26755,466,45,-593,39.6827,13.0210
53.5,26215,469,60,-667,39.6772,13.0312
53.3,25312,466,43,-612,39.6831,13.0076
59.7,25352,465,62,-581,39.6830,13.0414
53.9,25646,466,56,-625,39.6830,13.0138
53.0,26150,466,47,-637,39.6883,13.0111
61.0,24994,465,46,-558,39.6881,13.0309
51.8,25219,469,54,-656,39.7008,13.0732
51.9,25723,464,51,-650,39.6898,13.0291
49.7,24943,471,64,-692,39.6874,13.0760
56.2,26445,466,51,-627,39.6893,13.0899
62.3,26841,464,43,-571,39.6818,13.0280
64.9,26529,466,40,-534,39.6826,13.0101
52.5,25366,464,45,-648,39.6946,13.0472
53.0,26875,465,50,-681,39.6892,13.0318
57.7,25599,470,41,-578,39.6885,13.0705
54.9,26676,469,54,-629,39.6981,13.0967
54.7,25112,464,44,-619,39.6853,13.0060
62.4,26441,470,48,-556,39.6833,13.0270
53.4,26295,467,35,-636,39.6926,13.0628
54.4,26492,462,43,-624,39.6849,13.0168
51.7,24999,467,47,-652,39.6855,13.0295
57.1,25946,472,45,-602,39.6855,13.0394
59.1,26294,468,49,-593,39.6993,13.0742
57.6,26826,467,51,-617,39.6906,13.0916
56.2,26205,464,53,-617,39.6775,13.0024
61.0,26778,466,43,-576,39.6882,13.0452
53.7,26851,470,46,-643,39.6860,13.0165
58.9,26732,464,42,-592,39.6976,13.0664
62.0,25354,463,47,-545,39.6781,13.0214
58.5,25808,468,49,-584,39.6926,13.0840
58.2,25661,465,45,-579,39.6940,13.0462
55.2,26052,465,47,-626,39.6946,13.0824
64.9,25657,462,36,-514,39.6859,13.0588
59.7,26180,467,48,-579,39.6903,13.0686
62.4,25971,465,45,-540,39.6954,13.0866
61.9,26238,467,40,-563,39.6992,13.0896
62.7,25433,468,47,-536,39.6849,13.0585
52.3,25328,463,44,-638,39.6891,13.0356
55.9,25867,465,33,-592,39.6998,13.0511
63.2,26081,466,48,-548,39.6852,13.0808
56.6,25236,464,54,-595,39.6779,13.0318
62.9,26551,468,48,-569,39.6798,13.0661
55.4,25498,465,46,-611,39.6819,13.0508
54.6,25540,469,56,-616,39.6800,13.0217
59.1,25653,468,51,-580,39.6837,13.0156
62.7,26118,470,48,-534,39.6863,13.0773
57.0,26750,465,41,-599,39.6802,13.0232
53.5,26355,463,60,-659,39.6919,13.0443
53.7,25317,463,47,-627,39.6828,13.0109
53.2,25266,466,54,-637,39.6929,13.0941
55.9,26278,464,41,-616,39.6918,13.0337
60.5,26753,469,40,-578,39.6903,13.0322
59.8,26907,464,53,-595,39.6908,13.0793
51.9,25336,465,46,-643,39.6937,13.0467
54.5,26114,465,61,-644,39.6836,13.0755
58.0,26685,466,50,-594,39.6728,13.0107
53.6,25400,465,56,-623,39.6922,13.0497
60.0,25442,468,50,-577,39.6764,13.0160
53.5,25200,469,42,-617,39.6982,13.0552
58.5,25328,469,58,-580,39.6830,13.0583
65.5,26557,467,48,-525,39.6879,13.0373
60.6,25778,466,51,-563,39.6877,13.0692
54.0,26723,465,53,-646,39.6856,13.0217
59.5,26401,470,58,-584,39.6815,13.0713
53.9,26655,463,46,-651,39.6897,13.0508
55.9,25662,466,45,-605,39.6917,13.0746
55.9,25830,466,48,-604,39.6822,13.0020
55.2,26291,463,42,-629,39.6851,13.0402
62.9,26280,466,50,-553,39.6830,13.0387
54.1,25809,469,50,-633,39.6936,13.0821
58.6,25728,466,50,-584,39.6799,13.0432
54.0,26310,463,48,-629,39.6898,13.0449
63.0,26548,466,50,-548,39.6943,13.0787
53.5,26681,465,61,-672,39.6855,13.0477
57.9,26659,466,47,-600,39.6958,13.0738
61.9,26610,467,46,-553,39.6807,13.0248
61.3,26923,468,49,-585,39.6972,13.0861
63.8,26416,465,49,-545,39.6815,13.0825
62.2,25964,464,49,-563,39.6807,13.0285
57.2,25129,469,52,-597,39.6916,13.0906
57.0,25859,464,57,-609,39.6921,13.0634
60.1,26170,466,46,-568,39.6834,13.0067
56.8,26826,471,49,-615,39.6876,13.0658
63.1,26290,463,53,-547,39.6821,13.0539
54.5,26025,464,44,-630,39.6892,13.0275
54.9,25351,470,52,-604,39.6902,13.0468
62.5,25965,465,46,-552,39.6944,13.0647
52.6,25773,464,47,-654,39.6955,13.0921
55.9,25747,468,59,-617,39.6905,13.0503
63.0,26330,463,46,-555,39.6850,13.0495
57.3,26293,466,57,-604,39.6758,13.0390
51.3,26124,465,55,-681,39.6977,13.0661
54.7,25020,464,44,-621,39.6927,13.0876
51.1,25503,462,51,-666,39.7010,13.0941
52.2,25228,469,62,-664,39.6881,13.0290
59.6,25592,462,45,-568,39.6832,13.0230
53.6,25092,465,40,-615,39.6977,13.0582
54.6,26551,466,53,-651,39.6904,13.0455
55.9,25413,463,61,-616,39.6962,13.0794
61.0,26416,463,54,-572,39.6848,13.0675
54.7,25014,467,44,-605,39.6974,13.0883
56.5,25453,470,43,-582,39.6899,13.0045
53.8,26199,471,47,-638,39.6913,13.0735
62.0,26636,471,56,-577,39.6898,13.0821
58.1,26881,470,45,-609,39.6883,13.0711
50.5,24990,469,53,-679,39.6805,13.0077
53.6,25776,471,42,-635,39.6840,13.0074
56.2,26604,465,40,-608,39.6866,13.0316
58.7,26204,468,49,-597,39.6835,13.0445
57.2,26307,464,50,-607,39.6719,13.0187
58.3,25120,465,50,-576,39.6737,13.0110
52.4,25965,472,52,-654,39.6879,13.0317
56.6,24932,471,50,-590,39.6961,13.0739
56.3,25317,462,53,-597,39.6845,13.0181
51.5,25611,463,59,-671,39.6920,13.0566
54.5,25749,470,46,-635,39.6919,13.0810
63.6,26494,471,40,-534,39.7015,13.1008
63.8,26555,469,52,-546,39.6923,13.0898
62.2,26748,464,41,-563,39.6846,13.0629
63.8,25556,471,42,-529,39.6747,13.0383
57.4,25909,469,39,-594,39.6864,13.0467
53.2,26446,470,45,-651,39.6869,13.0318
60.7,26681,469,42,-574,39.6990,13.0938
61.9,26059,471,51,-557,39.6764,13.0257
59.7,24995,468,38,-559,39.6851,13.0572
57.8,25556,467,47,-578,39.6824,13.0430
54.7,26681,464,41,-637,39.7030,13.0733
61.5,26052,465,42,-553,39.6902,13.0469
61.5,25101,465,50,-545,39.6957,13.0760
61.2,25654,468,53,-557,39.6773,13.0309
61.8,26118,470,40,-543,39.6727,13.0202
57.8,26258,472,48,-598,39.6929,13.0777
53.2,26718,470,53,-663,39.6841,13.0386
56.5,25345,468,54,-597,39.6831,13.0026
50.8,25279,463,57,-666,39.6820,13.0432
54.1,26426,463,47,-634,39.6874,13.0193
62.9,25233,465,45,-531,39.6817,13.0506
51.3,25867,468,54,-672,39.6861,13.0441
51.3,26059,470,51,-684,39.6781,13.0076
52.1,25210,467,43,-643,39.6862,13.0221
60.9,26762,469,45,-572,39.6968,13.0917
61.0,26885,468,42,-584,39.6904,13.0709
51.8,25621,470,52,-658,39.6851,13.0358
51.6,25009,466,52,-651,39.7062,13.0906
51.6,25605,471,63,-676,39.7025,13.0906
55.1,25733,463,54,-623,39.6925,13.0806
55.6,25154,466,44,-591,39.6843,13.0222
56.7,25842,464,41,-594,39.6888,13.0550
56.3,26258,465,43,-616,39.6999,13.0849
56.3,26827,468,40,-618,39.6778,13.0056
62.5,26668,472,43,-561,39.6984,13.0933
58.8,26809,468,42,-585,39.6842,13.0045
54.6,25321,468,54,-614,39.6868,13.0244
52.0,26231,466,51,-678,39.6760,13.0053
59.7,24931,464,39,-550,39.6916,13.0714
52.2,25761,464,49,-667,39.6890,13.0349
61.8,25104,464,44,-530,39.6962,13.0637
56.7,26124,467,41,-611,39.6771,13.0086
56.9,25384,465,49,-599,39.6912,13.0586
61.6,26317,465,44,-551,39.6884,13.0201
64.3,25777,471,47,-526,39.6874,13.0647
63.4,26325,466,53,-543,39.6833,13.0793
64.2,26681,464,40,-549,39.6896,13.0647
57.5,25091,468,46,-575,39.6873,13.0238
56.0,25997,469,52,-626,39.6877,13.0440
53.0,26027,471,43,-635,39.6929,13.0509
59.0,26642,466,46,-610,39.6928,13.0713
57.4,25633,469,46,-592,39.6731,13.0252
54.5,25781,472,52,-639,39.6770,13.0248
53.0,26056,470,48,-633,39.6854,13.0563
61.4,25752,471,37,-548,39.7011,13.0829
54.6,25391,463,45,-623,39.6792,13.0088
58.2,25996,462,39,-578,39.6827,13.0193
51.7,25383,463,64,-668,39.6942,13.0622
53.5,25555,470,51,-638,39.6992,13.0764
53.1,26406,472,53,-667,39.6770,13.0139
53.0,25590,463,49,-618,39.6961,13.0544
53.3,26031,469,49,-647,39.7000,13.0866
52.5,25379,469,52,-643,39.6764,13.0036
62.2,25647,469,40,-553,39.6752,13.0162
59.1,26215,466,48,-577,39.6829,13.0446
60.9,26096,463,47,-565,39.6853,13.0602
58.5,24995,471,50,-570,39.6895,13.0718
53.4,25474,463,52,-648,39.6826,13.0124
61.3,25484,471,44,-554,39.6934,13.0676
61.3,25904,469,42,-553,39.6778,13.0104
56.4,25726,465,47,-616,39.6858,13.0302
53.9,25667,467,52,-637,39.6907,13.0855
59.5,25923,466,61,-590,39.6871,13.0715
62.6,25599,471,40,-530,39.6846,13.0630
54.0,25617,466,55,-621,39.7021,13.0845
52.3,25854,468,50,-668,39.6985,13.0848
63.6,25695,463,34,-525,39.6970,13.0952
53.0,26602,464,54,-669,39.6807,13.0241
59.3,25560,471,47,-566,39.6741,13.0136
57.4,26693,464,47,-611,39.6817,13.0115
60.5,24983,464,52,-549,39.6863,13.0783
58.0,25436,463,54,-590,39.6919,13.0818
54.9,26010,468,42,-621,39.7022,13.0765
58.1,26252,464,43,-606,39.6933,13.0741
54.1,26607,466,41,-643,39.6799,13.0100
56.9,25627,468,37,-581,39.6865,13.0566
57.3,26676,464,47,-619,39.6810,13.0324
58.1,26880,469,54,-612,39.6845,13.0345
63.6,26484,466,52,-553,39.6761,13.0473
54.4,25523,469,57,-630,39.6815,13.0174
53.3,25854,465,38,-632,39.6879,13.0450
54.6,25051,472,58,-615,39.6916,13.0556
54.8,26075,469,47,-624,39.6952,13.0666
62.0,25127,463,43,-543,39.6883,13.0789
57.6,25009,470,56,-580,39.6809,13.0556
53.9,25908,470,52,-634,39.6910,13.0275
60.7,25349,468,50,-562,39.6875,13.0880
58.2,26923,464,59,-611,39.6889,13.0951
53.1,24990,471,50,-613,39.6881,13.0712
51.5,25657,471,43,-662,39.6863,13.0413
60.0,26581,463,56,-594,39.6768,13.0382
53.4,25263,470,53,-627,39.6849,13.0199
56.6,25458,467,50,-595,39.6995,13.0916
61.7,25260,468,53,-552,39.7024,13.0970
53.8,25801,470,58,-643,39.6805,13.0427
63.6,26296,471,47,-550,39.6815,13.0710
52.2,26059,464,53,-663,39.6966,13.0985
56.5,26026,467,47,-604,39.7026,13.0741
56.6,26054,468,43,-614,39.6912,13.0550
57.8,26664,465,42,-586,39.6859,13.0554
57.0,26037,470,49,-598,39.6958,13.0666
55.8,26376,466,56,-622,39.6858,13.0415
59.6,25154,468,57,-575,39.6845,13.0529
59.8,26179,472,48,-578,39.6863,13.0597
56.9,26518,463,53,-601,39.6877,13.0496
58.5,26149,467,59,-599,39.6898,13.1000
64.8,26907,463,37,-534,39.6927,13.0715
55.2,26811,462,53,-643,39.6817,13.0250
52.5,26540,468,58,-675,39.6811,13.0215
56.0,25291,472,43,-595,39.6842,13.0049
63.3,25693,463,34,-529,39.6794,13.0097
61.6,25621,462,38,-554,39.6776,13.0112
58.3,25726,467,47,-591,39.6865,13.0463
60.7,25640,462,46,-560,39.6964,13.0904
65.6,26881,469,42,-538,39.6821,13.0630
61.4,26605,467,37,-564,39.6909,13.0526
55.6,24937,470,43,-600,39.6831,13.0036
54.1,26921,466,53,-653,39.6929,13.0854
53.4,25521,471,41,-622,39.6952,13.0559
52.7,25395,463,40,-624,39.6902,13.0352
55.6,26793,472,41,-634,39.6893,13.0435
55.0,26348,462,49,-620,39.6900,13.0380
52.9,25481,469,46,-638,39.7027,13.0825
54.1,25506,471,45,-618,39.6980,13.0708
58.8,25440,466,48,-576,39.6735,13.0167
58.7,25813,466,45,-580,39.6783,13.0160
54.4,25964,468,54,-629,39.6881,13.0509
55.5,25671,470,40,-610,39.6934,13.0791
54.0,25929,465,53,-628,39.6874,13.0636
61.1,26485,463,42,-578,39.6993,13.0803
49.3,25157,468,56,-700,39.6886,13.0639
60.6,26613,465,54,-585,39.6901,13.0978
56.3,26775,468,51,-630,39.7020,13.0831
52.3,25560,471,46,-640,39.6887,13.0529
52.0,25144,464,46,-643,39.6803,13.0012
50.5,25372,468,56,-675,39.7012,13.0819
53.7,25732,464,55,-640,39.6829,13.0418
58.1,25820,464,53,-604,39.6780,13.0433
58.1,25623,466,42,-593,39.6975,13.0794
56.7,25219,464,47,-587,39.6988,13.0713
62.4,25987,471,37,-546,39.6845,13.0072
55.4,25581,466,41,-618,39.6964,13.0902
55.1,25368,471,64,-630,39.6722,13.0145
54.8,25419,471,46,-615,39.6808,13.0080
57.8,25542,468,43,-577,39.6770,13.0335
57.2,24965,466,54,-594,39.6757,13.0305
52.5,25728,471,47,-646,39.6908,13.0528
62.2,24989,466,38,-524,39.6841,13.0594
63.8,25908,463,48,-538,39.6816,13.0387
55.3,25297,464,50,-612,39.6951,13.0596
60.9,25199,470,49,-557,39.6911,13.0901
58.1,26401,463,40,-588,39.6859,13.0328
52.5,26659,470,47,-675,39.6955,13.0843
53.7,25252,468,56,-636,39.6905,13.0746
57.7,25451,467,54,-601,39.6721,13.0107
54.3,26357,467,49,-633,39.7001,13.0568
55.0,25838,464,50,-615,39.6761,13.0120
51.5,25545,463,57,-651,39.6920,13.0889
55.4,24992,469,58,-607,39.6898,13.0523
60.4,25266,470,43,-567,39.6787,13.0322
61.0,25955,465,46,-571,39.6949,13.0863
58.4,26620,466,40,-597,39.6738,13.0131
56.3,25589,464,51,-600,39.6811,13.0033
58.3,26231,472,54,-616,39.6856,13.0975
60.3,26333,467,53,-575,39.6907,13.0800
55.3,25951,468,57,-629,39.6862,13.0227
61.1,25988,471,63,-581,39.6745,13.0467
64.4,26073,467,37,-534,39.6812,13.0174
53.6,25366,462,50,-645,39.6873,13.0478
53.0,26066,471,59,-651,39.6748,13.0244
57.5,25506,470,41,-580,39.6887,13.0430
52.0,26658,466,58,-680,39.6779,13.0222
58.8,25883,467,43,-580,39.6877,13.0370
55.3,26392,472,47,-621,39.6874,13.0274
54.5,26907,462,42,-638,39.6984,13.0669
57.3,26646,468,49,-615,39.6810,13.0057
57.3,25565,467,44,-599,39.6876,13.0727
52.9,26472,471,51,-661,39.6800,13.0283
53.7,26534,465,53,-642,39.6852,13.0688
58.7,25495,464,56,-579,39.6786,13.0041
58.8,26857,463,57,-606,39.6852,13.0441
59.4,25431,471,53,-589,39.6808,13.0708
65.5,26515,466,48,-525,39.6841,13.0639
52.0,25472,464,47,-656,39.6816,13.0048
60.5,26428,465,50,-566,39.6948,13.0636
53.5,25169,466,56,-626,39.6888,13.0699
55.6,25099,468,56,-619,39.6759,13.0383
55.2,25249,462,51,-606,39.6993,13.0846
60.0,26309,464,36,-577,39.6837,13.0049
59.8,26917,471,58,-591,39.6851,13.0458
52.2,25507,472,48,-656,39.6940,13.0526
53.4,26397,463,44,-642,39.7000,13.0827
64.0,25944,466,37,-533,39.6934,13.0874
61.7,25173,469,51,-548,39.6964,13.0927
54.3,25571,471,48,-623,39.6860,13.0427
54.4,25844,469,45,-640,39.6912,13.0830
56.1,26771,464,53,-622,39.7008,13.0856
56.2,25183,472,46,-600,39.6929,13.0591
60.0,25267,464,48,-569,39.6828,13.0688
52.3,25304,468,52,-626,39.6845,13.0084
58.3,25719,470,58,-594,39.6722,13.0337
56.9,26533,472,43,-620,39.6916,13.0491
56.8,25893,464,61,-614,39.6916,13.0818
58.8,26599,469,39,-592,39.6997,13.0938
61.9,25357,466,49,-546,39.6933,13.0663
60.6,26704,471,47,-591,39.6756,13.0208
56.5,25975,472,49,-607,39.6918,13.0828
60.2,26674,468,45,-587,39.6928,13.0671
57.1,26666,471,41,-607,39.6748,13.0112
55.8,26213,470,56,-631,39.6782,13.0384
50.8,24962,465,51,-668,39.6880,13.0551
54.5,26295,466,58,-644,39.6817,13.0604
59.9,25492,463,51,-566,39.6813,13.0182
51.4,25740,465,51,-684,39.6812,13.0181
60.4,25566,463,52,-577,39.6993,13.0944
51.0,25161,466,44,-656,39.6785,13.0046
52.8,25097,463,48,-638,39.6956,13.0408
52.7,26404,463,50,-663,39.6932,13.0585
55.3,25344,472,53,-609,39.6772,13.0444
50.8,25766,467,55,-680,39.6859,13.0514
57.7,26587,465,53,-627,39.6907,13.0561
52.0,26187,468,52,-667,39.6867,13.0139
66.0,26668,470,48,-526,39.6740,13.0224
64.1,26150,465,35,-526,39.6992,13.0978
52.9,25778,464,49,-643,39.6936,13.0707
56.3,25327,468,42,-594,39.6886,13.0207
49.3,25075,467,60,-702,39.6783,13.0193
51.6,26027,466,56,-666,39.6865,13.0180
56.2,26900,466,46,-624,39.7029,13.0945
51.9,25371,470,58,-653,39.6898,13.0282
52.3,25867,471,53,-652,39.7033,13.0715
54.6,26809,464,55,-662,39.6842,13.0672
54.2,25942,469,45,-628,39.6881,13.0394
55.2,25889,468,50,-621,39.7004,13.0892
59.1,26101,471,50,-594,39.6926,13.0823
51.8,26561,464,51,-686,39.6973,13.0783
55.4,25000,463,46,-621,39.6914,13.0378
58.2,26113,462,43,-597,39.7031,13.0886
58.0,25343,471,49,-571,39.6931,13.0898
53.7,25464,467,44,-638,39.7014,13.0806
58.6,26169,462,41,-579,39.6828,13.0076
62.2,26040,467,49,-555,39.6932,13.0999
60.7,26578,470,52,-575,39.6698,13.0094
52.8,25958,465,48,-647,39.7059,13.0888
53.1,25679,468,51,-649,39.6998,13.0591
59.8,25130,468,42,-555,39.6951,13.0600
60.6,26004,469,37,-554,39.6852,13.0273
60.2,25202,466,51,-561,39.6831,13.0538
60.7,25390,468,59,-574,39.6805,13.0532
56.7,25692,471,43,-591,39.6905,13.0482
56.0,25927,466,44,-598,39.6974,13.0932
58.0,24977,463,44,-578,39.7028,13.0804
53.2,26394,471,46,-651,39.6880,13.0311
59.4,26766,465,44,-585,39.6802,13.0077
57.6,26289,472,45,-597,39.6925,13.0815
51.5,26659,465,60,-694,39.6999,13.0954
53.9,25609,462,46,-626,39.7013,13.0762
59.9,25716,467,48,-586,39.6792,13.0451
53.5,26159,462,41,-643,39.6878,13.0044
56.5,26345,472,43,-618,39.6909,13.0684
58.1,25672,471,48,-583,39.6718,13.0132
58.3,26461,470,36,-581,39.6903,13.0172
57.3,25724,466,57,-608,39.6812,13.0302
54.5,26804,471,40,-645,39.6879,13.0266
52.4,25256,470,46,-642,39.7003,13.0832
52.1,26029,467,58,-672,39.6757,13.0208
54.1,25759,471,49,-647,39.6908,13.0430
58.2,26836,471,45,-596,39.6933,13.0545
64.3,26767,467,34,-544,39.6839,13.0386
57.1,25253,467,52,-585,39.6810,13.0485
53.7,26918,468,40,-645,39.6806,13.0335
53.0,25293,463,42,-625,39.6796,13.0149
59.6,25533,466,45,-579,39.6847,13.0632
51.8,25327,465,58,-663,39.6904,13.0700
53.0,25927,470,51,-645,39.6858,13.0127
61.5,25222,468,42,-556,39.6930,13.0690
54.4,25673,463,46,-624,39.6837,13.0388
62.1,24991,469,50,-538,39.6890,13.0930
54.2,26230,472,38,-635,39.6930,13.0769
56.9,26303,468,51,-618,39.6988,13.0874
61.4,25027,470,46,-542,39.7026,13.0879
57.3,25258,462,47,-592,39.6768,13.0168
55.0,26490,470,42,-619,39.7016,13.0763
56.4,25482,464,38,-584,39.6852,13.0430
52.5,26471,468,55,-659,39.6888,13.0301
58.6,26478,468,47,-581,39.6957,13.0794
59.8,26925,465,50,-581,39.6781,13.0383
52.3,26251,465,50,-656,39.6843,13.0045
57.3,26177,464,52,-603,39.6875,13.0663
52.1,25210,469,48,-634,39.6871,13.0287
53.6,25764,467,50,-630,39.6751,13.0067
53.2,25953,471,43,-647,39.6959,13.0394
59.6,25916,470,40,-572,39.6850,13.0398
56.7,25930,467,49,-616,39.6781,13.0140
56.2,25659,467,46,-597,39.6748,13.0111
54.1,25227,463,55,-632,39.6862,13.0197
58.8,25353,469,40,-567,39.6841,13.0137
59.0,25039,464,44,-559,39.6830,13.0360
58.1,25950,462,54,-590,39.6759,13.0338
56.3,25369,463,46,-586,39.7037,13.0690
62.9,26598,462,53,-555,39.6834,13.0494
58.7,25623,469,47,-582,39.6851,13.0304
62.0,25547,470,45,-549,39.6747,13.0140
55.9,25744,465,43,-612,39.6783,13.0278
55.8,25709,468,41,-604,39.6866,13.0400
57.5,26144,467,52,-609,39.6789,13.0088
56.8,25596,467,61,-608,39.6846,13.0393
57.2,25862,467,60,-604,39.6900,13.0656
61.0,26589,465,49,-567,39.6838,13.0458
65.0,26834,468,43,-537,39.6756,13.0297
60.7,25170,466,52,-563,39.6824,13.0539
58.6,25350,464,46,-576,39.6939,13.0657
59.8,26628,469,45,-582,39.6827,13.0474
56.2,25798,471,54,-603,39.6753,13.0173
57.0,25364,463,55,-600,39.6867,13.0736
54.9,25872,468,38,-607,39.6998,13.0851
62.6,25241,464,45,-534,39.6887,13.0590
59.3,25642,467,46,-566,39.6841,13.0341
56.3,25018,463,41,-578,39.6940,13.0752
54.1,26063,466,46,-639,39.6862,13.0613
52.6,25694,467,50,-664,39.6910,13.0562
57.6,26580,470,42,-604,39.6873,13.0406
52.4,25232,470,42,-646,39.6902,13.0334
55.0,26619,466,58,-631,39.6916,13.0721
57.1,24928,465,41,-585,39.6986,13.0737
60.4,26178,462,43,-558,39.6930,13.0576
60.3,25750,468,38,-568,39.6845,13.0171
64.1,26852,466,41,-547,39.6796,13.0372
59.5,25210,463,49,-575,39.6843,13.0365
52.8,26253,467,51,-646,39.6977,13.0771
53.6,25764,468,60,-642,39.6969,13.0787
50.2,25406,462,50,-686,39.6931,13.0801
61.9,25371,466,47,-549,39.6897,13.0436
63.4,26284,462,41,-546,39.6860,13.0799
55.4,25870,465,39,-614,39.6896,13.0095
65.2,26297,467,41,-528,39.6762,13.0279
57.4,26097,470,54,-616,39.6780,13.0298
55.3,25511,466,43,-609,39.6980,13.0889
50.0,25510,472,52,-698,39.6825,13.0167
61.2,24969,467,49,-542,39.6855,13.0760
60.2,26904,465,60,-596,39.6887,13.1031
60.7,25585,469,51,-550,39.6932,13.0991
58.9,26434,463,44,-580,39.6937,13.0751
56.5,26772,470,50,-633,39.6848,13.0431
62.7,25950,463,51,-544,39.6795,13.0427
62.6,26002,466,53,-556,39.6894,13.0653
52.5,25343,464,54,-642,39.6956,13.0973
55.0,25789,464,46,-608,39.6895,13.0465
60.7,26881,472,46,-579,39.6881,13.0725
56.8,25244,464,62,-614,39.6788,13.0165
58.1,25669,468,57,-599,39.6885,13.0947
51.9,26220,464,62,-669,39.6908,13.0635
60.0,25484,471,41,-567,39.6870,13.0614
64.2,26269,467,46,-541,39.6786,13.0313
55.3,25609,469,35,-599,39.7006,13.0782
55.7,25937,469,45,-626,39.6939,13.0511
52.1,25662,471,58,-659,39.6887,13.0300
56.9,25086,464,59,-586,39.6847,13.0351
56.7,26444,463,41,-607,39.6989,13.0709
53.1,25344,470,54,-640,39.6932,13.0574
63.7,25297,464,41,-516,39.6792,13.0129
56.3,26795,465,38,-617,39.6804,13.0263
58.7,26721,462,41,-594,39.6860,13.0226
52.9,25301,472,45,-628,39.7007,13.0630
53.2,26482,463,45,-655,39.6894,13.0044
59.1,26909,468,42,-591,39.6893,13.0770
61.7,25628,468,41,-539,39.6913,13.0563
60.0,25761,469,49,-576,39.6755,13.0274
54.6,25799,472,55,-619,39.6970,13.0599
62.6,25286,471,48,-539,39.6967,13.0858
54.5,26798,466,58,-648,39.6765,13.0311
52.7,24979,469,51,-634,39.6861,13.0685
57.9,25866,470,41,-595,39.6898,13.0579
58.1,25746,466,52,-587,39.6791,13.0072
57.4,26316,467,40,-603,39.6982,13.0817
62.9,26709,471,43,-563,39.6758,13.0260
63.3,26262,465,54,-541,39.6872,13.0666
59.7,26927,463,48,-592,39.6789,13.0455
65.1,26007,472,38,-519,39.6957,13.0863
50.8,25787,469,58,-692,39.6868,13.0456
53.5,26463,470,56,-648,39.6885,13.0576
64.3,26531,469,42,-532,39.6933,13.0455
51.9,26339,472,64,-677,39.6891,13.0483
55.2,26509,469,49,-617,39.6866,13.0230
63.1,26290,469,40,-546,39.6770,13.0123
62.5,26469,462,34,-546,39.6825,13.0205
52.7,26354,466,48,-653,39.6990,13.0481
56.3,26286,471,46,-610,39.6937,13.0949
58.2,25958,465,45,-600,39.6850,13.0651
57.0,26542,467,54,-631,39.6877,13.0330
56.8,24963,464,48,-584,39.6866,13.0502
52.9,25123,469,48,-639,39.6871,13.0638
60.7,25925,464,53,-555,39.6824,13.0361
52.5,25281,466,56,-634,39.6922,13.0748
55.8,25990,466,49,-608,39.6866,13.0268
58.4,25194,468,43,-573,39.6874,13.0731
56.7,25901,462,49,-598,39.6898,13.0683
61.0,26396,467,44,-568,39.6925,13.0749
56.9,25849,466,51,-599,39.6960,13.0667
61.4,25706,468,54,-567,39.6846,13.0759
62.5,25480,464,57,-546,39.6736,13.0292
61.8,26879,467,47,-572,39.6900,13.0564
57.8,26505,466,45,-606,39.6795,13.0447
55.0,26095,468,44,-622,39.6948,13.0572
64.3,26724,466,47,-543,39.6827,13.0663
60.9,26517,466,53,-570,39.6798,13.0439
59.0,25919,463,37,-575,39.6952,13.0991
53.6,26678,465,59,-663,39.6909,13.0933
61.6,26442,468,38,-568,39.6835,13.0426
57.7,25564,471,53,-582,39.6822,13.0212
54.9,26726,470,52,-650,39.6805,13.0569
54.9,25343,463,47,-624,39.6931,13.0848
52.1,26148,467,43,-662,39.6855,13.0491
55.1,25267,469,53,-610,39.6786,13.0305
64.1,26851,463,41,-536,39.6878,13.0600
55.8,26184,465,45,-606,39.6944,13.0877
58.5,26062,464,45,-600,39.6967,13.0890
53.7,26404,466,47,-639,39.6908,13.0639
64.1,26573,470,48,-548,39.6876,13.0376
64.7,26150,463,37,-521,39.6852,13.0109
58.6,26318,466,41,-590,39.6830,13.0192
58.7,26534,463,45,-586,39.6878,13.0576
52.4,26590,469,60,-684,39.6908,13.0602
57.2,26757,471,43,-620,39.6829,13.0308
62.9,26358,465,43,-543,39.6998,13.0825
56.1,26167,471,51,-623,39.6974,13.0846
57.8,25796,467,55,-598,39.6700,13.0092
52.4,26386,467,48,-663,39.6835,13.0028
61.8,25517,467,41,-540,39.6809,13.0604
61.9,26800,465,46,-580,39.6721,13.0102
58.0,26097,472,52,-615,39.6841,13.0625
61.4,25005,465,43,-544,39.6793,13.0394
65.1,26293,464,35,-530,39.6821,13.0060
57.3,24949,470,43,-575,39.6965,13.0802
54.4,25730,468,44,-626,39.6921,13.0480
61.4,25830,465,41,-560,39.6906,13.0707
56.4,26482,467,53,-622,39.6850,13.0519
60.6,26368,470,46,-581,39.6977,13.0852
54.7,26223,466,61,-651,39.6911,13.0774
55.6,25247,468,58,-623,39.6750,13.0230
55.3,25440,468,54,-613,39.6811,13.0026
51.8,25427,470,55,-654,39.6839,13.0202
56.1,25024,465,48,-599,39.6893,13.0730
56.9,26264,470,48,-615,39.6779,13.0099
62.8,26625,464,46,-544,39.6914,13.0398
60.3,25774,464,46,-578,39.6908,13.0883
53.7,25602,470,47,-637,39.7028,13.0842
56.1,26561,464,52,-624,39.6879,13.0732
51.4,24968,467,50,-649,39.7039,13.0803
65.5,26756,463,44,-522,39.6703,13.0138
52.4,25206,468,48,-647,39.7060,13.0899
57.4,25704,462,47,-589,39.6963,13.0886
55.7,26672,467,51,-628,39.6873,13.0389
53.8,26166,467,47,-631,39.6924,13.0345
52.1,25093,469,43,-631,39.6953,13.0542
53.0,25515,467,42,-644,39.7001,13.0918
58.9,25361,467,53,-590,39.6914,13.0858
58.2,26696,470,47,-604,39.6785,13.0287
50.7,25370,469,60,-676,39.6924,13.0695
52.1,25496,470,53,-642,39.6983,13.0872
56.2,26557,471,44,-606,39.6884,13.0516
57.4,25846,469,56,-611,39.6889,13.0700
56.1,25373,469,57,-607,39.6709,13.0057
51.9,25201,462,58,-651,39.6920,13.0466
58.0,25285,472,57,-593,39.6976,13.0781
58.6,26064,464,58,-596,39.6825,13.0581
54.4,25375,464,57,-625,39.6980,13.0841
60.4,26019,468,52,-579,39.6819,13.0361
62.5,26025,467,43,-554,39.6884,13.0519
58.1,25587,472,52,-598,39.6876,13.0259
54.4,25239,462,48,-627,39.6863,13.0100
52.7,25614,465,42,-651,39.6879,13.0309
57.4,26617,468,41,-609,39.7020,13.0853
61.1,25342,465,41,-545,39.6808,13.0109
55.5,26166,467,54,-638,39.6737,13.0076
57.1,26334,468,49,-601,39.6838,13.0219
61.0,26050,469,46,-553,39.6822,13.0391
55.1,25001,466,54,-623,39.6771,13.0144
55.2,25996,463,44,-626,39.6907,13.0153
52.3,25847,468,55,-662,39.6984,13.0712
54.6,26496,469,52,-627,39.6946,13.0810
53.1,26783,470,49,-666,39.6850,13.0367
53.1,25046,468,48,-631,39.6916,13.0786
58.3,26356,471,51,-605,39.6801,13.0373
59.7,25864,466,49,-566,39.6932,13.0949
63.7,26909,469,44,-558,39.6843,13.0712
57.3,26055,462,49,-604,39.6883,13.0453
57.8,25697,465,50,-579,39.6919,13.0538
61.6,26870,469,47,-584,39.6833,13.0347
57.0,25816,464,58,-611,39.6881,13.0468
59.9,25418,470,53,-574,39.6746,13.0138
61.5,25842,470,38,-543,39.6889,13.0642
57.6,26178,464,58,-599,39.7009,13.0950
58.3,25927,466,33,-579,39.7009,13.0841
56.9,25172,463,38,-587,39.6997,13.0947
57.6,25124,465,54,-587,39.6836,13.0372
56.7,25487,471,42,-588,39.6833,13.0585
52.1,25177,464,57,-647,39.6822,13.0069
63.3,26838,464,49,-559,39.6922,13.0942
52.3,25650,471,46,-654,39.6927,13.0732
62.7,24943,467,51,-527,39.6880,13.0557
52.4,26174,471,49,-662,39.7032,13.0744
53.8,26426,467,51,-646,39.6866,13.0299
54.2,25986,472,53,-617,39.6901,13.0310
57.4,26683,462,49,-611,39.6959,13.0670
58.9,26407,464,42,-583,39.6979,13.0685
58.9,26163,471,48,-577,39.6990,13.1026
60.4,25628,468,48,-549,39.6828,13.0248
56.3,25754,462,43,-614,39.6809,13.0443
54.2,25937,468,51,-651,39.6892,13.0611
61.7,25886,470,47,-557,39.6871,13.0185
59.7,26484,467,46,-582,39.6926,13.0512
59.5,25457,463,42,-574,39.6977,13.0915
58.0,25879,470,42,-584,39.6934,13.0618
56.3,24988,470,58,-606,39.6954,13.0905
59.5,26364,463,51,-578,39.6884,13.0314
52.6,26376,471,45,-654,39.6868,13.0722
52.2,25326,468,48,-638,39.6959,13.0664
61.7,26483,463,48,-557,39.6972,13.0890
58.6,25266,468,46,-567,39.6892,13.0570
62.0,24956,463,53,-538,39.6928,13.0921
57.6,26412,467,63,-621,39.6689,13.0140
59.4,25783,468,46,-593,39.6984,13.0792
55.2,25498,466,56,-606,39.7020,13.0892
53.6,25676,471,46,-621,39.6994,13.0876
52.6,25003,466,55,-639,39.6902,13.0623
63.5,26450,466,50,-552,39.6885,13.0738
58.5,25411,471,65,-594,39.6778,13.0219
50.5,25405,467,58,-677,39.6853,13.0356
57.5,26233,466,47,-606,39.6884,13.0707
53.7,25953,470,55,-640,39.6949,13.0655
64.6,26649,469,45,-541,39.6784,13.0503
60.8,25199,467,48,-565,39.6827,13.0689
53.6,26485,462,48,-649,39.6957,13.0617
58.8,25926,469,44,-577,39.6960,13.0544
52.1,26493,467,58,-687,39.6927,13.0947
56.7,26316,470,52,-627,39.7023,13.0861
51.6,24937,472,48,-643,39.7011,13.0912
60.5,26612,465,42,-577,39.6796,13.0095
54.7,26480,468,43,-624,39.6909,13.0303
53.8,25540,469,52,-634,39.6844,13.0104
64.1,26791,471,46,-542,39.6864,13.0628
57.6,25662,467,42,-589,39.6960,13.0422
53.9,25366,471,47,-621,39.6800,13.0256
58.0,26815,467,57,-627,39.6759,13.0428
58.4,25155,469,47,-564,39.6863,13.0553
58.4,25398,471,43,-575,39.6893,13.0419
56.3,26535,469,55,-627,39.7000,13.0935
54.0,26130,463,45,-623,39.6907,13.0399
59.0,26732,462,45,-593,39.6919,13.0737
61.1,26297,471,44,-570,39.6922,13.0378
59.5,24987,472,42,-564,39.6993,13.0825
50.4,25168,467,47,-671,39.6821,13.0222
54.4,25548,471,49,-625,39.6755,13.0128
57.9,26925,465,41,-610,39.6802,13.0085
58.7,25705,471,44,-582,39.6878,13.0478
63.2,26837,462,48,-571,39.6827,13.0485
53.2,26046,467,38,-638,39.6811,13.0206
57.8,26220,466,41,-594,39.7033,13.0799
54.4,25367,470,46,-614,39.7026,13.0792
53.9,25544,469,54,-649,39.6938,13.0608
63.6,26151,469,42,-540,39.6859,13.0635
55.0,25050,463,42,-615,39.7016,13.0922
64.2,26843,470,40,-549,39.6867,13.0768
60.9,26134,468,53,-575,39.6816,13.0421
55.2,25486,472,54,-611,39.6908,13.0503
57.1,26622,470,50,-603,39.6808,13.0435
54.1,25188,467,54,-630,39.6897,13.0584
56.7,25133,467,37,-583,39.7023,13.0903
56.6,26007,471,40,-597,39.6851,13.0175
63.0,26414,469,43,-561,39.6822,13.0088
55.9,26165,464,46,-620,39.6919,13.0595
57.6,26039,465,61,-609,39.6952,13.0913
60.9,25324,465,40,-558,39.6906,13.0856
57.2,26569,464,48,-605,39.6864,13.0594
53.9,26039,467,51,-628,39.7000,13.0831
54.2,25666,463,54,-620,39.6771,13.0128
52.4,25453,463,47,-632,39.6910,13.0566
63.5,25963,463,40,-544,39.6755,13.0356
53.6,25038,471,40,-609,39.6809,13.0070
61.9,25268,463,50,-547,39.6861,13.0302
65.1,26753,462,49,-536,39.6807,13.0564
57.0,24938,467,54,-599,39.6965,13.0892
64.3,26754,464,41,-528,39.6826,13.0264
56.6,25544,467,52,-602,39.6897,13.0366
51.1,25578,463,56,-680,39.6955,13.0352
63.0,26327,465,53,-564,39.6762,13.0510
59.2,26891,463,42,-589,39.6822,13.0217
54.4,25904,468,54,-652,39.6869,13.0494
64.7,26880,471,42,-540,39.6857,13.0699
58.0,26807,467,41,-606,39.6951,13.0882
54.5,26399,471,49,-630,39.6864,13.0361
57.4,26742,472,47,-621,39.6939,13.0761
55.5,25034,469,59,-609,39.6977,13.0760
62.3,26111,469,46,-567,39.6856,13.0513
59.5,25293,467,52,-577,39.6932,13.0642
52.8,26763,466,47,-671,39.6962,13.0838
62.3,25511,469,49,-540,39.6855,13.0669
54.1,25039,462,55,-623,39.6754,13.0191
53.4,25616,468,51,-627,39.6865,13.0667
53.6,25505,465,45,-622,39.7010,13.0767
52.7,25026,468,50,-643,39.6851,13.0575
59.8,26488,471,47,-590,39.6747,13.0314
55.4,25581,465,41,-606,39.6875,13.0327
54.6,25022,464,54,-628,39.6783,13.0299
55.5,26483,470,39,-611,39.6885,13.0224
56.2,26405,470,55,-608,39.6751,13.0105
64.3,26226,462,43,-533,39.6779,13.0171
54.2,26859,469,50,-644,39.6879,13.0334
62.4,26459,462,45,-567,39.6957,13.0598
61.1,24974,467,48,-555,39.6884,13.0605
56.7,26198,465,58,-622,39.6918,13.0937
56.7,26331,464,46,-605,39.7016,13.0914
58.9,26165,466,50,-585,39.6773,13.0216
59.2,25530,463,41,-580,39.6778,13.0268
52.1,26120,468,62,-672,39.6821,13.0046
63.2,26121,464,48,-549,39.6926,13.0863
58.2,25694,470,54,-600,39.6823,13.0450
55.6,25220,463,52,-614,39.6879,13.0602
57.9,26770,468,53,-605,39.6775,13.0267
55.7,25710,468,42,-608,39.6785,13.0235
63.6,26179,468,49,-547,39.6865,13.0619
53.6,26398,463,43,-639,39.6940,13.0594
55.5,25270,470,43,-607,39.6860,13.0530
49.8,25127,463,59,-687,39.6944,13.0575
52.1,26816,468,58,-686,39.6794,13.0398
59.5,26893,463,42,-588,39.6936,13.0727
60.9,25121,465,61,-565,39.6787,13.0185
61.4,26299,467,48,-574,39.6763,13.0233
51.8,25812,472,53,-668,39.6938,13.0626
60.7,25356,469,43,-543,39.6820,13.0114
59.5,26062,465,44,-567,39.6927,13.0863
62.0,26319,467,48,-562,39.6912,13.0776
51.4,25470,462,48,-652,39.6834,13.0000
57.1,26416,467,44,-614,39.6831,13.0236
62.4,25543,471,49,-543,39.6811,13.0245
59.7,26161,466,45,-563,39.6926,13.0951
58.2,25013,464,54,-572,39.6924,13.0688
54.6,26600,467,56,-647,39.6973,13.0882
53.8,26900,467,56,-673,39.6934,13.0605
56.3,26497,462,50,-600,39.6866,13.0517
57.0,25022,469,46,-572,39.6900,13.0723
56.5,26743,467,42,-604,39.7036,13.0942
59.3,26408,470,42,-579,39.6891,13.0770
63.6,25970,469,40,-544,39.6826,13.0625
60.7,25788,470,45,-553,39.6935,13.0863
58.8,26703,470,46,-587,39.6792,13.0417
52.8,25253,467,49,-648,39.6963,13.0645
59.5,25457,467,55,-571,39.6784,13.0517
54.7,25748,467,57,-641,39.6794,13.0309
63.1,25697,469,45,-543,39.6823,13.0274
64.2,25734,470,40,-525,39.6867,13.0656
49.9,25016,467,60,-678,39.6837,13.0161
54.4,26630,466,43,-636,39.6832,13.0352
63.4,25376,468,47,-524,39.6950,13.1004
53.1,26377,471,49,-646,39.6910,13.0778
54.7,25498,472,55,-629,39.6895,13.0416
63.2,25947,470,50,-548,39.6813,13.0356
51.6,26309,471,50,-683,39.6918,13.0585
54.9,26683,468,48,-625,39.6898,13.0363
63.1,25713,470,44,-546,39.6859,13.0421
58.0,25071,469,54,-597,39.6757,13.0432
53.3,25879,469,44,-651,39.6855,13.0253
55.9,26636,469,37,-613,39.6969,13.0447
62.3,26203,472,43,-548,39.6748,13.0260
64.1,25857,463,37,-527,39.6953,13.0991
60.3,26385,469,44,-563,39.7007,13.0769
56.3,26823,471,49,-639,39.6976,13.0753
64.8,26410,464,40,-527,39.6991,13.0930
59.9,25744,465,50,-566,39.6802,13.0495
53.3,25335,462,50,-630,39.6840,13.0382
64.7,25973,462,46,-522,39.6854,13.0268
62.6,25711,465,42,-537,39.6861,13.0190
64.4,26544,468,39,-541,39.6714,13.0065
55.4,26154,467,52,-620,39.6936,13.0599
54.2,25690,464,54,-633,39.6903,13.0272
55.2,26814,470,46,-636,39.6790,13.0158
58.2,25430,464,44,-580,39.6907,13.0411
64.8,26505,471,44,-525,39.6793,13.0134
52.3,25760,467,52,-658,39.6939,13.0849
55.7,26530,462,41,-621,39.6982,13.0554
56.0,25752,464,46,-627,39.6909,13.0583
61.7,26218,469,45,-563,39.6956,13.0890
56.4,26612,465,48,-619,39.6839,13.0156
55.2,25859,463,46,-622,39.6792,13.0262
59.5,25556,467,38,-563,39.6756,13.0055
60.0,26691,470,40,-572,39.6801,13.0062
57.8,25028,467,41,-584,39.6810,13.0232
56.8,25193,470,42,-578,39.6982,13.0932
65.7,26275,467,38,-516,39.7027,13.0972
53.2,25684,469,54,-647,39.6989,13.0757
60.9,26577,467,57,-575,39.6922,13.0798
63.5,26661,468,48,-550,39.6801,13.0653
61.3,26370,466,53,-563,39.6731,13.0164
51.9,25041,471,56,-657,39.6867,13.0180
59.6,25979,464,41,-574,39.6796,13.0172
60.8,26696,472,51,-574,39.6807,13.0488
52.4,25066,462,46,-634,39.6935,13.0584
54.3,26209,471,56,-647,39.6948,13.0557
63.9,26771,466,43,-548,39.6896,13.0541
59.5,25965,469,51,-587,39.6897,13.0725
59.3,26718,470,41,-595,39.6905,13.0636
56.8,26892,469,45,-612,39.6752,13.0105
52.3,25310,468,51,-630,39.6844,13.0482
53.3,25611,468,48,-640,39.6919,13.0471
55.7,26196,468,45,-620,39.6925,13.0812
58.6,26780,468,49,-595,39.6739,13.0151
54.5,26634,472,52,-662,39.6979,13.0940
58.0,26540,464,53,-592,39.6858,13.0479
62.0,26778,467,37,-567,39.6975,13.0808
60.8,25501,464,57,-565,39.6799,13.0350
62.4,25430,464,44,-546,39.6866,13.0552
61.8,24953,471,49,-542,39.6707,13.0283
61.0,26851,463,48,-578,39.6806,13.0244
60.8,25171,469,51,-552,39.6728,13.0279
50.8,24992,464,53,-672,39.6928,13.0340
56.3,26799,470,47,-622,39.6956,13.0524
56.1,25221,467,44,-594,39.6832,13.0353
56.1,26103,467,53,-628,39.6790,13.0178
52.9,25532,466,53,-654,39.7066,13.0922
63.7,25656,470,47,-533,39.6881,13.0937
57.0,26750,471,45,-615,39.6837,13.0453
57.0,26510,472,54,-633,39.6952,13.0908
51.7,25416,464,41,-649,39.6924,13.0484
56.1,25968,468,50,-600,39.6877,13.0769
52.5,25973,471,52,-659,39.6874,13.0178
52.1,26548,467,59,-685,39.6823,13.0450
54.7,26267,470,55,-639,39.6789,13.0245
61.5,26116,467,40,-553,39.6974,13.0661
56.5,25776,462,48,-594,39.6886,13.0376
57.7,25029,464,41,-565,39.6911,13.0571
56.4,25866,467,49,-623,39.6884,13.0333
59.4,25119,471,43,-567,39.6742,13.0137
61.1,25437,467,48,-562,39.6966,13.0773
53.8,26348,464,48,-643,39.7020,13.0984
