t,h0,GSi,GSf,Vv,lat,lon
44.3,26223,465,152,-960,39.6700,13.0140
50.1,26577,468,138,-862,39.6697,13.0353
53.2,26325,465,145,-815,39.6604,13.0510
54.1,26566,464,140,-803,39.6565,13.0470
46.9,25641,466,175,-929,39.6637,13.0327
44.3,25136,464,155,-934,39.6769,13.0654
48.4,25557,463,135,-858,39.6795,13.0750
50.3,24965,465,153,-826,39.6651,13.0588
52.3,25844,469,144,-813,39.6801,13.0929
44.3,26747,463,165,-999,39.6673,13.0400
52.7,25557,463,135,-793,39.6635,13.0385
50.3,26100,470,185,-889,39.6564,13.0278
44.6,25325,472,172,-960,39.6693,13.0468
50.6,25228,466,159,-829,39.6680,13.0341
52.8,25742,468,156,-799,39.6606,13.0348
51.7,26550,463,158,-848,39.6692,13.0629
51.5,26104,470,157,-836,39.6577,13.0351
45.6,25892,467,152,-938,39.6717,13.0714
45.2,26463,465,141,-942,39.6738,13.0194
49.1,25550,466,155,-869,39.6659,13.0279
44.2,26915,471,176,-1011,39.6687,13.0479
43.4,26135,470,171,-1012,39.6712,13.0595
50.1,26641,464,125,-830,39.6671,13.0160
51.4,25656,471,152,-828,39.6691,13.0434
44.1,25970,464,187,-1000,39.6590,13.0071
43.3,26210,470,191,-1035,39.6594,13.0303
48.0,25398,463,162,-890,39.6739,13.0659
44.8,26263,469,150,-939,39.6641,13.0050
45.9,25336,462,178,-936,39.6619,13.0029
52.4,26624,462,164,-850,39.6699,13.0794
50.4,25790,467,162,-867,39.6680,13.0508
52.9,25405,465,151,-783,39.6729,13.0665
50.3,26152,470,158,-873,39.6686,13.0557
49.8,26539,467,154,-868,39.6724,13.0794
49.7,25661,464,139,-842,39.6706,13.0359
52.3,26046,471,154,-824,39.6550,13.0065
52.3,26169,463,153,-820,39.6766,13.0926
44.8,25819,464,168,-968,39.6700,13.0249
53.6,25530,468,138,-762,39.6751,13.0767
51.2,26272,462,158,-852,39.6611,13.0523
52.9,25743,471,149,-794,39.6528,13.0333
45.8,25457,471,152,-922,39.6781,13.0848
52.0,25651,463,119,-789,39.6586,13.0063
51.1,25509,472,124,-797,39.6595,13.0270
45.5,25469,464,152,-916,39.6724,13.0350
43.7,26523,467,175,-1017,39.6642,13.0294
48.9,25795,470,155,-861,39.6652,13.0540
48.6,26878,470,160,-913,39.6594,13.0151
43.4,25589,466,181,-1007,39.6816,13.0642
49.3,26677,471,161,-892,39.6746,13.0978
45.5,25695,465,148,-925,39.6857,13.0833
47.8,24944,467,152,-855,39.6592,13.0046
48.1,25511,468,129,-850,39.6816,13.0898
50.9,25857,469,156,-833,39.6629,13.0267
48.2,25404,464,130,-838,39.6687,13.0440
46.8,26624,464,173,-942,39.6782,13.0730
43.9,26177,468,166,-980,39.6588,13.0123
49.7,26788,471,156,-876,39.6768,13.0749
46.6,25114,468,162,-898,39.6599,13.0267
45.1,25516,471,168,-942,39.6709,13.0649
45.3,25428,463,146,-906,39.6846,13.0938
42.0,25087,467,190,-1023,39.6688,13.0474
44.6,26258,470,176,-978,39.6714,13.0847
46.0,26912,469,163,-975,39.6598,13.0159
54.9,26688,470,126,-776,39.6577,13.0288
49.3,26627,465,150,-874,39.6607,13.0435
51.0,25619,464,159,-849,39.6603,13.0193
50.5,26821,469,165,-892,39.6656,13.0827
48.6,25195,471,175,-877,39.6737,13.0896
48.7,26119,471,183,-908,39.6636,13.0618
46.1,25359,465,124,-877,39.6812,13.0893
46.4,26279,464,123,-895,39.6698,13.0099
43.9,25754,467,143,-948,39.6766,13.0279
52.3,26873,463,141,-827,39.6537,13.0164
51.6,24977,465,144,-793,39.6775,13.0813
53.8,25879,465,121,-771,39.6718,13.0376
46.4,26443,465,152,-943,39.6588,13.0066
53.1,26739,472,168,-843,39.6690,13.0727
46.7,25300,468,167,-902,39.6600,13.0398
49.1,25349,470,154,-855,39.6677,13.0609
49.9,26775,471,175,-902,39.6711,13.0657
47.2,25490,467,166,-911,39.6569,13.0229
45.6,26838,471,155,-956,39.6789,13.0637
44.9,26381,464,166,-972,39.6696,13.0252
44.9,26926,468,155,-985,39.6696,13.0316
44.4,25205,471,143,-924,39.6649,13.0081
52.4,25295,463,139,-792,39.6553,13.0244
48.1,25331,468,173,-882,39.6609,13.0262
43.9,26162,466,158,-979,39.6737,13.0354
51.2,26650,469,172,-887,39.6758,13.0913
43.5,25409,464,149,-945,39.6812,13.0634
48.2,25177,469,152,-866,39.6662,13.0082
44.7,26802,469,142,-966,39.6624,13.0048
46.0,26282,467,152,-947,39.6650,13.0416
50.8,25197,468,159,-831,39.6727,13.0645
51.0,26763,464,172,-876,39.6622,13.0269
48.4,25234,468,136,-850,39.6823,13.0735
53.8,25994,463,134,-777,39.6609,13.0354
47.5,26881,464,179,-951,39.6535,13.0039
49.1,26862,467,132,-858,39.6627,13.0393
44.8,25969,462,163,-968,39.6747,13.0692
48.5,25645,471,169,-883,39.6684,13.0387
49.0,25116,463,166,-864,39.6652,13.0547
44.3,26527,468,166,-1002,39.6599,13.0222
47.9,26775,462,135,-889,39.6817,13.0891
52.6,26650,469,136,-817,39.6562,13.0177
48.4,25486,471,157,-882,39.6696,13.0750
54.0,25707,472,130,-768,39.6691,13.0767
49.1,26306,463,151,-883,39.6646,13.0334
53.2,26517,472,131,-803,39.6531,13.0228
46.9,25947,467,146,-895,39.6754,13.0920
50.4,25990,466,173,-887,39.6647,13.0355
44.2,26305,470,177,-1008,39.6830,13.0820
51.3,25410,471,157,-835,39.6534,13.0270
45.3,25142,465,136,-904,39.6601,13.0048
46.1,25734,471,163,-923,39.6703,13.0389
44.6,26377,471,172,-972,39.6654,13.0561
52.9,26341,468,159,-824,39.6736,13.0809
44.6,25231,467,141,-918,39.6670,13.0182
43.8,26219,469,182,-1011,39.6597,13.0312
43.9,26406,463,148,-984,39.6851,13.0704
50.3,25596,464,137,-835,39.6676,13.0072
47.4,25719,465,145,-889,39.6615,13.0171
49.0,26209,465,138,-868,39.6864,13.0915
50.7,26763,470,159,-886,39.6760,13.0770
50.4,25900,463,126,-830,39.6833,13.0866
46.0,25859,463,177,-951,39.6780,13.0766
46.1,25994,469,155,-935,39.6651,13.0392
42.7,24998,469,166,-976,39.6740,13.0361
51.7,26128,467,142,-828,39.6659,13.0668
51.3,26721,467,157,-873,39.6589,13.0343
49.8,25442,464,125,-820,39.6776,13.0619
42.9,26267,472,184,-1036,39.6637,13.0245
51.4,26182,466,158,-856,39.6627,13.0412
49.9,26896,469,163,-881,39.6595,13.0151
49.5,26582,465,139,-868,39.6757,13.0474
46.4,25502,466,141,-889,39.6725,13.0729
51.0,26919,472,145,-869,39.6675,13.0301
47.9,26015,468,141,-879,39.6702,13.0164
46.0,25962,471,176,-947,39.6817,13.0846
53.4,26359,467,133,-788,39.6756,13.0892
49.8,25718,465,162,-857,39.6731,13.0602
53.1,26880,463,133,-810,39.6658,13.0400
44.1,25923,470,139,-936,39.6677,13.0386
46.9,25052,472,163,-894,39.6673,13.0637
44.2,26369,470,162,-997,39.6637,13.0329
47.3,24950,463,149,-861,39.6595,13.0159
48.2,26344,463,143,-896,39.6684,13.0076
49.1,25665,470,146,-846,39.6597,13.0375
49.4,25525,468,136,-844,39.6756,13.0776
50.5,25370,469,127,-805,39.6849,13.0807
44.1,25859,464,176,-978,39.6770,13.0633
48.9,26791,471,140,-874,39.6650,13.0523
50.1,25379,471,138,-831,39.6718,13.0734
47.5,26051,472,146,-888,39.6745,13.0926
42.8,24986,466,173,-991,39.6784,13.0631
47.1,25742,469,140,-873,39.6658,13.0171
48.7,25401,468,178,-888,39.6568,13.0114
44.5,26782,467,156,-995,39.6758,13.0774
45.1,25891,466,164,-954,39.6777,13.0667
52.3,26030,463,151,-827,39.6735,13.0876
45.6,25661,467,145,-917,39.6596,13.0133
52.2,26871,466,153,-852,39.6670,13.0737
47.9,26491,464,139,-874,39.6717,13.0738
52.5,25990,471,165,-820,39.6562,13.0457
48.4,25451,470,161,-877,39.6836,13.0949
43.4,25291,467,155,-966,39.6755,13.0618
44.0,25068,472,161,-946,39.6682,13.0361
51.8,25647,467,153,-821,39.6609,13.0118
53.2,26630,463,133,-814,39.6662,13.0753
42.7,25111,467,175,-1002,39.6707,13.0140
48.8,26582,466,124,-862,39.6871,13.0862
42.3,25162,469,186,-1014,39.6870,13.0901
49.8,26589,469,145,-864,39.6737,13.0834
46.7,25396,469,157,-912,39.6802,13.0631
43.3,25087,467,154,-960,39.6702,13.0543
46.6,24988,469,148,-884,39.6655,13.0148
46.8,24967,468,164,-904,39.6640,13.0081
52.0,26470,467,144,-821,39.6521,13.0052
51.7,25353,465,131,-798,39.6795,13.0780
45.0,26522,466,147,-949,39.6699,13.0584
49.9,25559,466,167,-858,39.6568,13.0434
53.6,26864,463,153,-832,39.6511,13.0270
51.3,26026,465,134,-826,39.6762,13.0758
46.1,25499,468,153,-921,39.6665,13.0405
46.5,25577,468,157,-910,39.6667,13.0539
51.3,26464,467,143,-834,39.6785,13.0839
43.5,26064,470,157,-991,39.6781,13.0644
48.0,26179,465,153,-888,39.6604,13.0059
48.8,25216,469,144,-844,39.6698,13.0261
44.9,25718,462,147,-938,39.6801,13.0841
44.5,26414,465,154,-975,39.6751,13.0233
50.1,25557,466,176,-859,39.6653,13.0645
49.3,26889,465,150,-892,39.6656,13.0585
54.3,25948,468,124,-770,39.6568,13.0346
44.8,26242,471,132,-939,39.6861,13.0742
54.1,26819,464,132,-789,39.6730,13.1023
53.3,25335,463,135,-774,39.6669,13.0586
45.3,26009,464,148,-930,39.6695,13.0298
47.7,26370,466,156,-904,39.6580,13.0155
48.5,24961,466,158,-867,39.6729,13.0657
54.4,26627,469,118,-774,39.6602,13.0337
51.2,25458,471,133,-809,39.6636,13.0470
47.2,26009,465,152,-913,39.6851,13.0840
45.1,26515,467,144,-940,39.6784,13.0944
53.4,26272,469,126,-792,39.6586,13.0257
45.7,26907,467,168,-973,39.6709,13.0297
50.9,26590,464,132,-836,39.6583,13.0095
46.9,25307,472,161,-893,39.6609,13.0294
47.9,25287,471,170,-896,39.6688,13.0883
52.2,25387,469,128,-783,39.6583,13.0218
50.5,25504,462,182,-859,39.6763,13.0902
44.8,26258,472,148,-941,39.6834,13.0762
49.2,26184,462,156,-876,39.6658,13.0385
49.1,26322,465,128,-847,39.6834,13.0867
50.3,25344,466,148,-826,39.6656,13.0442
44.1,25858,470,140,-944,39.6834,13.0671
46.7,26834,470,145,-921,39.6741,13.0477
44.5,26607,467,163,-976,39.6642,13.0060
49.6,25249,469,152,-846,39.6671,13.0642
50.0,26162,469,132,-835,39.6699,13.0621
50.2,26906,467,154,-883,39.6678,13.0588
45.8,26782,462,185,-994,39.6743,13.0874
43.6,25738,464,182,-1009,39.6683,13.0278
47.7,26179,464,134,-880,39.6651,13.0073
45.0,25534,465,155,-949,39.6739,13.0756
43.2,25764,471,159,-996,39.6761,13.0784
42.3,25244,471,179,-1008,39.6820,13.0635
47.2,25976,471,150,-890,39.6560,13.0134
47.1,26052,463,166,-923,39.6585,13.0164
44.9,26797,462,140,-967,39.6682,13.0118
53.6,26488,464,114,-777,39.6618,13.0091
51.7,26816,462,134,-844,39.6670,13.0544
51.9,25983,469,130,-812,39.6675,13.0301
52.1,26545,469,155,-842,39.6628,13.0458
52.4,26511,465,153,-834,39.6585,13.0255
49.8,26422,472,177,-907,39.6605,13.0531
52.1,26664,469,128,-819,39.6728,13.0892
53.2,25760,465,134,-786,39.6555,13.0180
49.7,25840,466,156,-856,39.6656,13.0215
43.5,25106,465,163,-968,39.6667,13.0381
49.1,25329,464,165,-865,39.6717,13.0862
48.5,25452,469,156,-870,39.6678,13.0701
50.8,25184,464,165,-832,39.6578,13.0338
49.4,25053,462,134,-817,39.6742,13.0521
50.3,26340,468,160,-872,39.6606,13.0480
52.1,25333,463,147,-797,39.6702,13.0438
51.2,25960,468,127,-818,39.6636,13.0067
45.7,26634,466,173,-986,39.6706,13.0369
48.9,25977,464,154,-869,39.6721,13.0674
44.3,25054,467,189,-972,39.6685,13.0718
46.6,26753,464,163,-948,39.6768,13.0883
51.5,26015,464,173,-852,39.6708,13.0706
50.5,25889,471,132,-821,39.6623,13.0276
49.9,26097,464,156,-850,39.6733,13.0681
43.9,26347,467,181,-1012,39.6707,13.0278
43.6,26035,462,172,-1001,39.6700,13.0642
47.3,26253,469,145,-903,39.6725,13.0803
42.8,25689,471,177,-1005,39.6553,13.0033
43.8,25431,463,178,-981,39.6770,13.0658
50.9,26048,465,161,-860,39.6548,13.0377
43.0,25333,463,174,-1006,39.6767,13.0575
46.0,25701,463,147,-913,39.6670,12.9999
46.2,26063,463,146,-927,39.6781,13.0800
42.7,25068,471,176,-985,39.6577,13.0094
51.0,26627,469,175,-892,39.6604,13.0519
48.5,25505,465,157,-868,39.6619,13.0476
52.0,26699,467,129,-809,39.6761,13.0941
51.5,26526,470,168,-873,39.6763,13.0885
44.1,25049,463,185,-966,39.6746,13.0847
44.8,26082,467,154,-963,39.6627,13.0206
46.4,25618,463,151,-901,39.6792,13.0896
46.6,26182,472,144,-905,39.6854,13.0838
52.4,25505,465,148,-791,39.6804,13.0920
49.1,25831,468,176,-888,39.6721,13.0655
47.4,25914,467,170,-926,39.6612,13.0292
46.7,25861,469,167,-933,39.6696,13.0449
52.4,26624,471,135,-810,39.6639,13.0499
46.5,26099,467,177,-958,39.6794,13.0827
44.2,26859,467,173,-1027,39.6810,13.0961
45.2,26434,469,145,-934,39.6689,13.0604
50.0,25756,464,125,-821,39.6622,13.0215
50.0,26606,465,146,-874,39.6663,13.0488
45.2,25331,463,158,-913,39.6663,13.0320
43.9,26332,464,159,-970,39.6702,13.0624
44.4,26406,472,181,-1008,39.6696,13.0321
46.6,26808,468,184,-972,39.6783,13.0870
43.4,25530,465,184,-991,39.6785,13.0765
52.3,26725,463,135,-816,39.6599,13.0119
48.2,26294,464,145,-879,39.6570,13.0191
48.5,25705,466,182,-897,39.6751,13.0783
49.6,25854,463,160,-878,39.6689,13.0378
48.9,26832,471,155,-908,39.6653,13.0357
51.8,26110,470,181,-855,39.6611,13.0430
49.2,25370,471,159,-854,39.6566,13.0336
50.8,25842,470,135,-821,39.6671,13.0177
44.7,26896,466,173,-1000,39.6718,13.0682
46.0,26144,471,152,-917,39.6796,13.0633
49.8,26608,464,158,-875,39.6628,13.0480
43.9,26203,471,178,-1012,39.6679,13.0248
44.2,26427,465,169,-997,39.6670,13.0486
43.7,25328,471,163,-969,39.6675,13.0314
45.2,26243,470,131,-923,39.6721,13.0432
51.1,25194,470,148,-820,39.6603,13.0543
53.9,26764,463,159,-820,39.6654,13.0892
46.4,26805,469,168,-948,39.6645,13.0172
46.7,25549,471,142,-894,39.6778,13.0892
46.4,25367,471,172,-915,39.6694,13.0390
43.0,25012,468,191,-990,39.6795,13.0723
47.2,26409,469,178,-936,39.6740,13.0949
46.0,26906,470,145,-951,39.6646,13.0340
50.5,25927,463,145,-826,39.6611,13.0158
44.1,25264,468,146,-920,39.6746,13.0415
49.4,25229,467,153,-840,39.6678,13.0651
42.9,25284,470,169,-982,39.6789,13.0547
47.1,25529,465,138,-872,39.6849,13.0772
47.0,26926,467,158,-942,39.6740,13.0630
51.8,25682,462,163,-838,39.6667,13.0688
52.7,25924,466,149,-801,39.6656,13.0523
50.7,26357,465,137,-838,39.6644,13.0005
47.8,26467,470,150,-897,39.6742,13.0545
48.2,26014,463,153,-878,39.6717,13.0411
48.1,26692,465,154,-903,39.6630,13.0388
46.9,25166,471,135,-863,39.6831,13.0861
49.4,26314,470,147,-872,39.6673,13.0730
50.7,25524,464,135,-809,39.6677,13.0402
51.8,26590,468,139,-827,39.6727,13.0788
45.9,26229,470,168,-950,39.6781,13.0609
44.9,26889,465,158,-978,39.6806,13.0807
51.0,25239,465,130,-808,39.6768,13.0745
43.4,26890,471,176,-1045,39.6665,13.0465
53.8,26134,468,136,-785,39.6677,13.0910
48.8,25051,465,147,-856,39.6684,13.0231
53.4,26734,466,131,-810,39.6667,13.0517
50.7,25254,471,174,-862,39.6650,13.0616
47.3,26553,472,130,-889,39.6703,13.0230
45.3,25805,465,133,-911,39.6716,13.0150
45.1,26179,470,162,-961,39.6797,13.0942
50.7,26561,467,149,-850,39.6746,13.0836
49.9,25756,468,154,-857,39.6591,13.0191
43.7,24928,464,156,-930,39.6751,13.0552
49.5,25387,465,158,-856,39.6712,13.0697
52.2,26750,472,134,-804,39.6726,13.0917
52.3,25613,465,164,-823,39.6625,13.0281
51.1,26702,462,149,-862,39.6809,13.0909
42.5,25054,464,179,-990,39.6748,13.0870
49.9,24999,467,163,-843,39.6527,13.0195
49.7,25213,470,141,-827,39.6794,13.0917
45.2,26285,469,172,-970,39.6649,13.0526
47.3,26788,466,147,-928,39.6772,13.0941
51.9,25396,464,132,-797,39.6769,13.0698
49.0,25383,472,147,-858,39.6767,13.0626
50.8,26020,462,151,-850,39.6624,13.0311
48.4,26475,466,175,-925,39.6556,13.0115
43.0,25522,465,163,-984,39.6809,13.0755
50.1,26084,467,123,-825,39.6745,13.0349
44.7,26026,466,129,-913,39.6884,13.0790
51.3,26284,466,119,-809,39.6630,13.0152
45.2,26089,465,150,-948,39.6666,13.0169
49.4,26693,467,149,-876,39.6660,13.0181
46.4,26399,468,165,-950,39.6807,13.0784
50.3,25525,471,149,-832,39.6745,13.0867
55.0,26017,467,117,-750,39.6663,13.0143
43.7,25505,467,156,-965,39.6830,13.0733
47.5,26633,469,173,-947,39.6588,13.0109
44.0,25995,466,156,-962,39.6681,13.0109
46.1,26447,469,168,-953,39.6758,13.0530
48.5,25130,462,160,-871,39.6632,13.0225
49.3,26078,467,122,-837,39.6625,13.0269
44.7,25149,469,164,-939,39.6698,13.0569
46.6,26475,465,172,-957,39.6709,13.0548
53.2,26742,466,154,-827,39.6537,13.0289
45.9,26471,466,177,-982,39.6686,13.0387
50.4,25975,464,120,-822,39.6615,13.0172
45.0,26195,466,150,-957,39.6741,13.0521
44.6,26446,471,158,-972,39.6783,13.0495
48.2,25966,470,145,-882,39.6757,13.0523
53.4,26172,467,120,-781,39.6821,13.0825
48.1,26180,467,168,-915,39.6546,13.0208
50.7,26383,462,147,-858,39.6678,13.0315
51.2,25863,467,144,-810,39.6631,13.0474
52.1,24980,469,145,-801,39.6621,13.0083
50.9,25820,471,134,-824,39.6634,13.0268
44.0,24959,462,151,-934,39.6837,13.0893
44.9,24984,466,160,-923,39.6791,13.0898
46.0,25630,465,184,-951,39.6565,13.0051
46.9,26443,469,150,-918,39.6656,13.0335
43.5,26790,467,184,-1035,39.6721,13.0701
45.3,26630,466,164,-986,39.6637,13.0008
45.7,25917,471,151,-926,39.6721,13.0332
44.0,26457,466,174,-999,39.6611,13.0107
50.8,26712,465,150,-870,39.6710,13.0501
48.5,26383,472,167,-907,39.6620,13.0394
48.8,25198,469,139,-848,39.6723,13.0780
44.5,26516,463,173,-983,39.6688,13.0430
47.8,24968,463,152,-859,39.6775,13.0740
44.7,25548,465,170,-962,39.6705,13.0467
44.9,26918,471,139,-962,39.6813,13.0472
42.8,25585,464,170,-989,39.6805,13.0965
50.1,25579,468,146,-832,39.6606,13.0143
46.8,25515,469,119,-867,39.6749,13.0174
50.4,25942,463,158,-870,39.6549,13.0083
47.3,25501,465,185,-922,39.6663,13.0422
44.5,26252,468,177,-984,39.6748,13.0648
49.5,25737,468,165,-857,39.6649,13.0435
45.1,26627,463,138,-935,39.6660,13.0390
46.7,25917,463,170,-939,39.6690,13.0763
47.5,25042,465,173,-889,39.6731,13.0601
53.3,26345,464,138,-806,39.6681,13.0889
51.8,25203,462,136,-792,39.6777,13.0647
44.1,25877,469,153,-957,39.6812,13.0929
52.0,26285,463,151,-819,39.6713,13.0975
45.2,26556,469,155,-969,39.6709,13.0637
47.5,26872,467,144,-909,39.6763,13.0713
45.1,24991,467,160,-916,39.6712,13.0302
53.3,26027,463,137,-801,39.6637,13.0226
51.5,26254,468,133,-829,39.6637,13.0441
44.4,26244,468,148,-950,39.6739,13.0554
51.6,25844,469,126,-799,39.6670,13.0178
50.7,26080,471,144,-837,39.6609,13.0065
51.3,26530,471,125,-815,39.6651,13.0336
45.9,26836,466,141,-944,39.6693,13.0579
45.9,25977,467,178,-951,39.6637,13.0317
50.0,25421,468,165,-851,39.6725,13.0702
53.8,26421,469,139,-807,39.6644,13.0594
45.1,25461,463,144,-919,39.6719,13.0106
46.7,26291,467,172,-952,39.6657,13.0198
54.7,26838,469,132,-794,39.6600,13.0182
50.5,26456,466,141,-862,39.6819,13.0927
51.5,26485,466,161,-849,39.6701,13.0581
50.2,26685,465,145,-854,39.6748,13.0736
46.9,26288,464,149,-912,39.6673,13.0592
52.1,25953,462,125,-789,39.6662,13.0351
43.6,25118,468,180,-990,39.6645,13.0153
52.2,26270,464,156,-846,39.6681,13.0963
46.8,26504,468,170,-956,39.6596,13.0182
51.9,25723,464,155,-836,39.6778,13.0819
50.0,25372,463,168,-861,39.6627,13.0156
49.6,26407,466,153,-882,39.6642,13.0502
44.0,26044,464,179,-1016,39.6631,13.0227
43.6,26461,466,162,-996,39.6676,13.0382
44.4,26416,469,162,-980,39.6772,13.0821
50.9,25122,469,160,-821,39.6589,13.0182
48.0,26762,466,145,-916,39.6637,13.0459
53.1,26896,468,134,-810,39.6582,13.0072
44.2,25063,470,135,-907,39.6765,13.0279
47.5,26220,465,153,-913,39.6686,13.0386
51.8,25533,462,154,-817,39.6526,13.0252
52.8,26727,467,143,-822,39.6582,13.0518
50.7,26242,462,140,-847,39.6568,13.0060
49.5,25365,465,170,-862,39.6537,13.0251
43.9,26603,465,159,-1002,39.6665,13.0278
53.2,26333,468,134,-799,39.6649,13.0446
44.8,26459,471,160,-964,39.6604,13.0109
46.0,25353,466,130,-879,39.6687,13.0003
53.3,26252,467,140,-811,39.6711,13.0908
47.6,26181,465,156,-919,39.6750,13.0894
44.1,25976,470,183,-991,39.6775,13.0555
54.6,26730,468,121,-779,39.6815,13.0929
48.0,25164,465,161,-875,39.6747,13.0815
49.2,25341,466,138,-824,39.6676,13.0601
49.2,25018,471,150,-845,39.6727,13.0555
48.0,26814,462,131,-896,39.6680,13.0262
43.5,25387,464,145,-944,39.6803,13.0547
52.1,26168,463,160,-840,39.6535,13.0274
50.6,26677,472,162,-890,39.6645,13.0792
48.4,26616,469,144,-890,39.6630,13.0324
46.1,26713,466,142,-936,39.6777,13.0750
52.1,25057,464,133,-772,39.6728,13.1031
47.0,25862,463,146,-904,39.6744,13.0825
45.4,25077,465,124,-881,39.6727,13.0033
43.3,25700,470,160,-978,39.6835,13.0598
48.1,26159,467,164,-901,39.6756,13.0969
49.8,26223,470,151,-856,39.6634,13.0325
46.5,25041,464,150,-898,39.6808,13.0818
44.8,26104,465,157,-956,39.6730,13.0531
49.3,25183,472,143,-844,39.6798,13.0709
45.9,26160,466,129,-907,39.6837,13.0811
53.1,26661,466,167,-843,39.6599,13.0646
52.4,26588,472,142,-836,39.6629,13.0084
49.1,25624,462,164,-861,39.6629,13.0580
52.7,25123,470,141,-774,39.6540,13.0116
47.5,26588,465,161,-939,39.6662,13.0628
45.9,24993,464,157,-913,39.6817,13.0901
49.1,26060,472,139,-852,39.6680,13.0246
47.8,26036,471,186,-930,39.6577,13.0168
48.4,25132,472,167,-868,39.6608,13.0330
52.7,25353,469,138,-786,39.6731,13.0911
46.8,25052,467,143,-873,39.6667,13.0377
47.3,26507,465,162,-929,39.6792,13.0654
48.9,25647,468,146,-858,39.6795,13.0708
50.4,26415,472,149,-860,39.6743,13.0612
45.0,24978,466,180,-951,39.6684,13.0391
50.0,25667,464,144,-842,39.6617,13.0137
51.4,26665,469,122,-825,39.6679,13.0408
48.6,26170,463,150,-892,39.6711,13.0873
44.3,26696,470,165,-1002,39.6624,13.0340
49.1,26244,465,137,-867,39.6659,13.0036
47.1,26095,470,138,-878,39.6730,13.0846
43.6,25657,463,159,-966,39.6697,13.0011
43.6,25734,465,159,-987,39.6780,13.0493
46.9,26321,464,153,-910,39.6821,13.0899
51.5,26761,468,182,-882,39.6588,13.0216
47.8,26038,469,143,-879,39.6578,13.0127
45.3,25006,463,141,-885,39.6774,13.0563
47.2,26907,463,171,-945,39.6751,13.0976
49.8,26173,469,152,-853,39.6531,13.0142
47.5,26044,469,147,-885,39.6755,13.0525
50.6,26817,463,170,-891,39.6696,13.0943
49.9,25794,464,147,-842,39.6685,13.0727
49.1,26509,469,128,-849,39.6637,13.0378
53.2,26369,470,165,-827,39.6623,13.0357
44.1,24960,470,171,-947,39.6765,13.0662
42.6,25240,463,165,-980,39.6710,13.0120
48.2,25308,471,156,-878,39.6666,13.0202
53.4,26376,470,135,-790,39.6498,13.0131
46.6,26525,467,153,-943,39.6811,13.0685
49.2,26084,467,146,-873,39.6742,13.0776
51.1,26027,472,149,-843,39.6667,13.0712
43.7,25288,468,145,-944,39.6853,13.0804
49.4,26896,465,165,-919,39.6691,13.0453
44.8,25709,467,160,-957,39.6664,13.0229
51.9,26336,463,159,-844,39.6578,13.0517
42.8,25392,467,164,-978,39.6718,13.0327
51.7,26607,463,161,-859,39.6723,13.0754
48.1,26361,468,127,-876,39.6664,13.0307
49.0,26850,468,133,-868,39.6693,13.0627
45.2,26360,469,175,-971,39.6631,13.0545
49.4,26118,471,129,-845,39.6772,13.0652
51.8,26326,470,115,-806,39.6808,13.0830
49.5,25054,463,143,-821,39.6568,13.0042
53.1,25946,466,126,-779,39.6747,13.0719
48.1,26506,465,140,-897,39.6646,13.0484
47.6,26359,465,176,-931,39.6709,13.0937
48.2,25756,471,136,-853,39.6709,13.0475
47.7,26900,463,164,-929,39.6660,13.0237
49.6,26232,470,157,-873,39.6656,13.0267
53.3,25537,467,133,-785,39.6813,13.0869
44.6,26312,467,144,-964,39.6640,13.0136
47.5,26823,465,172,-953,39.6688,13.0845
46.2,26068,467,168,-953,39.6719,13.0782
49.5,25114,467,170,-852,39.6656,13.0787
43.0,25470,464,153,-973,39.6722,13.0548
42.4,24973,465,158,-974,39.6775,13.0237
52.4,26678,464,151,-831,39.6725,13.0769
52.0,26442,464,156,-845,39.6656,13.0872
47.2,25955,469,142,-880,39.6661,13.0442
52.0,25218,471,159,-809,39.6700,13.0680
49.8,25177,464,169,-857,39.6541,13.0168
54.1,26897,465,153,-819,39.6622,13.0439
48.5,25076,464,147,-853,39.6828,13.0928
51.5,26087,464,158,-837,39.6594,13.0470
47.7,25052,470,155,-878,39.6720,13.0674
53.2,25743,467,122,-771,39.6628,13.0025
46.9,25618,464,139,-890,39.6682,13.0501
49.9,26220,469,133,-850,39.6706,13.0492
45.4,26513,467,164,-965,39.6569,13.0129
52.1,25937,470,126,-794,39.6792,13.0725
45.7,26427,467,156,-960,39.6753,13.0564
52.7,25046,468,146,-782,39.6676,13.0799
51.9,25089,464,154,-797,39.6700,13.1028
48.1,25381,462,156,-876,39.6626,13.0326
47.7,26613,465,162,-919,39.6708,13.0717
46.1,26819,463,180,-987,39.6727,13.0510
48.7,25041,468,140,-842,39.6634,13.0278
43.1,25982,465,178,-1027,39.6791,13.0560
44.0,26407,469,167,-988,39.6865,13.0882
48.0,26565,465,143,-891,39.6696,13.0250
54.0,26141,467,130,-786,39.6595,13.0382
45.0,25123,463,151,-924,39.6776,13.0905
46.2,25600,463,173,-936,39.6652,13.0403
43.7,26297,470,166,-993,39.6796,13.0822
54.0,26429,466,136,-791,39.6660,13.0350
45.6,25554,468,175,-950,39.6811,13.0851
51.2,26097,466,147,-843,39.6763,13.0901
51.5,26478,467,144,-848,39.6575,13.0020
45.6,25644,466,139,-907,39.6796,13.0882
50.6,26067,464,137,-818,39.6620,13.0091
45.1,26236,463,148,-954,39.6847,13.0831
44.3,25484,472,173,-978,39.6754,13.0902
46.1,25180,470,157,-901,39.6830,13.0840
47.7,26227,472,164,-915,39.6616,13.0278
52.7,26621,462,138,-810,39.6548,13.0151
47.6,25774,463,157,-893,39.6671,13.0375
47.6,26874,471,170,-948,39.6565,13.0321
46.1,26700,462,162,-965,39.6777,13.0865
51.6,26703,471,128,-829,39.6795,13.0886
52.8,25835,469,144,-806,39.6721,13.0591
49.0,26038,468,129,-833,39.6733,13.0549
42.7,25655,472,164,-1003,39.6830,13.0651
47.5,26121,470,174,-928,39.6734,13.0557
49.0,25621,469,188,-895,39.6580,13.0201
42.5,25503,467,184,-1030,39.6682,13.0498
46.5,26367,464,132,-897,39.6831,13.0780
45.5,25778,463,175,-958,39.6757,13.0549
49.3,26067,466,151,-857,39.6686,13.0649
51.8,26055,464,164,-857,39.6692,13.0756
47.8,26846,469,138,-888,39.6717,13.0293
44.4,25918,462,148,-937,39.6763,13.0664
44.0,26430,470,175,-1004,39.6763,13.0705
46.5,25786,464,143,-899,39.6663,13.0096
45.2,26924,465,159,-969,39.6750,13.0822
52.4,26307,464,141,-823,39.6705,13.0834
49.8,25792,468,162,-879,39.6604,13.0476
43.7,25316,468,160,-950,39.6675,13.0399
44.3,25350,468,163,-953,39.6791,13.0978
46.8,25000,471,149,-886,39.6667,13.0560
44.5,26766,463,162,-986,39.6604,13.0280
43.2,25873,465,167,-1008,39.6718,13.0297
45.4,26269,466,160,-951,39.6796,13.0608
46.9,25763,469,147,-890,39.6638,13.0394
48.5,25263,462,157,-858,39.6610,13.0070
50.8,26854,464,158,-866,39.6642,13.0384
53.9,25651,463,120,-765,39.6645,13.0145
48.1,26135,465,139,-887,39.6625,13.0336
45.7,26794,471,153,-958,39.6773,13.0460
47.5,25737,462,143,-882,39.6643,13.0401
46.3,26110,472,144,-906,39.6674,13.0008
49.1,25645,467,153,-854,39.6621,13.0475
51.8,26637,470,121,-810,39.6567,13.0155
47.5,26649,467,149,-897,39.6615,13.0125
46.0,26333,465,132,-923,39.6815,13.0837
53.6,26735,465,154,-833,39.6562,13.0386
49.7,25282,464,152,-848,39.6696,13.0503
49.5,25842,464,168,-888,39.6615,13.0270
44.7,25145,464,153,-923,39.6715,13.0583
44.6,26267,466,164,-968,39.6767,13.0554
48.9,26294,467,140,-862,39.6759,13.0700
46.6,26540,465,118,-893,39.6832,13.0856
53.3,26321,468,142,-808,39.6668,13.0598
50.7,25913,463,170,-872,39.6622,13.0303
50.1,25171,470,146,-825,39.6765,13.0737
46.0,26102,470,144,-916,39.6797,13.0983
49.5,25141,469,168,-862,39.6712,13.0989
48.6,25668,471,167,-891,39.6708,13.0670
49.6,25423,471,158,-853,39.6638,13.0685
42.9,25358,464,157,-974,39.6746,13.0154
47.0,26762,470,174,-961,39.6720,13.0709
43.8,25470,469,149,-960,39.6832,13.0886
46.0,26717,464,150,-942,39.6682,13.0292
45.6,26761,463,181,-986,39.6604,13.0394
50.7,25886,467,147,-829,39.6630,13.0041
46.9,26565,469,161,-928,39.6825,13.0900
49.6,26611,465,160,-895,39.6765,13.0680
44.9,25829,470,186,-985,39.6674,13.0710
43.9,25035,463,158,-951,39.6812,13.0830
52.8,26663,469,137,-818,39.6586,13.0339
47.9,26877,465,137,-897,39.6654,13.0021
45.7,25898,470,139,-911,39.6778,13.0522
44.3,25410,467,151,-939,39.6800,13.0697
43.8,26726,470,173,-1014,39.6776,13.0609
53.0,25725,472,139,-789,39.6740,13.0631
51.3,26279,466,160,-855,39.6634,13.0324
54.4,26622,471,140,-787,39.6587,13.0257
53.3,25948,463,132,-782,39.6683,13.0463
51.9,26180,470,160,-832,39.6655,13.0518
54.4,26392,467,124,-779,39.6765,13.0893
49.4,24981,470,174,-851,39.6620,13.0252
48.6,25357,470,133,-838,39.6746,13.0696
52.6,26341,467,130,-805,39.6683,13.0717
52.8,26447,471,146,-830,39.6631,13.0316
45.5,25663,466,181,-952,39.6686,13.0314
49.2,26727,463,153,-879,39.6596,13.0293
44.5,26121,466,146,-950,39.6730,13.0473
51.5,25190,468,159,-816,39.6511,13.0123
43.8,25366,466,175,-968,39.6701,13.0683
43.5,25226,471,162,-952,39.6807,13.0962
43.6,26035,468,161,-984,39.6701,13.0138
46.7,26497,468,140,-900,39.6779,13.0786
44.0,26599,466,188,-1023,39.6642,13.0001
47.6,26636,469,172,-939,39.6525,13.0138
47.6,26657,470,173,-942,39.6692,13.0860
46.0,25263,470,142,-885,39.6826,13.0667
42.7,25233,468,155,-980,39.6752,13.0647
46.4,25560,467,171,-918,39.6617,13.0182
46.4,25559,463,172,-943,39.6822,13.0869
46.6,26736,464,144,-914,39.6715,13.0354
46.4,26398,470,138,-917,39.6707,13.0649
51.5,25491,471,174,-852,39.6569,13.0111
46.8,26495,468,160,-928,39.6614,13.0352
47.7,24977,465,175,-900,39.6763,13.0926
46.8,25941,466,148,-903,39.6689,13.0116
48.1,25239,467,146,-857,39.6798,13.0727
46.0,26431,467,144,-927,39.6801,13.0703
47.6,26621,468,140,-908,39.6598,13.0040
51.7,25957,463,132,-813,39.6657,13.0288
51.9,24951,469,152,-797,39.6605,13.0404
45.2,25716,462,192,-970,39.6763,13.0723
44.5,25931,471,158,-958,39.6642,13.0291
50.5,25870,469,162,-865,39.6505,13.0153
53.1,25820,467,153,-794,39.6741,13.0944
45.4,26781,463,141,-956,39.6780,13.0612
51.6,25878,463,168,-849,39.6701,13.0851
48.4,25303,470,182,-889,39.6714,13.0831
47.4,26792,462,179,-951,39.6554,13.0356
46.4,26718,466,156,-951,39.6580,13.0197
52.5,25608,463,140,-797,39.6719,13.0781
45.5,25473,467,162,-926,39.6715,13.0657
47.3,26266,472,142,-908,39.6673,13.0082
52.3,26811,469,147,-841,39.6577,13.0181
45.4,26303,466,163,-974,39.6560,13.0069
46.6,25952,462,158,-912,39.6882,13.0963
48.6,26826,467,152,-896,39.6558,13.0081
44.4,25979,468,155,-967,39.6779,13.0558
45.1,26162,472,181,-982,39.6632,13.0563
43.3,25492,472,156,-978,39.6840,13.0916
45.9,26383,469,151,-923,39.6715,13.0763
48.1,25122,466,164,-883,39.6739,13.0691
52.2,26409,467,154,-837,39.6610,13.0596
52.4,25302,469,152,-795,39.6754,13.0976
51.2,26597,469,150,-843,39.6768,13.0760
52.2,25808,467,140,-800,39.6612,13.0207
52.0,26740,463,129,-804,39.6766,13.0793
46.9,25045,462,146,-875,39.6657,13.0370
48.5,25387,470,167,-879,39.6584,13.0292
45.1,26405,465,180,-992,39.6601,13.0135
46.5,26915,468,144,-925,39.6809,13.0970
54.0,26913,462,153,-819,39.6553,13.0043
46.8,25448,462,143,-890,39.6717,13.0396
52.4,25157,466,139,-775,39.6762,13.0688
50.9,26573,470,164,-882,39.6527,13.0257
51.9,26543,462,136,-829,39.6640,13.0587
52.2,25562,467,158,-822,39.6702,13.0831
47.9,25510,465,142,-871,39.6663,13.0142
53.6,26640,465,153,-814,39.6735,13.0790
43.2,25768,468,167,-990,39.6754,13.0324
48.3,25514,471,145,-866,39.6613,13.0268
50.2,26507,468,173,-890,39.6640,13.0803
51.2,26662,468,166,-883,39.6670,13.0888
52.1,26385,471,152,-836,39.6518,13.0201
47.4,25961,466,137,-869,39.6697,13.0231
51.8,26797,471,142,-844,39.6744,13.0931
43.2,25257,468,154,-947,39.6655,13.0102
45.5,26350,469,167,-963,39.6667,13.0074
47.0,26692,465,157,-926,39.6699,13.0479
47.0,26085,470,175,-943,39.6647,13.0369
47.2,26779,462,142,-926,39.6695,13.0379
54.4,26846,471,146,-802,39.6687,13.0932
50.2,25532,469,159,-850,39.6712,13.0606
49.4,26905,466,148,-894,39.6730,13.0919
44.0,25022,468,159,-947,39.6753,13.0791
52.4,25260,471,125,-779,39.6710,13.0699
54.0,26619,471,131,-804,39.6528,13.0066
49.3,26022,471,132,-839,39.6564,13.0113
50.2,25881,470,155,-841,39.6668,13.0674
44.5,25252,463,175,-965,39.6826,13.0781
48.3,25670,470,151,-870,39.6762,13.0683
47.6,26846,465,152,-929,39.6769,13.0704
51.8,25781,463,138,-813,39.6760,13.0962
47.7,26110,464,137,-890,39.6707,13.0581
46.3,25825,464,135,-900,39.6622,13.0192
46.1,26892,463,149,-939,39.6759,13.0526
46.6,25881,466,119,-878,39.6803,13.0539
53.2,24997,466,126,-760,39.6763,13.0720
45.3,25682,462,172,-948,39.6738,13.0884
46.8,25769,465,136,-895,39.6700,13.0396
48.8,25361,471,155,-868,39.6564,13.0084
46.6,25897,470,127,-888,39.6725,13.0627
49.5,25945,471,191,-900,39.6657,13.0708
46.8,25151,472,156,-892,39.6705,13.0566
44.3,25442,466,157,-961,39.6844,13.0844
43.0,25186,464,162,-981,39.6763,13.0700
48.6,26913,462,141,-886,39.6614,13.0369
51.2,26083,468,159,-855,39.6616,13.0211
48.2,26393,470,149,-904,39.6606,13.0322
48.3,26681,464,156,-901,39.6736,13.0649
47.0,26457,472,156,-927,39.6602,13.0267
49.8,25975,465,132,-847,39.6768,13.0699
47.7,26314,464,175,-922,39.6723,13.0820
48.0,25675,468,127,-858,39.6694,13.0252
47.8,26615,465,137,-893,39.6718,13.0786
45.1,26091,468,137,-923,39.6838,13.0822
47.7,26133,465,146,-896,39.6639,13.0087
44.3,25004,470,170,-954,39.6733,13.0827
44.7,24934,463,141,-905,39.6817,13.0633
44.3,25220,471,139,-928,39.6739,13.0635
45.1,26062,465,166,-964,39.6752,13.0780
50.1,25034,467,137,-816,39.6737,13.0626
45.5,25355,464,140,-887,39.6670,13.0284
46.7,25359,465,143,-888,39.6619,13.0251
52.6,26256,470,127,-798,39.6672,13.0296
48.7,24960,469,154,-842,39.6710,13.0539
48.1,26264,464,143,-895,39.6594,13.0039
52.4,26228,463,120,-801,39.6610,13.0051
46.3,25397,466,135,-877,39.6730,13.0275
48.6,25828,464,154,-867,39.6550,13.0060
46.1,26041,471,135,-909,39.6722,13.0226
45.0,26260,468,152,-946,39.6827,13.0904
52.1,25141,466,143,-803,39.6629,13.0215
43.8,25283,462,157,-953,39.6799,13.0580
48.2,26015,464,159,-895,39.6789,13.0796
51.0,26421,472,147,-853,39.6682,13.0659
46.0,26299,462,160,-950,39.6689,13.0104
45.7,25951,462,139,-912,39.6626,13.0219
48.1,25472,468,174,-904,39.6629,13.0533
46.3,25931,462,171,-935,39.6537,13.0138
51.1,25791,468,136,-802,39.6712,13.0797
50.1,26184,464,166,-865,39.6637,13.0261
43.9,25596,469,157,-954,39.6845,13.0744
52.1,26761,468,150,-830,39.6565,13.0358
50.0,25587,471,135,-815,39.6644,13.0081
51.3,26555,464,146,-844,39.6702,13.0922
44.9,25367,467,158,-926,39.6692,13.0635
53.4,25336,470,139,-772,39.6576,13.0188
53.3,26723,465,124,-804,39.6682,13.0508
47.2,26545,472,182,-944,39.6712,13.0769
43.4,25206,467,161,-958,39.6680,13.0175
52.3,25191,468,141,-773,39.6606,13.0408
46.4,26160,464,161,-933,39.6731,13.0408
47.8,26246,468,155,-914,39.6598,13.0276
50.2,25988,468,141,-836,39.6785,13.0952
52.6,25105,464,118,-768,39.6579,13.0074
53.8,26822,471,156,-819,39.6554,13.0185
47.7,25435,472,151,-881,39.6713,13.0844
47.4,26437,469,133,-888,39.6818,13.0955
52.2,26025,465,124,-796,39.6795,13.0752
44.6,25138,470,149,-929,39.6719,13.0467
44.1,25678,464,159,-969,39.6654,13.0302
43.6,25717,468,171,-974,39.6773,13.0486
43.0,25125,472,173,-987,39.6707,13.0231
49.2,25594,463,143,-842,39.6789,13.0947
44.5,26179,472,171,-974,39.6598,13.0276
52.3,25604,466,143,-805,39.6685,13.0580
50.3,25784,469,132,-819,39.6619,13.0023
51.4,26281,463,148,-831,39.6725,13.0832
52.1,25967,467,137,-812,39.6685,13.0719
48.7,26688,464,150,-897,39.6623,13.0214
44.8,25842,472,162,-962,39.6612,13.0059
46.7,25911,465,140,-896,39.6747,13.0487
45.7,25124,470,184,-937,39.6723,13.0920
45.6,26634,466,152,-940,39.6675,13.0536
51.0,26368,472,153,-854,39.6554,13.0228
43.0,25446,471,171,-986,39.6868,13.0853
45.0,25043,471,190,-958,39.6697,13.0754
52.3,25524,470,148,-803,39.6512,13.0201
46.5,26137,465,169,-939,39.6587,13.0234
47.4,26650,470,162,-930,39.6788,13.0740
51.7,26735,467,161,-853,39.6614,13.0583
50.6,26216,465,148,-860,39.6616,13.0065
44.6,25903,464,157,-966,39.6631,13.0136
52.2,26566,462,154,-851,39.6551,13.0022
46.1,26812,463,186,-984,39.6829,13.0913
42.9,25016,466,175,-989,39.6817,13.0914
50.7,26692,463,168,-872,39.6772,13.0969
42.9,25819,471,175,-1022,39.6650,13.0083
49.4,25352,465,140,-828,39.6641,13.0376
50.3,26507,463,157,-885,39.6765,13.0808
45.1,26222,465,133,-932,39.6932,13.0916
45.3,25927,462,184,-974,39.6617,13.0500
45.0,26792,471,156,-965,39.6762,13.0489
47.1,24932,466,159,-888,39.6656,13.0510
51.0,26177,469,154,-843,39.6670,13.0397
44.7,25385,465,137,-920,39.6814,13.0632
45.1,25345,463,177,-947,39.6738,13.0882
52.5,26222,465,153,-831,39.6633,13.0620
45.7,25758,468,126,-898,39.6866,13.0769
51.3,25621,471,140,-823,39.6703,13.0701
46.1,26878,462,172,-987,39.6680,13.0226
50.3,25831,472,152,-845,39.6678,13.0525
45.3,26173,466,166,-971,39.6755,13.0985
53.2,26216,468,133,-794,39.6759,13.0786
47.8,26645,462,155,-907,39.6735,13.0431
48.1,24987,464,143,-855,39.6843,13.0804
50.0,26042,468,133,-840,39.6773,13.0714
52.5,25924,462,147,-808,39.6647,13.0601
52.7,25693,470,144,-802,39.6726,13.0745
51.9,26049,467,156,-829,39.6762,13.0931
51.9,26360,466,144,-837,39.6656,13.0229
47.0,26396,464,125,-896,39.6861,13.0861
49.2,26476,467,175,-907,39.6701,13.0685
47.6,25561,466,171,-909,39.6712,13.0783
49.8,26090,463,162,-885,39.6691,13.0546
46.3,25491,470,182,-938,39.6771,13.0784
47.6,25959,468,132,-881,39.6781,13.0501
49.7,25157,468,177,-857,39.6589,13.0297
49.0,24960,470,143,-838,39.6617,13.0259
43.8,26092,465,164,-974,39.6722,13.0743
53.4,26754,469,140,-809,39.6584,13.0230
46.6,26496,463,151,-930,39.6801,13.0662
42.6,25354,465,177,-1004,39.6778,13.0804
48.5,26442,465,165,-900,39.6731,13.0826
49.3,25714,470,157,-860,39.6516,13.0108
45.9,26008,463,173,-966,39.6687,13.0579
45.7,25756,471,160,-923,39.6740,13.0403
49.8,26638,464,142,-874,39.6705,13.0427
46.7,24938,465,169,-896,39.6610,13.0241
46.9,26155,472,164,-927,39.6825,13.0852
44.4,26048,466,161,-971,39.6672,13.0090
46.7,25218,472,168,-914,39.6678,13.0612
44.3,26906,463,162,-995,39.6731,13.0625
48.8,26590,464,148,-894,39.6743,13.0830
47.9,25935,468,149,-872,39.6562,13.0196
46.1,25875,468,169,-944,39.6732,13.0550
52.8,26666,464,132,-806,39.6621,13.0183
45.3,25391,463,148,-916,39.6662,13.0378
54.0,26169,468,134,-771,39.6674,13.0603
44.8,26427,469,167,-986,39.6750,13.0466
47.8,26613,471,172,-934,39.6599,13.0384
47.2,26797,467,154,-919,39.6706,13.0316
50.6,26323,465,143,-845,39.6604,13.0027
52.7,26884,468,167,-868,39.6614,13.0265
43.5,25027,469,170,-951,39.6709,13.0709
45.7,26700,472,172,-967,39.6691,13.0780
44.6,26286,464,169,-987,39.6793,13.0729
51.1,26097,469,158,-840,39.6602,13.0475
44.0,25773,469,149,-964,39.6736,13.0465
44.7,25994,463,157,-950,39.6687,13.0403
50.0,25916,470,176,-886,39.6651,13.0409
48.7,26721,462,154,-906,39.6681,13.0179
46.6,25776,467,149,-900,39.6631,13.0086
45.8,25317,465,150,-915,39.6811,13.0653
52.6,26332,471,143,-816,39.6679,13.0693
51.8,25471,469,135,-794,39.6694,13.0691
51.4,26615,463,112,-814,39.6658,13.0028
49.0,26523,468,169,-905,39.6710,13.0947
49.5,25540,468,139,-838,39.6831,13.0802
43.2,25876,464,163,-987,39.6881,13.0894
43.6,26005,466,166,-996,39.6869,13.0890
47.1,24956,467,158,-875,39.6735,13.0766
45.5,26921,462,159,-959,39.6674,13.0239
50.6,26475,464,161,-876,39.6528,13.0144
44.4,26262,463,147,-948,39.6673,13.0111
48.4,25863,471,157,-886,39.6607,13.0180
50.9,25495,465,139,-825,39.6671,13.0315
43.8,25658,464,166,-983,39.6751,13.0477
53.5,26459,465,129,-800,39.6684,13.0606
51.9,26907,470,140,-824,39.6565,13.0406
51.6,24995,468,159,-815,39.6629,13.0359
44.5,25279,470,153,-936,39.6785,13.0777
49.4,24950,466,144,-837,39.6794,13.0745
43.7,25591,472,171,-973,39.6744,13.0774
43.6,26380,467,169,-1000,39.6761,13.0709
48.8,25473,471,164,-875,39.6626,13.0211
47.1,26224,465,149,-919,39.6575,13.0181
50.5,26063,465,134,-829,39.6764,13.0637
50.1,26617,470,145,-867,39.6694,13.0789
48.8,26396,464,163,-907,39.6585,13.0061
45.6,25275,467,151,-917,39.6657,13.0356
50.0,25142,471,145,-815,39.6736,13.0915
49.6,26193,467,156,-883,39.6531,13.0142
46.0,26445,462,134,-898,39.6808,13.0889
46.8,25777,472,181,-926,39.6528,13.0105
45.5,26317,466,154,-943,39.6735,13.0465
52.7,25878,465,118,-778,39.6706,13.0495
48.5,26141,471,146,-882,39.6733,13.0906
51.6,24997,469,154,-806,39.6618,13.0540
46.6,25299,462,134,-877,39.6685,13.0267
48.5,26342,467,163,-908,39.6761,13.0615
47.1,25425,466,144,-889,39.6828,13.0788
46.2,26439,463,169,-952,39.6792,13.0934
52.6,26258,467,146,-813,39.6725,13.0892
45.2,26441,463,142,-945,39.6760,13.0626
54.2,26704,466,150,-801,39.6716,13.0987
52.1,25937,467,177,-849,39.6543,13.0196
42.9,25635,464,191,-1023,39.6695,13.0468
44.0,25628,463,170,-968,39.6720,13.0248
44.7,26871,470,167,-989,39.6717,13.0600
42.6,25031,465,167,-992,39.6766,13.0739
43.9,25488,464,179,-978,39.6760,13.0465
51.4,25449,467,140,-804,39.6607,13.0118
52.4,25219,469,135,-781,39.6748,13.0861
43.4,25550,468,162,-981,39.6714,13.0539
44.2,26763,467,171,-1016,39.6674,13.0032
47.8,26233,468,139,-874,39.6676,13.0594
49.1,26037,472,147,-852,39.6631,13.0411
50.6,25799,462,146,-848,39.6779,13.0658
53.7,26843,464,128,-802,39.6674,13.0519
50.4,26035,463,163,-857,39.6661,13.0653
46.2,26697,471,157,-955,39.6694,13.0570
45.8,25691,466,151,-910,39.6812,13.0884
52.8,25237,469,143,-777,39.6610,13.0324
43.7,25480,470,149,-962,39.6796,13.0389
43.3,25876,467,154,-982,39.6788,13.0631
47.4,25077,471,152,-883,39.6675,13.0529
50.1,25373,469,182,-866,39.6539,13.0103
49.0,25825,471,170,-897,39.6752,13.0862
52.1,26185,462,136,-824,39.6617,13.0289
49.9,26619,470,170,-888,39.6726,13.0659
45.1,26320,465,158,-968,39.6660,13.0398
48.4,25972,466,158,-881,39.6668,13.0412
48.5,25288,462,159,-868,39.6606,13.0157
51.4,25277,468,168,-830,39.6609,13.0307
45.1,25748,467,163,-953,39.6651,13.0190
44.4,26357,471,166,-982,39.6807,13.0930
44.0,24942,462,153,-940,39.6773,13.0774
42.4,25144,469,186,-1007,39.6642,13.0152
43.6,24981,463,161,-949,39.6774,13.0621
49.0,24983,465,151,-837,39.6625,13.0262
47.8,25759,471,159,-897,39.6708,13.0432
49.5,26818,467,163,-905,39.6718,13.0795
43.2,24981,464,163,-972,39.6722,13.0412
51.0,25773,467,144,-838,39.6691,13.0411
48.1,25295,466,175,-892,39.6639,13.0428
43.5,25059,463,163,-955,39.6746,13.0574
43.2,25001,471,187,-991,39.6580,13.0087
46.1,26203,466,164,-939,39.6740,13.0647
48.9,26580,468,142,-868,39.6582,13.0138
44.0,25324,462,164,-961,39.6704,13.0654
45.9,25520,472,169,-923,39.6665,13.0179
48.4,26412,470,135,-865,39.6649,13.0347
45.8,25317,470,166,-916,39.6694,13.0317
45.5,26020,469,139,-913,39.6890,13.0860
52.1,25523,472,141,-793,39.6714,13.0711
47.2,26623,463,134,-892,39.6587,13.0156
49.5,25503,465,149,-846,39.6715,13.0410
45.0,26043,466,170,-972,39.6642,13.0138
51.7,26416,468,140,-824,39.6683,13.0462
48.0,26377,463,181,-931,39.6633,13.0575
43.7,26445,470,183,-1017,39.6739,13.0951
50.8,25695,466,143,-823,39.6540,13.0157
47.9,25081,462,129,-851,39.6836,13.0690
44.4,25551,463,161,-955,39.6685,13.0208
50.1,26035,469,167,-876,39.6526,13.0317
44.2,25320,469,150,-925,39.6721,13.0486
48.2,25252,467,144,-849,39.6720,13.0404
47.8,26905,462,126,-883,39.6645,13.0187
47.0,25938,466,160,-923,39.6599,13.0061
47.3,26785,472,147,-927,39.6714,13.0593
45.1,26509,471,150,-957,39.6839,13.0914
48.7,25590,463,126,-837,39.6614,13.0082
44.9,26146,467,152,-942,39.6832,13.0696
45.7,26504,471,177,-989,39.6828,13.0951
53.2,26096,464,137,-791,39.6637,13.0404
48.9,26605,466,177,-916,39.6726,13.0937
52.3,25440,471,148,-796,39.6575,13.0068
44.1,25172,466,186,-972,39.6734,13.0470
51.2,26832,469,126,-839,39.6695,13.0351
52.4,26812,464,133,-823,39.6698,13.0815
52.3,26256,463,151,-819,39.6572,13.0250
44.6,26131,472,177,-995,39.6715,13.0770
49.5,25000,466,131,-824,39.6831,13.0917
48.9,26180,472,149,-884,39.6653,13.0054
44.2,26412,463,156,-961,39.6673,13.0194
48.0,25915,467,141,-856,39.6745,13.0706
47.6,25535,470,156,-897,39.6569,13.0101
52.2,25652,462,147,-807,39.6664,13.0378
43.5,25338,468,162,-963,39.6681,13.0435
46.7,26601,468,153,-930,39.6717,13.0284
43.8,24953,471,146,-930,39.6799,13.0631
52.7,26393,470,132,-809,39.6736,13.0491
48.4,25997,468,162,-895,39.6770,13.0791
50.7,25871,464,134,-829,39.6765,13.0727
48.3,26638,472,156,-896,39.6662,13.0515
46.4,26256,467,172,-947,39.6717,13.0785
44.7,25301,465,135,-917,39.6692,13.0260
53.4,25633,464,128,-774,39.6707,13.0740
46.2,26891,472,145,-925,39.6828,13.0936
53.3,25938,463,121,-767,39.6766,13.0717
48.5,25089,470,162,-869,39.6593,13.0012
42.8,25188,464,165,-994,39.6821,13.0851
45.0,26564,462,161,-984,39.6707,13.0566
45.5,25138,464,168,-923,39.6652,13.0507
49.3,26130,465,152,-869,39.6657,13.0283
52.4,26821,466,137,-819,39.6675,13.0702
54.7,26579,471,135,-780,39.6734,13.0950
44.1,25291,467,196,-992,39.6681,13.0299
45.6,25270,470,159,-924,39.6682,13.0402
44.7,26752,463,151,-978,39.6769,13.0828
51.7,25802,468,157,-817,39.6793,13.0965
43.9,25250,466,141,-920,39.6656,13.0120
51.0,26093,470,167,-848,39.6531,13.0401
44.2,26103,464,146,-957,39.6668,13.0226
51.7,25809,465,124,-793,39.6614,13.0132
47.6,25992,468,144,-879,39.6795,13.0773
51.1,25827,464,145,-830,39.6581,13.0191
43.4,25153,470,141,-948,39.6847,13.0600
47.7,26423,469,181,-943,39.6677,13.0434
46.2,25105,472,168,-921,39.6680,13.0449
50.5,25061,471,158,-831,39.6614,13.0507
46.0,25816,467,143,-895,39.6716,13.0640
48.1,26199,468,166,-917,39.6787,13.0951
45.8,25975,472,143,-915,39.6756,13.0404
52.5,26435,468,166,-854,39.6565,13.0623
45.3,25564,468,167,-939,39.6684,13.0244
43.6,25211,468,156,-938,39.6805,13.0881
46.6,26150,465,167,-925,39.6804,13.0788
48.7,26903,470,129,-865,39.6701,13.0334
50.3,26487,465,168,-897,39.6712,13.0724
45.6,26781,465,170,-994,39.6802,13.0922
47.1,25652,463,174,-932,39.6721,13.0425
44.3,25868,462,151,-948,39.6737,13.0592
50.5,25617,464,133,-818,39.6653,13.0535
41.8,24969,467,175,-1012,39.6736,13.0678
44.2,25651,463,156,-963,39.6845,13.0934
52.3,25961,469,153,-817,39.6682,13.0681
47.0,25123,469,165,-901,39.6584,13.0061
47.8,26454,470,157,-926,39.6782,13.0928
53.6,26074,468,146,-792,39.6589,13.0330
45.2,26009,466,169,-970,39.6769,13.0489
47.8,26109,469,145,-885,39.6621,13.0413
47.0,26564,469,133,-899,39.6874,13.0900
48.4,26182,471,168,-900,39.6618,13.0210
49.5,26060,470,152,-871,39.6616,13.0383
46.1,25408,467,137,-881,39.6649,13.0249
49.2,25316,472,169,-864,39.6591,13.0460
45.9,25470,471,170,-926,39.6709,13.0560
45.3,25162,469,146,-908,39.6836,13.0990
48.3,26614,467,168,-916,39.6578,13.0268
49.7,25885,462,174,-889,39.6643,13.0379
48.4,26840,464,137,-885,39.6655,13.0518
43.9,25873,466,157,-974,39.6661,13.0276
50.6,26351,468,129,-828,39.6571,13.0138
48.0,25536,471,144,-868,39.6570,13.0069
50.3,26920,467,178,-907,39.6771,13.0931
46.9,24956,463,175,-920,39.6695,13.0259
46.0,25166,464,138,-887,39.6870,13.0909
50.7,26318,468,140,-827,39.6653,13.0485
45.1,25527,470,184,-964,39.6744,13.0593
51.8,26652,469,139,-831,39.6689,13.0339
47.4,25635,469,142,-889,39.6640,13.0167
44.1,25227,463,150,-938,39.6853,13.0752
44.2,25621,467,149,-951,39.6599,13.0119
43.6,25470,469,163,-974,39.6800,13.0689
42.4,25911,463,193,-1045,39.6559,13.0117
47.1,26122,467,167,-931,39.6778,13.0846
49.6,26889,472,177,-909,39.6583,13.0500
48.8,25608,468,142,-844,39.6679,13.0665
45.7,26871,469,138,-929,39.6808,13.0805
42.8,25582,464,159,-992,39.6662,13.0170
44.7,26510,463,171,-1001,39.6745,13.0601
48.3,26585,466,140,-874,39.6816,13.0785
51.0,26087,470,143,-826,39.6573,13.0363
44.2,25129,466,144,-929,39.6798,13.0827
44.9,26898,472,178,-1001,39.6528,13.0107
49.3,26357,462,142,-878,39.6549,13.0074
48.4,26596,471,147,-892,39.6692,13.0598
44.7,25083,471,141,-906,39.6787,13.0729
48.7,25806,464,173,-895,39.6760,13.0714
48.6,26108,468,148,-886,39.6757,13.0629
47.5,26391,463,128,-886,39.6682,13.0382
51.2,26499,464,159,-853,39.6680,13.0810
50.5,25292,467,130,-808,39.6733,13.0676
48.7,26224,464,174,-919,39.6661,13.0569
51.5,25383,465,147,-819,39.6737,13.0603
44.9,25241,464,152,-936,39.6766,13.0348
46.0,26400,467,154,-936,39.6665,13.0039
44.1,26219,465,162,-984,39.6599,13.0142
49.1,25533,467,131,-834,39.6737,13.0350
45.3,26625,470,136,-927,39.6783,13.0333
50.8,25167,471,134,-798,39.6564,13.0148
46.1,26456,466,153,-939,39.6798,13.0589
48.2,24990,466,153,-842,39.6696,13.0675
46.8,25391,471,147,-881,39.6687,13.0121
45.4,25023,472,161,-906,39.6733,13.0656
45.1,26750,468,146,-950,39.6650,13.0204
45.7,26561,463,128,-922,39.6883,13.0736
46.2,26794,469,147,-929,39.6785,13.0711
46.4,26289,462,130,-896,39.6805,13.0841
50.8,24957,467,171,-828,39.6593,13.0275
52.3,25491,471,153,-806,39.6627,13.0751
48.5,26751,467,138,-894,39.6714,13.0512
45.7,25827,468,149,-935,39.6781,13.0426
44.7,26902,466,153,-991,39.6757,13.0638
46.6,24977,462,157,-901,39.6731,13.0733
48.3,26206,471,190,-924,39.6549,13.0215
44.8,25455,467,183,-979,39.6700,13.0509
44.9,26173,471,168,-980,39.6825,13.0787
53.7,26906,462,134,-803,39.6694,13.0849
53.0,26759,462,140,-822,39.6645,13.0613
47.6,26148,465,124,-873,39.6746,13.0713
43.1,25669,464,170,-999,39.6713,13.0255
45.7,26503,468,146,-941,39.6603,13.0119
47.6,26663,471,160,-922,39.6648,13.0645
51.2,25004,464,159,-822,39.6653,13.0455
51.7,26510,469,160,-861,39.6738,13.0797
43.9,25950,471,176,-990,39.6620,13.0217
45.7,25440,471,170,-923,39.6755,13.0817
49.4,26724,467,146,-864,39.6662,13.0703
46.8,26911,469,153,-950,39.6729,13.0617
43.8,25273,470,148,-946,39.6740,13.0148
49.7,26034,466,133,-846,39.6777,13.0521
47.2,25446,466,170,-915,39.6726,13.0848
51.2,25140,463,177,-831,39.6682,13.0705
49.5,25719,462,152,-848,39.6640,13.0516
53.3,25138,468,134,-762,39.6755,13.0936
46.4,25375,471,178,-925,39.6605,13.0055
45.9,25939,468,142,-911,39.6769,13.0790
49.3,25808,462,140,-841,39.6795,13.0786
49.2,25014,467,139,-832,39.6728,13.0789
46.5,26372,471,152,-918,39.6785,13.0676
53.2,25443,467,130,-780,39.6544,13.0069
44.4,25987,465,147,-949,39.6801,13.0708
51.0,25345,466,165,-826,39.6759,13.0773
47.9,26783,464,156,-904,39.6637,13.0358
53.6,26121,471,142,-797,39.6710,13.0590
47.4,24942,471,159,-868,39.6719,13.0566
50.9,26437,463,161,-863,39.6559,13.0123
47.0,26014,466,156,-908,39.6822,13.0941
44.3,25074,469,162,-948,39.6868,13.0832
47.0,25641,463,130,-875,39.6642,13.0165
53.3,26668,466,159,-823,39.6529,13.0148
45.8,26247,468,144,-932,39.6592,13.0083
44.9,26232,463,128,-930,39.6829,13.0613
51.5,25643,467,119,-794,39.6751,13.0885
45.8,25111,466,158,-909,39.6685,13.0274
47.0,25726,469,144,-886,39.6624,13.0370
47.6,25140,463,139,-856,39.6815,13.0736
43.7,26162,469,164,-1000,39.6731,13.0273
51.9,26604,468,126,-801,39.6722,13.0539
49.5,25327,470,178,-880,39.6718,13.0976
45.1,25933,468,142,-934,39.6828,13.0744
49.0,25462,471,155,-864,39.6834,13.0896
50.0,25230,468,134,-811,39.6644,13.0110
50.4,25253,467,179,-853,39.6688,13.0747
46.0,25145,466,135,-874,39.6913,13.0883
51.1,25268,468,162,-842,39.6678,13.0352
53.6,26139,472,146,-806,39.6710,13.0670
49.6,25024,465,147,-819,39.6754,13.0833
53.4,26336,469,130,-792,39.6701,13.0516
49.3,24938,466,141,-827,39.6562,13.0103
50.5,26870,463,150,-876,39.6649,13.0198
48.9,26634,469,169,-918,39.6666,13.0599
50.1,26011,468,145,-847,39.6755,13.0730
52.4,26452,467,145,-823,39.6660,13.0688
47.7,25087,465,127,-843,39.6864,13.0849
44.2,25822,467,191,-992,39.6810,13.0754
48.0,25940,464,143,-886,39.6715,13.0613
49.4,25828,469,147,-864,39.6688,13.0204
46.4,26096,471,148,-908,39.6679,13.0058
48.5,25255,469,173,-879,39.6610,13.0496
44.0,26833,464,156,-999,39.6589,13.0108
44.0,26020,466,167,-987,39.6780,13.0430
50.0,26320,467,160,-873,39.6668,13.0530
44.6,26216,468,138,-931,39.6839,13.0608
44.5,25039,466,130,-906,39.6627,13.0055
48.6,25757,464,180,-915,39.6725,13.0876
47.4,26588,463,163,-925,39.6782,13.0968
48.4,25090,471,132,-827,39.6723,13.0734
47.9,26461,471,120,-868,39.6724,13.0278
43.6,25535,466,187,-1010,39.6802,13.0749
46.6,25404,470,179,-926,39.6701,13.0732
48.7,25428,468,158,-852,39.6636,13.0302
51.6,25617,469,150,-813,39.6577,13.0222
43.5,25998,463,157,-978,39.6654,13.0240
47.7,26837,465,159,-944,39.6635,13.0087
51.0,26797,468,129,-841,39.6554,13.0082
49.3,26770,468,163,-913,39.6662,13.0722
48.8,25087,472,154,-849,39.6655,13.0687
47.0,25505,465,153,-906,39.6610,13.0341
43.4,25741,465,156,-978,39.6789,13.0690
43.8,26007,468,159,-988,39.6748,13.0421
46.0,26408,467,161,-938,39.6766,13.0774
49.6,25953,472,127,-843,39.6785,13.0890
47.8,25728,464,150,-881,39.6703,13.0594
50.6,25155,465,127,-807,39.6786,13.0767
48.4,26409,464,141,-880,39.6703,13.0269
45.0,25879,465,152,-945,39.6607,13.0212
43.0,25451,470,176,-992,39.6750,13.0335
50.6,25277,469,132,-808,39.6618,13.0444
48.0,25477,467,129,-854,39.6824,13.0857
54.1,26286,469,123,-782,39.6751,13.0729
48.1,26207,462,142,-867,39.6781,13.0729
46.5,26237,465,136,-906,39.6761,13.0482
55.0,26470,467,120,-763,39.6740,13.0535
50.9,25947,466,156,-857,39.6685,13.0809
44.1,26616,469,166,-1007,39.6763,13.0674
50.5,25148,468,176,-856,39.6556,13.0164
48.1,25119,463,142,-844,39.6680,13.0523
50.1,26857,462,144,-872,39.6552,13.0059
48.6,26360,470,141,-869,39.6808,13.0888
43.6,25120,470,178,-976,39.6729,13.0696
45.4,25847,468,164,-951,39.6710,13.0246
46.7,26310,468,164,-947,39.6760,13.0708
44.1,25114,468,181,-969,39.6710,13.0591
45.8,25114,472,140,-888,39.6886,13.0948
45.1,25953,466,147,-942,39.6726,13.0504
49.7,26000,467,158,-866,39.6732,13.0918
44.2,25850,465,157,-957,39.6787,13.0622
46.0,26084,463,163,-936,39.6748,13.0623
44.5,25922,468,150,-943,39.6642,13.0235
50.1,26537,469,150,-866,39.6758,13.0659
50.2,25778,464,169,-864,39.6534,13.0173
54.5,26826,463,143,-791,39.6751,13.0864
47.7,25708,470,165,-891,39.6678,13.0723
49.8,25556,466,149,-841,39.6664,13.0443
42.9,25007,471,158,-948,39.6757,13.0615
47.3,25098,468,177,-896,39.6758,13.0971
44.6,26178,469,160,-963,39.6709,13.0338
46.5,26184,465,143,-900,39.6831,13.0929
43.1,25018,467,166,-966,39.6702,13.0222
52.6,25575,468,143,-802,39.6707,13.0571
48.3,25637,466,149,-858,39.6723,13.0716
44.3,26530,466,150,-969,39.6644,13.0044
44.7,25646,470,177,-955,39.6755,13.0645
50.4,25005,463,170,-835,39.6661,13.0823
50.6,26361,471,145,-855,39.6573,13.0164
42.5,25006,472,178,-984,39.6639,13.0180
47.9,25665,470,137,-867,39.6744,13.0431
43.4,26610,462,168,-1018,39.6757,13.0714
50.6,26876,463,152,-869,39.6630,13.0374
49.5,26219,470,173,-889,39.6603,13.0152
43.8,25429,464,150,-948,39.6769,13.0591
49.4,26820,468,126,-867,39.6674,13.0139
48.2,25559,465,181,-902,39.6606,13.0320
48.7,25930,470,168,-888,39.6548,13.0088
43.8,26137,466,190,-1017,39.6606,13.0213
42.9,25050,463,183,-993,39.6749,13.0884
50.0,24980,469,170,-844,39.6671,13.0780
44.5,26659,467,148,-969,39.6727,13.0493
47.8,26808,466,153,-920,39.6680,13.0207
50.5,26599,464,156,-866,39.6583,13.0450
48.9,26617,469,157,-892,39.6614,13.0459
50.9,25954,463,138,-822,39.6691,13.0408
50.6,25319,466,159,-825,39.6581,13.0299
52.6,26300,468,149,-816,39.6733,13.0689
42.3,25381,465,170,-1016,39.6675,13.0338
49.8,25445,466,162,-855,39.6575,13.0068
46.1,26915,469,142,-923,39.6848,13.0952
51.6,25989,465,163,-844,39.6524,13.0201
52.9,26339,469,136,-816,39.6663,13.0452
49.4,26227,465,143,-864,39.6614,13.0195
52.4,26188,470,137,-805,39.6655,13.0695
47.3,25552,471,182,-923,39.6710,13.0931
45.3,25869,470,172,-951,39.6687,13.0690
53.3,25690,468,148,-784,39.6540,13.0323
46.7,26492,467,161,-936,39.6794,13.0746
52.3,25712,471,144,-811,39.6652,13.0477
52.5,26622,466,151,-842,39.6683,13.0804
47.4,26658,468,146,-893,39.6679,13.0174
45.7,25526,463,151,-928,39.6766,13.0487
49.8,25579,465,169,-872,39.6772,13.0979
54.6,26785,470,115,-776,39.6647,13.0059
45.1,25506,464,146,-924,39.6784,13.0671
53.6,26314,464,138,-807,39.6740,13.0702
43.0,26306,464,181,-1022,39.6761,13.0858
45.0,26313,468,155,-942,39.6764,13.0528
49.5,26318,471,160,-873,39.6578,13.0277
43.7,26030,464,153,-968,39.6788,13.0533
48.6,25083,468,169,-872,39.6730,13.0945
53.0,26659,472,141,-817,39.6697,13.0691
47.7,25237,466,162,-888,39.6731,13.0923
46.0,26525,469,164,-965,39.6727,13.0595
49.8,25934,463,160,-879,39.6724,13.0597
49.7,26887,466,178,-914,39.6558,13.0223
46.7,25454,468,162,-903,39.6580,13.0127
50.9,26843,463,158,-881,39.6595,13.0045
48.3,25974,464,141,-866,39.6847,13.0898
52.1,26480,467,140,-817,39.6776,13.0972
45.3,25323,464,146,-910,39.6731,13.0644
49.6,26537,463,168,-896,39.6615,13.0421
47.8,25513,468,147,-883,39.6720,13.0834
51.1,25053,469,170,-825,39.6615,13.0465
49.9,25876,465,171,-877,39.6507,13.0103
47.7,26150,472,172,-926,39.6734,13.0720
45.0,24968,468,151,-899,39.6716,13.0273
46.8,25249,467,134,-866,39.6705,13.0177
43.2,25660,465,175,-994,39.6787,13.0714
43.9,26753,472,167,-1007,39.6702,13.0402
48.8,26413,469,135,-873,39.6696,13.0237
50.2,26807,464,163,-898,39.6612,13.0134
45.2,26787,463,139,-956,39.6663,13.0327
45.3,25110,467,143,-905,39.6662,13.0056
44.9,26664,463,147,-969,39.6729,13.0237
44.5,25000,470,156,-941,39.6817,13.0758
45.9,25282,465,188,-936,39.6656,13.0147
47.1,25704,464,175,-939,39.6650,13.0335
51.7,26028,466,153,-829,39.6634,13.0476
42.5,24976,470,178,-992,39.6852,13.0798
46.2,26766,469,147,-948,39.6780,13.0878
48.0,25746,465,175,-917,39.6624,13.0541
48.3,26889,463,127,-882,39.6722,13.0205
43.9,26023,463,155,-977,39.6734,13.0398
44.2,26669,463,162,-985,39.6790,13.0778
45.1,25105,465,164,-923,39.6803,13.0913
48.0,26742,466,130,-880,39.6837,13.0918
44.8,25424,469,172,-961,39.6814,13.0716
43.2,26291,467,171,-1009,39.6722,13.0264
53.4,26308,464,150,-811,39.6759,13.0764
51.6,26207,468,144,-825,39.6593,13.0480
44.0,26147,465,151,-964,39.6807,13.0640
51.0,25770,462,138,-826,39.6663,13.0554
50.4,26128,469,134,-820,39.6801,13.0949
52.0,25640,462,134,-788,39.6730,13.0513
45.4,26623,467,160,-959,39.6769,13.0577
51.9,24982,469,147,-798,39.6689,13.0599
50.4,25944,462,146,-831,39.6595,13.0086
49.1,25012,463,138,-822,39.6709,13.0327
43.8,26157,472,170,-1003,39.6712,13.0670
51.0,25501,467,178,-848,39.6650,13.0776
50.6,26765,469,142,-861,39.6633,13.0395
47.9,25286,462,165,-877,39.6622,13.0010
43.8,26420,469,182,-1024,39.6610,13.0184
49.4,26396,470,159,-892,39.6561,13.0273
49.7,26718,471,135,-866,39.6636,13.0087
43.0,26266,471,172,-1026,39.6689,13.0197
48.6,25865,466,147,-854,39.6617,13.0291
49.8,25422,468,137,-815,39.6706,13.0312
46.2,25383,463,141,-902,39.6649,13.0058
46.4,25256,470,166,-908,39.6622,13.0385
45.9,26189,472,157,-943,39.6710,13.0732
45.1,26062,467,164,-961,39.6739,13.0493
50.8,25278,470,155,-836,39.6561,13.0048
45.5,25498,465,178,-945,39.6747,13.0904
45.8,25120,468,152,-905,39.6685,13.0461
45.7,25650,469,155,-914,39.6703,13.0161
45.0,26088,471,136,-932,39.6843,13.0774
46.0,26196,463,167,-939,39.6692,13.0598
45.1,26107,472,153,-930,39.6816,13.0643
50.8,26770,464,129,-834,39.6628,13.0499
47.9,26369,464,160,-914,39.6811,13.0950
47.4,25591,471,163,-900,39.6767,13.0847
51.3,25454,467,166,-824,39.6699,13.0714
43.7,26096,467,168,-992,39.6681,13.0030
46.5,25421,470,146,-895,39.6817,13.0793
53.0,26548,463,172,-840,39.6587,13.0459
52.6,26717,466,131,-817,39.6728,13.0703
48.2,25254,463,125,-839,39.6645,12.9997
46.4,25146,470,164,-906,39.6727,13.0480
48.7,26237,469,177,-916,39.6499,13.0138
47.4,26830,463,154,-943,39.6607,13.0188
48.3,26194,464,154,-896,39.6671,13.0416
49.7,26830,472,150,-875,39.6612,13.0413
47.6,25356,463,147,-867,39.6677,13.0565
45.8,25429,468,173,-937,39.6629,13.0093
51.3,26316,466,145,-823,39.6764,13.0919
44.1,24956,462,168,-952,39.6640,13.0140
44.5,25442,469,166,-944,39.6755,13.0883
47.8,25460,464,184,-913,39.6713,13.0498
46.1,26195,471,140,-903,39.6711,13.0163
46.2,25227,465,146,-877,39.6790,13.0948
46.4,25339,472,157,-910,39.6613,13.0211
51.3,25597,465,128,-796,39.6790,13.0882
47.7,26899,464,142,-902,39.6725,13.0665
50.8,26381,463,141,-846,39.6591,13.0291
43.8,25985,464,175,-1002,39.6670,13.0122
47.2,26548,466,135,-912,39.6588,13.0094
49.9,25812,467,135,-837,39.6766,13.0634
43.7,26468,469,189,-1031,39.6776,13.0676
50.4,25449,466,150,-826,39.6597,13.0184
52.7,25914,464,152,-822,39.6642,13.0285
46.9,26901,469,138,-915,39.6605,13.0268
53.0,26802,468,130,-811,39.6816,13.0960
45.2,25785,468,156,-936,39.6714,13.0540
43.0,26089,467,182,-1023,39.6747,13.0743
43.8,26077,471,159,-987,39.6797,13.0478
50.8,26446,472,148,-858,39.6670,13.0253
47.1,26535,469,170,-958,39.6664,13.0520
48.2,26436,471,156,-899,39.6763,13.0738
49.7,25087,462,165,-842,39.6727,13.0750
49.3,26106,471,129,-843,39.6672,13.0122
53.4,25199,470,125,-765,39.6659,13.0439
48.0,26573,464,167,-917,39.6591,13.0092
44.8,26201,462,151,-953,39.6702,13.0111
47.2,25948,472,164,-912,39.6612,13.0461
47.0,25985,472,165,-918,39.6731,13.0655
47.8,25119,471,164,-874,39.6639,13.0239
52.8,25800,466,136,-798,39.6709,13.0605
45.6,26691,471,140,-924,39.6803,13.0923
44.2,25448,469,141,-934,39.6835,13.0599
44.1,25675,463,130,-922,39.6853,13.0702
48.2,25859,468,149,-880,39.6564,13.0117
44.7,26594,466,163,-991,39.6753,13.0698
52.8,26739,464,134,-809,39.6683,13.0669
50.7,25670,462,166,-851,39.6503,13.0223
47.3,26897,467,117,-886,39.6740,13.0545
49.7,25105,467,160,-842,39.6731,13.0598
48.0,26757,467,140,-906,39.6738,13.0902
45.3,25992,466,139,-913,39.6772,13.0336
44.6,25747,468,163,-966,39.6770,13.0568
44.8,26331,462,165,-972,39.6736,13.0378
50.3,26205,471,157,-869,39.6576,13.0390
50.4,26100,471,170,-876,39.6589,13.0313
46.0,26104,468,157,-937,39.6756,13.0715
43.2,26445,462,178,-1026,39.6842,13.0790
44.5,25478,463,153,-937,39.6822,13.0614
47.2,24953,462,181,-903,39.6645,13.0292
47.8,25420,471,160,-888,39.6669,13.0616
43.7,25208,471,136,-932,39.6744,13.0527
46.7,26828,466,131,-897,39.6825,13.0752
48.8,25635,464,168,-885,39.6687,13.0647
47.8,26262,469,161,-912,39.6675,13.0278
44.3,26087,466,138,-955,39.6853,13.0663
51.3,25722,470,133,-805,39.6675,13.0615
45.1,26563,462,162,-987,39.6632,13.0346
49.8,25797,467,177,-880,39.6658,13.0650
50.0,26341,463,150,-872,39.6731,13.0558
52.8,26867,468,157,-845,39.6743,13.0921
48.3,26217,466,174,-912,39.6590,13.0508
53.1,26406,467,149,-814,39.6508,13.0103
44.1,25444,463,160,-965,39.6697,13.0224
51.6,25774,464,124,-800,39.6664,13.0542
50.1,25631,468,149,-839,39.6555,13.0261
45.4,25222,462,157,-931,39.6707,13.0074
49.5,26174,469,158,-885,39.6719,13.0911
44.7,25680,463,152,-929,39.6779,13.0718
45.0,26031,469,185,-990,39.6726,13.0433
43.9,24977,471,181,-973,39.6584,13.0138
51.6,26401,470,151,-844,39.6617,13.0396
47.1,26775,463,127,-906,39.6664,13.0269
46.0,25317,470,177,-925,39.6760,13.0882
48.5,26293,471,156,-887,39.6608,13.0487
45.2,26872,467,144,-951,39.6772,13.0709
48.9,25249,465,166,-862,39.6588,13.0282
44.1,25240,465,135,-911,39.6863,13.0969
46.3,25525,469,160,-909,39.6728,13.0775
46.8,25490,464,168,-907,39.6729,13.0759
51.2,25165,469,175,-840,39.6654,13.0558
46.6,26372,464,145,-927,39.6683,13.0427
51.3,26635,465,133,-840,39.6584,13.0041
47.5,26734,470,155,-920,39.6665,13.0209
43.0,25427,465,177,-985,39.6712,13.0153
52.9,26678,469,138,-824,39.6639,13.0374
50.5,25550,465,164,-852,39.6637,13.0527
42.5,25852,466,192,-1035,39.6654,13.0435
50.9,26563,466,177,-884,39.6562,13.0588
52.7,26702,465,158,-832,39.6486,13.0171
50.4,26517,467,156,-865,39.6636,13.0292
43.6,26098,472,175,-1013,39.6728,13.0603
46.9,26856,465,151,-926,39.6762,13.0822
52.2,25750,466,124,-794,39.6585,13.0075
45.5,25282,464,177,-947,39.6798,13.0840
51.3,25946,469,148,-830,39.6683,13.0451
49.4,25737,468,165,-884,39.6622,13.0583
50.6,26356,466,150,-864,39.6764,13.0663
44.2,25823,468,162,-961,39.6736,13.0520
52.8,25535,462,132,-782,39.6727,13.0451
45.0,25562,462,138,-912,39.6792,13.0389
48.2,25471,466,157,-887,39.6789,13.0803
50.4,25452,463,147,-840,39.6795,13.0911
50.6,26677,464,158,-881,39.6650,13.0424
49.8,25659,464,130,-834,39.6694,13.0608
50.5,25699,463,127,-818,39.6738,13.0813
46.1,25218,471,162,-911,39.6705,13.0799
48.6,26041,471,170,-899,39.6565,13.0409
48.8,26822,470,141,-882,39.6666,13.0463
51.7,26838,470,125,-821,39.6657,13.0266
45.9,25166,466,127,-882,39.6739,13.0568
54.0,26585,465,141,-791,39.6714,13.0949
45.9,25316,471,182,-941,39.6680,13.0258
46.7,26677,464,141,-912,39.6804,13.0931
50.0,26100,466,138,-837,39.6715,13.0364
51.5,25589,469,139,-815,39.6668,13.0549
46.4,26411,467,138,-914,39.6709,13.0257
49.8,25594,468,167,-863,39.6726,13.0945
43.3,25873,465,166,-991,39.6653,13.0073
46.9,26052,470,140,-885,39.6729,13.0442
53.4,26472,471,162,-824,39.6573,13.0350
47.8,26086,466,145,-897,39.6849,13.0901
50.0,25150,464,151,-826,39.6596,13.0324
47.2,25346,466,135,-866,39.6588,13.0079
51.3,26824,467,146,-862,39.6648,13.0673
48.7,25454,463,153,-875,39.6615,13.0151
44.0,25966,468,161,-986,39.6830,13.0655
48.7,26455,469,164,-904,39.6681,13.0282
48.9,26156,468,167,-907,39.6713,13.0513
48.2,25158,469,148,-852,39.6706,13.0502
51.8,25449,463,125,-790,39.6761,13.0693
45.7,26739,469,155,-958,39.6766,13.0777
47.6,25376,463,133,-857,39.6832,13.0823
46.7,25523,468,162,-904,39.6585,13.0029
45.7,26846,464,176,-979,39.6806,13.0792
48.3,26446,469,157,-918,39.6750,13.0936
47.7,25760,465,168,-899,39.6684,13.0310
46.5,25750,464,176,-931,39.6715,13.0603
51.9,26638,471,147,-844,39.6711,13.0654
44.5,25279,466,148,-928,39.6787,13.0391
49.5,26576,471,147,-875,39.6719,13.0487
50.2,26663,463,143,-870,39.6639,13.0373
46.8,26390,471,154,-915,39.6774,13.0559
45.3,26529,468,143,-943,39.6777,13.0422
48.8,26177,471,158,-882,39.6574,13.0167
43.9,26009,464,172,-982,39.6773,13.0849
48.5,25807,470,142,-858,39.6652,13.0517
43.2,25968,468,161,-991,39.6698,13.0584
47.9,25243,462,135,-843,39.6731,13.0583
49.6,25444,467,133,-824,39.6654,13.0552
48.5,25826,471,149,-866,39.6679,13.0508
45.3,26773,470,163,-976,39.6816,13.0761
43.5,26578,467,169,-1019,39.6568,13.0082
46.8,25438,465,140,-869,39.6737,13.0365
45.6,26024,471,136,-915,39.6685,13.0279
46.1,26243,463,162,-938,39.6744,13.0550
44.7,25518,470,168,-958,39.6783,13.0976
49.7,25937,471,152,-859,39.6568,13.0169
42.9,25354,471,154,-974,39.6791,13.0898
46.7,25845,463,143,-901,39.6801,13.0703
51.6,25949,467,181,-853,39.6556,13.0085
53.3,26506,470,153,-817,39.6509,13.0286
53.0,26923,464,161,-835,39.6636,13.0413
43.3,26055,463,163,-992,39.6736,13.0396
53.3,26901,469,133,-809,39.6770,13.0936
45.1,26415,471,169,-967,39.6657,13.0358
46.8,25895,462,177,-947,39.6683,13.0595
50.4,24941,469,174,-848,39.6546,13.0289
50.4,26793,463,133,-852,39.6814,13.0779
45.6,26022,472,184,-963,39.6608,13.0405
45.0,25533,462,171,-945,39.6731,13.0393
44.2,25966,470,146,-939,39.6735,13.0320
50.1,25493,464,142,-835,39.6664,13.0495
49.3,26017,468,167,-890,39.6653,13.0785
45.5,26522,465,140,-941,39.6673,13.0345
48.1,25000,471,148,-860,39.6794,13.0627
48.7,26615,468,160,-914,39.6594,13.0082
45.5,26651,471,188,-999,39.6710,13.0430
52.3,26849,467,154,-844,39.6574,13.0526
47.3,25462,466,174,-909,39.6592,13.0282
53.0,25749,467,138,-794,39.6647,13.0644
45.5,25160,465,163,-915,39.6678,13.0481
49.6,26275,466,148,-858,39.6684,13.0398
52.1,26629,464,159,-859,39.6633,13.0646
51.5,24991,466,150,-814,39.6772,13.0861
45.2,25281,470,168,-942,39.6716,13.0230
43.7,25667,465,184,-989,39.6698,13.0685
48.4,25030,465,176,-883,39.6699,13.0890
46.1,25757,470,135,-905,39.6784,13.0466
44.2,25660,471,163,-977,39.6859,13.0775
43.1,25955,463,159,-999,39.6793,13.0610
45.8,26404,465,184,-969,39.6645,13.0515
49.5,25812,468,170,-877,39.6689,13.0855
45.9,26249,466,148,-918,39.6767,13.0785
42.2,25198,464,185,-1007,39.6696,13.0227
48.4,26655,465,168,-923,39.6724,13.0999
52.7,26067,471,142,-815,39.6755,13.0772
45.9,26046,468,179,-959,39.6723,13.0787
51.8,26204,471,136,-820,39.6548,13.0278
45.6,26124,463,166,-954,39.6701,13.0719
43.8,25675,471,160,-958,39.6674,13.0334
50.5,25002,471,153,-815,39.6618,13.0320
44.9,26600,469,144,-945,39.6729,13.0683
42.6,25778,464,195,-1037,39.6593,13.0040
48.7,26329,466,164,-906,39.6738,13.0596
46.8,25958,466,152,-901,39.6649,13.0295
51.5,25562,465,134,-793,39.6654,13.0353
44.1,26063,468,188,-1008,39.6723,13.0484
43.6,24996,463,171,-956,39.6572,13.0101
44.7,26172,470,143,-924,39.6831,13.0662
50.1,26732,472,167,-885,39.6730,13.0970
46.9,26517,472,148,-907,39.6666,13.0395
48.4,25501,471,175,-887,39.6621,13.0500
48.9,26402,467,166,-896,39.6560,13.0215
46.2,26860,463,164,-959,39.6664,13.0243
47.1,25150,472,148,-873,39.6664,13.0132
46.4,26129,467,128,-889,39.6741,13.0150
51.5,25177,469,133,-796,39.6658,13.0152
44.5,25282,463,194,-973,39.6522,13.0012
49.5,26489,471,158,-897,39.6688,13.0715
48.1,26598,468,144,-893,39.6667,13.0080
52.7,26305,468,136,-804,39.6602,13.0251
50.8,26910,466,140,-850,39.6733,13.0715
52.4,25784,467,150,-810,39.6482,13.0103
49.8,25027,467,167,-844,39.6772,13.0793
48.2,26428,467,174,-922,39.6755,13.0848
52.3,26327,466,180,-861,39.6673,13.0686
46.7,26770,466,142,-918,39.6801,13.0952
51.1,25240,462,148,-804,39.6634,13.0274
45.1,26082,464,130,-926,39.6853,13.0867
52.0,26598,463,132,-813,39.6575,13.0126
45.7,25461,463,136,-903,39.6683,13.0378
44.7,25954,464,145,-931,39.6682,13.0128
45.5,26185,468,192,-985,39.6680,13.0583
43.9,26343,469,150,-985,39.6834,13.0907
44.3,26327,464,174,-997,39.6672,13.0109
45.6,25347,471,181,-952,39.6608,13.0151
49.7,24928,465,173,-849,39.6647,13.0289
47.8,25220,464,158,-880,39.6716,13.0719
52.1,25915,466,149,-827,39.6630,13.0465
46.2,25130,469,148,-878,39.6694,13.0409
47.1,25641,462,145,-888,39.6667,13.0507
45.7,25870,469,178,-961,39.6711,13.0704
49.2,26472,469,135,-862,39.6646,13.0329
42.0,25174,470,184,-1013,39.6602,13.0096
44.0,25924,469,154,-965,39.6770,13.0883
51.5,26530,469,161,-853,39.6544,13.0385
51.8,25060,463,140,-792,39.6605,13.0282
52.4,26334,471,149,-819,39.6692,13.0750
45.0,25442,469,135,-905,39.6705,13.0146
52.1,24990,468,153,-796,39.6665,13.0554
53.1,26049,462,130,-790,39.6807,13.0868
47.3,25498,465,154,-890,39.6720,13.0532
45.2,26282,467,163,-961,39.6738,13.0509
43.6,25306,468,130,-932,39.6786,13.0738
48.3,26336,470,186,-928,39.6750,13.0854
46.4,26412,463,161,-942,39.6766,13.0619
47.9,25628,468,162,-899,39.6661,13.0675
48.1,25815,471,147,-874,39.6592,13.0354
47.6,26910,466,131,-900,39.6779,13.0833
51.7,25363,462,151,-817,39.6687,13.0660
45.7,25140,471,140,-893,39.6878,13.0844
45.0,26129,472,135,-912,39.6866,13.0797
48.5,25666,467,165,-880,39.6631,13.0390
45.9,25638,469,160,-919,39.6766,13.0802
45.3,25595,468,145,-914,39.6758,13.0677
49.4,26669,462,133,-870,39.6722,13.0498
45.5,25023,466,170,-939,39.6593,13.0027
44.3,26874,470,162,-1007,39.6812,13.0564
50.4,25672,468,128,-810,39.6852,13.0963
45.3,26825,468,179,-1003,39.6830,13.0930
47.4,25955,466,154,-901,39.6765,13.0984
51.5,25696,468,143,-813,39.6604,13.0210
50.1,26594,472,131,-847,39.6767,13.0877
44.1,25860,470,158,-969,39.6795,13.0896
45.8,25518,464,147,-918,39.6676,13.0381
51.2,26191,467,167,-872,39.6527,13.0271
46.5,26429,468,166,-957,39.6686,13.0380
49.2,26535,463,149,-890,39.6750,13.0499
44.5,26566,468,168,-1007,39.6757,13.0658
50.7,26138,463,160,-861,39.6591,13.0406
48.6,26292,466,171,-914,39.6695,13.0589
50.2,26505,469,145,-867,39.6550,13.0140
46.2,25295,465,150,-896,39.6763,13.0847
45.7,25806,465,156,-937,39.6572,13.0064
49.9,25502,472,162,-866,39.6575,13.0112
54.2,26728,470,132,-796,39.6739,13.0733
47.0,25758,463,141,-896,39.6654,13.0241
46.5,26252,462,139,-906,39.6726,13.0571
49.3,26076,467,161,-866,39.6699,13.0807
45.0,26152,469,172,-973,39.6800,13.0965
45.9,25240,472,152,-899,39.6737,13.0721
47.0,25391,467,170,-905,39.6716,13.0879
44.7,26778,470,160,-987,39.6798,13.0767
47.6,25163,471,159,-882,39.6641,13.0133
51.4,26063,464,162,-834,39.6695,13.0774
48.2,26524,462,165,-917,39.6646,13.0543
47.8,26698,465,155,-906,39.6652,13.0407
44.6,26275,469,148,-957,39.6886,13.0850
47.7,25232,470,163,-874,39.6798,13.0757
49.0,26674,464,136,-883,39.6593,13.0190
52.0,25581,464,158,-826,39.6661,13.0313
47.1,26296,465,135,-881,39.6846,13.0699
53.4,26820,466,140,-809,39.6714,13.0741
46.0,25430,469,148,-908,39.6836,13.0784
50.9,26537,464,155,-869,39.6640,13.0596
51.8,25040,469,128,-782,39.6743,13.0503
50.2,26919,471,183,-903,39.6638,13.0591
44.6,26650,471,157,-973,39.6696,13.0240
50.6,26658,466,149,-876,39.6551,13.0049
51.7,26201,469,185,-864,39.6604,13.0626
51.9,26033,464,125,-803,39.6618,13.0296
48.0,25660,471,141,-876,39.6848,13.0913
53.7,26876,472,167,-830,39.6480,13.0339
45.7,26726,464,150,-946,39.6839,13.0717
51.9,26886,463,155,-851,39.6687,13.0526
46.2,25795,472,163,-930,39.6830,13.0940
47.1,25355,464,136,-867,39.6764,13.0838
48.6,26853,468,170,-932,39.6680,13.0783
46.3,25924,468,151,-923,39.6674,13.0407
46.8,26227,471,155,-919,39.6526,13.0020
45.7,25704,464,169,-942,39.6783,13.0713
44.3,25775,467,158,-958,39.6640,13.0211
52.6,26600,469,158,-835,39.6652,13.0698
47.4,26592,469,184,-957,39.6621,13.0623
51.8,25049,468,147,-807,39.6667,13.0734
50.1,26448,471,133,-838,39.6648,13.0211
50.0,26810,466,148,-868,39.6707,13.0386
51.8,26813,465,168,-863,39.6618,13.0523
50.9,25257,469,153,-820,39.6568,13.0301
54.3,26190,468,136,-774,39.6528,13.0213
48.2,25836,468,161,-896,39.6677,13.0526
48.1,25015,465,172,-881,39.6573,13.0015
51.4,26552,463,136,-834,39.6708,13.0572
49.6,25958,470,141,-840,39.6731,13.0694
42.6,25071,472,179,-997,39.6699,13.0419
48.1,25648,464,134,-863,39.6769,13.0383
48.5,25673,462,167,-883,39.6689,13.0539
51.3,26639,462,157,-863,39.6561,13.0371
49.9,26692,471,144,-874,39.6826,13.0933
47.2,26540,469,168,-930,39.6600,13.0150
42.6,25245,465,176,-988,39.6672,13.0473
45.8,26344,462,136,-926,39.6676,13.0266
45.4,25504,465,155,-937,39.6573,13.0099
51.5,26430,470,138,-818,39.6745,13.0818
51.9,25821,466,127,-797,39.6711,13.0382
46.9,26824,463,152,-933,39.6700,13.0353
47.0,25771,466,160,-917,39.6698,13.0547
45.8,25808,463,158,-941,39.6748,13.0770
44.7,26730,472,168,-988,39.6660,13.0166
46.5,26217,466,150,-919,39.6680,13.0033
47.0,26801,470,144,-927,39.6651,13.0044
48.4,26398,471,138,-874,39.6685,13.0488
45.4,26080,468,143,-923,39.6649,13.0135
44.4,25972,467,142,-951,39.6738,13.0462
53.7,25385,462,127,-764,39.6679,13.0217
45.9,26105,465,151,-939,39.6689,13.0009
51.3,26135,464,127,-807,39.6660,13.0480
43.4,25977,466,150,-987,39.6704,13.0016
45.1,26849,466,140,-943,39.6741,13.0258
47.3,26206,466,147,-907,39.6723,13.0625
52.1,26092,466,141,-825,39.6713,13.0762
45.2,25752,468,165,-957,39.6780,13.0621
45.3,25673,470,141,-903,39.6831,13.0663
45.6,26465,470,156,-958,39.6766,13.0767
48.5,25902,471,162,-894,39.6560,13.0190
53.2,25780,471,119,-773,39.6626,13.0338
44.8,26425,464,139,-939,39.6810,13.0927
45.0,26356,471,142,-930,39.6723,13.0533
48.2,26241,464,175,-921,39.6629,13.0398
49.6,26792,465,128,-857,39.6631,13.0374
47.8,26914,470,162,-940,39.6787,13.0964
51.5,26052,469,129,-818,39.6753,13.0569
48.9,26774,464,139,-887,39.6569,13.0091
51.8,25474,469,126,-788,39.6814,13.0844
44.6,25756,462,179,-976,39.6729,13.0609
42.8,25232,469,153,-969,39.6820,13.0462
43.6,26075,462,158,-995,39.6714,13.0334
51.7,25933,470,152,-816,39.6664,13.0336
46.5,26704,464,131,-899,39.6818,13.0854
44.8,26179,468,146,-953,39.6607,13.0010
46.6,26224,470,149,-911,39.6647,13.0238
45.8,26127,465,154,-936,39.6861,13.0881
45.0,26195,468,146,-938,39.6757,13.0534
47.7,25735,470,149,-882,39.6830,13.0768
51.4,26699,462,146,-853,39.6742,13.0911
49.9,26538,463,128,-844,39.6729,13.0686
49.6,25955,468,158,-883,39.6806,13.0887
44.4,26447,469,162,-986,39.6882,13.0932
46.4,25910,463,139,-913,39.6784,13.0933
42.9,26211,465,171,-1025,39.6592,13.0088
46.5,26118,471,166,-941,39.6676,13.0219
43.6,26182,468,170,-1007,39.6714,13.0553
43.7,25071,462,188,-979,39.6747,13.0678
46.7,26496,464,165,-957,39.6655,13.0111
47.2,25148,463,148,-881,39.6683,13.0312
49.4,26209,463,148,-867,39.6690,13.0615
49.5,25455,463,164,-856,39.6736,13.0701
44.8,25166,465,182,-963,39.6756,13.0530
44.9,26207,471,137,-917,39.6683,13.0337
43.8,25861,471,168,-979,39.6708,13.0631
45.7,25521,468,134,-894,39.6746,13.0546
48.0,26354,467,137,-875,39.6721,13.0304
51.5,26613,469,135,-837,39.6588,13.0346
45.1,25760,466,160,-940,39.6695,13.0643
49.7,26659,469,149,-870,39.6645,13.0436
49.1,25947,470,140,-862,39.6683,13.0636
42.5,25002,465,185,-1010,39.6732,13.0561
42.3,25343,464,179,-1013,39.6776,13.0798
43.0,25333,469,153,-975,39.6847,13.0585
48.9,26857,471,146,-889,39.6699,13.0601
49.5,26214,471,135,-852,39.6583,13.0112
53.3,25685,463,145,-784,39.6688,13.0836
46.2,24947,471,180,-920,39.6730,13.0745
49.2,26537,464,123,-858,39.6761,13.0459
53.4,25948,472,148,-799,39.6694,13.0570
53.6,25669,468,130,-764,39.6687,13.0623
51.0,25444,465,134,-814,39.6695,13.0732
46.6,26923,466,155,-938,39.6830,13.0843
51.1,25069,466,174,-832,39.6563,13.0014
48.7,25174,468,188,-887,39.6586,13.0054
42.8,25617,471,169,-992,39.6799,13.0855
48.2,25785,469,167,-892,39.6654,13.0217
51.8,26645,463,167,-875,39.6534,13.0180
45.5,25451,463,172,-946,39.6670,13.0568
43.4,25979,464,169,-1008,39.6810,13.0783
49.5,25874,463,128,-836,39.6723,13.0582
44.1,26861,466,166,-1019,39.6821,13.0835
50.6,26846,465,125,-836,39.6657,13.0566
47.6,26810,470,140,-905,39.6653,13.0464
51.9,26749,468,140,-821,39.6631,13.0650
48.5,26852,469,124,-871,39.6722,13.0494
42.6,25211,463,173,-1004,39.6674,13.0374
48.7,26525,463,164,-906,39.6706,13.0572
44.3,26807,471,174,-1019,39.6642,13.0487
46.8,26002,464,159,-931,39.6762,13.0803
45.1,25012,466,175,-945,39.6554,13.0107
50.2,24991,466,126,-792,39.6750,13.0488
53.0,26829,472,133,-800,39.6615,13.0261
49.1,25694,463,163,-870,39.6716,13.0533
51.7,25912,471,142,-803,39.6518,13.0130
46.5,25477,466,133,-877,39.6736,13.0356
47.2,26402,468,147,-907,39.6819,13.0702
46.5,26124,469,171,-934,39.6620,13.0112
43.9,25506,465,166,-982,39.6808,13.0877
53.0,26655,466,163,-831,39.6517,13.0149
51.9,25558,463,162,-819,39.6518,13.0256
45.5,26867,469,170,-983,39.6610,13.0356
53.1,26502,466,141,-815,39.6622,13.0231
44.4,26733,467,153,-985,39.6873,13.0846
44.0,25736,471,148,-946,39.6725,13.0446
49.5,25643,462,148,-862,39.6602,13.0184
52.5,25377,462,141,-803,39.6652,13.0203
53.4,26562,464,134,-789,39.6749,13.0690
43.3,26803,464,184,-1057,39.6652,13.0061
45.8,26711,471,149,-940,39.6760,13.0768
52.1,25985,470,149,-813,39.6639,13.0452
47.0,25402,466,156,-902,39.6793,13.0707
42.7,25004,467,147,-961,39.6699,13.0062
53.7,26891,469,166,-834,39.6684,13.0971
43.9,25178,464,155,-929,39.6800,13.0910
47.7,26675,467,165,-934,39.6685,13.0494
46.9,26294,463,144,-911,39.6767,13.0435
47.2,24963,464,156,-878,39.6711,13.0691
51.0,26768,465,159,-880,39.6580,13.0435
51.5,26753,464,140,-844,39.6658,13.0330
49.3,26474,465,173,-902,39.6577,13.0079
46.3,26337,463,156,-948,39.6752,13.0530
51.4,26164,464,120,-814,39.6649,13.0489
45.3,25014,466,165,-930,39.6811,13.0758
51.2,25456,463,162,-831,39.6728,13.0763
52.0,26156,464,158,-831,39.6540,13.0354
50.6,26561,471,145,-862,39.6645,13.0121
51.0,25133,462,137,-800,39.6639,13.0419
42.5,25152,472,167,-986,39.6600,13.0041
45.8,26560,469,128,-913,39.6662,13.0248
50.0,26793,465,134,-846,39.6641,13.0197
46.5,26090,468,173,-933,39.6733,13.0837
48.4,26223,470,149,-873,39.6613,13.0237
52.4,26398,468,157,-827,39.6734,13.0971
49.9,26012,470,142,-848,39.6698,13.0341
46.8,25183,471,141,-878,39.6756,13.0350
50.9,26369,464,160,-855,39.6582,13.0126
44.7,25370,464,159,-950,39.6629,13.0072
50.6,26157,468,153,-852,39.6644,13.0318
50.9,26074,468,153,-857,39.6673,13.0650
44.6,26020,468,139,-926,39.6752,13.0221
48.5,25503,469,133,-854,39.6711,13.0466
48.7,26859,464,163,-922,39.6721,13.0649
51.7,25917,467,128,-795,39.6763,13.0658
51.3,26705,465,136,-829,39.6717,13.0781
44.0,25275,469,183,-989,39.6764,13.0892
42.9,25058,468,171,-979,39.6708,13.0070
48.2,26456,470,168,-911,39.6764,13.0818
52.7,25225,464,133,-786,39.6619,13.0400
52.7,26786,471,123,-804,39.6765,13.0769
53.1,26528,466,154,-830,39.6656,13.0495
46.3,25589,471,154,-923,39.6798,13.0733
45.7,26923,468,141,-958,39.6880,13.0824
50.0,26029,470,129,-826,39.6669,13.0269
48.9,26689,469,132,-861,39.6763,13.0783
52.4,26282,469,129,-796,39.6712,13.0911
44.7,26581,468,156,-959,39.6737,13.0405
51.2,25228,464,128,-786,39.6752,13.0867
46.1,24944,472,145,-889,39.6801,13.0633
48.4,26408,469,167,-926,39.6612,13.0300
44.3,25374,464,187,-983,39.6772,13.0741
44.2,24959,470,165,-952,39.6754,13.0537
44.6,25035,468,131,-892,39.6931,13.0874
51.8,25476,471,145,-804,39.6632,13.0674
44.0,26087,464,179,-988,39.6618,13.0384
46.4,26272,469,151,-939,39.6640,13.0192
49.8,25948,468,143,-846,39.6614,13.0506
43.4,25827,466,167,-1000,39.6801,13.0566
51.3,25317,467,153,-825,39.6605,13.0140
45.0,26562,469,160,-964,39.6728,13.0264
45.6,25284,471,157,-914,39.6628,13.0198
52.7,25168,471,132,-782,39.6628,13.0456
49.3,25024,464,166,-862,39.6715,13.0771
44.5,26748,470,149,-974,39.6722,13.0610
43.1,25007,469,154,-943,39.6844,13.0611
48.4,25772,465,138,-869,39.6607,13.0293
49.1,26463,471,171,-910,39.6669,13.0556
51.6,25281,471,133,-779,39.6704,13.0326
51.1,25048,467,141,-798,39.6648,13.0130
49.6,25490,468,154,-861,39.6662,13.0761
45.7,26231,467,138,-910,39.6774,13.0387
48.0,25420,462,159,-872,39.6807,13.0890
46.3,25114,469,146,-876,39.6798,13.0509
50.6,26643,469,144,-846,39.6683,13.0483
50.0,26413,463,150,-875,39.6670,13.0596
46.4,26532,468,146,-912,39.6820,13.0721
45.4,26250,463,158,-945,39.6857,13.0923
47.9,26607,465,166,-940,39.6725,13.0769
52.3,26046,469,171,-840,39.6493,13.0265
52.1,25745,471,133,-804,39.6735,13.0662
50.4,26366,468,159,-880,39.6706,13.0503
46.4,26244,469,157,-923,39.6780,13.0638
52.1,26179,463,120,-801,39.6696,13.0503
53.1,26832,469,132,-803,39.6643,13.0096
44.8,25171,472,159,-918,39.6697,13.0349
46.6,26284,468,149,-920,39.6681,13.0180
51.2,26426,464,142,-836,39.6612,13.0177
47.3,25023,471,143,-857,39.6638,13.0220
51.5,25705,465,149,-820,39.6532,13.0123
49.3,25294,466,132,-828,39.6673,13.0074
50.2,26730,467,135,-862,39.6663,13.0237
46.6,26072,470,161,-940,39.6728,13.0758
48.2,26150,469,171,-905,39.6648,13.0581
49.7,26883,466,140,-883,39.6763,13.0580
44.2,25905,471,172,-980,39.6806,13.0796
52.3,25143,464,150,-793,39.6720,13.0891
54.4,26640,466,128,-784,39.6626,13.0474
49.0,25732,468,168,-890,39.6624,13.0107
53.2,26500,464,147,-811,39.6523,13.0094
52.1,25873,469,160,-838,39.6512,13.0213
42.6,25153,468,180,-1006,39.6673,13.0499
44.1,26893,466,154,-1002,39.6734,13.0415
47.4,26554,471,150,-911,39.6683,13.0501
48.6,25512,464,154,-867,39.6773,13.0869
44.4,25605,467,172,-970,39.6853,13.0848
53.1,25610,468,135,-780,39.6602,13.0231
52.9,26814,466,143,-819,39.6644,13.0277
46.6,26348,467,150,-921,39.6760,13.0797
44.0,26835,462,174,-1026,39.6733,13.0490
48.0,25805,470,127,-859,39.6617,13.0223
43.0,25265,462,168,-994,39.6579,12.9997
44.2,26269,466,171,-992,39.6598,13.0114
53.2,26479,466,173,-833,39.6492,13.0220
45.1,26194,462,135,-918,39.6750,13.0287
44.9,26226,465,167,-961,39.6693,13.0444
46.2,26808,467,142,-925,39.6798,13.0877
43.3,26091,472,184,-1022,39.6831,13.0750
42.9,25147,463,174,-986,39.6761,13.0667
47.2,25033,464,149,-870,39.6623,13.0243
46.7,26216,467,162,-932,39.6697,13.0279
49.0,26482,467,132,-873,39.6647,13.0430
49.2,25863,466,151,-850,39.6582,13.0311
46.7,26903,470,153,-944,39.6721,13.0478
50.7,25078,471,142,-818,39.6689,13.0758
44.8,26369,465,177,-992,39.6822,13.0849
48.1,26335,466,161,-915,39.6772,13.0762
53.8,26872,465,137,-800,39.6600,13.0472
45.5,24954,464,136,-883,39.6873,13.0785
51.1,26911,464,122,-838,39.6713,13.0257
48.7,25394,472,154,-858,39.6730,13.0835
52.9,26749,465,166,-841,39.6673,13.0707
48.1,26904,467,167,-930,39.6655,13.0241
48.7,26315,467,132,-864,39.6726,13.0688
47.6,25565,468,140,-855,39.6654,13.0476
51.4,25660,470,145,-827,39.6761,13.0663
47.4,25639,470,144,-886,39.6751,13.0703
51.9,26774,469,153,-851,39.6616,13.0648
49.2,25122,468,155,-854,39.6638,13.0108
47.0,25356,464,132,-876,39.6613,13.0185
45.2,26550,463,163,-964,39.6771,13.0821
46.5,25109,470,134,-873,39.6707,13.0435
46.5,26255,468,126,-898,39.6678,13.0409
46.7,25153,464,172,-912,39.6763,13.0526
46.5,25139,469,142,-873,39.6832,13.0927
48.0,26683,468,138,-893,39.6846,13.0789
53.7,26291,470,142,-795,39.6672,13.0447
45.2,26478,464,143,-939,39.6762,13.0303
48.1,25642,471,151,-881,39.6769,13.0802
50.9,26636,464,178,-890,39.6755,13.1000
52.8,26019,463,139,-811,39.6754,13.0748
44.5,25897,466,169,-967,39.6689,13.0618
46.4,26647,470,153,-926,39.6786,13.0915
52.0,25910,464,136,-810,39.6578,13.0323
49.3,25458,462,151,-846,39.6554,13.0117
55.0,26575,463,122,-771,39.6745,13.0690
46.3,25669,470,131,-894,39.6807,13.0754
44.0,26064,471,144,-960,39.6674,13.0188
46.5,26577,469,161,-943,39.6687,13.0171
49.1,26000,467,143,-847,39.6654,13.0384
45.8,26577,463,170,-964,39.6616,13.0331
51.7,26748,466,118,-810,39.6774,13.0875
51.4,26683,467,174,-872,39.6716,13.0887
49.4,26242,465,147,-857,39.6669,13.0212
43.8,26023,467,143,-968,39.6644,13.0041
44.2,26259,465,166,-974,39.6800,13.0738
50.1,26585,465,135,-856,39.6761,13.0893
48.8,26675,468,155,-894,39.6715,13.0802
49.1,26575,471,155,-899,39.6812,13.0914
49.2,26388,465,173,-904,39.6737,13.0654
51.1,25888,470,128,-813,39.6768,13.0510
44.9,26644,469,155,-967,39.6676,13.0356
42.7,25442,462,180,-1018,39.6706,13.0244
48.5,26648,464,152,-897,39.6723,13.0660
48.5,25225,468,137,-853,39.6870,13.0881
45.7,26313,463,181,-978,39.6735,13.0919
49.2,25990,470,132,-848,39.6690,13.0707
50.1,25115,471,170,-851,39.6644,13.0839
47.8,26681,465,134,-887,39.6709,13.0578
49.0,26790,471,137,-886,39.6629,13.0044
47.6,26141,469,150,-886,39.6738,13.0680
43.0,25474,466,160,-973,39.6708,13.0586
43.1,25328,469,157,-963,39.6799,13.0907
49.3,25792,471,141,-843,39.6671,13.0223
47.9,25004,465,158,-867,39.6804,13.0958
49.1,26832,470,162,-904,39.6691,13.0809
45.7,26163,467,159,-941,39.6791,13.0862
44.3,25323,464,144,-937,39.6688,13.0254
52.8,25979,465,141,-804,39.6592,13.0458
51.3,25415,470,141,-802,39.6633,13.0471
48.7,25343,464,142,-859,39.6772,13.0729
44.6,26367,465,136,-952,39.6736,13.0388
52.1,25035,463,129,-769,39.6601,13.0054
52.6,26521,468,126,-796,39.6702,13.0363
50.8,26201,463,122,-827,39.6772,13.0564
49.5,25838,462,162,-873,39.6699,13.0595
48.8,26321,470,158,-893,39.6636,13.0456
46.0,26527,463,167,-959,39.6772,13.0807
45.1,26146,467,155,-963,39.6682,13.0279
45.2,26708,465,162,-971,39.6717,13.0755
48.1,25900,468,142,-868,39.6726,13.0890
49.9,26240,464,162,-864,39.6793,13.0891
51.6,25718,469,162,-834,39.6547,13.0162
53.5,26871,469,156,-836,39.6696,13.0929
46.6,25459,469,140,-883,39.6755,13.0793
51.9,26297,470,158,-857,39.6679,13.0896
43.0,24990,469,154,-966,39.6871,13.0924
51.9,25151,467,144,-791,39.6597,13.0522
45.1,26532,466,150,-955,39.6753,13.0768
44.1,25649,467,139,-940,39.6801,13.0794
48.8,25454,468,171,-888,39.6577,13.0189
47.6,25012,467,132,-854,39.6798,13.0497
52.4,26633,471,117,-802,39.6829,13.0745
43.7,26214,470,176,-1019,39.6668,13.0135
43.4,25150,462,179,-996,39.6870,13.0911
52.2,26085,466,138,-813,39.6644,13.0176
48.1,24998,468,142,-838,39.6631,13.0376
53.0,25408,471,141,-790,39.6604,13.0526
49.5,26017,463,182,-904,39.6612,13.0636
45.1,25493,472,163,-928,39.6762,13.0717
51.1,25306,463,148,-809,39.6656,13.0404
45.2,25431,462,172,-962,39.6851,13.0825
45.1,25334,467,152,-917,39.6814,13.0893
45.8,25470,464,135,-886,39.6758,13.0456
47.2,25909,469,153,-895,39.6694,13.0503
47.0,25894,472,160,-923,39.6738,13.0831
48.5,26779,469,144,-883,39.6640,13.0349
44.0,25120,468,159,-939,39.6734,13.0538
44.1,25554,464,144,-941,39.6701,13.0051
47.5,26863,470,149,-913,39.6714,13.0416
49.2,25994,463,139,-865,39.6713,13.0542
47.1,25869,471,150,-906,39.6658,13.0484
48.0,25122,470,154,-878,39.6677,13.0365
52.1,26838,465,169,-857,39.6485,13.0274
43.7,25636,468,159,-967,39.6739,13.0174
45.3,26588,465,160,-974,39.6679,13.0274
47.2,25825,471,173,-918,39.6783,13.0738
45.9,26571,470,158,-942,39.6722,13.0729
51.8,25569,462,159,-828,39.6755,13.0745
51.6,26479,463,144,-839,39.6667,13.0427
50.2,26857,469,144,-851,39.6663,13.0782
51.3,25296,471,131,-793,39.6708,13.0694
50.0,26793,467,153,-871,39.6656,13.0651
50.1,26474,464,169,-895,39.6629,13.0329
46.1,25533,464,193,-954,39.6685,13.0457
46.6,26900,464,160,-962,39.6562,13.0159
52.5,26401,472,160,-825,39.6520,13.0219
52.1,25333,464,140,-784,39.6749,13.1017
49.3,25196,471,179,-870,39.6525,13.0359
48.7,26572,470,161,-898,39.6632,13.0333
44.1,25438,466,169,-977,39.6678,13.0369
52.2,26117,467,157,-836,39.6608,13.0324
52.2,26872,471,131,-825,39.6753,13.0923
52.7,26059,471,145,-821,39.6757,13.0785
44.2,25766,463,157,-964,39.6625,13.0223
52.4,26412,463,143,-820,39.6714,13.0878
42.8,25025,467,149,-962,39.6775,13.0286
50.5,26412,467,137,-848,39.6636,13.0114
48.9,26908,467,148,-891,39.6544,13.0122
44.5,26582,464,138,-966,39.6914,13.0878
46.6,25411,468,163,-907,39.6685,13.0280
51.5,26441,468,136,-831,39.6699,13.0841
44.2,26768,462,168,-1016,39.6628,13.0357
47.9,26211,465,162,-898,39.6616,13.0517
51.6,25416,470,132,-788,39.6677,13.0448
43.7,26225,466,161,-995,39.6836,13.0913
46.9,25006,462,152,-882,39.6575,13.0146
43.3,25811,468,167,-995,39.6777,13.0723
44.1,26141,463,144,-967,39.6907,13.0822
50.5,25633,463,141,-827,39.6632,13.0344
46.6,26775,471,137,-919,39.6748,13.0448
44.7,26271,469,177,-992,39.6609,13.0428
47.0,26095,463,168,-928,39.6641,13.0197
43.8,25603,470,157,-954,39.6878,13.0907
46.8,25296,469,139,-865,39.6745,13.0407
43.0,25598,471,184,-1021,39.6665,13.0535
51.5,26124,463,133,-818,39.6638,13.0036
46.3,26490,465,175,-958,39.6656,13.0576
46.2,25702,465,143,-896,39.6798,13.0509
48.7,25286,463,143,-856,39.6620,13.0150
49.5,26283,463,123,-844,39.6826,13.0791
52.2,25201,464,145,-786,39.6734,13.0564
47.2,25805,465,169,-913,39.6689,13.0310
48.2,26426,467,169,-927,39.6621,13.0582
48.8,25665,471,184,-894,39.6683,13.0555
48.2,25711,471,175,-914,39.6580,13.0293
42.7,25220,468,152,-972,39.6764,13.0205
48.4,26561,465,141,-896,39.6725,13.0452
43.6,26570,469,179,-1022,39.6660,13.0545
52.1,25912,470,155,-835,39.6720,13.0682
46.1,26824,471,174,-975,39.6603,13.0268
42.6,26275,463,180,-1047,39.6802,13.0829
44.9,25485,463,130,-911,39.6857,13.0893
45.7,26699,469,168,-966,39.6694,13.0430
44.4,25598,465,160,-956,39.6759,13.0634
50.7,26517,464,142,-855,39.6655,13.0128
48.3,25254,471,178,-880,39.6684,13.0597
43.7,26025,465,175,-991,39.6720,13.0543
48.0,25716,466,127,-863,39.6703,13.0160
44.8,26006,469,142,-933,39.6740,13.0552
47.9,26506,469,149,-892,39.6837,13.0931
51.8,25923,463,145,-821,39.6528,13.0159
43.1,26516,465,169,-1032,39.6667,13.0179
45.1,25661,465,140,-923,39.6913,13.0898
48.1,26660,463,174,-935,39.6534,13.0126
51.2,26825,468,154,-876,39.6537,13.0141
47.9,26777,466,159,-909,39.6696,13.0312
50.9,26168,467,133,-819,39.6739,13.0694
45.2,26823,471,155,-964,39.6758,13.0478
43.8,25702,466,148,-963,39.6748,13.0727
44.0,25295,466,178,-980,39.6711,13.0500
45.4,25206,468,157,-918,39.6713,13.0415
44.8,26037,464,164,-963,39.6723,13.0226
50.3,25873,468,141,-820,39.6650,13.0242
45.5,25663,466,170,-952,39.6786,13.0848
50.3,25265,469,156,-846,39.6706,13.0753
45.0,25774,469,156,-937,39.6720,13.0427
50.4,25897,467,129,-817,39.6735,13.0913
50.8,26531,468,174,-873,39.6731,13.0887
49.5,26154,464,174,-893,39.6768,13.0960
51.0,26668,465,152,-866,39.6692,13.0463
48.2,26178,469,144,-872,39.6627,13.0039
44.7,26462,464,145,-937,39.6789,13.0530
49.5,26397,465,169,-893,39.6742,13.0934
45.3,25149,468,184,-939,39.6657,13.0424
51.9,26313,463,177,-854,39.6597,13.0672
50.1,26027,470,178,-892,39.6590,13.0329
49.3,26555,462,164,-898,39.6621,13.0534
50.6,26629,471,149,-871,39.6720,13.0540
43.6,25821,465,154,-970,39.6643,13.0180
43.2,25040,471,148,-932,39.6813,13.0824
46.4,25347,466,156,-905,39.6705,13.0436
45.5,26540,469,161,-959,39.6736,13.0396
44.0,26640,467,166,-1001,39.6716,13.0682
45.8,25928,471,175,-954,39.6680,13.0578
47.3,25975,462,174,-918,39.6580,13.0178
44.1,26432,472,150,-971,39.6779,13.0615
45.3,25232,466,152,-924,39.6657,13.0086
46.7,26282,471,152,-920,39.6769,13.0594
50.7,26225,471,163,-856,39.6507,13.0245
45.4,25826,465,123,-899,39.6731,13.0494
42.9,26429,468,179,-1052,39.6730,13.0449
53.1,25283,464,132,-774,39.6764,13.0597
49.8,25938,464,156,-855,39.6627,13.0296
52.5,26708,468,149,-847,39.6679,13.0854
51.2,25802,466,136,-820,39.6563,13.0224
48.3,26291,467,165,-911,39.6681,13.0762
44.5,26707,469,167,-996,39.6674,13.0086
47.9,25802,462,184,-919,39.6671,13.0446
54.3,26475,462,116,-772,39.6765,13.0817
42.8,24987,468,173,-975,39.6645,13.0098
43.6,26309,466,157,-999,39.6641,13.0047
49.1,25809,463,138,-844,39.6564,13.0090
46.9,26271,464,149,-923,39.6638,13.0212
53.1,26024,463,158,-812,39.6559,13.0458
50.5,26006,468,137,-831,39.6676,13.0274
54.6,25464,471,124,-741,39.6610,13.0125
48.0,25175,465,173,-887,39.6643,13.0582
45.2,26263,469,142,-938,39.6694,13.0514
50.3,25063,464,133,-804,39.6644,13.0447
54.2,26756,466,123,-787,39.6757,13.0777
45.7,26510,469,157,-958,39.6747,13.0578
53.5,26077,470,135,-779,39.6542,13.0204
46.2,26075,468,138,-905,39.6817,13.0530
48.1,25270,469,173,-881,39.6615,13.0628
45.7,25763,470,146,-915,39.6678,13.0553
44.6,25275,468,156,-934,39.6675,13.0021
48.5,25396,471,136,-840,39.6666,13.0469
46.6,25903,472,155,-909,39.6576,13.0181
54.6,26649,470,130,-781,39.6738,13.0955
50.9,26447,466,162,-877,39.6699,13.0821
47.0,25988,465,147,-906,39.6748,13.0509
47.5,26900,464,155,-923,39.6669,13.0202
50.3,25870,468,142,-825,39.6665,13.0714
44.5,25219,471,139,-922,39.6718,13.0370
45.0,25995,464,139,-916,39.6860,13.0897
44.3,25918,471,167,-968,39.6791,13.0935
51.2,26529,466,127,-823,39.6822,13.0928
44.3,25390,469,142,-931,39.6775,13.0628
45.1,26718,462,157,-977,39.6655,13.0230
52.7,26076,467,143,-814,39.6661,13.0624
49.3,25713,471,158,-852,39.6568,13.0244
45.2,26405,463,159,-968,39.6632,13.0212
46.5,25770,469,156,-902,39.6770,13.0815
45.0,25030,470,147,-910,39.6783,13.0644
44.9,25791,468,176,-972,39.6725,13.0584
50.3,25521,465,156,-837,39.6714,13.0434
43.5,26340,471,168,-1006,39.6732,13.0387
45.7,26320,470,127,-910,39.6737,13.0194
51.1,25588,469,178,-851,39.6625,13.0815
51.7,26679,465,153,-852,39.6510,13.0143
49.8,26799,471,158,-882,39.6701,13.0782
44.3,26271,468,168,-975,39.6687,13.0340
46.9,26217,464,131,-884,39.6636,13.0297
47.3,26574,467,170,-951,39.6749,13.0908
45.5,25006,467,170,-935,39.6732,13.0361
49.0,25927,465,130,-856,39.6751,13.0683
46.9,26562,465,158,-921,39.6551,13.0088
48.3,26631,464,162,-912,39.6626,13.0498
45.7,26902,467,148,-948,39.6579,13.0075
45.2,26106,466,165,-970,39.6732,13.0564
44.7,25981,467,147,-932,39.6700,13.0620
53.5,25791,471,140,-785,39.6637,13.0289
47.2,25627,468,177,-914,39.6659,13.0741
45.0,26916,470,164,-1000,39.6729,13.0617
44.9,26637,470,175,-992,39.6631,13.0023
44.6,25059,472,172,-955,39.6795,13.0801
44.3,26093,465,149,-944,39.6707,13.0416
48.8,25643,468,143,-864,39.6657,13.0420
44.1,26286,471,151,-962,39.6760,13.0396
51.6,26450,462,155,-851,39.6694,13.0548
43.2,25814,467,165,-998,39.6727,13.0156
43.3,25250,462,164,-984,39.6714,13.0125
47.6,25135,470,147,-860,39.6606,13.0311
51.4,25457,467,127,-785,39.6759,13.1012
52.6,26639,464,153,-829,39.6785,13.0928
45.0,25229,465,128,-901,39.6737,13.0165
50.4,25331,466,145,-825,39.6649,13.0582
48.1,26502,471,160,-914,39.6742,13.0574
48.8,26366,472,153,-882,39.6705,13.0819
53.3,26697,462,159,-833,39.6703,13.0677
51.9,26192,467,138,-823,39.6747,13.0900
48.8,26423,470,139,-870,39.6669,13.0181
47.1,24976,472,152,-889,39.6615,13.0343
44.4,26274,462,170,-996,39.6699,13.0201
52.9,26168,472,160,-818,39.6666,13.0991
43.6,24934,467,133,-923,39.6848,13.0561
46.1,26305,470,150,-944,39.6807,13.0685
48.2,25869,463,163,-892,39.6707,13.0488
47.4,26258,464,144,-896,39.6732,13.0606
47.8,25898,470,144,-883,39.6708,13.0605
49.7,25647,464,168,-873,39.6582,13.0430
51.7,26349,467,142,-823,39.6663,13.0641
45.5,26655,466,179,-984,39.6778,13.0763
46.0,25936,465,161,-936,39.6723,13.0552
43.6,26241,471,162,-993,39.6662,13.0417
51.4,26216,470,134,-815,39.6641,13.0624
48.5,25393,468,167,-885,39.6752,13.0708
50.4,26236,470,135,-836,39.6769,13.0650
46.7,26793,470,145,-910,39.6792,13.0877
44.1,25464,466,171,-960,39.6737,13.0686
50.4,26377,466,171,-878,39.6704,13.0732
54.6,26860,468,138,-794,39.6655,13.0583
50.1,26837,462,124,-844,39.6734,13.0289
50.4,25231,470,151,-815,39.6586,13.0341
45.9,26923,471,130,-934,39.6850,13.0937
44.0,25541,465,159,-954,39.6721,13.0211
51.1,25792,469,169,-850,39.6547,13.0500
48.4,26484,471,120,-861,39.6670,13.0399
44.5,26552,471,176,-996,39.6757,13.0860
43.0,26601,464,174,-1044,39.6745,13.0731
51.5,26220,465,132,-812,39.6748,13.0499
52.9,26244,471,142,-815,39.6637,13.0684
48.8,26775,464,151,-906,39.6643,13.0454
47.9,26360,470,152,-896,39.6731,13.0726
45.9,25875,472,178,-949,39.6729,13.0879
46.5,26809,463,159,-944,39.6820,13.0858
43.6,25738,470,151,-972,39.6702,13.0101
52.3,25511,468,145,-803,39.6706,13.0628
47.3,25779,465,152,-892,39.6845,13.0848
50.8,25686,464,147,-837,39.6741,13.0758
50.1,25713,467,128,-819,39.6667,13.0273
50.6,26233,471,154,-847,39.6610,13.0353
43.1,25631,465,175,-1005,39.6727,13.0807
52.9,26137,465,137,-802,39.6633,13.0274
43.5,26277,462,161,-1005,39.6773,13.0364
46.4,26739,464,150,-948,39.6617,13.0061
42.9,25238,467,155,-967,39.6678,13.0445
43.5,25359,467,158,-965,39.6833,13.0890
50.9,25694,463,139,-826,39.6571,13.0193
51.9,25550,469,148,-805,39.6677,13.0938
42.6,25459,471,176,-1014,39.6705,13.0152
51.0,26355,465,158,-851,39.6516,13.0082
53.6,26794,466,142,-826,39.6800,13.0937
49.4,26460,462,125,-853,39.6811,13.0958
49.0,25993,470,167,-890,39.6587,13.0385
46.7,26219,464,151,-927,39.6679,13.0447
43.0,25527,468,173,-994,39.6763,13.0943
47.5,25787,471,144,-868,39.6608,13.0255
45.7,25604,464,179,-945,39.6671,13.0437
43.7,26494,464,164,-1000,39.6711,13.0659
44.8,25217,465,160,-930,39.6641,13.0061
52.3,26521,472,190,-868,39.6490,13.0304
48.3,25854,465,158,-885,39.6708,13.0800
45.1,26125,470,166,-959,39.6651,13.0280
52.5,26182,471,141,-812,39.6654,13.0365
52.5,26900,466,143,-829,39.6586,13.0249
46.4,25746,468,129,-893,39.6810,13.0752
49.2,25221,466,161,-872,39.6782,13.0791
46.7,25553,470,140,-875,39.6582,13.0147
44.4,25285,468,147,-920,39.6682,13.0379
47.2,25408,468,147,-876,39.6827,13.0881
46.3,25254,469,177,-925,39.6574,13.0049
45.8,26312,468,167,-944,39.6685,13.0724
46.4,25924,472,170,-940,39.6658,13.0566
52.4,26870,463,149,-839,39.6716,13.0819
49.9,25735,470,141,-825,39.6590,13.0096
51.6,26291,466,139,-821,39.6759,13.0895
50.2,26457,465,154,-860,39.6531,13.0159
50.1,26170,469,162,-874,39.6540,13.0285
44.9,26472,468,172,-982,39.6726,13.0460
52.9,25577,469,135,-772,39.6598,13.0097
48.7,25034,471,157,-848,39.6561,13.0166
49.8,26549,463,155,-874,39.6604,13.0066
45.4,26060,466,138,-922,39.6755,13.0706
43.9,26839,472,163,-1010,39.6767,13.0734
44.3,25438,463,139,-926,39.6700,13.0332
49.2,26784,465,173,-910,39.6694,13.0900
48.1,25961,463,125,-849,39.6842,13.0749
52.9,24983,467,140,-767,39.6638,13.0700
50.8,24970,469,157,-819,39.6660,13.0406
51.0,25547,467,144,-817,39.6734,13.0807
44.9,25821,463,150,-940,39.6669,13.0176
49.3,25232,464,139,-843,39.6793,13.0904
43.0,25681,471,168,-1009,39.6724,13.0523
47.4,26624,467,144,-911,39.6767,13.0407
46.6,26108,466,150,-912,39.6808,13.0697
51.6,24927,465,127,-781,39.6779,13.0624
50.7,25056,466,177,-845,39.6754,13.0914
43.4,24931,468,151,-950,39.6816,13.0815
44.6,26717,462,153,-979,39.6753,13.0315
43.8,25545,462,167,-969,39.6751,13.0902
49.0,26754,471,184,-926,39.6590,13.0272
48.8,26249,470,143,-881,39.6727,13.0787
49.6,25939,468,147,-845,39.6779,13.0994
48.0,26860,470,128,-893,39.6695,13.0470
46.2,25752,465,158,-918,39.6657,13.0029
48.4,26158,467,169,-903,39.6601,13.0075
53.3,26237,462,136,-780,39.6620,13.0281
44.7,26500,463,175,-1003,39.6715,13.0814
49.4,26319,463,149,-862,39.6564,13.0051
47.2,26885,462,127,-899,39.6811,13.0794
51.2,25519,472,142,-804,39.6607,13.0480
43.6,25365,470,170,-966,39.6735,13.0720
45.4,25612,466,145,-906,39.6728,13.0485
44.0,26041,463,142,-954,39.6625,13.0092
44.2,25182,470,159,-938,39.6887,13.0944
43.7,25098,471,174,-962,39.6702,13.0563
48.2,25922,463,149,-886,39.6682,13.0266
51.0,25126,465,142,-801,39.6605,13.0466
49.0,26081,471,126,-843,39.6682,13.0426
49.9,26063,471,163,-874,39.6642,13.0690
48.1,26671,469,127,-883,39.6823,13.0920
46.9,25941,466,130,-889,39.6701,13.0441
54.4,26696,463,123,-788,39.6586,13.0158
45.4,26491,465,177,-976,39.6581,13.0088
51.2,25715,465,140,-804,39.6661,13.0700
47.1,26070,464,156,-906,39.6823,13.0937
43.8,25195,472,162,-944,39.6710,13.0281
52.0,26425,466,158,-854,39.6558,13.0426
46.2,26781,472,170,-967,39.6786,13.0753
44.5,26418,471,176,-999,39.6763,13.0824
47.8,25018,464,171,-894,39.6705,13.0924
45.5,26835,463,168,-978,39.6652,13.0274
47.5,25787,463,134,-875,39.6743,13.0656
46.7,25788,464,153,-914,39.6832,13.0823
46.1,26737,470,139,-916,39.6678,13.0440
47.8,26619,464,168,-937,39.6778,13.0682
52.5,25018,462,126,-766,39.6676,13.0150
47.3,26787,463,168,-943,39.6723,13.0878
45.6,26344,465,133,-916,39.6687,13.0438
44.9,25265,464,175,-956,39.6663,13.0356
53.5,26416,471,144,-802,39.6505,13.0219
47.7,26553,467,162,-925,39.6686,13.0659
45.5,25898,469,156,-938,39.6698,13.0151
47.2,26141,465,179,-937,39.6595,13.0035
49.3,25743,466,141,-855,39.6699,13.0219
49.5,26711,467,167,-913,39.6603,13.0244
52.7,26840,462,127,-816,39.6692,13.0602
49.4,25379,472,126,-826,39.6674,13.0030
43.1,25565,472,171,-998,39.6685,13.0180
47.5,26467,466,147,-903,39.6735,13.0629
50.1,26509,470,146,-859,39.6769,13.0887
43.2,26066,470,189,-1024,39.6574,13.0187
52.2,25246,465,135,-795,39.6693,13.0807
46.1,25057,463,150,-907,39.6780,13.0906
47.7,25611,466,150,-882,39.6787,13.0614
51.1,26586,467,167,-875,39.6635,13.0663
43.3,25615,470,164,-975,39.6603,13.0157
49.0,24978,468,132,-829,39.6731,13.0378
52.5,25753,466,144,-816,39.6751,13.0900
50.4,25414,470,143,-822,39.6740,13.0497
45.7,25652,472,154,-932,39.6803,13.0571
50.4,26362,469,142,-846,39.6613,13.0513
50.1,25326,465,162,-847,39.6674,13.0466
53.0,26164,466,153,-816,39.6728,13.0726
48.8,26835,466,132,-872,39.6569,13.0114
50.8,26814,472,125,-842,39.6637,13.0168
51.1,25502,472,134,-800,39.6670,13.0669
46.6,25945,466,170,-947,39.6571,13.0053
50.9,26837,462,118,-830,39.6694,13.0334
43.7,26079,464,165,-1004,39.6692,13.0525
53.5,26575,463,148,-820,39.6706,13.0838
53.0,26493,462,169,-841,39.6596,13.0363
45.7,26860,468,167,-974,39.6642,13.0270
45.3,25348,472,170,-932,39.6681,13.0127
52.9,26020,470,139,-801,39.6638,13.0717
43.4,26444,466,175,-1012,39.6814,13.0754
44.3,25226,465,181,-969,39.6537,13.0070
51.4,26475,468,147,-826,39.6694,13.0788
43.8,26460,466,157,-1004,39.6767,13.0463
46.3,26571,465,135,-920,39.6763,13.0562
46.8,26593,465,158,-932,39.6664,13.0141
45.2,25690,471,154,-923,39.6823,13.0867
46.0,25813,463,158,-937,39.6663,13.0035
48.7,26895,469,149,-911,39.6801,13.0950
46.7,26717,465,139,-903,39.6634,13.0152
52.7,26306,466,139,-805,39.6680,13.0612
45.4,26191,468,138,-934,39.6854,13.0714
49.6,25789,471,162,-863,39.6789,13.0946
43.9,25628,472,151,-965,39.6851,13.0795
45.4,26802,472,177,-1004,39.6713,13.0848
54.0,26820,468,149,-821,39.6522,13.0122
46.4,26664,467,143,-933,39.6592,13.0159
46.6,26442,470,162,-944,39.6736,13.0849
51.0,26588,465,157,-875,39.6544,13.0085
42.2,25208,463,183,-1021,39.6724,13.0437
49.2,26601,464,158,-901,39.6670,13.0261
52.4,25968,471,142,-815,39.6626,13.0557
48.5,25760,469,164,-898,39.6680,13.0666
47.5,25713,462,158,-896,39.6676,13.0691
50.3,25247,468,175,-847,39.6506,13.0263
52.0,25167,470,131,-785,39.6679,13.0437
50.8,25874,472,140,-825,39.6773,13.0842
42.6,25432,471,164,-1004,39.6797,13.0604
53.6,25647,464,124,-759,39.6579,13.0039
53.0,24969,472,127,-753,39.6604,13.0255
45.5,26820,470,162,-960,39.6779,13.0675
45.5,25972,470,156,-929,39.6757,13.0457
52.2,26874,466,139,-831,39.6595,13.0209
46.1,26119,467,157,-928,39.6681,13.0689
52.4,25726,463,140,-793,39.6733,13.0981
48.5,25884,467,140,-860,39.6830,13.0793
46.4,26632,470,147,-928,39.6576,13.0052
47.9,26646,469,167,-920,39.6655,13.0639
44.5,25236,471,137,-903,39.6853,13.0702
45.5,25596,467,135,-902,39.6747,13.0186
46.1,25346,469,143,-898,39.6781,13.0399
49.0,25167,470,135,-826,39.6651,13.0487
45.6,26687,464,141,-933,39.6653,13.0265
50.2,26506,468,148,-858,39.6740,13.0780
43.9,25827,471,191,-1009,39.6671,13.0683
50.2,26877,463,150,-870,39.6527,13.0166
51.9,25543,472,170,-826,39.6642,13.0467
48.5,25181,466,172,-872,39.6664,13.0328
48.4,25173,467,172,-877,39.6649,13.0467
47.7,26827,465,143,-908,39.6667,13.0506
52.8,26590,463,137,-811,39.6638,13.0244
51.1,25964,469,130,-821,39.6630,13.0461
44.2,25180,463,158,-946,39.6745,13.0198
52.5,25309,466,139,-780,39.6760,13.0849
44.1,26039,464,150,-955,39.6663,13.0243
46.0,25792,469,152,-908,39.6677,13.0574
51.5,26712,466,152,-859,39.6752,13.0831
46.8,25451,470,145,-896,39.6703,13.0347
51.4,25236,465,143,-801,39.6688,13.0844
46.4,25712,465,156,-920,39.6791,13.0841
44.9,25128,465,154,-918,39.6696,13.0155
53.4,26490,471,158,-820,39.6672,13.0691
47.5,26513,469,169,-932,39.6564,13.0013
46.9,25784,465,176,-921,39.6573,13.0354
47.7,24978,467,152,-868,39.6756,13.0949
47.0,25412,469,137,-877,39.6748,13.0770
50.2,26903,463,159,-890,39.6719,13.0990
52.1,25157,464,149,-811,39.6554,13.0031
49.8,25152,471,143,-819,39.6648,13.0274
51.6,26909,464,140,-840,39.6624,13.0020
51.9,25322,465,139,-806,39.6658,13.0233
44.0,25053,463,143,-930,39.6745,13.0203
45.8,25262,466,135,-892,39.6901,13.0912
53.5,26242,470,153,-810,39.6624,13.0571
52.6,25908,466,156,-815,39.6610,13.0574
43.3,24988,467,168,-965,39.6586,13.0154
47.3,26576,463,175,-954,39.6624,13.0189
52.7,25643,464,161,-810,39.6645,13.0370
44.4,25886,468,167,-964,39.6835,13.0957
45.3,25534,467,138,-917,39.6852,13.0607
43.6,25311,465,168,-965,39.6668,13.0426
46.3,26069,464,139,-905,39.6723,13.0215
46.4,25637,470,133,-891,39.6661,13.0181
45.3,26095,466,129,-918,39.6742,13.0605
47.7,25474,463,141,-863,39.6706,13.0609
51.1,26493,465,155,-854,39.6544,13.0149
43.8,26585,463,165,-1014,39.6686,13.0060
52.0,26382,468,132,-806,39.6752,13.0877
46.0,25736,463,133,-899,39.6713,13.0588
45.4,25954,468,139,-909,39.6777,13.0327
47.3,25870,470,154,-895,39.6644,13.0488
49.9,25985,470,154,-858,39.6703,13.0420
43.7,25207,464,171,-957,39.6739,13.0713
52.2,25296,469,141,-803,39.6618,13.0396
52.9,25862,464,142,-810,39.6725,13.0789
42.9,24960,469,168,-982,39.6742,13.0653
53.6,26472,467,146,-798,39.6693,13.0848
51.3,26896,466,122,-833,39.6770,13.0541
47.4,26863,471,177,-956,39.6552,13.0061
49.2,25578,470,170,-886,39.6684,13.0909
46.1,26624,470,142,-924,39.6756,13.0561
46.9,25283,471,165,-898,39.6626,13.0116
44.5,26314,465,140,-957,39.6820,13.0513
44.1,25286,472,170,-965,39.6658,13.0080
44.7,26746,472,154,-974,39.6696,13.0064
44.8,25572,462,170,-956,39.6650,13.0213
46.9,25797,470,170,-930,39.6552,13.0237
44.4,26563,464,158,-975,39.6795,13.0566
53.1,26182,470,119,-775,39.6678,13.0786
46.1,25435,470,167,-915,39.6584,13.0066
48.4,26012,462,151,-896,39.6697,13.0529
51.1,26471,465,161,-861,39.6665,13.0535
48.1,25166,463,173,-888,39.6646,13.0597
46.1,25277,465,165,-913,39.6686,13.0359
45.1,25550,471,162,-932,39.6845,13.0936
43.4,25154,468,155,-950,39.6675,13.0074
43.2,25434,468,165,-992,39.6811,13.0502
45.0,26401,472,163,-964,39.6630,13.0119
53.4,26831,462,131,-812,39.6689,13.0279
45.5,26063,470,145,-917,39.6616,13.0193
49.2,26420,462,173,-913,39.6653,13.0337
50.9,25491,463,120,-802,39.6709,13.0408
46.3,24948,471,160,-885,39.6734,13.0839
52.4,25518,464,141,-786,39.6708,13.0734
44.8,25525,471,193,-979,39.6714,13.0497
46.4,25557,471,167,-917,39.6651,13.0461
42.2,25414,467,188,-1027,39.6757,13.0892
42.5,25276,469,164,-988,39.6720,13.0599
53.4,26168,470,152,-808,39.6525,13.0110
45.0,25286,467,138,-906,39.6705,13.0095
42.7,25636,467,167,-996,39.6658,13.0114
44.6,25564,464,150,-943,39.6875,13.0924
52.1,26354,466,131,-817,39.6727,13.0572
44.0,25493,467,156,-960,39.6642,13.0160
49.6,26864,465,143,-874,39.6760,13.0939
53.7,25869,470,137,-776,39.6730,13.0871
52.5,26803,462,179,-870,39.6664,13.0878
49.1,25739,463,147,-865,39.6657,13.0258
48.3,26653,469,140,-899,39.6709,13.0490
51.1,26033,467,127,-811,39.6638,13.0365
46.5,26492,468,163,-947,39.6679,13.0317
43.4,25445,466,161,-977,39.6690,13.0299
46.1,26705,465,134,-929,39.6721,13.0421
47.4,26303,468,140,-881,39.6819,13.0875
46.0,26723,463,154,-946,39.6672,13.0388
48.6,25752,470,167,-900,39.6675,13.0780
45.8,25912,472,174,-949,39.6711,13.0908
48.4,26615,464,161,-909,39.6748,13.0701
50.5,25565,471,149,-824,39.6632,13.0332
47.1,26182,464,145,-899,39.6717,13.0524
46.9,26554,464,187,-962,39.6648,13.0493
43.4,25829,466,193,-1017,39.6671,13.0466
51.1,26154,463,140,-822,39.6771,13.0720
47.7,25200,469,181,-902,39.6736,13.0610
46.3,25520,470,152,-896,39.6702,13.0668
50.4,26872,469,164,-886,39.6665,13.0674
51.3,25784,472,157,-831,39.6588,13.0489
50.3,26584,466,145,-846,39.6624,13.0296
47.6,24954,471,162,-864,39.6716,13.0428
42.6,25182,462,175,-989,39.6734,13.0798
45.3,26268,469,172,-977,39.6826,13.0902
44.0,26346,468,175,-1002,39.6591,13.0091
45.8,25600,468,170,-949,39.6653,13.0482
48.1,25643,469,164,-897,39.6536,13.0097
48.2,26844,465,157,-906,39.6768,13.0770
51.7,25822,466,166,-844,39.6519,13.0254
50.3,25554,465,133,-818,39.6612,13.0371
52.6,25870,471,141,-802,39.6655,13.0173
46.7,25142,471,149,-877,39.6755,13.0603
52.8,25526,469,134,-777,39.6759,13.0673
46.7,25928,463,135,-893,39.6640,13.0219
43.4,25366,469,158,-967,39.6857,13.0952
43.5,25947,471,192,-1021,39.6739,13.0660
46.7,25143,471,167,-895,39.6683,13.0398
53.8,26691,469,136,-795,39.6717,13.0538
43.6,25004,467,159,-951,39.6725,13.0571
46.0,26865,466,167,-960,39.6686,13.0629
48.1,25092,471,180,-899,39.6794,13.0877
49.1,26742,463,156,-913,39.6672,13.0579
43.5,25646,470,168,-981,39.6752,13.0706
43.3,25668,470,164,-985,39.6666,13.0047
42.1,24995,467,165,-998,39.6775,13.0608
53.5,26868,466,111,-790,39.6666,13.0443
46.8,25975,467,120,-877,39.6844,13.0735
44.4,25637,464,149,-947,39.6841,13.0946
46.5,25287,465,146,-895,39.6760,13.0819
47.9,26511,467,148,-898,39.6641,13.0037
44.8,26543,466,153,-981,39.6672,13.0235
44.9,26801,469,166,-1000,39.6778,13.0816
45.5,26289,471,136,-915,39.6643,13.0363
51.2,26613,471,115,-822,39.6564,13.0029
48.6,26279,464,146,-872,39.6620,13.0440
51.0,26852,463,141,-849,39.6744,13.0732
53.0,25419,468,145,-791,39.6556,13.0060
46.3,26871,467,164,-954,39.6744,13.0630
43.1,26590,463,182,-1039,39.6662,13.0119
47.8,25081,467,176,-895,39.6583,13.0289
52.0,26762,470,144,-826,39.6652,13.0384
44.3,25562,469,170,-979,39.6628,13.0252
47.3,26555,468,158,-921,39.6722,13.0624
44.4,25713,463,163,-954,39.6845,13.0925
47.8,26740,467,181,-938,39.6706,13.0711
49.1,26607,471,136,-879,39.6664,13.0492
51.5,25279,471,160,-825,39.6676,13.0656
50.8,26392,467,163,-877,39.6666,13.0441
48.1,25668,468,153,-870,39.6712,13.0557
47.5,26739,467,161,-928,39.6591,13.0070
44.5,25906,467,133,-925,39.6771,13.0790
47.5,25044,472,132,-849,39.6720,13.0472
45.1,26915,465,151,-967,39.6676,13.0400
43.5,25587,472,148,-950,39.6666,12.9985
50.7,25592,463,144,-813,39.6829,13.0871
49.1,25975,470,134,-837,39.6764,13.0590
52.6,25757,472,152,-813,39.6716,13.0605
43.1,25170,466,161,-969,39.6694,13.0377
48.8,25270,462,143,-855,39.6801,13.0758
48.8,26655,464,184,-930,39.6535,13.0328
46.5,25672,471,151,-897,39.6737,13.0420
43.1,25237,466,146,-961,39.6728,13.0123
52.7,26386,464,153,-830,39.6649,13.0340
47.6,26543,464,144,-900,39.6753,13.0455
48.7,25370,466,130,-846,39.6667,13.0047
47.9,26308,462,171,-917,39.6715,13.0969
46.5,26036,467,145,-901,39.6755,13.0784
51.6,26726,464,121,-826,39.6672,13.0368
44.3,25160,469,134,-904,39.6765,13.0786
44.7,26166,465,169,-975,39.6698,13.0167
48.1,25708,468,160,-895,39.6551,13.0209
47.6,25882,471,179,-929,39.6674,13.0573
48.4,25751,471,153,-864,39.6624,13.0251
48.5,26921,472,164,-921,39.6721,13.0556
48.3,26803,465,147,-891,39.6815,13.0852
42.0,25042,472,177,-1008,39.6775,13.0854
45.3,25788,462,157,-933,39.6868,13.0922
51.8,25956,464,140,-825,39.6727,13.0933
51.0,25734,464,134,-819,39.6794,13.0721
48.9,26182,472,159,-886,39.6585,13.0367
44.9,26563,470,174,-987,39.6610,13.0040
47.8,25151,463,147,-862,39.6721,13.0402
49.3,25212,463,149,-838,39.6594,13.0090
46.4,26875,469,191,-984,39.6589,13.0026
45.5,25423,465,158,-916,39.6622,13.0364
50.9,26057,467,162,-839,39.6653,13.0594
44.0,25789,468,144,-956,39.6838,13.0713
51.5,26806,467,180,-883,39.6569,13.0429
43.9,25622,467,144,-950,39.6772,13.0767
45.6,26168,472,132,-906,39.6711,13.0406
54.5,26880,463,131,-791,39.6719,13.0904
48.5,26141,465,155,-897,39.6568,13.0201
42.7,25071,470,157,-975,39.6749,13.0305
51.1,26508,463,157,-849,39.6600,13.0170
45.0,26244,464,157,-958,39.6691,13.0321
47.4,25717,470,161,-914,39.6569,13.0122
48.8,25759,464,150,-878,39.6767,13.0942
49.2,26565,467,132,-870,39.6700,13.0563
44.6,26557,469,184,-1007,39.6662,13.0590
49.6,26415,465,166,-883,39.6785,13.0828
44.8,26292,469,138,-936,39.6612,13.0149
45.8,25530,467,191,-955,39.6729,13.0725
45.5,26047,469,163,-946,39.6721,13.0571
43.4,25524,468,162,-976,39.6781,13.0935
52.2,26491,465,158,-840,39.6671,13.0470
48.4,26107,466,168,-914,39.6587,13.0151
46.5,25858,463,148,-913,39.6756,13.0456
46.2,26426,463,182,-966,39.6602,13.0354
47.9,26089,465,153,-883,39.6585,13.0148
49.1,26831,464,152,-894,39.6748,13.0856
47.4,25705,463,136,-882,39.6802,13.0921
46.3,25101,471,161,-901,39.6609,13.0241
48.5,26251,465,146,-869,39.6658,13.0327
47.8,25400,467,168,-883,39.6711,13.0796
44.4,25918,464,153,-951,39.6646,13.0060
48.9,25892,469,155,-887,39.6608,13.0389
44.2,26363,467,160,-988,39.6757,13.0903
43.7,26359,469,165,-1007,39.6787,13.0615
49.0,25917,469,149,-863,39.6766,13.0924
47.9,25924,464,166,-898,39.6660,13.0575
52.2,24945,463,145,-795,39.6582,13.0169
44.9,25943,464,127,-924,39.6877,13.0626
47.4,26203,471,179,-937,39.6511,13.0132
43.9,25827,464,168,-995,39.6844,13.0712
52.0,26723,466,167,-856,39.6553,13.0053
44.1,25110,467,161,-948,39.6813,13.0559
46.5,24942,463,177,-915,39.6669,13.0725
50.1,25065,469,160,-834,39.6746,13.0945
45.0,25414,465,158,-945,39.6609,13.0154
42.6,25276,464,170,-987,39.6777,13.0895
50.9,25285,470,135,-807,39.6739,13.0745
45.7,25042,470,173,-920,39.6724,13.0890
46.9,26760,466,145,-922,39.6735,13.0636
44.7,26207,462,173,-986,39.6781,13.0761
49.8,26552,463,150,-881,39.6680,13.0542
46.0,26854,470,141,-940,39.6772,13.0519
44.6,25814,464,165,-957,39.6719,13.0736
45.9,25051,471,150,-904,39.6683,13.0588
43.8,26632,465,173,-1017,39.6579,13.0123
51.6,26281,464,160,-854,39.6528,13.0110
50.1,26140,466,170,-876,39.6676,13.0675
50.9,26040,469,131,-810,39.6802,13.0936
43.1,25544,463,151,-972,39.6792,13.0704
51.4,26454,466,146,-836,39.6745,13.0932
44.6,26150,467,150,-942,39.6787,13.0602
44.3,26304,466,141,-953,39.6835,13.0589
43.6,26082,465,154,-982,39.6641,13.0276
42.9,25719,463,155,-993,39.6711,13.0479
43.1,25200,467,162,-959,39.6789,13.0762
48.8,25670,468,164,-882,39.6649,13.0383
49.7,25662,468,167,-868,39.6665,13.0619
48.5,25591,464,158,-886,39.6691,13.0719
45.5,26741,467,139,-941,39.6787,13.0735
45.6,25022,465,134,-882,39.6794,13.0909
46.4,25057,465,168,-914,39.6747,13.0774
43.5,25147,470,180,-987,39.6609,13.0324
44.1,25265,469,183,-977,39.6687,13.0659
44.2,26816,465,154,-995,39.6808,13.0566
48.9,26324,467,142,-885,39.6750,13.0617
53.1,26527,464,132,-808,39.6763,13.0716
51.7,26818,466,128,-838,39.6731,13.0475
48.0,26798,464,131,-894,39.6741,13.0486
49.5,26105,469,154,-875,39.6601,13.0398
49.4,26534,466,141,-867,39.6609,13.0249
45.6,25905,470,142,-914,39.6757,13.0840
50.8,25516,467,133,-823,39.6684,13.0240
47.1,26305,462,148,-915,39.6758,13.0558
46.0,25958,470,163,-948,39.6719,13.0755
44.2,25862,467,161,-968,39.6668,13.0164
43.7,25996,464,182,-1009,39.6666,13.0576
45.4,26892,467,128,-928,39.6756,13.0779
46.9,26625,463,160,-933,39.6653,13.0258
43.2,25513,466,165,-994,39.6695,13.0156
51.3,25202,472,143,-800,39.6713,13.0624
46.6,26214,472,184,-953,39.6727,13.0825
47.5,26438,469,135,-888,39.6678,13.0150
47.0,26593,470,154,-917,39.6753,13.0465
51.2,25643,468,159,-841,39.6636,13.0758
45.6,26589,464,160,-965,39.6804,13.0726
51.1,26637,469,162,-855,39.6532,13.0131
42.8,24962,470,157,-958,39.6856,13.0686
52.2,26540,469,165,-849,39.6527,13.0395
44.7,26271,470,185,-990,39.6771,13.0886
44.9,26773,471,140,-953,39.6738,13.0539
43.1,26566,466,176,-1033,39.6786,13.0747
48.9,25505,464,142,-844,39.6573,13.0177
51.2,25936,466,146,-836,39.6771,13.0877
48.1,25691,467,159,-900,39.6764,13.0596
53.5,26394,471,141,-807,39.6693,13.0833
51.0,25280,465,175,-847,39.6766,13.0886
50.2,26049,470,173,-871,39.6648,13.0757
43.2,25258,466,162,-972,39.6776,13.0763
45.0,25462,470,150,-928,39.6622,13.0245
45.2,26737,472,167,-975,39.6742,13.0673
44.0,26642,468,160,-993,39.6712,13.0443
45.7,26636,469,152,-955,39.6692,13.0364
45.8,26352,469,160,-942,39.6786,13.0897
49.4,25290,465,120,-819,39.6793,13.0804
44.9,26480,469,149,-968,39.6836,13.0772
43.9,25297,471,165,-956,39.6645,13.0301
49.0,26570,470,133,-872,39.6621,13.0415
54.3,26865,471,151,-808,39.6621,13.0864
51.5,26590,467,122,-820,39.6657,13.0387
47.2,26842,467,154,-923,39.6694,13.0238
47.8,25189,471,169,-885,39.6655,13.0203
44.0,26690,468,171,-1007,39.6829,13.0815
46.9,25569,471,142,-881,39.6704,13.0626
45.4,25520,471,123,-892,39.6897,13.0716
53.3,25819,466,137,-799,39.6645,13.0494
44.5,26127,469,159,-965,39.6617,13.0061
45.1,25035,469,140,-906,39.6685,13.0369
48.3,25038,464,150,-863,39.6786,13.0829
52.6,25033,463,115,-760,39.6804,13.0790
47.5,25380,467,173,-902,39.6662,13.0504
43.4,25523,467,153,-977,39.6831,13.0772
52.9,25512,464,132,-778,39.6680,13.0746
50.1,26577,471,146,-862,39.6735,13.0478
47.4,25582,466,138,-880,39.6809,13.0645
43.3,25025,465,161,-959,39.6635,13.0195
48.8,25134,470,142,-833,39.6834,13.0806
46.7,26824,466,131,-904,39.6604,13.0152
52.7,26767,466,151,-836,39.6802,13.0978
44.9,26194,465,158,-948,39.6619,13.0053
46.3,26283,469,161,-944,39.6541,13.0053
51.4,26166,470,131,-826,39.6652,13.0403
44.6,25795,463,181,-983,39.6691,13.0700
46.7,25385,467,167,-907,39.6671,13.0434
43.4,26066,468,164,-1004,39.6759,13.0541
50.6,25804,467,129,-811,39.6668,13.0168
47.9,25216,465,146,-854,39.6682,13.0131
50.1,25815,465,145,-853,39.6752,13.0648
51.2,26616,470,129,-816,39.6582,13.0114
47.6,25693,468,157,-895,39.6708,13.0881
55.2,26528,471,134,-760,39.6663,13.0902
45.3,25001,467,132,-889,39.6703,13.0044
46.0,26134,469,158,-931,39.6764,13.0480
46.5,26903,463,152,-943,39.6677,13.0438
51.5,26262,463,171,-865,39.6684,13.0624
49.2,25577,468,168,-879,39.6605,13.0503
46.9,26238,465,152,-914,39.6800,13.0710
54.8,26331,468,132,-759,39.6569,13.0449
48.5,26886,465,176,-927,39.6740,13.0799
44.1,26331,471,151,-975,39.6633,13.0180
45.8,26882,468,170,-971,39.6708,13.0389
49.8,26866,466,153,-877,39.6588,13.0349
52.0,26570,469,150,-848,39.6652,13.0496
48.0,26414,465,175,-937,39.6796,13.0822
43.3,25897,464,164,-976,39.6697,13.0100
44.4,25902,466,173,-982,39.6832,13.0928
47.7,26779,471,157,-920,39.6774,13.0669
44.0,26383,463,170,-993,39.6671,13.0558
45.5,25743,462,152,-932,39.6706,13.0459
51.1,25650,469,141,-808,39.6657,13.0232
47.9,25160,463,164,-871,39.6717,13.0411
43.1,25393,465,157,-971,39.6751,13.0252
52.0,26158,469,156,-842,39.6607,13.0361
46.2,25618,465,169,-930,39.6707,13.0299
49.9,26352,468,165,-894,39.6691,13.0713
42.4,25136,470,178,-991,39.6679,13.0445
43.1,25143,467,154,-963,39.6617,13.0072
45.6,26073,469,149,-917,39.6654,13.0367
45.9,25492,472,133,-885,39.6807,13.0863
46.1,25145,463,164,-916,39.6743,13.0508
51.9,26857,470,153,-860,39.6663,13.0296
52.9,25653,463,130,-771,39.6681,13.0409
47.2,26290,467,142,-885,39.6785,13.0725
46.3,24974,471,139,-871,39.6843,13.0808
47.5,26514,466,147,-917,39.6555,13.0090
43.2,26163,462,188,-1033,39.6786,13.0752
52.2,25725,471,133,-801,39.6652,13.0484
47.7,26222,462,142,-883,39.6711,13.0374
48.0,25568,463,172,-910,39.6662,13.0543
47.2,25116,464,159,-895,39.6765,13.0844
42.9,25210,468,158,-973,39.6829,13.0859
49.0,25095,464,151,-840,39.6680,13.0402
46.9,26192,463,180,-942,39.6669,13.0367
54.5,26345,462,119,-764,39.6627,13.0051
51.3,25227,468,151,-820,39.6728,13.0812
50.4,25148,465,141,-815,39.6675,13.0665
47.2,25620,466,165,-908,39.6605,13.0218
50.7,25886,467,139,-826,39.6740,13.0700
50.7,26469,468,131,-826,39.6651,13.0127
49.9,25315,468,128,-822,39.6720,13.0295
47.9,24981,470,131,-835,39.6650,13.0057
45.9,26155,468,164,-934,39.6747,13.0777
43.0,26547,471,184,-1038,39.6588,13.0152
53.8,26402,472,140,-797,39.6621,13.0704
45.1,26650,470,133,-924,39.6671,13.0183
51.5,25712,472,165,-833,39.6660,13.0606
42.4,25174,472,177,-1014,39.6788,13.0879
45.3,26308,472,159,-944,39.6723,13.0789
47.2,26244,468,163,-918,39.6545,13.0065
43.3,25311,472,149,-957,39.6786,13.0874
44.1,25059,465,160,-933,39.6598,13.0091
49.3,25611,463,169,-871,39.6629,13.0483
46.7,26622,465,170,-946,39.6814,13.0818
42.5,25031,466,194,-1008,39.6719,13.0423
46.3,25929,464,132,-886,39.6825,13.0828
44.6,26060,469,178,-990,39.6709,13.0646
45.1,26654,466,147,-964,39.6749,13.0697
47.3,25356,462,151,-881,39.6768,13.0807
46.0,26650,470,133,-923,39.6745,13.0222
44.9,26759,465,135,-954,39.6738,13.0350
46.4,25823,466,169,-938,39.6848,13.0891
42.9,25220,462,165,-984,39.6781,13.0899
51.3,26037,472,152,-829,39.6772,13.0818
45.7,25392,469,135,-881,39.6823,13.0810
52.5,26834,472,147,-838,39.6617,13.0680
51.3,26784,472,165,-881,39.6555,13.0107
55.1,26364,471,125,-754,39.6604,13.0463
52.2,26464,465,143,-824,39.6538,13.0189
43.2,25323,462,169,-987,39.6806,13.0550
52.2,25510,469,161,-811,39.6612,13.0671
52.9,26757,467,134,-805,39.6693,13.0756
43.5,25101,472,162,-957,39.6809,13.0938
46.2,26311,472,183,-976,39.6618,13.0208
46.3,26371,464,159,-946,39.6796,13.0902
51.3,26872,467,154,-866,39.6613,13.0381
48.1,25341,463,170,-885,39.6659,13.0746
51.2,25741,468,138,-818,39.6738,13.0821
45.8,25108,472,144,-899,39.6786,13.0533
46.9,25455,472,135,-875,39.6628,13.0120
51.8,25679,462,158,-838,39.6635,13.0451
52.7,25830,468,143,-810,39.6764,13.0872
52.1,25001,464,132,-788,39.6714,13.0802
43.4,25420,468,156,-971,39.6728,13.0525
47.1,25453,464,127,-866,39.6722,13.0150
48.8,26890,467,164,-913,39.6638,13.0491
45.6,25560,463,154,-915,39.6797,13.0896
42.1,25450,469,182,-1037,39.6860,13.0925
44.8,25376,472,151,-916,39.6728,13.0694
45.4,25127,469,172,-940,39.6857,13.0862
54.6,26435,464,135,-783,39.6587,13.0508
49.9,26201,469,174,-891,39.6705,13.0594
49.3,26120,470,153,-865,39.6547,13.0094
50.4,25808,466,131,-832,39.6731,13.0557
50.0,26533,468,128,-850,39.6844,13.0781
47.4,26195,463,157,-910,39.6766,13.0632
46.7,25668,464,147,-888,39.6716,13.0476
50.4,25304,471,157,-843,39.6499,13.0085
45.2,26068,472,166,-955,39.6612,13.0221
49.7,25735,470,151,-860,39.6710,13.0703
44.5,25569,466,169,-965,39.6610,13.0109
48.2,26714,466,149,-894,39.6682,13.0762
47.7,26712,464,180,-944,39.6618,13.0560
43.3,26064,463,159,-995,39.6598,13.0056
45.8,25308,464,168,-930,39.6761,13.0723
47.5,25321,462,154,-886,39.6610,13.0073
50.0,25759,463,165,-869,39.6628,13.0375
47.1,26787,470,159,-937,39.6579,13.0177
47.0,25914,465,171,-923,39.6708,13.0765
48.1,26835,465,132,-892,39.6761,13.0811
47.5,24931,464,177,-891,39.6818,13.0902
45.5,25591,468,165,-932,39.6727,13.0849
51.2,26583,463,143,-845,39.6777,13.0941
49.7,26805,462,160,-896,39.6757,13.0809
43.7,25660,464,163,-983,39.6582,13.0084
48.8,25358,471,166,-874,39.6619,13.0301
51.4,26437,464,160,-867,39.6584,13.0149
43.1,25930,470,174,-1005,39.6684,13.0100
50.8,25168,463,159,-836,39.6543,13.0291
53.8,26770,472,138,-817,39.6680,13.0913
44.4,25183,464,136,-918,39.6704,13.0427
52.6,26494,470,159,-835,39.6638,13.0371
46.6,25452,465,140,-873,39.6770,13.0730
48.9,26046,471,178,-900,39.6639,13.0430
46.1,24956,471,133,-866,39.6675,13.0321
45.9,25557,466,126,-889,39.6689,13.0314
48.1,26885,464,142,-889,39.6625,13.0418
49.7,25503,470,140,-820,39.6621,13.0254
43.4,24961,468,141,-931,39.6734,13.0358
49.6,25314,468,146,-829,39.6759,13.0790
49.3,26657,471,176,-906,39.6651,13.0528
51.1,26113,464,170,-854,39.6518,13.0181
44.3,25921,468,152,-951,39.6629,13.0273
48.2,26324,471,163,-912,39.6717,13.0892
53.7,26826,468,160,-823,39.6656,13.0784
44.5,25176,469,175,-955,39.6658,13.0085
45.2,25027,471,163,-921,39.6632,13.0226
44.0,26221,471,157,-970,39.6707,13.0596
48.5,25794,469,186,-908,39.6658,13.0410
51.0,25856,465,145,-842,39.6712,13.0440
46.6,24934,471,137,-868,39.6746,13.0641
53.0,26709,464,133,-809,39.6572,13.0292
53.0,26772,469,149,-830,39.6619,13.0583
45.1,25905,469,157,-938,39.6675,13.0530
45.0,26203,471,142,-947,39.6749,13.0758
43.0,25325,465,177,-983,39.6670,13.0535
47.8,25383,465,168,-898,39.6815,13.0950
47.0,25016,468,157,-895,39.6719,13.0309
52.8,26860,470,140,-831,39.6626,13.0103
44.1,25706,466,144,-945,39.6750,13.0488
45.2,25658,470,146,-910,39.6687,13.0395
46.0,25647,471,161,-932,39.6709,13.0324
50.5,25842,469,165,-861,39.6756,13.0729
47.3,25694,472,164,-912,39.6675,13.0231
44.0,25047,466,141,-923,39.6754,13.0655
48.0,25231,464,131,-841,39.6769,13.0643
51.7,26388,464,117,-811,39.6596,13.0248
49.8,26197,466,139,-841,39.6708,13.0310
51.6,25889,470,169,-843,39.6689,13.0906
54.4,26570,471,133,-789,39.6603,13.0359
47.4,26135,463,155,-894,39.6718,13.0735
44.7,24951,471,154,-921,39.6789,13.0913
47.8,25634,462,156,-888,39.6689,13.0605
51.1,26126,469,143,-836,39.6641,13.0228
46.1,25339,464,185,-935,39.6704,13.0450
44.6,25591,468,172,-959,39.6688,13.0316
44.2,25131,468,163,-941,39.6672,13.0508
49.9,25858,467,150,-855,39.6664,13.0221
46.3,25599,466,158,-902,39.6588,13.0168
43.1,25241,470,155,-970,39.6804,13.0870
51.3,26725,464,162,-879,39.6569,13.0431
48.7,25457,464,154,-871,39.6761,13.0799
49.7,26547,470,130,-844,39.6721,13.0817
47.1,26058,463,164,-920,39.6767,13.0765
46.1,26063,463,142,-902,39.6783,13.0469
46.3,26128,467,157,-938,39.6657,13.0025
43.9,25868,472,164,-963,39.6696,13.0475
48.7,26325,464,139,-877,39.6710,13.0601
47.5,24948,463,170,-884,39.6551,13.0193
49.9,25208,469,135,-816,39.6785,13.0699
53.6,25123,465,127,-748,39.6694,13.0645
46.8,26778,467,171,-954,39.6639,13.0484
45.2,26497,470,175,-977,39.6716,13.0389
44.1,26353,466,147,-978,39.6717,13.0609
48.7,25491,472,159,-858,39.6759,13.0797
47.5,25034,470,137,-849,39.6638,13.0221
52.0,24974,467,134,-772,39.6635,13.0408
46.5,26908,466,152,-946,39.6656,13.0563
45.8,26070,465,147,-920,39.6618,13.0091
49.6,25542,469,162,-849,39.6574,13.0056
44.8,26674,469,157,-968,39.6792,13.0944
46.4,25126,463,134,-873,39.6711,13.0588
46.2,24952,465,157,-885,39.6706,13.0761
45.0,25275,463,146,-914,39.6846,13.0700
43.7,25962,465,174,-991,39.6595,13.0113
50.7,26239,470,149,-844,39.6606,13.0442
49.1,25537,466,140,-853,39.6680,13.0305
50.5,25038,467,142,-816,39.6768,13.0595
44.5,25650,471,160,-954,39.6629,13.0044
52.7,26379,464,163,-833,39.6665,13.0538
45.2,26728,469,163,-967,39.6676,13.0617
45.7,25924,472,160,-940,39.6637,13.0101
49.5,25839,467,152,-856,39.6593,13.0444
54.2,25626,470,123,-756,39.6682,13.0736
43.6,25741,468,154,-966,39.6616,13.0045
42.5,25845,469,173,-1032,39.6760,13.0862
49.6,26885,469,145,-877,39.6747,13.0949
49.8,26603,470,136,-857,39.6700,13.0326
44.9,26478,465,159,-973,39.6672,13.0386
49.5,25626,466,175,-872,39.6603,13.0218
43.8,25390,464,151,-962,39.6597,13.0050
44.0,26320,468,155,-988,39.6619,13.0099
48.0,25875,466,128,-866,39.6610,13.0167
47.7,25223,470,159,-871,39.6714,13.0675
48.7,25464,466,156,-860,39.6649,13.0419
46.5,25991,464,142,-909,39.6621,13.0289
49.4,25913,471,136,-848,39.6668,13.0567
49.4,25654,467,151,-852,39.6799,13.0871
49.4,26863,466,153,-905,39.6815,13.0934
43.1,25312,472,158,-971,39.6766,13.0759
51.4,26869,470,134,-842,39.6574,13.0221
51.1,25074,470,158,-827,39.6630,13.0739
51.0,26500,466,146,-845,39.6606,13.0082
46.7,26776,466,162,-936,39.6741,13.0612
46.6,26764,467,165,-960,39.6728,13.0599
45.1,26398,471,161,-974,39.6729,13.0484
47.3,25951,465,134,-876,39.6650,13.0213
46.2,25812,471,151,-903,39.6663,13.0115
52.0,26409,469,150,-840,39.6674,13.0322
49.6,26186,471,141,-869,39.6687,13.0425
42.7,25671,465,169,-1005,39.6677,13.0497
44.4,24998,471,176,-951,39.6622,13.0429
52.9,25158,468,137,-764,39.6721,13.0646
43.7,26026,469,174,-989,39.6746,13.0563
51.3,26630,463,153,-848,39.6684,13.0843
51.4,25889,464,159,-839,39.6546,13.0331
45.8,25103,466,148,-881,39.6661,13.0100
50.0,25643,467,136,-835,39.6766,13.0898
51.0,26866,471,131,-836,39.6715,13.0551
47.9,26444,469,155,-901,39.6638,13.0434
46.7,25944,470,143,-903,39.6668,13.0180
53.6,25673,470,131,-769,39.6564,13.0067
53.0,26858,468,125,-808,39.6680,13.0340
43.1,25102,469,156,-959,39.6752,13.0340
52.9,26805,463,148,-818,39.6544,13.0215
45.5,26732,470,177,-977,39.6757,13.0556
44.8,25367,467,143,-929,39.6653,13.0087
44.6,26717,469,155,-977,39.6770,13.0920
43.5,26387,470,187,-1025,39.6613,13.0094
44.7,25954,471,169,-966,39.6587,13.0146
49.9,26066,466,149,-853,39.6683,13.0804
51.9,25205,471,143,-805,39.6654,13.0705
52.3,26057,466,125,-802,39.6711,13.0680
52.6,26869,467,130,-825,39.6720,13.0794
43.1,25556,468,174,-1006,39.6644,13.0105
43.9,25558,471,166,-969,39.6713,13.0297
52.5,26211,472,160,-819,39.6691,13.0818
47.0,25766,463,144,-896,39.6756,13.0624
44.4,26456,472,165,-987,39.6714,13.0408
48.0,25785,466,158,-892,39.6829,13.0905
49.7,25662,464,142,-839,39.6697,13.0525
51.0,26013,469,171,-859,39.6703,13.0689
51.0,25844,462,128,-807,39.6769,13.0892
46.3,26318,463,117,-891,39.6744,13.0321
52.3,26036,465,158,-826,39.6625,13.0364
42.1,24929,468,168,-996,39.6863,13.0836
44.5,25415,467,155,-952,39.6897,13.0889
44.1,25351,472,145,-935,39.6708,13.0376
51.3,25546,466,147,-813,39.6596,13.0450
45.8,25861,467,130,-901,39.6783,13.0637
45.9,25469,471,168,-935,39.6661,13.0315
49.9,26234,471,169,-888,39.6753,13.0793
53.7,26549,464,155,-818,39.6561,13.0159
42.6,25251,469,168,-982,39.6623,13.0280
43.1,26535,466,180,-1037,39.6622,13.0344
48.5,25679,470,127,-846,39.6844,13.0690
53.6,26667,463,140,-801,39.6665,13.0580
47.1,26812,468,141,-914,39.6743,13.0902
45.3,26476,463,150,-959,39.6696,13.0406
48.6,25282,466,160,-878,39.6764,13.0902
47.2,26137,470,173,-940,39.6742,13.0635
49.6,25151,465,159,-842,39.6672,13.0782
50.7,25633,465,165,-851,39.6731,13.0611
46.9,26740,472,140,-920,39.6759,13.0917
44.1,25790,468,154,-971,39.6616,12.9997
44.2,26923,471,170,-1008,39.6771,13.0926
46.8,26870,463,146,-922,39.6604,13.0204
45.0,25296,468,139,-915,39.6734,13.0094
46.0,25278,463,142,-895,39.6638,13.0286
44.2,25877,469,180,-993,39.6719,13.0682
46.4,25736,469,131,-894,39.6738,13.0639
50.6,26823,471,121,-841,39.6773,13.0740
50.6,25470,463,128,-812,39.6592,13.0226
53.4,25751,468,146,-790,39.6563,13.0168
46.4,25502,462,162,-921,39.6610,13.0048
48.1,25716,469,139,-860,39.6667,13.0180
45.1,25775,470,171,-949,39.6776,13.0783
44.1,24982,469,164,-944,39.6632,13.0264
47.5,25052,470,160,-886,39.6614,13.0254
44.6,25297,468,166,-941,39.6750,13.0527
45.4,25874,465,171,-958,39.6553,13.0055
44.7,26576,463,176,-990,39.6763,13.0487
50.7,25474,471,171,-864,39.6533,13.0299
52.5,25296,470,144,-800,39.6695,13.0852
50.1,25785,469,145,-838,39.6683,13.0752
48.2,26502,465,148,-888,39.6724,13.0430
51.8,26403,471,133,-803,39.6664,13.0613
46.9,25420,470,184,-929,39.6602,13.0280
49.5,25043,463,163,-860,39.6636,13.0280
51.6,25512,466,141,-821,39.6712,13.0723
46.5,26169,471,128,-896,39.6760,13.0618
50.8,25803,464,146,-834,39.6720,13.0936
49.3,25875,472,138,-857,39.6598,13.0102
51.5,25130,469,173,-825,39.6484,13.0201
44.9,25042,467,168,-937,39.6755,13.0517
48.9,25919,466,131,-856,39.6713,13.0702
43.3,25305,471,157,-953,39.6866,13.0797
46.6,25172,465,147,-883,39.6659,13.0429
42.6,25214,465,166,-984,39.6814,13.0552
45.5,25823,470,162,-937,39.6592,13.0269
50.3,25177,469,130,-811,39.6700,13.0307
48.9,25374,464,159,-866,39.6788,13.0864
52.6,26282,465,149,-817,39.6507,13.0207
47.8,25414,468,130,-850,39.6806,13.0956
44.2,26125,462,175,-992,39.6585,13.0137
46.4,25893,462,143,-907,39.6755,13.0511
47.4,25442,471,150,-876,39.6739,13.0889
50.9,25376,464,149,-810,39.6701,13.0734
53.7,25576,463,120,-756,39.6768,13.0640
42.7,25801,470,172,-1008,39.6707,13.0393
44.1,26003,468,153,-956,39.6781,13.0563
49.2,26095,467,169,-903,39.6567,13.0315
50.5,26743,467,142,-862,39.6660,13.0576
50.0,26253,465,128,-828,39.6766,13.0764
51.5,26456,463,159,-867,39.6603,13.0255
43.6,25876,470,163,-987,39.6709,13.0077
49.5,24938,465,138,-821,39.6676,13.0596
47.3,25245,470,176,-911,39.6566,13.0220
44.3,24934,471,178,-968,39.6706,13.0591
49.8,26532,470,155,-882,39.6619,13.0378
45.4,25677,464,149,-926,39.6785,13.0911
50.0,25378,467,145,-821,39.6710,13.0542
48.2,26019,470,165,-888,39.6620,13.0213
43.5,25340,468,174,-983,39.6700,13.0199
46.1,26833,470,138,-920,39.6711,13.0561
44.1,25565,471,166,-972,39.6700,13.0563
44.5,25470,463,168,-953,39.6615,13.0135
52.3,25798,462,166,-823,39.6699,13.0602
51.7,26811,466,156,-850,39.6624,13.0700
50.8,26504,462,146,-849,39.6625,13.0294
46.8,25021,469,163,-901,39.6660,13.0111
46.4,25614,468,175,-941,39.6584,13.0315
50.8,26102,472,148,-842,39.6631,13.0195
48.5,25535,471,159,-883,39.6827,13.0882
50.6,25513,467,151,-838,39.6723,13.0923
48.4,25091,464,144,-848,39.6588,13.0223
50.8,25295,466,124,-795,39.6712,13.0316
45.9,25198,468,149,-904,39.6678,13.0056
43.3,25823,469,185,-1024,39.6690,13.0127
50.8,25052,464,128,-787,39.6719,13.0421
44.0,25578,470,132,-933,39.6793,13.0815
47.3,26729,468,141,-902,39.6724,13.0717
44.9,26640,468,147,-960,39.6738,13.0244
50.8,26858,468,163,-877,39.6631,13.0767
43.8,25482,466,166,-960,39.6739,13.0244
43.4,25516,471,155,-968,39.6738,13.0668
43.4,25773,462,168,-1006,39.6649,13.0094
45.3,26876,468,146,-966,39.6742,13.0677
43.4,25026,464,157,-956,39.6804,13.0544
45.7,26542,462,136,-911,39.6750,13.0711
53.4,26719,467,149,-832,39.6662,13.0712
46.0,26082,464,157,-935,39.6801,13.0805
48.9,26035,464,168,-905,39.6623,13.0171
47.9,25248,471,154,-859,39.6846,13.0955
49.6,25586,470,140,-836,39.6790,13.0738
42.8,25707,469,179,-1011,39.6643,13.0164
48.3,25206,468,142,-849,39.6835,13.0920
47.1,26315,464,162,-929,39.6656,13.0206
44.8,25344,467,146,-930,39.6822,13.0517
52.1,25099,463,148,-803,39.6566,13.0402
44.5,25365,466,144,-917,39.6673,13.0434
54.2,26901,469,150,-816,39.6523,13.0121
43.6,25649,466,155,-971,39.6746,13.0209
52.0,26643,471,168,-852,39.6652,13.0550
47.3,25083,469,133,-860,39.6639,13.0208
45.2,25233,462,131,-903,39.6889,13.0738
45.8,25869,467,178,-950,39.6759,13.0866
50.8,25966,464,139,-821,39.6691,13.0466
42.7,25155,462,167,-983,39.6855,13.0869
45.6,26512,470,135,-936,39.6762,13.0402
48.5,26288,465,166,-902,39.6837,13.0949
48.3,26630,463,146,-883,39.6704,13.0399
45.0,26841,466,149,-966,39.6862,13.0847
43.9,25646,464,144,-959,39.6729,13.0194
44.7,25446,466,154,-940,39.6708,13.0381
46.4,26623,465,165,-953,39.6800,13.0916
50.6,24976,471,139,-799,39.6628,13.0419
51.8,25246,465,133,-780,39.6731,13.0965
50.9,25925,466,127,-810,39.6746,13.0864
48.5,25482,472,180,-893,39.6768,13.0849
47.4,25383,471,156,-895,39.6683,13.0540
45.9,26344,466,136,-929,39.6711,13.0630
47.8,26056,471,147,-902,39.6702,13.0515
44.4,26216,465,156,-970,39.6734,13.0264
46.7,25075,469,180,-925,39.6532,13.0139
47.9,25391,463,162,-898,39.6748,13.0800
49.3,26000,465,146,-863,39.6622,13.0094
48.3,25575,466,154,-864,39.6626,13.0074
51.2,25281,465,165,-824,39.6736,13.0725
46.3,26816,470,120,-908,39.6729,13.0110
49.5,25560,466,154,-867,39.6665,13.0144
51.4,26131,465,150,-832,39.6725,13.0573
45.2,26747,462,160,-979,39.6841,13.0859
49.5,25088,463,140,-833,39.6709,13.0605
44.7,26683,467,160,-973,39.6651,13.0459
43.4,26452,472,163,-1013,39.6647,13.0046
47.0,25882,464,173,-924,39.6814,13.0907
44.6,25653,467,167,-968,39.6689,13.0604
47.3,25346,469,142,-869,39.6616,13.0301
43.4,25661,468,157,-983,39.6742,13.0585
45.6,26877,464,152,-954,39.6670,13.0398
44.0,25695,471,150,-957,39.6738,13.0695
50.6,26587,462,121,-820,39.6754,13.0609
46.1,25593,470,195,-955,39.6530,13.0260
44.8,26747,465,190,-1014,39.6731,13.0904
44.9,25464,469,142,-903,39.6875,13.0829
44.4,26641,469,160,-991,39.6742,13.0770
46.2,26677,467,165,-962,39.6715,13.0269
44.5,25904,470,164,-969,39.6647,13.0024
47.5,25663,469,152,-882,39.6693,13.0482
44.3,26643,468,165,-1007,39.6635,13.0038
52.3,25056,465,154,-787,39.6517,13.0091
46.5,26201,462,158,-937,39.6758,13.0656
42.2,25166,469,178,-1007,39.6779,13.0414
45.6,26402,465,142,-927,39.6660,13.0146
51.3,25361,470,134,-803,39.6767,13.0885
47.6,25835,465,167,-905,39.6726,13.0594
49.1,25844,470,162,-880,39.6737,13.0612
51.9,26843,467,150,-856,39.6741,13.0893
50.2,26899,464,146,-867,39.6744,13.0545
48.6,26712,469,170,-927,39.6641,13.0742
46.4,26070,469,160,-920,39.6709,13.0590
50.6,26457,464,168,-866,39.6783,13.0961
43.7,26142,465,156,-981,39.6655,13.0113
48.2,26894,464,157,-924,39.6677,13.0741
45.1,25359,467,154,-914,39.6770,13.0466
44.6,26606,467,155,-963,39.6759,13.0939
51.5,25484,463,164,-847,39.6520,13.0098
46.1,25891,471,155,-915,39.6667,13.0033
53.2,26732,466,154,-821,39.6609,13.0212
42.9,26005,469,178,-1014,39.6749,13.0840
45.6,26747,468,172,-984,39.6786,13.0655
48.4,26689,468,146,-884,39.6705,13.0750
48.0,26290,466,137,-872,39.6689,13.0632
44.0,25562,464,170,-964,39.6636,13.0074
45.6,26234,466,150,-927,39.6612,13.0290
50.2,26764,465,128,-829,39.6615,13.0354
49.5,25666,468,173,-871,39.6587,13.0466
44.3,25146,469,152,-933,39.6698,13.0241
47.4,26052,469,138,-884,39.6622,13.0352
47.4,26718,465,129,-900,39.6688,13.0175
50.8,26407,462,141,-854,39.6632,13.0369
44.5,26443,464,145,-962,39.6838,13.0952
44.6,25264,466,132,-906,39.6708,13.0287
45.0,26106,465,157,-957,39.6655,13.0132
50.6,26715,471,154,-866,39.6635,13.0674
48.0,25280,463,136,-860,39.6627,13.0177
52.7,25949,465,155,-815,39.6576,13.0022
48.6,25975,469,141,-862,39.6678,13.0512
44.6,25856,464,141,-939,39.6730,13.0168
47.0,26107,471,186,-947,39.6784,13.0804
52.9,26917,470,159,-837,39.6669,13.0937
45.2,26652,469,167,-977,39.6640,12.9972
50.0,25848,467,168,-869,39.6721,13.0773
52.1,26494,467,151,-823,39.6638,13.0728
43.5,26001,471,154,-983,39.6759,13.0752
53.4,26211,469,144,-805,39.6709,13.0878
45.8,26448,467,135,-924,39.6789,13.0433
50.2,25500,463,139,-821,39.6668,13.0583
45.5,25245,467,145,-915,39.6835,13.0892
43.2,25710,466,162,-976,39.6674,13.0456
51.1,26110,467,155,-843,39.6668,13.0875
46.3,25697,470,135,-891,39.6659,13.0028
43.7,25640,468,163,-977,39.6781,13.0557
46.7,25994,469,148,-911,39.6708,13.0315
50.9,26478,466,164,-874,39.6646,13.0576
44.6,25150,463,147,-931,39.6859,13.0877
44.1,24948,462,186,-972,39.6718,13.0843
47.3,26494,470,181,-945,39.6550,13.0247
47.1,26093,471,173,-932,39.6759,13.0743
50.3,26188,466,165,-873,39.6496,13.0120
49.8,26892,464,149,-876,39.6603,13.0276
44.1,26131,464,160,-965,39.6662,13.0029
49.9,25257,470,159,-849,39.6727,13.0748
44.0,26467,465,177,-1005,39.6764,13.0624
44.0,25809,471,152,-950,39.6777,13.0742
47.8,25423,468,154,-890,39.6605,13.0246
46.6,25990,468,144,-911,39.6583,13.0055
49.7,25598,469,157,-846,39.6775,13.0804
45.8,26643,467,196,-993,39.6707,13.0592
43.9,26518,469,176,-1019,39.6747,13.0659
46.2,25525,468,148,-909,39.6647,13.0099
51.9,25015,471,141,-779,39.6737,13.0853
47.1,25369,469,141,-870,39.6765,13.0870
48.8,25407,470,148,-864,39.6782,13.0615
42.6,24929,464,164,-959,39.6772,13.0285
48.3,26531,469,162,-908,39.6519,13.0135
53.8,26402,465,124,-778,39.6636,13.0428
47.1,26826,471,152,-923,39.6628,13.0410
48.1,26132,468,160,-887,39.6623,13.0545
53.4,25941,467,144,-795,39.6694,13.0746
46.9,25735,465,148,-895,39.6807,13.0899
52.1,26481,463,169,-848,39.6639,13.0766
51.2,25827,472,153,-834,39.6540,13.0272
49.4,26460,467,167,-910,39.6678,13.0669
48.6,26926,468,143,-891,39.6642,13.0473
46.8,26460,469,167,-936,39.6617,13.0070
50.4,25305,465,152,-836,39.6669,13.0711
53.5,26276,462,145,-797,39.6610,13.0573
50.4,25475,464,137,-815,39.6595,13.0121
47.3,25580,463,186,-933,39.6682,13.0362
50.1,26392,468,170,-880,39.6634,13.0562
50.8,25347,469,128,-803,39.6575,13.0057
43.9,26033,470,158,-980,39.6701,13.0516
46.3,25911,471,151,-907,39.6632,13.0239
44.6,25572,463,189,-982,39.6632,13.0259
49.2,26000,469,144,-859,39.6766,13.0634
49.3,26285,463,120,-837,39.6786,13.0825
48.2,25933,466,171,-913,39.6527,13.0052
51.7,26545,468,162,-854,39.6502,13.0259
44.4,26181,467,138,-946,39.6813,13.0496
44.8,25707,469,154,-935,39.6677,13.0119
51.9,26046,462,161,-831,39.6672,13.0767
43.6,25236,466,146,-948,39.6785,13.0536
50.6,26330,468,125,-831,39.6740,13.0367
49.7,25887,472,134,-836,39.6800,13.0717
47.4,26648,467,166,-931,39.6671,13.0294
45.2,26092,462,139,-916,39.6650,13.0304
48.3,25895,471,141,-865,39.6554,13.0044
48.0,26331,464,178,-926,39.6659,13.0435
49.8,25531,470,135,-835,39.6754,13.0893
45.0,25173,472,178,-938,39.6755,13.0512
44.5,26313,466,155,-958,39.6710,13.0237
45.6,25653,465,155,-923,39.6754,13.0910
50.6,25108,470,147,-827,39.6659,13.0218
42.1,25694,462,192,-1046,39.6668,13.0237
51.6,25695,465,149,-824,39.6563,13.0131
52.7,26051,470,140,-803,39.6647,13.0293
51.0,25614,467,155,-825,39.6640,13.0323
48.4,26802,470,153,-895,39.6676,13.0224
49.0,26379,463,163,-906,39.6730,13.0515
48.5,25824,463,150,-861,39.6815,13.0825
47.7,25950,463,150,-898,39.6734,13.0684
51.9,26369,465,169,-846,39.6719,13.0935
48.0,26075,468,145,-883,39.6672,13.0133
46.2,26690,463,149,-933,39.6802,13.0713
48.6,25906,467,172,-904,39.6550,13.0334
49.0,25359,467,162,-876,39.6786,13.0907
46.8,26919,465,166,-955,39.6563,13.0239
49.0,25161,468,181,-879,39.6611,13.0290
52.4,26369,466,133,-808,39.6767,13.0784
42.5,25026,465,174,-999,39.6736,13.0656
51.3,25281,470,137,-807,39.6715,13.0434
48.9,25851,464,132,-847,39.6680,13.0392
50.4,25592,465,154,-844,39.6650,13.0435
50.3,26481,470,134,-854,39.6666,13.0388
46.1,26613,467,168,-958,39.6719,13.0401
48.2,25242,466,140,-855,39.6624,13.0401
50.4,25676,464,126,-818,39.6804,13.0620
45.9,26693,469,139,-932,39.6712,13.0281
44.4,25210,470,163,-954,39.6707,13.0303
50.5,25748,466,168,-871,39.6692,13.0893
52.8,26607,464,158,-835,39.6535,13.0390
52.9,26825,464,178,-859,39.6609,13.0470
50.2,26659,468,140,-857,39.6688,13.0818
48.5,25218,469,122,-823,39.6694,13.0198
51.6,25296,468,157,-813,39.6537,13.0352
50.6,26157,468,164,-870,39.6706,13.0722
46.4,26363,469,192,-969,39.6648,13.0504
52.3,26321,467,138,-813,39.6670,13.0721
52.8,25807,468,158,-815,39.6659,13.0623
51.4,25683,469,171,-843,39.6707,13.0892
52.8,25304,462,138,-777,39.6676,13.0312
46.2,25533,470,153,-911,39.6807,13.0594
50.9,26707,471,151,-854,39.6792,13.0852
54.1,26557,465,146,-796,39.6577,13.0165
48.1,26150,468,144,-879,39.6734,13.0814
53.3,26295,465,154,-822,39.6516,13.0173
47.3,26473,467,130,-893,39.6813,13.0895
46.0,25006,470,170,-910,39.6729,13.0895
52.2,25977,465,149,-824,39.6718,13.0854
49.8,25283,470,168,-852,39.6639,13.0603
43.1,26229,472,172,-1030,39.6616,13.0297
44.9,26010,469,151,-949,39.6636,13.0358
52.2,26336,464,149,-835,39.6772,13.0872
48.8,26925,464,140,-872,39.6645,13.0151
51.6,26351,463,168,-861,39.6590,13.0154
47.6,25511,464,156,-884,39.6622,13.0264
52.0,25568,470,129,-788,39.6785,13.0811
44.9,26497,468,151,-973,39.6603,13.0086
43.5,25903,466,167,-999,39.6736,13.0756
43.6,26148,466,154,-990,39.6754,13.0512
47.5,25027,469,132,-836,39.6691,13.0194
45.1,25001,470,158,-904,39.6673,13.0305
49.3,26672,468,135,-861,39.6663,13.0497
44.0,26097,469,148,-965,39.6834,13.0744
50.4,26238,468,136,-849,39.6749,13.0523
42.9,25135,470,159,-962,39.6886,13.0879
46.6,25254,468,150,-883,39.6644,13.0079
50.0,26379,465,134,-834,39.6744,13.0990
48.4,26037,467,149,-881,39.6746,13.0607
44.9,25547,464,142,-929,39.6681,13.0034
47.4,25199,470,192,-915,39.6652,13.0471
48.3,25000,469,137,-845,39.6683,13.0596
42.2,25334,465,184,-1021,39.6601,13.0135
46.9,25387,467,148,-888,39.6781,13.0810
46.9,26809,467,170,-961,39.6686,13.0545
51.1,26202,465,169,-860,39.6613,13.0183
43.9,26318,463,154,-989,39.6861,13.0853
49.5,25661,467,156,-873,39.6635,13.0176
51.8,25663,463,156,-826,39.6712,13.0774
44.7,26046,471,176,-972,39.6727,13.0828
44.8,25734,467,157,-960,39.6695,13.0358
46.9,25452,471,176,-911,39.6688,13.0877
45.6,25617,466,132,-909,39.6715,13.0465
44.0,26752,470,165,-1018,39.6832,13.0878
54.2,26513,463,126,-791,39.6845,13.0975
49.5,26424,465,177,-896,39.6483,13.0140
43.5,25234,467,169,-966,39.6761,13.0648
42.7,25179,463,178,-988,39.6786,13.0697
49.2,25455,466,160,-862,39.6555,13.0220
49.5,26391,465,136,-850,39.6806,13.0723
46.4,25567,462,127,-881,39.6843,13.0937
43.5,25417,468,156,-957,39.6659,13.0088
50.7,25347,470,173,-842,39.6664,13.0456
47.9,25914,468,146,-879,39.6734,13.0322
46.9,26020,471,163,-924,39.6826,13.0969
49.9,25487,467,153,-846,39.6559,13.0081
49.5,25852,467,138,-849,39.6646,13.0462
46.8,26611,469,136,-908,39.6668,13.0241
43.8,25804,463,173,-994,39.6661,13.0421
43.1,26007,471,170,-995,39.6699,13.0517
51.3,25357,464,135,-811,39.6640,13.0078
47.7,26271,469,163,-929,39.6642,13.0292
43.7,25384,465,179,-977,39.6773,13.0832
52.2,25399,465,160,-811,39.6610,13.0739
50.0,25487,469,146,-830,39.6507,13.0041
42.9,25352,471,167,-988,39.6661,13.0347
45.2,25676,469,151,-926,39.6727,13.0288
51.3,25551,464,149,-810,39.6699,13.0757
44.8,26090,467,139,-939,39.6736,13.0605
46.7,25116,471,153,-879,39.6699,13.0601
45.9,25679,464,179,-949,39.6757,13.0599
51.4,25147,465,146,-805,39.6698,13.0780
46.0,26091,470,155,-932,39.6748,13.0894
44.0,26097,470,144,-955,39.6721,13.0179
44.3,25383,464,132,-911,39.6655,13.0111
54.3,26914,468,122,-779,39.6757,13.0769
46.3,26360,471,140,-922,39.6831,13.0671
44.3,25187,467,174,-965,39.6687,13.0516
50.7,25897,465,136,-817,39.6777,13.0935
42.1,25071,464,179,-1014,39.6728,13.0693
45.6,25632,469,149,-913,39.6653,13.0276
52.4,26268,469,132,-803,39.6619,13.0425
48.1,24932,472,166,-881,39.6705,13.0547
46.5,25936,464,166,-934,39.6631,13.0394
50.0,26721,469,169,-894,39.6676,13.0757
45.4,26572,463,141,-944,39.6610,13.0159
47.1,25093,463,165,-902,39.6692,13.0744
53.0,26195,470,130,-802,39.6599,13.0375
51.9,25688,471,148,-820,39.6728,13.0706
43.8,26613,470,180,-1011,39.6758,13.0495
49.5,25339,464,173,-871,39.6767,13.0827
45.6,26829,466,143,-947,39.6814,13.0704
51.0,25308,468,179,-859,39.6576,13.0475
50.1,26225,469,159,-865,39.6747,13.0936
44.9,25267,465,161,-924,39.6821,13.0941
47.7,26106,464,166,-909,39.6682,13.0708
49.1,26836,466,159,-890,39.6715,13.0818
51.0,26055,465,150,-835,39.6656,13.0190
45.4,26692,467,145,-941,39.6744,13.0343
48.4,26629,464,150,-885,39.6588,13.0124
51.6,26461,470,160,-844,39.6593,13.0130
49.9,25196,470,137,-822,39.6634,13.0321
43.5,25475,469,167,-988,39.6657,13.0075
49.6,25300,462,160,-848,39.6758,13.0827
49.2,26064,471,127,-852,39.6709,13.0648
45.9,26687,465,134,-918,39.6695,13.0200
43.8,25148,469,170,-959,39.6703,13.0484
50.0,25557,463,174,-877,39.6615,13.0692
43.2,25382,471,162,-969,39.6765,13.0866
46.7,26497,462,156,-938,39.6852,13.0881
49.5,25533,464,152,-861,39.6621,13.0191
45.6,25720,465,156,-914,39.6633,13.0179
47.8,25862,468,143,-887,39.6751,13.0385
50.7,25750,466,156,-839,39.6683,13.0374
43.3,26465,466,179,-1026,39.6801,13.0889
51.4,26612,470,145,-833,39.6757,13.0835
47.5,26554,464,169,-934,39.6665,13.0274
51.4,26806,467,149,-863,39.6572,13.0315
43.9,25182,472,161,-948,39.6624,13.0142
49.6,25653,466,167,-881,39.6554,13.0274
52.3,25320,467,136,-785,39.6675,13.0704
43.8,25421,467,182,-998,39.6686,13.0654
50.0,25267,464,133,-814,39.6595,13.0150
45.4,25308,470,176,-940,39.6602,13.0183
43.5,26307,468,163,-1001,39.6833,13.0767
47.5,26267,463,154,-908,39.6703,13.0820
52.4,26627,463,138,-828,39.6760,13.0936
46.3,25975,469,149,-920,39.6705,13.0703
44.2,25370,462,152,-936,39.6730,13.0602
46.3,25534,467,134,-884,39.6840,13.0748
50.9,26390,470,151,-853,39.6654,13.0760
46.1,26119,471,142,-906,39.6604,13.0231
45.4,24969,469,150,-899,39.6756,13.0625
48.4,26034,468,171,-897,39.6623,13.0647
44.9,26539,466,144,-946,39.6799,13.0535
46.6,25491,468,139,-888,39.6627,13.0042
50.4,26827,465,167,-893,39.6624,13.0217
45.7,26299,463,169,-959,39.6682,13.0325
50.2,25030,471,164,-836,39.6703,13.0887
51.4,25020,463,159,-825,39.6666,13.0806
44.6,25967,464,127,-922,39.6819,13.0531
44.7,25193,466,163,-952,39.6620,13.0001
47.6,26745,471,136,-888,39.6684,13.0433
45.3,26490,472,155,-948,39.6682,13.0090
43.5,26723,471,173,-1034,39.6686,13.0226
46.3,26047,468,162,-918,39.6700,13.0339
47.4,26810,462,151,-930,39.6708,13.0191
43.0,25972,471,178,-1014,39.6809,13.0915
53.5,26556,467,149,-828,39.6603,13.0479
45.0,25296,462,164,-947,39.6811,13.0752
52.8,25969,467,128,-796,39.6637,13.0450
45.4,25023,463,137,-872,39.6706,13.0089
46.1,26158,471,151,-933,39.6721,13.0341
44.2,25836,466,177,-990,39.6767,13.0838
53.9,25843,463,124,-773,39.6709,13.0615
46.1,26781,468,133,-919,39.6738,13.0341
45.7,25291,465,148,-902,39.6789,13.0715
47.0,26305,462,159,-916,39.6643,13.0271
52.8,26868,470,153,-824,39.6626,13.0645
45.2,26102,464,165,-965,39.6590,13.0173
44.8,26681,465,171,-983,39.6796,13.0673
51.0,26828,463,166,-877,39.6708,13.0859
50.7,26409,471,139,-842,39.6688,13.0342
52.5,26368,463,137,-813,39.6540,13.0168
50.1,25293,467,167,-862,39.6508,13.0156
53.5,25651,471,136,-784,39.6637,13.0168
42.2,25478,471,173,-1022,39.6760,13.0623
46.1,25392,468,166,-926,39.6712,13.0855
52.2,26118,467,171,-842,39.6524,13.0217
45.1,26242,467,175,-976,39.6672,13.0299
43.3,25654,466,163,-986,39.6724,13.0413
48.1,26638,462,171,-935,39.6730,13.0990
46.9,25941,469,129,-884,39.6677,13.0061
44.2,25466,469,156,-941,39.6745,13.0333
45.2,25081,464,187,-952,39.6584,13.0215
42.4,25342,471,195,-1030,39.6740,13.0613
43.8,26630,463,159,-1007,39.6728,13.0637
46.0,26079,465,187,-968,39.6786,13.0915
43.3,24957,463,150,-945,39.6688,13.0069
48.3,26764,471,170,-936,39.6665,13.0837
47.8,26316,463,168,-925,39.6742,13.0564
51.5,26767,468,156,-870,39.6664,13.0624
43.3,26396,466,178,-1029,39.6790,13.0583
53.8,25754,471,140,-775,39.6596,13.0231
48.3,26797,466,158,-915,39.6579,13.0346
49.7,25893,472,137,-836,39.6682,13.0308
42.7,26433,465,183,-1048,39.6846,13.0801
53.4,25206,462,127,-762,39.6739,13.0654
55.0,26856,472,139,-785,39.6686,13.0507
49.1,25533,463,172,-877,39.6579,13.0501
43.6,25937,472,151,-963,39.6827,13.0710
45.1,26766,466,142,-952,39.6676,13.0268
47.9,25754,471,143,-878,39.6800,13.0819
46.3,25326,468,137,-886,39.6814,13.0560
52.7,25906,467,153,-818,39.6524,13.0276
45.0,25406,469,163,-926,39.6678,13.0215
45.8,25406,463,141,-897,39.6757,13.0857
49.9,25106,469,161,-849,39.6628,13.0389
50.7,26086,471,131,-814,39.6719,13.0353
46.1,25955,469,173,-953,39.6637,13.0288
49.5,26708,472,152,-876,39.6682,13.0607
52.1,26802,467,153,-853,39.6747,13.0950
46.6,26853,471,140,-912,39.6846,13.0861
50.7,25085,469,162,-826,39.6637,13.0346
50.8,25893,469,173,-859,39.6545,13.0367
46.4,25508,470,155,-912,39.6615,13.0104
48.1,25657,466,170,-901,39.6706,13.0730
42.6,25203,467,175,-999,39.6711,13.0580
51.1,25817,471,131,-808,39.6769,13.0898
51.0,25427,468,148,-812,39.6699,13.0474
44.1,25308,462,146,-941,39.6706,13.0362
44.0,25127,462,141,-932,39.6838,13.0649
49.9,25717,470,144,-854,39.6721,13.0370
45.0,26885,463,147,-967,39.6764,13.0482
44.7,26825,464,181,-1011,39.6740,13.0437
45.1,26617,470,136,-945,39.6688,12.9989
48.6,24965,467,140,-838,39.6588,13.0136
46.1,25364,463,136,-895,39.6847,13.0908
44.3,26440,465,152,-982,39.6635,13.0141
44.3,26454,471,152,-978,39.6710,13.0638
46.7,25371,464,172,-921,39.6584,13.0271
50.7,26845,470,158,-866,39.6558,13.0251
50.5,25816,467,137,-838,39.6732,13.0379
43.4,25088,464,176,-976,39.6802,13.0773
46.9,25830,466,133,-888,39.6865,13.0754
47.0,26134,465,127,-878,39.6791,13.0783
43.7,26231,471,172,-992,39.6658,13.0025
48.5,26685,467,132,-875,39.6642,13.0059
44.9,26252,470,130,-924,39.6745,13.0549
44.0,26192,466,184,-1008,39.6783,13.0710
45.5,25424,466,142,-909,39.6887,13.0848
48.2,26323,469,161,-914,39.6763,13.0879
51.4,25715,464,152,-832,39.6603,13.0592
43.2,25957,466,174,-1017,39.6678,13.0128
45.9,26199,463,155,-941,39.6704,13.0368
43.8,26828,466,159,-1017,39.6725,13.0152
45.4,25724,464,163,-945,39.6681,13.0466
50.4,24989,469,133,-802,39.6584,13.0063
48.1,26137,469,135,-858,39.6708,13.0733
46.9,26258,465,142,-901,39.6892,13.0963
44.7,25871,471,180,-972,39.6651,13.0477
45.3,25932,472,155,-936,39.6647,13.0063
51.8,25905,462,144,-819,39.6659,13.0625
46.6,25844,470,163,-918,39.6662,13.0213
47.6,25054,466,147,-873,39.6615,13.0321
48.6,25584,464,171,-902,39.6639,13.0120
51.9,26364,468,167,-862,39.6586,13.0506
46.3,26325,471,159,-945,39.6761,13.0716
47.2,26907,466,176,-958,39.6698,13.0623
51.5,26636,467,155,-854,39.6635,13.0441
47.9,25310,472,138,-845,39.6701,13.0150
45.2,26592,472,198,-1005,39.6533,13.0153
51.4,25373,471,166,-832,39.6572,13.0590
42.7,25236,469,172,-996,39.6725,13.0534
51.1,26766,464,151,-866,39.6771,13.0734
45.1,26419,471,128,-934,39.6854,13.0559
48.9,25212,469,150,-833,39.6763,13.0861
43.6,25368,467,181,-993,39.6720,13.0574
50.0,26396,464,119,-829,39.6638,13.0180
44.9,26303,463,137,-944,39.6757,13.0640
46.0,25559,471,166,-923,39.6832,13.0847
43.6,25685,466,148,-967,39.6738,13.0273
53.2,26313,463,138,-803,39.6769,13.0981
50.8,26653,471,172,-884,39.6778,13.0946
47.6,26713,463,147,-905,39.6685,13.0707
43.9,25912,468,164,-991,39.6711,13.0130
46.4,25176,464,155,-901,39.6704,13.0173
48.6,25552,466,161,-865,39.6715,13.0570
47.9,24993,470,148,-864,39.6713,13.0609
46.3,26191,466,154,-922,39.6784,13.0823
42.4,25684,472,175,-1030,39.6644,13.0196
46.8,26313,467,156,-935,39.6635,13.0016
43.4,25006,468,152,-938,39.6735,13.0187
50.9,26367,469,141,-834,39.6677,13.0651
47.3,24987,472,180,-900,39.6628,13.0317
43.8,26398,470,171,-1011,39.6734,13.0490
45.5,26631,465,168,-971,39.6572,13.0073
49.0,26031,470,146,-863,39.6559,13.0209
48.8,25866,468,147,-875,39.6688,13.0658
45.3,25186,465,163,-924,39.6721,13.0557
46.9,25904,471,134,-885,39.6817,13.0715
45.1,26026,467,145,-926,39.6842,13.0769
43.9,25552,466,155,-955,39.6756,13.0429
43.8,25688,467,147,-953,39.6647,13.0155
46.9,26102,467,146,-914,39.6820,13.0686
45.8,26023,469,137,-898,39.6771,13.0654
52.9,26785,466,150,-824,39.6673,13.0583
46.1,26612,472,173,-955,39.6757,13.0733
46.3,26050,471,147,-917,39.6638,13.0282
49.8,25749,467,179,-879,39.6712,13.0886
46.5,26220,470,128,-893,39.6822,13.0693
52.7,26186,468,162,-839,39.6646,13.0409
52.6,26368,469,152,-831,39.6621,13.0714
43.1,25276,464,160,-982,39.6757,13.0581
42.7,25735,471,182,-1015,39.6698,13.0625
43.6,25522,472,194,-998,39.6727,13.0945
52.1,26401,468,148,-840,39.6636,13.0300
42.8,25522,463,157,-995,39.6803,13.0758
47.4,26633,464,158,-926,39.6721,13.0646
45.6,26130,465,133,-901,39.6655,13.0212
53.0,25808,471,129,-780,39.6681,13.0368
46.2,25762,470,175,-945,39.6638,13.0168
49.7,25828,464,140,-839,39.6729,13.0898
51.6,25151,470,166,-826,39.6585,13.0114
52.0,25577,462,157,-819,39.6640,13.0725
47.2,25934,466,141,-884,39.6770,13.0564
44.9,25221,471,158,-934,39.6770,13.0642
45.6,26725,466,148,-964,39.6704,13.0217
49.5,25996,471,155,-860,39.6660,13.0568
42.6,25477,463,181,-1030,39.6700,13.0059
47.1,25136,467,136,-861,39.6816,13.0690
50.9,25140,469,127,-788,39.6763,13.0547
45.5,26248,469,187,-990,39.6603,13.0238
53.4,26578,469,143,-813,39.6605,13.0219
52.5,26311,467,150,-834,39.6646,13.0288
47.1,25053,469,152,-880,39.6772,13.0890
53.8,26766,471,120,-787,39.6789,13.0693
53.6,26015,469,140,-795,39.6719,13.0955
46.2,26652,470,164,-969,39.6586,13.0166
54.3,26669,471,134,-785,39.6540,13.0336
51.9,25615,464,150,-802,39.6756,13.0727
47.3,26040,467,128,-879,39.6892,13.0858
45.7,25094,470,147,-902,39.6681,13.0096
44.4,25013,470,160,-937,39.6845,13.0913
50.9,26302,471,158,-851,39.6699,13.0570
45.1,26425,468,129,-930,39.6820,13.0924
43.8,25531,470,146,-950,39.6805,13.0862
51.0,26181,470,151,-841,39.6669,13.0521
46.5,25617,464,166,-924,39.6750,13.0758
51.3,25698,466,162,-829,39.6546,13.0332
49.4,26884,465,151,-886,39.6592,13.0297
46.4,26710,468,165,-951,39.6747,13.0796
50.0,25011,468,151,-824,39.6641,13.0515
46.0,26626,468,180,-980,39.6628,13.0517
43.6,26025,467,158,-995,39.6754,13.0647
46.9,26792,462,141,-930,39.6693,13.0395
49.3,25464,472,158,-856,39.6569,13.0217
45.5,25399,469,144,-903,39.6670,13.0382
50.9,25610,466,168,-853,39.6685,13.0945
49.5,25067,471,150,-834,39.6661,13.0254
50.6,24929,464,164,-833,39.6746,13.0902
44.3,26770,469,177,-1003,39.6636,13.0418
46.7,25858,465,152,-913,39.6701,13.0646
52.0,26048,470,156,-831,39.6668,13.0709
45.8,26716,471,162,-957,39.6676,13.0626
45.4,25733,469,147,-923,39.6843,13.0765
51.0,26865,469,128,-844,39.6817,13.0814
45.3,26209,468,149,-940,39.6723,13.0281
44.9,25661,467,148,-928,39.6741,13.0650
45.6,25712,465,124,-896,39.6727,13.0411
47.2,26415,467,175,-945,39.6634,13.0167
45.9,26801,470,158,-962,39.6636,13.0069
45.8,26141,470,164,-944,39.6800,13.0716
47.8,25598,467,160,-893,39.6784,13.0648
49.6,25660,467,154,-862,39.6548,13.0137
42.4,25334,463,190,-1027,39.6638,13.0414
48.1,26853,464,148,-891,39.6704,13.0241
50.8,26271,464,136,-841,39.6682,13.0211
47.1,25902,471,156,-914,39.6658,13.0394
48.7,26663,468,171,-908,39.6668,13.0677
47.8,25138,466,146,-865,39.6705,13.0188
50.6,25239,467,127,-794,39.6775,13.0472
44.9,25018,463,133,-900,39.6656,13.0252
53.4,25988,469,143,-797,39.6719,13.0942
45.4,25615,467,140,-917,39.6771,13.0290
50.7,26556,471,129,-842,39.6618,13.0329
52.0,25125,469,158,-806,39.6692,13.0872
45.3,25756,466,178,-978,39.6702,13.0818
45.1,26654,464,168,-990,39.6765,13.0805
49.0,25691,470,135,-841,39.6750,13.0974
46.1,25738,470,134,-894,39.6794,13.0960
42.9,25826,462,170,-1015,39.6755,13.0355
43.2,25011,463,166,-965,39.6845,13.0679
44.6,25305,470,171,-950,39.6850,13.0850
49.7,26481,472,158,-882,39.6705,13.0578
47.7,26190,466,175,-918,39.6625,13.0412
43.0,25318,463,151,-974,39.6744,13.0543
50.2,25528,468,150,-840,39.6746,13.0516
43.6,26610,467,171,-1014,39.6713,13.0732
52.7,25212,470,129,-769,39.6649,13.0123
44.3,26793,467,171,-1009,39.6656,13.0258
53.9,26837,466,149,-817,39.6521,13.0385
51.7,25514,467,132,-789,39.6820,13.0863
45.7,26901,466,137,-930,39.6755,13.0528
44.6,26890,463,187,-1020,39.6718,13.0706
43.3,25301,472,172,-983,39.6869,13.0885
45.8,26090,467,148,-930,39.6746,13.0359
47.8,24978,463,153,-870,39.6755,13.0478
52.2,25752,464,143,-801,39.6520,13.0106
47.2,26211,466,162,-912,39.6754,13.0944
51.5,25145,470,150,-806,39.6640,13.0239
51.9,25182,470,157,-815,39.6634,13.0796
49.6,25830,462,144,-845,39.6693,13.0312
51.7,25718,466,151,-833,39.6553,13.0255
48.2,26795,471,168,-939,39.6638,13.0584
45.9,26028,463,166,-936,39.6738,13.0474
49.9,25169,463,145,-837,39.6564,13.0180
52.9,26566,468,145,-808,39.6757,13.0805
47.7,25649,465,163,-906,39.6559,13.0208
51.9,25929,465,138,-820,39.6724,13.0733
53.4,26813,465,139,-809,39.6574,13.0216
46.3,25345,471,153,-911,39.6707,13.0711
55.1,26374,469,124,-757,39.6682,13.0734
45.7,25061,471,154,-911,39.6644,13.0237
49.9,26202,466,138,-845,39.6594,13.0245
49.3,25590,466,176,-877,39.6569,13.0378
46.3,26006,465,170,-946,39.6713,13.0470
46.0,26896,464,156,-949,39.6834,13.0763
47.2,26135,469,176,-927,39.6671,13.0591
50.9,26585,465,163,-860,39.6641,13.0687
43.7,25681,472,171,-980,39.6773,13.0787
46.4,26442,465,143,-931,39.6795,13.0808
43.0,24980,467,192,-990,39.6662,13.0129
48.7,26188,469,126,-852,39.6787,13.0485
46.2,26842,468,145,-925,39.6688,13.0451
51.9,26334,468,136,-829,39.6646,13.0449
43.4,25220,466,151,-949,39.6831,13.0600
42.8,25527,465,169,-1000,39.6767,13.0752
51.4,25471,470,125,-797,39.6714,13.0399
47.9,25109,467,154,-873,39.6707,13.0277
46.4,26429,471,152,-930,39.6700,13.0340
47.3,25087,467,136,-859,39.6740,13.0204
47.4,25970,470,132,-865,39.6682,13.0321
47.7,26416,463,165,-937,39.6579,13.0097
50.0,25615,463,166,-861,39.6686,13.0888
45.8,26664,470,154,-961,39.6715,13.0247
48.1,26412,468,149,-892,39.6646,13.0315
50.6,25673,470,163,-858,39.6634,13.0411
44.6,25930,465,162,-969,39.6770,13.0902
49.7,25440,466,143,-830,39.6652,13.0135
47.0,25563,467,144,-868,39.6752,13.0548
46.8,26069,471,143,-909,39.6835,13.0687
51.2,26009,471,156,-852,39.6648,13.0556
50.5,24971,463,133,-792,39.6834,13.0852
45.6,25917,462,143,-914,39.6690,13.0349
49.0,25543,463,164,-881,39.6690,13.0417
49.4,26151,469,162,-884,39.6810,13.0944
45.9,26586,464,171,-964,39.6702,13.0333
48.3,26369,465,143,-883,39.6734,13.0921
47.1,25140,471,182,-916,39.6630,13.0275
49.1,26510,469,127,-856,39.6739,13.0276
43.2,25332,470,172,-979,39.6643,13.0430
44.2,25653,466,141,-927,39.6642,13.0073
48.3,25314,463,131,-832,39.6663,13.0203
49.8,26428,465,157,-867,39.6547,13.0077
46.4,26432,467,146,-937,39.6718,13.0731
53.3,26112,465,138,-799,39.6635,13.0278
49.6,26423,467,130,-854,39.6724,13.0457
44.8,25253,469,147,-917,39.6687,13.0114
46.5,25874,466,149,-897,39.6808,13.0683
47.5,26013,465,151,-908,39.6754,13.0750
46.4,25398,462,165,-925,39.6744,13.0733
43.5,26040,463,159,-994,39.6667,13.0421
44.9,26255,463,159,-965,39.6693,13.0176
48.4,24986,468,138,-827,39.6842,13.0835
51.0,25962,472,161,-850,39.6591,13.0360
50.2,25302,466,138,-817,39.6691,13.0230
43.6,25432,464,165,-961,39.6810,13.0710
47.9,26155,472,159,-894,39.6650,13.0238
45.7,26589,465,145,-947,39.6704,13.0583
43.5,25042,469,151,-954,39.6773,13.0266
48.0,25925,463,174,-908,39.6546,13.0220
47.6,25429,463,150,-877,39.6742,13.0444
45.2,26495,466,137,-928,39.6705,13.0511
51.2,25914,465,138,-827,39.6687,13.0650
47.8,25252,467,151,-861,39.6661,13.0000
43.3,26468,471,163,-1017,39.6771,13.0528
45.7,25206,468,132,-888,39.6694,13.0301
44.9,25749,468,154,-929,39.6836,13.0849
47.9,25382,471,169,-894,39.6625,13.0397
46.2,25599,471,179,-934,39.6739,13.0950
43.7,26147,462,158,-982,39.6783,13.0666
43.3,26665,468,174,-1030,39.6699,13.0378
50.6,26609,463,159,-864,39.6650,13.0844
46.6,24971,470,159,-888,39.6598,13.0353
51.8,26731,465,148,-845,39.6562,13.0374
51.6,26758,468,142,-848,39.6765,13.0976
51.6,26660,467,155,-850,39.6771,13.0850
50.5,26257,469,134,-844,39.6825,13.0845
45.1,25681,468,182,-958,39.6783,13.0676
47.9,26881,467,160,-934,39.6618,13.0379
45.2,26442,469,141,-931,39.6688,13.0328
53.7,26074,464,125,-782,39.6560,13.0062
49.6,26869,465,150,-874,39.6763,13.0897
45.5,26005,468,178,-974,39.6823,13.0931
50.8,25835,472,145,-829,39.6609,13.0097
43.1,25926,468,165,-997,39.6794,13.0644
47.3,26894,468,140,-914,39.6683,13.0409
45.5,25615,469,167,-926,39.6804,13.0752
42.6,25568,470,189,-1022,39.6772,13.0928
52.8,25804,466,140,-797,39.6517,13.0126
52.0,26542,464,123,-801,39.6817,13.0895
46.6,26175,464,146,-907,39.6655,13.0377
51.5,25569,462,148,-822,39.6653,13.0637
43.8,25997,466,167,-992,39.6773,13.0856
47.0,25460,466,148,-895,39.6817,13.0730
47.8,25460,463,158,-879,39.6631,13.0553
44.1,25733,462,155,-974,39.6849,13.0684
49.6,26291,469,162,-875,39.6713,13.0927
48.5,26166,465,178,-911,39.6596,13.0261
53.9,26282,472,135,-778,39.6741,13.0731
43.3,25896,465,178,-1022,39.6858,13.0819
44.4,26819,469,160,-999,39.6629,13.0116
53.0,26845,472,126,-806,39.6662,13.0570
47.6,25552,468,160,-896,39.6750,13.0865
48.7,26667,471,166,-916,39.6739,13.0806
44.7,26147,472,180,-997,39.6776,13.0878
44.1,26025,470,135,-949,39.6860,13.0703
45.2,25844,464,147,-941,39.6843,13.0851
50.4,25003,466,152,-834,39.6627,13.0254
47.6,26592,464,164,-942,39.6747,13.0934
45.5,24926,470,194,-946,39.6719,13.0819
43.8,26349,464,169,-1013,39.6596,13.0178
52.0,26616,469,133,-818,39.6616,13.0474
48.0,26895,469,131,-893,39.6708,13.0697
51.3,25120,469,136,-783,39.6559,13.0214
45.3,26377,468,160,-972,39.6700,13.0180
47.1,25550,471,165,-906,39.6673,13.0172
48.0,26632,472,179,-930,39.6743,13.0827
43.6,25396,468,173,-966,39.6613,13.0062
44.8,26471,466,174,-998,39.6768,13.0579
51.5,26425,471,166,-871,39.6646,13.0464
48.1,26520,463,135,-878,39.6673,13.0407
49.1,25276,472,132,-827,39.6707,13.0495
47.1,26191,471,148,-916,39.6638,13.0293
48.0,25226,462,144,-860,39.6716,13.0189
52.5,26383,465,152,-820,39.6721,13.0745
52.8,25125,468,143,-770,39.6800,13.0922
43.4,25558,467,154,-961,39.6885,13.0810
50.6,26301,469,147,-855,39.6659,13.0529
52.8,26854,465,141,-835,39.6795,13.0860
52.1,25500,469,148,-813,39.6625,13.0417
55.2,26879,471,126,-775,39.6615,13.0500
46.9,26696,468,157,-946,39.6562,13.0063
47.5,25461,465,147,-864,39.6751,13.0556
47.1,26299,469,159,-928,39.6641,13.0085
50.7,24935,467,135,-807,39.6638,13.0318
49.9,26403,471,131,-837,39.6764,13.0737
53.0,25794,470,125,-777,39.6808,13.0934
46.3,26063,463,132,-889,39.6790,13.0669
48.0,26220,467,140,-889,39.6565,13.0032
47.4,26048,464,149,-891,39.6595,13.0187
47.2,25662,470,144,-871,39.6649,13.0478
46.6,26218,467,130,-886,39.6615,13.0053
47.3,26802,470,148,-916,39.6710,13.0521
51.6,26367,463,139,-818,39.6673,13.0267
51.4,25507,468,144,-820,39.6640,13.0359
52.1,26621,470,178,-870,39.6640,13.0609
45.9,25011,466,178,-932,39.6562,13.0168
46.1,26784,471,126,-915,39.6777,13.0571
43.7,25532,468,160,-955,39.6637,13.0030
46.2,25536,463,159,-907,39.6615,13.0298
42.9,25126,466,172,-982,39.6829,13.0689
52.9,26553,467,139,-821,39.6553,13.0349
44.2,26188,463,176,-992,39.6680,13.0661
43.5,25793,470,147,-971,39.6823,13.0669
45.5,26592,464,142,-951,39.6791,13.0584
49.6,25076,470,148,-829,39.6632,13.0395
50.9,26827,463,148,-862,39.6629,13.0639
47.4,25552,465,148,-891,39.6630,13.0209
47.7,26046,472,142,-878,39.6580,13.0095
47.1,26086,470,181,-930,39.6604,13.0540
43.7,25435,463,158,-952,39.6675,13.0156
48.9,25280,462,128,-836,39.6752,13.0270
47.1,26288,463,175,-934,39.6623,13.0135
44.3,26832,465,149,-985,39.6619,13.0213
49.8,25962,468,165,-879,39.6553,13.0263
50.0,26725,463,154,-894,39.6595,13.0463
53.1,26925,471,171,-851,39.6508,13.0158
51.6,24946,471,142,-789,39.6546,13.0051
48.3,25193,464,179,-897,39.6564,13.0333
53.4,26598,468,138,-794,39.6781,13.0784
47.4,25084,471,168,-899,39.6798,13.0947
47.8,25396,464,161,-883,39.6672,13.0335
50.0,26076,468,136,-833,39.6599,13.0231
48.5,26716,466,144,-885,39.6721,13.0859
48.3,26867,471,136,-883,39.6816,13.0836
45.5,26716,464,162,-975,39.6731,13.0548
45.8,25327,464,178,-933,39.6745,13.0530
45.3,25366,470,140,-904,39.6895,13.0948
47.4,26923,465,145,-912,39.6643,13.0225
45.2,26701,464,153,-963,39.6679,13.0465
52.1,26448,470,164,-853,39.6664,13.0725
42.7,25254,472,169,-991,39.6736,13.0217
45.0,25761,464,177,-957,39.6762,13.0896
45.4,25792,467,126,-894,39.6768,13.0126
49.0,26067,464,143,-871,39.6838,13.0939
47.3,26770,468,143,-907,39.6764,13.0691
50.7,25024,467,146,-816,39.6596,13.0446
49.2,25244,465,167,-876,39.6692,13.0650
46.5,26806,466,162,-964,39.6622,13.0050
45.2,25524,464,145,-914,39.6692,13.0112
52.3,25317,466,145,-786,39.6697,13.0478
51.0,26113,463,173,-865,39.6711,13.0703
50.0,25083,469,156,-838,39.6627,13.0202
46.4,26164,466,153,-923,39.6796,13.0598
50.1,25021,467,160,-841,39.6537,13.0093
46.1,25084,465,147,-889,39.6650,13.0053
47.8,26757,464,169,-932,39.6557,13.0140
47.6,26349,465,160,-928,39.6778,13.0870
43.3,25387,468,173,-985,39.6680,13.0394
46.4,25864,467,148,-901,39.6710,13.0427
47.6,25214,463,184,-908,39.6674,13.0474
44.9,26553,471,138,-951,39.6743,13.0683
49.4,25617,471,142,-857,39.6775,13.0613
46.4,25924,465,176,-939,39.6688,13.0635
52.3,26312,472,159,-833,39.6716,13.0783
48.4,26662,469,157,-910,39.6628,13.0331
44.5,26240,467,149,-962,39.6696,13.0506
48.3,26700,471,146,-910,39.6698,13.0747
45.9,24944,464,152,-904,39.6607,13.0239
51.9,26869,468,155,-859,39.6574,13.0451
49.1,26924,469,138,-878,39.6582,13.0173
50.5,25120,465,140,-816,39.6742,13.0479
49.3,24958,462,144,-820,39.6702,13.0505
52.1,25997,468,155,-830,39.6558,13.0162
45.5,25129,470,177,-932,39.6753,13.0831
44.2,25018,472,151,-916,39.6853,13.0827
48.7,25816,468,157,-883,39.6632,13.0433
48.0,25100,465,152,-875,39.6691,13.0691
43.6,25759,463,177,-1006,39.6707,13.0166
53.0,26589,467,146,-825,39.6630,13.0580
52.1,25632,462,164,-833,39.6628,13.0549
43.5,26332,466,171,-1019,39.6662,13.0022
49.0,26729,467,139,-889,39.6718,13.0575
44.3,25829,471,181,-989,39.6663,13.0323
47.1,26659,463,169,-939,39.6620,13.0041
50.0,25546,464,156,-842,39.6681,13.0383
47.1,26203,467,164,-924,39.6609,13.0122
51.9,25335,471,151,-802,39.6725,13.0643
43.9,25139,471,148,-934,39.6697,13.0520
47.8,24967,469,137,-853,39.6837,13.0891
46.4,25823,468,181,-956,39.6539,13.0216
49.9,26298,469,149,-871,39.6687,13.0455
49.3,25615,468,166,-885,39.6621,13.0540
44.7,25215,470,144,-925,39.6843,13.0895
47.9,25174,471,160,-884,39.6726,13.0829
51.6,26807,464,161,-875,39.6644,13.0840
48.3,26497,463,151,-897,39.6706,13.0362
46.2,26618,464,149,-946,39.6620,13.0076
49.8,26012,464,144,-858,39.6614,13.0031
43.6,26541,466,172,-1013,39.6672,13.0555
46.5,26006,465,134,-887,39.6800,13.0774
50.4,25971,471,165,-863,39.6647,13.0502
48.5,25003,463,135,-822,39.6842,13.0886
50.1,25970,471,166,-861,39.6692,13.0923
48.4,26174,469,148,-875,39.6584,13.0291
51.9,25588,463,149,-819,39.6804,13.0955
46.0,25814,465,134,-889,39.6764,13.0472
49.7,25814,468,156,-865,39.6753,13.0618
46.6,26224,471,152,-921,39.6714,13.0408
45.2,26361,467,149,-934,39.6723,13.0540
45.2,26225,468,144,-940,39.6701,13.0060
48.4,26351,468,165,-907,39.6598,13.0410
50.6,26263,465,128,-827,39.6753,13.0393
43.1,25142,467,164,-972,39.6792,13.0398
46.0,26183,469,141,-908,39.6692,13.0333
45.3,26017,466,145,-932,39.6779,13.0726
46.7,25243,470,143,-879,39.6800,13.0674
48.6,25342,468,147,-847,39.6632,13.0184
44.4,26376,464,159,-989,39.6697,13.0129
48.7,25602,465,171,-892,39.6619,13.0470
46.0,26135,468,148,-927,39.6659,13.0369
46.4,26151,463,153,-930,39.6677,13.0415
46.2,25084,466,147,-885,39.6763,13.0929
46.1,26840,463,143,-933,39.6726,13.0363
49.9,25122,464,138,-826,39.6709,13.0252
45.8,25932,465,133,-913,39.6708,13.0300
45.8,25631,469,162,-936,39.6740,13.0382
47.2,26419,464,154,-917,39.6606,13.0084
49.1,25792,463,160,-881,39.6774,13.0719
46.8,26576,467,149,-923,39.6670,13.0482
44.3,25839,471,148,-946,39.6729,13.0214
49.6,25449,469,159,-861,39.6681,13.0434
51.0,26416,469,149,-851,39.6748,13.0925
48.0,25513,464,136,-852,39.6800,13.0612
51.0,26752,470,158,-858,39.6651,13.0437
46.7,26784,464,135,-907,39.6621,13.0150
52.7,25414,471,158,-797,39.6583,13.0526
49.4,26791,472,149,-884,39.6637,13.0476
51.8,25494,469,161,-813,39.6527,13.0196
46.3,25553,470,164,-922,39.6664,13.0627
47.6,26828,470,163,-944,39.6584,13.0136
49.6,25968,463,170,-877,39.6580,13.0270
47.8,26299,468,149,-893,39.6751,13.0538
48.1,26721,468,152,-893,39.6680,13.0479
44.2,25575,468,146,-945,39.6833,13.0897
50.1,26504,471,152,-856,39.6742,13.0750
51.2,25529,470,144,-817,39.6766,13.0696
47.9,26148,466,116,-860,39.6805,13.0937
44.5,26767,471,182,-1022,39.6699,13.0429
47.1,25910,465,149,-897,39.6619,13.0098
45.2,25823,471,148,-917,39.6808,13.0979
50.2,26823,467,133,-864,39.6620,13.0336
44.1,25290,466,169,-952,39.6572,13.0091
51.3,26562,469,142,-842,39.6767,13.0655
52.0,26063,463,142,-821,39.6694,13.0362
48.8,25545,468,157,-872,39.6720,13.0627
45.4,26531,465,153,-946,39.6861,13.0865
46.0,25992,462,173,-950,39.6788,13.0737
49.6,26857,463,127,-867,39.6884,13.0926
47.2,26532,463,140,-887,39.6632,13.0202
44.3,25422,470,157,-938,39.6684,13.0577
44.5,26121,468,181,-999,39.6627,13.0226
44.8,26599,469,163,-984,39.6644,13.0147
54.7,26749,462,125,-778,39.6776,13.0719
51.2,25137,470,180,-841,39.6641,13.0540
46.2,25707,468,147,-900,39.6751,13.0448
51.7,26896,472,136,-847,39.6570,13.0278
51.4,25944,463,137,-820,39.6621,13.0112
44.8,26764,464,165,-992,39.6684,13.0364
50.0,25398,464,138,-819,39.6849,13.0960
49.5,26815,467,157,-899,39.6664,13.0441
50.4,26869,468,165,-880,39.6664,13.0725
50.4,25121,472,163,-828,39.6663,13.0761
47.9,25192,472,147,-853,39.6696,13.0740
47.7,25763,468,143,-869,39.6637,13.0201
44.9,25846,469,155,-951,39.6819,13.0869
45.7,25277,467,167,-937,39.6765,13.0590
51.9,25287,468,149,-806,39.6597,13.0428
43.2,25377,470,164,-971,39.6674,13.0109
48.1,26599,463,183,-937,39.6508,13.0161
50.5,26666,470,158,-873,39.6565,13.0233
50.3,26257,463,158,-861,39.6561,13.0332
46.2,26077,471,130,-903,39.6785,13.0742
52.2,26259,463,112,-791,39.6830,13.0980
50.2,26631,468,146,-870,39.6770,13.0691
52.7,25953,467,142,-798,39.6609,13.0121
42.9,25909,469,172,-1024,39.6762,13.0722
46.7,25090,468,169,-902,39.6846,13.0943
44.2,26325,469,170,-986,39.6655,13.0417
45.8,25586,465,135,-887,39.6848,13.0687
49.0,25026,466,140,-844,39.6692,13.0477
52.5,25200,462,144,-779,39.6635,13.0476
45.3,26010,463,168,-953,39.6678,13.0354
50.0,26909,466,166,-890,39.6699,13.0764
45.2,25232,465,161,-915,39.6787,13.0815
45.5,25868,466,134,-920,39.6675,13.0074
49.7,24954,466,140,-820,39.6760,13.0678
48.0,26731,470,151,-914,39.6674,13.0206
44.8,25074,470,144,-901,39.6701,13.0039
44.5,25026,471,188,-968,39.6670,13.0623
51.3,26449,470,145,-847,39.6715,13.0829
51.7,25942,470,163,-831,39.6566,13.0506
50.4,26260,467,165,-868,39.6698,13.0557
49.0,25090,463,163,-854,39.6681,13.0453
49.7,26289,469,131,-843,39.6610,13.0261
51.2,25790,467,143,-827,39.6673,13.0219
49.4,26140,465,122,-842,39.6683,13.0160
44.6,26434,464,144,-961,39.6755,13.0444
53.8,25971,466,132,-784,39.6617,13.0573
50.5,26557,468,150,-852,39.6607,13.0463
46.4,25260,462,144,-882,39.6756,13.0398
44.6,26786,464,175,-998,39.6769,13.0627
44.4,26246,466,165,-986,39.6792,13.0839
48.9,25252,467,152,-852,39.6760,13.0910
46.8,26668,465,154,-935,39.6747,13.0747
45.7,25108,468,163,-915,39.6668,13.0183
52.4,26794,464,153,-847,39.6696,13.0667
49.7,25202,471,178,-862,39.6617,13.0543
51.1,26491,467,145,-851,39.6585,13.0209
44.0,24988,471,140,-909,39.6629,13.0067
51.9,25309,470,147,-812,39.6768,13.0768
47.4,25535,471,148,-888,39.6734,13.0461
47.2,24967,471,133,-853,39.6740,13.0375
43.5,24989,467,142,-938,39.6697,13.0395
47.8,26447,462,154,-898,39.6669,13.0295
51.2,26412,463,162,-854,39.6589,13.0260
47.0,26917,462,170,-947,39.6762,13.0771
45.1,26147,468,139,-932,39.6730,13.0325
45.8,26196,472,157,-939,39.6690,13.0692
47.3,25215,469,153,-879,39.6737,13.0890
45.0,24990,465,155,-903,39.6698,13.0102
52.6,24969,470,131,-769,39.6747,13.0648
48.7,26451,471,184,-929,39.6620,13.0301
49.8,25078,470,164,-854,39.6553,13.0249
48.0,24967,471,137,-836,39.6713,13.0433
52.0,26156,471,145,-831,39.6589,13.0264
49.4,25005,464,157,-850,39.6827,13.0860
50.7,25072,463,155,-828,39.6560,13.0081
44.4,26484,472,175,-996,39.6713,13.0643
45.4,26218,464,134,-920,39.6834,13.0737
47.5,26723,472,153,-925,39.6578,13.0260
47.8,25086,465,168,-880,39.6729,13.0798
45.8,26625,464,167,-966,39.6771,13.0814
42.5,25729,469,177,-1012,39.6798,13.0703
43.8,25921,467,179,-995,39.6664,13.0045
49.4,24957,471,145,-830,39.6641,13.0497
43.9,25465,463,176,-990,39.6562,13.0054
47.8,25588,467,148,-875,39.6764,13.0742
48.8,25287,470,137,-847,39.6769,13.0522
49.7,26030,470,133,-844,39.6632,13.0248
49.0,25244,472,128,-827,39.6749,13.0710
53.2,26358,467,149,-818,39.6697,13.0700
48.0,26826,466,150,-911,39.6758,13.0766
48.1,25951,463,143,-873,39.6692,13.0166
49.7,25877,469,140,-848,39.6812,13.0821
51.0,25255,470,136,-789,39.6634,13.0421
45.6,25891,467,152,-926,39.6768,13.0574
45.5,26025,471,178,-970,39.6743,13.0907
46.8,26106,472,145,-906,39.6700,13.0577
45.0,26187,465,157,-971,39.6747,13.0870
44.1,25531,466,158,-941,39.6817,13.0812
45.1,25176,469,151,-919,39.6804,13.0620
53.1,26632,472,132,-817,39.6560,13.0091
51.0,25118,469,176,-837,39.6534,13.0450
50.6,25571,468,164,-843,39.6553,13.0261
46.0,25664,465,175,-941,39.6679,13.0555
44.0,26722,471,164,-1006,39.6749,13.0296
53.7,25168,466,125,-748,39.6759,13.0993
46.9,26037,470,169,-933,39.6660,13.0334
49.2,26617,464,135,-873,39.6612,13.0351
46.9,26661,471,154,-929,39.6748,13.0747
47.7,25893,466,166,-898,39.6658,13.0381
50.1,25567,463,135,-811,39.6805,13.0874
46.5,25027,467,162,-902,39.6722,13.0512
44.2,25162,463,161,-936,39.6794,13.0546
43.6,26440,462,157,-1006,39.6665,13.0320
51.9,25127,466,154,-814,39.6603,13.0470
43.1,25358,464,151,-972,39.6714,13.0197
46.7,25978,466,170,-928,39.6709,13.0832
46.9,26656,470,162,-935,39.6760,13.0981
50.0,25462,462,150,-844,39.6603,13.0238
48.0,25387,468,155,-877,39.6809,13.0799
48.2,25439,467,147,-873,39.6712,13.0538
50.5,25180,471,171,-841,39.6580,13.0084
52.7,26772,469,143,-818,39.6649,13.0731
52.3,25512,465,146,-799,39.6697,13.0592
52.7,25372,471,131,-785,39.6674,13.0552
51.1,26550,463,138,-841,39.6732,13.0547
47.8,25031,470,171,-877,39.6668,13.0793
47.3,26728,470,171,-944,39.6548,13.0241
44.7,25597,468,163,-951,39.6576,13.0110
48.8,26920,466,159,-916,39.6714,13.0622
50.2,25375,470,150,-834,39.6572,13.0079
49.8,26574,463,164,-889,39.6680,13.0775
46.9,26895,471,144,-913,39.6675,13.0522
45.8,24931,465,170,-907,39.6753,13.0916
47.5,25773,465,138,-882,39.6770,13.0364
46.1,26289,463,147,-917,39.6662,13.0504
46.0,25208,471,145,-894,39.6733,13.0260
44.7,25953,469,162,-969,39.6663,13.0334
50.9,25425,466,148,-814,39.6585,13.0388
45.8,25934,463,152,-933,39.6716,13.0736
47.5,25786,468,134,-873,39.6779,13.0821
47.2,25161,466,170,-908,39.6742,13.0838
45.7,26685,468,174,-986,39.6661,13.0345
42.9,24936,466,149,-944,39.6675,13.0368
49.1,24941,468,152,-829,39.6613,13.0384
54.7,26478,465,124,-771,39.6679,13.0348
53.0,26621,469,155,-832,39.6591,13.0608
52.0,25897,472,156,-836,39.6530,13.0317
50.8,26648,468,133,-849,39.6579,13.0280
43.0,25962,470,173,-1013,39.6764,13.0929
48.9,24989,465,125,-823,39.6671,13.0468
48.5,25841,468,170,-903,39.6507,13.0056
41.7,25534,466,192,-1054,39.6670,13.0136
46.2,26247,471,139,-920,39.6811,13.0698
51.0,25052,465,157,-826,39.6671,13.0696
49.4,25457,467,164,-849,39.6643,13.0408
51.9,26551,468,147,-827,39.6683,13.0671
51.2,25582,466,140,-807,39.6697,13.0330
44.9,26665,462,193,-1015,39.6635,13.0037
52.0,26337,462,152,-829,39.6710,13.0956
51.8,26335,463,148,-835,39.6613,13.0637
45.2,25753,469,152,-937,39.6610,13.0069
49.7,26915,466,144,-881,39.6714,13.0432
51.7,26189,467,145,-825,39.6554,13.0251
46.7,25279,465,139,-859,39.6764,13.0921
50.2,24937,472,158,-840,39.6647,13.0656
46.2,25656,465,138,-908,39.6766,13.0345
47.2,25523,468,183,-920,39.6688,13.0902
45.0,26430,470,144,-947,39.6750,13.0517
44.7,26162,466,151,-966,39.6768,13.0446
53.8,26054,464,135,-780,39.6589,13.0170
49.3,25331,469,158,-849,39.6603,13.0035
47.6,25482,465,161,-894,39.6716,13.0593
49.2,25961,467,175,-889,39.6638,13.0461
46.8,24974,467,146,-877,39.6692,13.0231
44.4,25570,472,136,-926,39.6844,13.0879
51.0,25060,467,140,-794,39.6732,13.0617
45.8,26434,467,143,-939,39.6675,13.0452
51.0,26082,468,156,-854,39.6608,13.0215
45.4,25696,468,173,-968,39.6591,13.0175
44.3,26198,465,163,-985,39.6720,13.0573
43.0,26502,469,182,-1048,39.6648,13.0252
45.7,26207,467,166,-971,39.6724,13.0451
44.5,26039,464,156,-963,39.6615,13.0184
45.4,25502,465,166,-935,39.6635,13.0080
50.6,26463,463,141,-840,39.6712,13.0443
44.0,26004,469,142,-954,39.6703,13.0062
46.3,26874,467,154,-943,39.6689,13.0427
43.3,25377,469,145,-959,39.6744,13.0544
51.0,25334,463,154,-816,39.6619,13.0298
50.2,26126,467,157,-852,39.6653,13.0736
52.1,25561,466,147,-809,39.6600,13.0280
45.0,25029,464,159,-934,39.6729,13.0389
49.3,25461,468,152,-855,39.6514,13.0036
45.9,25829,469,172,-958,39.6842,13.0907
46.5,26350,464,187,-970,39.6515,13.0155
44.6,26683,464,155,-991,39.6735,13.0329
48.1,25059,468,154,-869,39.6716,13.0658
53.8,25604,465,134,-769,39.6651,13.0741
46.1,26221,471,167,-939,39.6597,13.0395
50.3,25948,467,158,-864,39.6687,13.0367
47.9,25854,469,137,-861,39.6727,13.0706
44.2,26159,465,179,-1016,39.6618,13.0026
50.8,25676,471,124,-804,39.6714,13.0687
48.6,26552,465,186,-928,39.6751,13.0912
49.0,26729,463,145,-883,39.6706,13.0345
46.0,25689,472,141,-906,39.6671,13.0051
52.4,26602,471,154,-835,39.6549,13.0121
54.3,26014,463,126,-761,39.6720,13.0452
43.6,25026,467,147,-946,39.6746,13.0591
53.2,26565,468,154,-813,39.6620,13.0365
51.0,25652,466,143,-815,39.6598,13.0347
51.1,25380,471,166,-837,39.6646,13.0458
48.4,26457,463,174,-938,39.6654,13.0185
50.5,26540,465,148,-867,39.6669,13.0268
44.2,25805,464,139,-950,39.6715,13.0375
51.5,25465,469,164,-828,39.6572,13.0333
52.6,26744,465,146,-819,39.6684,13.0967
49.8,26421,464,131,-856,39.6731,13.0655
49.6,25816,464,168,-872,39.6509,13.0064
47.8,25654,469,169,-907,39.6560,13.0098
44.9,25452,462,158,-943,39.6717,13.0143
48.8,26759,470,163,-906,39.6520,13.0148
50.4,25935,468,173,-870,39.6639,13.0657
51.5,25537,472,159,-816,39.6635,13.0745
48.5,25678,467,161,-892,39.6744,13.0664
44.7,26034,462,178,-982,39.6672,13.0289
52.4,26646,462,147,-839,39.6776,13.0907
50.6,25232,467,170,-843,39.6551,13.0126
45.6,25995,465,144,-936,39.6792,13.0567
52.7,25864,466,141,-811,39.6581,13.0168
46.5,26524,472,154,-924,39.6748,13.0954
48.5,26158,463,143,-871,39.6752,13.0601
50.0,26033,472,137,-830,39.6703,13.0629
47.1,26026,469,177,-938,39.6596,12.9985
51.2,26670,466,137,-842,39.6549,13.0249
50.0,25592,471,155,-855,39.6520,13.0125
51.7,25234,472,149,-803,39.6651,13.0331
41.7,25071,468,180,-1033,39.6764,13.0870
45.4,25127,466,147,-895,39.6688,13.0079
44.0,25417,464,165,-970,39.6783,13.0813
46.8,26564,467,161,-941,39.6673,13.0166
50.0,26399,467,143,-853,39.6797,13.0802
46.4,26602,471,148,-939,39.6771,13.0575
49.1,25340,469,142,-844,39.6808,13.0692
45.2,25232,467,170,-942,39.6745,13.0722
51.2,25955,472,179,-858,39.6578,13.0170
45.7,25379,468,139,-899,39.6842,13.0744
52.0,26198,463,132,-802,39.6699,13.0845
48.6,25573,465,147,-852,39.6570,13.0198
52.1,26904,464,178,-874,39.6522,13.0510
46.2,25498,467,132,-883,39.6719,13.0366
46.5,25131,468,154,-885,39.6745,13.0642
43.7,26197,465,169,-1005,39.6705,13.0590
45.0,26875,465,149,-976,39.6697,13.0042
47.5,25291,467,148,-859,39.6623,13.0065
48.2,25486,462,156,-888,39.6733,13.0382
44.7,26578,466,164,-991,39.6624,13.0101
45.9,26050,466,153,-923,39.6769,13.0805
49.1,26654,472,167,-915,39.6700,13.0624
48.7,26449,468,152,-894,39.6713,13.0330
47.8,25461,463,167,-889,39.6809,13.0912
45.8,26100,462,124,-899,39.6697,13.0285
45.9,25652,464,158,-925,39.6733,13.0549
44.5,26743,465,159,-1002,39.6748,13.0329
47.6,25195,462,123,-847,39.6758,13.0393
51.3,26321,469,169,-871,39.6589,13.0426
45.3,25768,470,138,-910,39.6803,13.0749
48.3,26051,465,132,-874,39.6748,13.0277
43.7,26348,463,158,-985,39.6755,13.0683
51.8,25190,464,161,-824,39.6634,13.0662
46.6,26915,466,171,-954,39.6745,13.0650
50.2,26602,464,146,-854,39.6709,13.0835
46.8,26413,468,151,-920,39.6765,13.0915
49.9,25137,464,144,-823,39.6758,13.0614
43.1,25341,472,163,-973,39.6778,13.0915
50.5,26743,469,158,-872,39.6720,13.0806
45.8,25382,463,164,-934,39.6714,13.0654
43.8,25612,467,159,-964,39.6745,13.0724
45.2,25061,470,159,-916,39.6725,13.0565
47.8,26217,471,169,-911,39.6576,13.0343
43.5,24957,465,152,-935,39.6739,13.0130
45.2,26205,472,142,-925,39.6690,13.0225
51.4,26676,463,128,-810,39.6681,13.0762
45.0,25351,467,128,-901,39.6665,13.0106
52.6,25021,462,149,-784,39.6640,13.0674
49.4,25617,470,130,-834,39.6633,13.0229
51.0,25140,467,153,-829,39.6537,13.0094
49.7,25726,465,154,-858,39.6635,13.0138
52.9,25298,466,148,-781,39.6644,13.0802
46.9,26777,470,171,-968,39.6704,13.0483
43.7,26897,466,176,-1032,39.6660,13.0508
45.0,25167,466,161,-923,39.6685,13.0325
51.8,24974,465,143,-798,39.6646,13.0623
46.7,26328,470,160,-942,39.6573,13.0052
49.6,26159,468,146,-850,39.6688,13.0355
52.7,25539,465,135,-782,39.6654,13.0697
48.2,25743,463,142,-867,39.6649,13.0064
46.5,25129,465,144,-887,39.6741,13.0756
43.6,26161,470,167,-987,39.6755,13.0710
48.4,25561,462,153,-880,39.6754,13.0511
45.5,24939,468,159,-911,39.6798,13.0620
48.2,26306,464,145,-879,39.6734,13.0787
45.6,25865,464,163,-938,39.6682,13.0238
46.3,26326,471,160,-935,39.6680,13.0389
47.5,24996,465,175,-893,39.6681,13.0590
45.0,25027,462,154,-931,39.6697,13.0018
45.1,26369,472,151,-935,39.6719,13.0436
49.9,25539,467,133,-838,39.6611,13.0231
47.3,26433,465,159,-924,39.6780,13.0773
54.8,26427,470,122,-759,39.6789,13.0827
47.6,26626,471,135,-887,39.6752,13.0449
51.0,25758,468,140,-810,39.6595,13.0093
45.0,26744,471,147,-964,39.6722,13.0149
49.7,25671,468,166,-877,39.6706,13.0549
48.5,26548,469,163,-912,39.6558,13.0232
46.5,26168,463,170,-938,39.6561,13.0035
44.4,26451,463,147,-968,39.6768,13.0754
53.6,26648,464,156,-816,39.6638,13.0864
44.5,26385,468,144,-956,39.6713,13.0069
51.7,25979,468,152,-830,39.6701,13.0650
48.0,26858,471,135,-900,39.6689,13.0066
50.8,26218,463,179,-880,39.6547,13.0399
52.3,26289,463,146,-824,39.6600,13.0276
44.2,25550,471,163,-949,39.6619,13.0281
52.7,26294,468,143,-809,39.6718,13.0847
45.9,26807,472,134,-938,39.6699,13.0525
51.2,26696,466,147,-844,39.6649,13.0648
52.9,25842,468,125,-787,39.6661,13.0045
45.5,25361,468,142,-896,39.6642,13.0046
48.0,26501,464,175,-919,39.6659,13.0623
53.1,26663,466,152,-828,39.6605,13.0209
44.1,26618,469,178,-1007,39.6792,13.0710
44.1,25449,462,151,-946,39.6709,13.0393
50.3,25457,466,152,-838,39.6678,13.0630
43.3,25286,463,199,-1003,39.6601,13.0090
45.6,26666,468,162,-980,39.6838,13.0748
44.1,25130,463,147,-940,39.6737,13.0607
51.2,25098,469,132,-796,39.6743,13.0500
54.0,26484,470,152,-802,39.6623,13.0304
53.7,26389,464,123,-775,39.6777,13.0876
48.3,26270,463,136,-872,39.6791,13.0719
46.6,25420,471,159,-913,39.6639,13.0046
50.5,26236,465,150,-860,39.6663,13.0707
43.4,25338,464,189,-1002,39.6616,13.0015
46.3,26459,470,139,-915,39.6797,13.0887
46.9,26332,467,134,-890,39.6642,13.0229
50.8,26409,470,134,-836,39.6572,13.0049
48.4,26206,469,159,-889,39.6779,13.0932
51.0,25569,469,127,-806,39.6731,13.0753
43.5,26867,466,167,-1037,39.6655,13.0086
46.5,26905,472,146,-946,39.6739,13.0539
48.0,26576,467,150,-898,39.6595,13.0175
53.1,26169,463,146,-798,39.6509,13.0135
43.8,26878,463,166,-1009,39.6778,13.0872
50.0,26558,466,174,-885,39.6522,13.0281
46.4,25704,470,158,-926,39.6714,13.0761
44.5,25546,462,144,-922,39.6728,13.0388
44.7,26785,471,143,-968,39.6885,13.0805
52.3,25806,464,168,-833,39.6704,13.0677
55.8,26900,467,114,-763,39.6749,13.0768
51.2,25717,472,132,-813,39.6615,13.0483
51.4,25403,470,162,-836,39.6694,13.1015
50.8,26587,467,154,-856,39.6708,13.0710
46.1,26082,470,151,-936,39.6786,13.0742
50.9,25351,465,150,-823,39.6637,13.0128
45.2,26583,467,171,-978,39.6731,13.0501
47.6,26759,463,135,-906,39.6600,13.0119
47.0,25350,471,170,-900,39.6736,13.0977
46.2,26184,469,146,-909,39.6706,13.0608
47.3,26103,465,127,-885,39.6644,13.0268
49.4,25697,468,146,-861,39.6686,13.0452
43.9,26204,465,148,-972,39.6673,13.0182
48.9,25192,465,153,-851,39.6647,13.0026
44.1,25967,467,156,-962,39.6707,13.0201
44.5,26241,465,156,-978,39.6744,13.0210
49.0,26669,470,139,-861,39.6647,13.0163
53.9,26773,470,149,-819,39.6662,13.0888
48.3,25030,471,132,-830,39.6718,13.0254
45.8,25312,465,172,-924,39.6749,13.0981
44.1,26901,465,171,-1017,39.6706,13.0383
51.1,26652,468,138,-849,39.6757,13.0895
46.5,25528,469,174,-925,39.6635,13.0384
44.4,25441,468,157,-940,39.6797,13.0523
45.8,25565,471,167,-928,39.6757,13.0781
44.9,26864,463,184,-1013,39.6776,13.0891
46.5,26367,464,162,-933,39.6640,13.0026
44.4,26412,469,166,-989,39.6811,13.0633
47.6,26585,470,158,-916,39.6624,13.0055
43.2,25480,468,164,-986,39.6678,13.0487
43.2,25625,465,163,-966,39.6864,13.0939
44.5,26042,472,142,-942,39.6748,13.0181
44.2,26033,469,169,-971,39.6571,13.0159
46.7,26078,469,165,-921,39.6558,13.0193
49.0,25822,471,171,-887,39.6736,13.0916
46.5,26281,468,172,-948,39.6592,13.0102
44.5,26046,463,141,-956,39.6727,13.0459
45.3,26052,465,144,-944,39.6741,13.0736
51.3,26681,464,124,-829,39.6750,13.0741
51.9,26792,465,146,-840,39.6704,13.0881
46.1,26861,469,133,-925,39.6841,13.0738
46.1,25608,464,188,-949,39.6566,13.0310
47.8,25357,465,137,-867,39.6707,13.0387
45.0,25748,472,150,-934,39.6764,13.0427
53.8,26630,465,138,-805,39.6582,13.0340
51.7,26318,465,173,-874,39.6742,13.0922
48.6,25939,470,155,-876,39.6698,13.0674
45.2,25767,471,149,-927,39.6787,13.0817
42.8,24991,467,154,-971,39.6645,13.0018
51.7,26700,463,144,-846,39.6773,13.0797
47.4,26770,468,168,-940,39.6646,13.0123
46.7,25993,468,156,-913,39.6718,13.0771
43.0,25827,463,189,-1021,39.6726,13.0687
52.8,26308,462,121,-778,39.6545,13.0100
43.1,25301,469,182,-1008,39.6678,13.0267
48.8,26639,466,153,-909,39.6624,13.0013
47.2,25338,471,127,-856,39.6765,13.0498
49.6,26358,464,134,-853,39.6632,13.0193
52.6,25683,472,157,-804,39.6716,13.0820
44.9,25398,463,172,-952,39.6734,13.0439
47.9,25109,464,184,-902,39.6723,13.0922
51.9,26607,469,161,-849,39.6597,13.0510
43.7,25584,471,149,-951,39.6751,13.0163
46.5,26175,468,156,-929,39.6721,13.0610
52.7,25538,462,147,-799,39.6624,13.0480
47.3,26768,466,146,-908,39.6638,13.0483
52.4,25438,462,161,-810,39.6587,13.0528
47.5,25763,468,140,-884,39.6686,13.0563
50.2,25504,466,149,-844,39.6621,13.0340
45.1,25831,463,153,-939,39.6699,13.0295
52.3,26209,463,135,-807,39.6664,13.0663
44.9,25724,472,139,-920,39.6798,13.0657
47.7,26023,463,138,-887,39.6657,13.0077
44.1,26546,465,158,-974,39.6664,13.0515
50.2,26684,463,146,-865,39.6655,13.0186
45.5,25024,463,134,-881,39.6860,13.0762
52.2,26829,468,141,-836,39.6614,13.0374
47.3,26580,472,134,-890,39.6717,13.0774
47.8,26646,472,153,-908,39.6647,13.0520
44.1,25192,471,166,-956,39.6724,13.0797
45.6,25559,471,142,-913,39.6661,13.0034
51.8,26732,463,135,-835,39.6712,13.0610
45.8,26472,468,179,-966,39.6771,13.1004
50.3,25971,466,159,-858,39.6625,13.0360
49.4,24936,465,144,-825,39.6651,13.0584
51.7,26239,468,151,-828,39.6612,13.0336
43.1,25282,463,145,-964,39.6635,13.0071
48.2,25923,468,157,-876,39.6580,13.0214
48.4,25625,472,155,-871,39.6653,13.0667
45.5,26558,463,165,-974,39.6745,13.0431
53.5,26254,464,134,-802,39.6695,13.0342
54.2,26888,464,127,-799,39.6581,13.0392
44.6,26013,463,143,-944,39.6708,13.0459
46.9,26718,464,173,-950,39.6696,13.0342
43.4,25336,469,159,-970,39.6814,13.0532
53.8,26788,467,151,-822,39.6641,13.0372
53.5,25749,468,136,-791,39.6627,13.0340
48.6,26727,463,149,-890,39.6634,13.0341
50.7,25902,468,175,-873,39.6577,13.0066
44.7,26923,463,143,-963,39.6762,13.0610
48.1,25696,469,183,-904,39.6591,13.0421
43.5,25507,466,161,-970,39.6714,13.0551
51.9,26351,462,143,-836,39.6691,13.0466
47.7,26045,467,141,-878,39.6589,13.0136
46.9,26285,470,142,-898,39.6600,13.0252
45.9,25287,463,170,-923,39.6618,13.0380
46.7,26014,470,155,-917,39.6612,13.0117
47.9,26179,469,149,-899,39.6698,13.0338
47.4,26869,467,142,-922,39.6707,13.0314
50.6,24949,471,140,-810,39.6667,13.0404
46.7,25856,463,179,-935,39.6624,13.0261
52.8,26857,465,124,-801,39.6785,13.0790
48.1,25418,463,153,-870,39.6669,13.0407
45.7,25650,462,159,-936,39.6814,13.0879
49.5,26528,462,173,-909,39.6764,13.0880
48.5,26337,469,140,-875,39.6812,13.0904
44.4,26854,469,173,-997,39.6694,13.0518
51.3,26901,465,137,-846,39.6583,13.0117
46.9,25367,462,131,-874,39.6884,13.0790
46.8,25387,462,181,-934,39.6727,13.0570
47.7,26679,470,145,-908,39.6675,13.0504
43.6,25075,463,187,-985,39.6765,13.0919
51.1,25310,466,166,-828,39.6650,13.0667
43.6,25126,467,175,-961,39.6633,13.0097
48.9,26882,463,172,-921,39.6654,13.0581
49.7,25098,471,159,-842,39.6657,13.0422
50.5,26558,469,146,-849,39.6737,13.0874
49.8,25147,462,145,-841,39.6752,13.0882
53.4,26410,462,139,-802,39.6647,13.0456
45.6,25939,472,152,-943,39.6645,13.0040
44.9,26496,463,135,-950,39.6647,13.0209
49.0,26158,465,132,-851,39.6703,13.0469
46.0,26711,469,167,-953,39.6710,13.0810
48.0,26230,472,120,-868,39.6772,13.0773
44.1,26247,467,159,-971,39.6820,13.0767
49.5,25484,467,122,-817,39.6851,13.0890
52.0,25503,463,126,-781,39.6628,13.0334
49.9,25897,463,132,-839,39.6787,13.0917
53.7,26724,463,138,-808,39.6707,13.0473
43.4,25746,470,188,-1014,39.6786,13.0916
44.4,25451,464,170,-963,39.6770,13.0809
46.3,25248,462,159,-902,39.6693,13.0265
49.7,25041,467,162,-848,39.6637,13.0270
51.0,26796,471,171,-877,39.6646,13.0941
49.7,25279,468,159,-840,39.6689,13.0471
47.8,26837,471,154,-917,39.6658,13.0453
44.7,25609,470,171,-957,39.6788,13.0887
47.5,25146,467,155,-885,39.6745,13.0566
47.0,25060,471,160,-894,39.6831,13.0864
46.9,25969,471,174,-927,39.6609,13.0301
45.4,25992,470,151,-939,39.6865,13.0824
51.0,25103,469,184,-842,39.6651,13.0473
46.5,26793,468,140,-925,39.6803,13.0589
45.2,25795,469,152,-945,39.6770,13.0858
49.9,26610,462,140,-875,39.6838,13.0923
51.4,25237,466,126,-778,39.6673,13.0389
50.5,26696,468,146,-871,39.6654,13.0460
48.3,26056,469,146,-883,39.6631,13.0184
43.5,25485,469,181,-1000,39.6632,13.0197
48.1,26338,469,138,-878,39.6722,13.0695
47.4,25068,472,165,-882,39.6585,13.0163
50.3,26838,466,128,-849,39.6715,13.0606
48.2,26254,467,168,-904,39.6755,13.0850
48.3,26580,463,123,-872,39.6697,13.0087
52.1,26194,463,167,-845,39.6573,13.0410
45.7,26044,466,155,-932,39.6778,13.0759
52.7,24939,466,124,-761,39.6715,13.0353
50.5,24962,468,143,-808,39.6585,13.0313
50.1,25927,472,143,-845,39.6618,13.0434
43.6,25293,465,154,-964,39.6852,13.0653
46.7,25090,470,163,-895,39.6705,13.0741
46.9,25603,472,153,-891,39.6801,13.0686
48.4,25764,465,156,-887,39.6826,13.0945
46.9,25706,470,187,-931,39.6689,13.0669
43.9,26447,468,164,-995,39.6728,13.0738
45.1,26092,465,143,-917,39.6707,13.0307
53.8,26520,466,124,-778,39.6823,13.0897
44.8,25565,470,139,-911,39.6882,13.0911
49.2,26133,463,171,-891,39.6600,13.0268
48.7,26861,465,145,-903,39.6692,13.0456
50.1,25955,470,153,-855,39.6611,13.0134
45.6,26589,465,173,-982,39.6722,13.0838
44.6,25320,469,126,-907,39.6857,13.0767
50.7,26728,471,183,-897,39.6526,13.0303
52.0,25174,465,134,-782,39.6664,13.0547
49.8,26512,471,161,-882,39.6704,13.0907
48.8,26504,464,152,-887,39.6796,13.0835
44.4,26206,472,152,-949,39.6700,13.0655
52.7,25634,467,137,-797,39.6628,13.0547
45.9,26779,463,148,-952,39.6718,13.0668
49.2,25038,472,156,-854,39.6687,13.0285
48.0,26828,462,139,-911,39.6703,13.0391
54.0,26090,469,124,-773,39.6690,13.0264
46.6,26039,470,141,-907,39.6853,13.0750
46.6,25540,469,160,-904,39.6641,13.0554
44.8,26564,469,150,-966,39.6763,13.0469
43.8,25563,465,154,-941,39.6672,13.0231
46.8,26679,462,135,-916,39.6623,13.0049
50.0,25482,463,144,-836,39.6767,13.0922
49.5,25526,472,180,-884,39.6600,13.0550
51.1,26287,472,150,-841,39.6609,13.0556
43.8,25721,462,174,-981,39.6861,13.0859
50.9,25392,468,161,-849,39.6610,13.0577
44.6,26796,465,145,-963,39.6628,13.0048
43.2,25822,463,185,-1018,39.6612,13.0296
45.2,26093,469,152,-943,39.6636,13.0244
43.6,26025,470,180,-1012,39.6727,13.0295
48.5,25076,462,174,-873,39.6566,13.0248
50.5,25695,464,147,-818,39.6798,13.0833
46.5,25414,465,185,-944,39.6551,13.0203
45.6,25053,467,142,-903,39.6726,13.0583
44.5,26470,469,157,-965,39.6722,13.0468
43.3,25535,468,157,-969,39.6800,13.0425
45.7,26671,465,155,-950,39.6825,13.0880
52.9,26608,464,151,-814,39.6523,13.0242
44.9,25703,469,149,-941,39.6792,13.0768
47.7,25718,468,164,-894,39.6634,13.0272
43.8,26490,472,176,-1021,39.6704,13.0609
44.3,25360,465,143,-931,39.6805,13.0724
50.4,25662,470,146,-843,39.6555,13.0126
50.4,24953,472,173,-833,39.6628,13.0402
46.4,25423,468,160,-908,39.6652,13.0524
44.4,26138,466,139,-955,39.6655,13.0170
48.7,25042,463,149,-851,39.6752,13.0442
47.9,25612,470,139,-856,39.6731,13.0311
52.6,26908,469,131,-824,39.6719,13.0735
51.7,25314,471,149,-820,39.6693,13.0800
49.4,26163,472,137,-844,39.6783,13.0582
50.7,25587,472,163,-849,39.6559,13.0356
47.9,25322,466,126,-838,39.6710,13.0276
47.5,25559,472,147,-881,39.6724,13.0809
48.7,25910,467,163,-889,39.6623,13.0230
43.5,25644,471,159,-976,39.6733,13.0519
54.5,26874,471,140,-797,39.6602,13.0146
46.4,26827,471,178,-975,39.6609,13.0164
46.6,26707,463,121,-900,39.6929,13.0922
43.8,25768,470,164,-986,39.6684,13.0552
48.4,25627,462,156,-887,39.6660,13.0352
48.9,25527,468,124,-831,39.6624,13.0068
47.3,26194,463,154,-898,39.6692,13.0723
44.9,26171,465,165,-973,39.6720,13.0399
53.6,26803,465,132,-808,39.6678,13.0264
50.8,25307,470,146,-818,39.6600,13.0127
44.2,25985,464,160,-969,39.6628,13.0290
44.2,25282,469,173,-955,39.6707,13.0533
47.7,26875,470,154,-911,39.6692,13.0594
45.8,25135,467,153,-908,39.6699,13.0158
45.2,25315,469,162,-943,39.6621,13.0198
45.8,25199,469,175,-925,39.6784,13.0853
45.3,25723,465,127,-906,39.6804,13.0728
44.2,26165,463,177,-992,39.6839,13.0800
51.7,26479,470,149,-840,39.6679,13.0719
46.8,26064,472,131,-894,39.6787,13.0783
43.5,25874,471,163,-989,39.6755,13.0748
44.6,26504,468,170,-982,39.6707,13.0265
48.6,25484,463,143,-845,39.6789,13.0852
43.3,25735,463,158,-967,39.6796,13.0465
47.4,26075,469,160,-902,39.6762,13.0889
48.4,25304,471,167,-876,39.6532,13.0146
47.7,26550,467,147,-898,39.6832,13.0785
45.6,25556,464,140,-911,39.6770,13.0464
43.5,25091,463,156,-949,39.6716,13.0425
45.8,25685,463,153,-934,39.6588,13.0158
48.0,25612,471,172,-903,39.6537,13.0048
54.0,26686,472,137,-797,39.6586,13.0326
53.1,25719,463,140,-789,39.6627,13.0644
45.7,26110,467,148,-937,39.6822,13.0910
46.8,25187,463,172,-905,39.6781,13.0886
53.0,26282,465,138,-800,39.6714,13.0519
45.4,26759,472,148,-944,39.6680,13.0404
43.6,25305,470,143,-943,39.6851,13.0831
45.1,26416,469,173,-972,39.6587,13.0037
52.5,26519,465,171,-844,39.6673,13.0731
46.3,25303,464,169,-912,39.6644,13.0011
45.9,25632,469,159,-917,39.6598,13.0334
44.7,25106,470,175,-952,39.6764,13.0800
45.6,26625,469,149,-949,39.6682,13.0121
45.5,25865,472,169,-960,39.6718,13.0416
48.1,26817,471,137,-887,39.6742,13.0373
45.6,25914,471,173,-957,39.6688,13.0345
43.4,25267,467,162,-971,39.6745,13.0249
43.3,25242,467,157,-970,39.6698,13.0269
50.5,25117,470,144,-807,39.6613,13.0130
51.1,25383,464,184,-849,39.6761,13.0983
48.5,26146,471,186,-928,39.6574,13.0318
50.2,25584,468,157,-841,39.6683,13.0901
46.4,26809,467,171,-963,39.6706,13.0449
47.5,25149,471,185,-907,39.6600,13.0570
51.8,26100,465,164,-846,39.6633,13.0658
43.8,25284,469,154,-950,39.6826,13.0740
51.1,25212,466,145,-813,39.6649,13.0408
48.2,25260,467,147,-863,39.6790,13.0644
45.6,26262,465,158,-953,39.6725,13.0478
49.5,26493,462,133,-865,39.6780,13.0969
45.7,25632,467,158,-916,39.6712,13.0695
49.9,26747,471,163,-890,39.6587,13.0291
47.7,26587,471,165,-925,39.6706,13.0541
49.9,26654,469,158,-879,39.6672,13.0369
43.3,25286,464,146,-953,39.6793,13.0315
45.7,25249,466,181,-938,39.6626,13.0013
47.2,25504,472,178,-928,39.6549,13.0186
47.8,25230,462,159,-873,39.6633,13.0224
47.2,26265,464,177,-942,39.6829,13.0902
49.3,25832,470,152,-854,39.6545,13.0260
47.8,26393,464,164,-911,39.6704,13.0916
44.8,25350,468,147,-914,39.6600,13.0082
51.5,25532,463,145,-809,39.6771,13.0714
47.2,26456,466,170,-929,39.6705,13.0866
48.7,25445,467,163,-878,39.6771,13.0786
45.4,26354,468,145,-943,39.6768,13.0892
43.2,25197,467,148,-958,39.6766,13.0572
46.5,24933,467,168,-905,39.6739,13.0935
46.3,25907,463,154,-912,39.6671,13.0249
44.9,25892,467,157,-945,39.6601,13.0095
44.2,24996,464,130,-909,39.6864,13.0569
47.4,25761,468,176,-914,39.6765,13.0864
43.8,25470,466,145,-935,39.6726,13.0155
46.4,25222,472,162,-912,39.6665,13.0354
46.8,25936,465,138,-899,39.6703,13.0360
48.7,26489,469,157,-909,39.6690,13.0577
46.3,25883,471,152,-901,39.6823,13.0899
48.1,26494,472,149,-906,39.6595,13.0306
49.6,25334,467,140,-827,39.6751,13.0810
51.9,25299,468,150,-805,39.6697,13.0613
44.9,25948,466,125,-911,39.6823,13.0479
45.3,26501,469,145,-945,39.6704,13.0100
42.5,25730,469,191,-1035,39.6692,13.0648
51.9,25381,468,138,-792,39.6522,13.0122
45.4,25999,465,127,-909,39.6621,13.0075
50.1,26903,464,160,-890,39.6517,13.0135
48.8,26749,465,145,-897,39.6780,13.0703
51.8,25734,472,147,-826,39.6735,13.0736
51.7,26922,462,149,-862,39.6704,13.0490
47.0,26193,463,147,-911,39.6802,13.0652
48.7,26180,471,135,-866,39.6707,13.0747
43.7,25029,471,179,-981,39.6779,13.0750
47.6,26309,464,144,-895,39.6766,13.0796
48.1,26128,469,170,-913,39.6713,13.0501
48.1,24973,463,156,-864,39.6715,13.0844
47.2,25899,462,170,-921,39.6708,13.0877
45.5,25996,466,134,-899,39.6668,13.0290
48.7,25736,463,142,-862,39.6702,13.0354
46.8,25020,471,165,-895,39.6655,13.0511
44.5,25266,471,169,-940,39.6714,13.0617
51.0,26005,463,162,-840,39.6754,13.0784
52.6,26657,466,137,-826,39.6761,13.0635
48.0,25509,466,141,-866,39.6774,13.0781
53.9,26307,464,125,-782,39.6714,13.0840
50.4,26184,466,174,-887,39.6560,13.0259
48.7,26855,462,158,-907,39.6627,13.0386
50.4,25324,470,121,-805,39.6623,13.0190
45.0,25515,469,174,-949,39.6555,13.0127
45.4,25619,470,150,-917,39.6686,13.0203
46.0,25426,466,160,-922,39.6635,13.0085
52.6,26377,470,145,-830,39.6654,13.0466
50.3,26544,472,159,-878,39.6655,13.0531
45.6,26115,470,143,-919,39.6807,13.0624
51.7,25454,466,118,-787,39.6800,13.0621
45.9,26448,469,177,-974,39.6707,13.0425
52.8,25992,464,134,-805,39.6656,13.0406
45.6,25758,467,142,-916,39.6769,13.0515
45.4,25981,463,171,-954,39.6708,13.0821
44.9,25615,463,167,-967,39.6638,13.0201
49.6,25147,467,166,-853,39.6674,13.0562
42.3,25645,470,186,-1026,39.6758,13.0455
43.3,26167,472,167,-1000,39.6583,13.0081
46.3,26418,470,167,-944,39.6664,13.0569
43.5,25559,471,163,-973,39.6702,13.0177
45.4,26878,467,151,-973,39.6715,13.0596
48.4,24978,468,144,-839,39.6682,13.0530
49.7,26227,464,150,-864,39.6634,13.0115
47.0,26738,465,131,-893,39.6810,13.0650
47.6,25790,471,142,-881,39.6631,13.0193
44.0,25327,471,124,-913,39.6759,13.0097
45.3,25194,471,188,-954,39.6703,13.0591
52.2,26585,466,134,-826,39.6637,13.0471
45.8,25323,469,154,-917,39.6628,13.0345
45.3,26013,467,147,-926,39.6702,13.0323
47.1,26505,469,158,-918,39.6699,13.0815
51.4,26648,471,159,-868,39.6755,13.0892
51.0,26558,464,134,-840,39.6727,13.0634
50.8,26104,462,171,-861,39.6624,13.0470
52.1,26410,469,126,-799,39.6666,13.0702
48.2,26474,470,162,-920,39.6714,13.0808
47.8,25742,464,162,-912,39.6647,13.0512
51.6,25828,464,159,-820,39.6660,13.0376
46.7,25865,467,172,-941,39.6624,13.0352
49.5,25829,464,126,-831,39.6825,13.0702
46.3,26070,470,136,-908,39.6886,13.0908
50.7,25963,465,153,-835,39.6634,13.0516
46.3,25766,470,137,-898,39.6605,13.0136
44.6,26695,468,166,-1002,39.6862,13.0921
49.7,25650,468,154,-864,39.6761,13.0890
45.0,26121,468,144,-939,39.6831,13.0788
50.7,25601,467,168,-847,39.6680,13.0946
45.5,26195,470,176,-978,39.6723,13.0349
51.5,26199,470,165,-860,39.6529,13.0065
50.6,25427,471,137,-806,39.6594,13.0115
47.9,25938,471,144,-873,39.6556,13.0047
43.6,26131,467,173,-1007,39.6617,13.0024
50.1,25434,467,167,-857,39.6730,13.0899
52.0,25860,462,173,-843,39.6667,13.0857
48.7,26255,463,133,-870,39.6650,13.0046
48.1,26062,471,171,-910,39.6585,13.0184
44.6,26369,468,157,-955,39.6759,13.0725
50.8,26140,464,163,-849,39.6618,13.0475
52.3,25803,466,141,-811,39.6701,13.0370
44.2,26241,465,186,-1005,39.6740,13.0566
43.9,25260,462,163,-951,39.6753,13.0833
49.0,25467,471,132,-842,39.6754,13.0859
50.7,25607,471,141,-820,39.6703,13.0274
46.7,25254,467,139,-875,39.6717,13.0544
47.3,25318,472,136,-857,39.6830,13.0666
52.3,26707,469,137,-812,39.6618,13.0579
45.2,25630,467,169,-940,39.6659,13.0414
45.7,26800,471,178,-978,39.6553,13.0156
45.0,25931,463,183,-989,39.6683,13.0223
46.1,26739,466,158,-944,39.6722,13.0452
45.7,26805,468,161,-973,39.6652,13.0538
43.4,25223,463,151,-948,39.6633,13.0116
50.5,26530,471,143,-853,39.6642,13.0128
46.3,25455,467,164,-924,39.6766,13.0854
43.1,24964,467,162,-963,39.6638,13.0304
49.6,25012,471,155,-845,39.6701,13.0449
45.7,25361,469,143,-910,39.6698,13.0401
52.2,26356,468,151,-826,39.6785,13.0926
46.3,24960,463,133,-870,39.6619,13.0152
46.3,25032,467,169,-914,39.6615,13.0154
51.0,26502,464,129,-815,39.6738,13.0772
43.6,26175,463,167,-1002,39.6870,13.0889
44.1,25419,464,168,-977,39.6765,13.0576
46.5,26677,464,146,-943,39.6768,13.0844
42.7,25507,465,167,-996,39.6627,13.0276
47.7,25977,467,124,-860,39.6817,13.0477
46.9,25411,467,172,-911,39.6708,13.0340
55.6,26316,464,108,-747,39.6806,13.0890
50.5,26002,469,120,-813,39.6669,13.0539
54.6,26722,468,133,-790,39.6573,13.0163
43.3,25144,465,166,-979,39.6848,13.0692
46.0,26220,467,127,-896,39.6785,13.0673
44.2,25864,466,159,-971,39.6877,13.0832
46.7,25387,466,175,-933,39.6742,13.0559
52.2,26592,468,138,-820,39.6593,13.0294
48.3,25433,465,142,-849,39.6601,13.0204
52.5,26573,468,178,-855,39.6618,13.0811
44.3,25195,466,162,-938,39.6791,13.0741
52.9,25336,467,115,-764,39.6725,13.0644
50.2,25922,465,154,-861,39.6581,13.0288
46.8,25950,463,159,-915,39.6719,13.0431
43.6,25635,464,159,-979,39.6690,13.0050
45.4,24928,470,154,-906,39.6779,13.0536
48.0,26108,463,132,-857,39.6733,13.0831
46.4,26357,462,155,-933,39.6834,13.0916
50.9,25724,471,136,-827,39.6744,13.0588
41.4,25263,465,194,-1052,39.6694,13.0522
47.6,26569,466,144,-916,39.6742,13.0611
48.3,26074,467,145,-866,39.6580,13.0205
48.9,26312,468,182,-917,39.6788,13.0899
53.3,25356,471,127,-759,39.6802,13.0849
44.0,25834,472,177,-996,39.6686,13.0572
46.6,26624,469,159,-942,39.6787,13.0809
51.6,26428,466,146,-823,39.6668,13.0786
44.9,26911,464,167,-990,39.6687,13.0219
44.5,26265,469,151,-952,39.6803,13.0631
44.1,26767,468,164,-991,39.6661,13.0087
49.1,26438,462,168,-895,39.6707,13.0960
51.8,26181,472,157,-848,39.6553,13.0260
52.0,25381,463,125,-785,39.6620,13.0391
51.1,25272,463,139,-800,39.6653,13.0487
51.1,26295,470,123,-824,39.6703,13.0764
47.3,26324,467,144,-912,39.6769,13.0517
50.1,26712,466,139,-864,39.6706,13.0867
47.6,26838,465,131,-899,39.6643,13.0209
48.7,25075,471,176,-882,39.6587,13.0118
51.1,25793,466,159,-831,39.6523,13.0122
43.3,25344,464,169,-985,39.6785,13.0834
42.8,25871,471,182,-1019,39.6853,13.0910
43.3,25560,470,161,-971,39.6745,13.0810
44.7,26394,463,143,-949,39.6676,13.0333
53.3,26771,464,125,-808,39.6588,13.0252
46.4,26614,465,137,-917,39.6646,13.0137
43.1,25302,465,162,-981,39.6757,13.0257
43.7,25066,467,159,-954,39.6841,13.0885
43.6,25016,462,182,-979,39.6642,13.0310
49.3,25621,462,146,-849,39.6808,13.0806
51.6,26789,463,149,-846,39.6573,13.0481
51.4,25004,467,147,-809,39.6628,13.0212
