t,h0,GSi,GSf,Vv,lat,lon
65.3,25349,470,37,-489,39.6986,13.0910
56.6,25719,472,42,-576,39.6914,13.0676
65.0,26182,463,39,-507,39.6902,13.0443
59.2,26206,464,32,-548,39.7001,13.0456
57.1,25766,470,38,-565,39.7021,13.0520
64.2,25933,465,42,-513,39.6804,13.0276
55.6,25126,465,36,-579,39.6842,13.0105
66.1,26916,471,31,-511,39.6780,13.0263
55.7,25494,465,32,-581,39.6999,13.0475
57.0,26684,471,42,-587,39.6866,13.0376
63.5,26600,465,33,-517,39.6967,13.0726
62.3,25713,471,37,-525,39.6994,13.0538
61.0,25708,463,30,-527,39.7019,13.0837
53.9,25099,466,41,-601,39.6869,13.0034
54.1,25329,464,37,-598,39.7070,13.0780
58.5,26694,467,25,-558,39.6998,13.0682
60.3,26626,463,40,-554,39.6863,13.0523
60.0,26688,472,37,-545,39.7094,13.0891
66.6,25371,463,25,-475,39.7017,13.0783
65.6,26117,468,35,-502,39.6971,13.0966
57.6,25041,467,33,-548,39.6925,13.0197
63.8,26752,471,36,-525,39.6945,13.0584
57.2,25528,470,25,-557,39.6921,13.0348
61.7,26856,471,35,-538,39.7094,13.0864
66.0,25529,463,37,-487,39.6838,13.0192
65.1,25389,469,41,-502,39.6941,13.0595
54.0,25216,469,49,-610,39.6980,13.0498
54.7,25065,462,42,-581,39.6896,13.0224
62.6,26641,472,44,-539,39.6922,13.0792
56.8,25221,463,40,-565,39.6913,13.0385
58.2,25367,467,41,-568,39.6891,13.0800
57.1,26834,464,39,-585,39.6856,13.0220
59.5,25367,465,37,-548,39.6978,13.0860
65.5,25054,469,27,-475,39.6913,13.0361
55.5,25299,468,31,-575,39.7015,13.0402
63.5,25065,468,29,-493,39.6999,13.0927
56.8,25527,463,36,-559,39.6998,13.0932
68.0,25999,464,30,-479,39.7063,13.0829
67.0,26926,467,38,-506,39.6928,13.0455
62.3,26379,465,41,-535,39.6843,13.0512
64.6,26384,470,40,-513,39.7038,13.0849
65.1,26801,468,37,-517,39.6874,13.0409
63.1,25527,464,33,-519,39.6940,13.0464
59.8,26551,470,26,-542,39.6988,13.0267
58.5,24965,467,43,-548,39.6927,13.0451
62.8,26530,467,37,-531,39.6739,13.0126
53.7,25513,467,33,-607,39.6936,13.0520
65.3,26367,472,27,-505,39.6883,13.0355
61.0,24993,471,33,-521,39.7069,13.0857
57.3,26034,464,34,-580,39.6997,13.0831
54.8,26024,463,45,-599,39.6898,13.0237
59.0,25749,465,32,-540,39.6949,13.0385
67.5,26120,470,32,-486,39.6817,13.0237
58.4,26567,469,38,-569,39.6789,13.0180
58.0,25669,468,37,-561,39.6849,13.0391
57.3,24933,462,33,-552,39.6899,13.0463
61.1,25114,468,35,-526,39.6897,13.0438
63.6,24945,464,35,-497,39.6908,13.0745
60.5,26177,470,33,-547,39.6960,13.0718
55.8,25728,463,44,-577,39.6891,13.0264
58.2,25948,464,27,-553,39.7070,13.0669
61.2,25114,462,38,-520,39.6923,13.0356
55.9,25183,468,38,-572,39.6959,13.0565
61.9,25492,463,41,-530,39.6772,13.0260
56.8,25447,463,39,-575,39.7057,13.0868
55.6,26221,471,51,-602,39.6871,13.0573
55.6,26459,468,39,-589,39.6943,13.0354
61.4,24964,464,38,-522,39.6846,13.0058
62.5,25453,465,38,-520,39.6986,13.0916
56.0,26360,464,37,-582,39.7055,13.0640
61.6,25007,466,40,-525,39.6841,13.0196
60.1,26543,465,33,-548,39.7014,13.0729
57.5,25726,472,37,-570,39.6980,13.0472
63.1,25523,464,31,-504,39.6966,13.0686
68.1,26776,465,32,-489,39.6825,13.0393
58.8,25055,464,47,-542,39.6869,13.0402
60.9,25460,471,40,-531,39.7004,13.0945
56.4,26116,469,28,-574,39.6895,13.0169
63.7,25370,470,39,-499,39.6868,13.0438
65.1,26370,467,38,-511,39.6868,13.0376
55.5,25899,471,39,-587,39.6770,13.0096
57.3,26730,464,36,-592,39.6981,13.0870
59.6,25166,466,33,-537,39.6809,13.0305
58.6,25818,470,36,-562,39.6870,13.0318
52.2,24980,466,36,-621,39.7024,13.0924
56.2,25868,463,45,-589,39.6843,13.0126
56.5,25166,465,30,-555,39.6959,13.0126
57.9,24955,466,38,-561,39.6881,13.0293
64.5,25752,464,28,-504,39.6879,13.0381
60.3,25636,472,38,-550,39.6889,13.0357
58.3,25226,465,38,-554,39.6958,13.0773
63.4,25952,470,36,-513,39.6817,13.0336
62.8,26641,465,45,-532,39.6873,13.0465
65.7,26433,467,38,-513,39.6963,13.0779
60.7,25139,462,44,-536,39.6899,13.0783
62.2,26477,467,44,-548,39.7029,13.0950
60.2,25805,464,43,-547,39.6879,13.0576
64.2,25140,469,44,-500,39.6898,13.0856
63.9,26243,463,39,-513,39.6912,13.0400
55.7,25072,467,37,-562,39.7033,13.0892
54.6,26752,470,37,-628,39.6924,13.0446
58.6,26257,463,32,-558,39.6986,13.0787
62.7,25961,472,37,-519,39.6830,13.0095
55.0,25908,471,41,-589,39.6989,13.0500
59.2,25833,464,40,-536,39.6856,13.0275
58.7,25831,467,30,-544,39.7027,13.0586
57.0,26446,465,43,-598,39.6991,13.0753
56.4,26239,467,40,-573,39.6928,13.0417
61.8,25097,471,43,-513,39.7024,13.0750
56.6,26419,468,39,-592,39.6905,13.0188
57.7,25322,471,31,-551,39.6837,13.0296
60.7,26457,464,41,-541,39.7048,13.0890
63.4,25119,464,42,-518,39.6857,13.0207
69.3,26062,468,32,-461,39.6908,13.0880
62.8,26385,470,36,-528,39.6843,13.0165
59.8,26314,462,30,-552,39.6892,13.0130
58.9,25150,469,31,-535,39.6992,13.0608
64.4,25380,462,37,-501,39.6899,13.0648
56.0,25914,471,42,-582,39.6912,13.0612
57.9,25462,464,36,-543,39.6948,13.0335
62.1,25796,463,35,-531,39.6794,13.0196
65.1,26547,463,39,-515,39.6862,13.0232
56.4,26200,468,26,-573,39.6895,13.0007
62.0,25489,463,29,-519,39.6847,13.0306
60.1,25204,465,30,-531,39.6914,13.0262
60.1,26597,472,35,-560,39.7015,13.0699
53.2,25181,468,42,-610,39.6978,13.0745
54.2,24970,468,36,-597,39.6936,13.0614
56.6,25237,465,39,-562,39.7033,13.0797
62.6,26756,464,30,-524,39.6902,13.0273
64.5,25285,465,41,-502,39.6878,13.0628
59.1,26144,466,27,-555,39.6992,13.0517
65.7,26497,464,29,-515,39.6788,13.0156
65.0,26759,471,34,-515,39.6786,13.0285
54.5,25535,468,40,-594,39.7017,13.0543
60.4,26071,465,40,-549,39.6928,13.0344
60.5,25064,466,38,-533,39.6976,13.0655
66.2,26795,465,36,-508,39.6802,13.0179
64.1,25579,469,28,-496,39.6951,13.0665
57.8,25813,467,34,-566,39.6957,13.0238
62.7,26382,466,44,-535,39.6837,13.0476
63.1,26342,468,34,-513,39.6896,13.0164
61.8,25125,469,37,-523,39.6907,13.0672
63.2,25017,466,37,-500,39.6953,13.0710
56.0,26004,463,39,-577,39.6955,13.0644
66.4,26429,466,41,-489,39.6989,13.0785
61.2,26806,466,32,-559,39.6854,13.0235
60.9,25659,465,44,-547,39.6879,13.0922
61.8,25503,466,40,-529,39.6883,13.0618
60.4,26475,462,37,-533,39.7015,13.0542
64.4,26397,462,29,-508,39.6850,13.0085
57.2,25354,466,24,-547,39.7031,13.0754
60.9,25911,466,39,-535,39.7004,13.0774
57.1,26510,466,38,-575,39.6982,13.0500
60.6,26152,465,40,-537,39.6819,13.0105
55.3,25179,467,41,-577,39.6837,13.0132
53.5,25973,469,41,-625,39.6793,13.0148
67.1,25925,470,40,-485,39.6834,13.0658
65.6,25353,468,37,-486,39.7000,13.0792
56.9,25954,468,33,-573,39.6955,13.0319
59.0,25290,465,33,-543,39.6839,13.0368
64.7,24938,472,37,-487,39.7054,13.0987
57.9,25403,468,46,-565,39.6790,13.0067
54.2,25201,472,44,-595,39.7020,13.0662
60.3,24963,464,42,-523,39.6969,13.0628
55.1,25905,468,40,-597,39.6939,13.0618
58.9,25618,464,39,-545,39.7019,13.0829
62.0,26835,465,29,-526,39.6888,13.0174
56.8,25832,466,45,-591,39.6944,13.0949
57.8,25035,470,36,-547,39.6944,13.0279
58.7,26756,472,44,-563,39.6923,13.0864
59.4,26680,463,43,-562,39.7033,13.0993
60.9,25080,465,41,-537,39.6835,13.0314
67.1,26648,466,38,-496,39.6953,13.0686
65.7,26242,466,35,-500,39.6944,13.0513
56.4,25019,471,44,-580,39.6937,13.0460
62.0,26213,467,35,-527,39.6832,13.0404
62.6,26181,470,33,-531,39.6909,13.0440
56.1,26510,464,33,-589,39.6949,13.0404
60.5,26448,468,40,-546,39.6867,13.0186
64.3,26693,469,41,-525,39.6800,13.0093
56.8,25807,467,34,-564,39.6870,13.0192
60.5,25780,470,45,-550,39.6904,13.0638
55.8,26775,467,35,-599,39.6960,13.0478
66.3,26516,465,26,-491,39.6961,13.0710
52.1,24935,468,40,-621,39.6965,13.0653
61.3,26604,469,32,-544,39.6905,13.0247
65.9,25335,471,28,-482,39.6943,13.0547
57.5,26586,468,36,-574,39.6920,13.0552
55.5,25466,463,30,-576,39.7001,13.0582
59.3,26149,470,32,-555,39.7033,13.0745
63.3,25940,470,33,-513,39.6994,13.0490
61.2,26561,469,27,-531,39.6854,13.0210
53.4,25570,465,46,-610,39.7010,13.0884
56.9,25888,471,38,-565,39.6975,13.0405
63.0,24954,467,31,-503,39.6916,13.0750
61.6,24931,472,40,-516,39.6759,13.0197
62.4,26044,471,27,-513,39.7005,13.0453
55.4,26502,465,42,-602,39.6946,13.0279
66.2,26783,471,39,-509,39.6792,13.0096
63.5,25861,465,33,-506,39.7019,13.0969
64.4,25977,465,40,-527,39.6944,13.0628
56.3,26011,471,42,-578,39.6933,13.0524
65.2,26169,471,31,-506,39.6961,13.0712
61.1,26054,467,31,-544,39.7042,13.0941
56.6,25663,467,45,-572,39.7023,13.0918
59.6,25062,467,29,-523,39.6878,13.0470
62.2,25492,469,36,-513,39.6929,13.0311
64.1,26378,468,32,-512,39.6784,13.0133
57.1,25728,463,40,-559,39.6937,13.0749
63.7,25155,464,44,-498,39.6886,13.0729
57.1,25635,467,41,-583,39.6903,13.0285
60.5,25786,467,37,-531,39.6965,13.0505
60.3,25453,464,41,-553,39.6952,13.0761
60.7,26713,462,45,-560,39.6799,13.0227
64.8,25823,466,29,-502,39.7004,13.0618
55.3,25291,466,39,-590,39.7068,13.0860
58.2,26522,468,25,-559,39.6856,13.0103
66.6,26776,462,32,-492,39.6871,13.0089
59.9,25364,463,47,-551,39.6940,13.0776
57.6,25157,462,31,-558,39.6896,13.0472
63.0,24998,464,37,-509,39.6970,13.0865
62.7,25777,469,33,-517,39.7006,13.0792
56.1,26109,467,41,-598,39.6900,13.0054
61.7,26031,469,41,-523,39.7060,13.0914
64.7,24934,464,30,-493,39.6966,13.0420
56.1,25155,465,35,-587,39.6975,13.0922
63.1,25964,472,30,-522,39.6810,13.0068
58.5,26148,468,34,-556,39.6965,13.0271
64.4,25643,469,34,-506,39.6958,13.0532
64.8,26725,468,25,-502,39.7013,13.0614
65.3,25885,463,36,-501,39.6752,13.0140
65.7,26315,470,34,-503,39.6929,13.0397
59.4,26574,468,35,-562,39.6887,13.0225
61.6,25867,467,32,-529,39.6954,13.0508
56.7,26355,463,40,-583,39.6787,13.0118
66.3,25579,471,39,-482,39.6892,13.0318
63.4,26879,467,31,-521,39.6979,13.0571
61.0,25869,464,32,-532,39.6928,13.0733
59.6,26502,470,34,-553,39.6974,13.0634
59.9,26386,466,44,-544,39.6973,13.0967
67.2,25686,464,32,-481,39.6862,13.0416
57.6,25416,471,34,-560,39.6941,13.0360
58.8,26412,464,38,-553,39.6997,13.1007
60.9,25109,462,31,-519,39.6966,13.0620
62.9,26886,471,36,-538,39.6814,13.0319
62.7,26294,464,39,-517,39.6870,13.0419
57.8,25261,465,30,-547,39.6911,13.0548
57.6,26055,463,39,-557,39.7030,13.0585
61.1,26222,468,30,-536,39.6837,13.0271
60.3,26078,463,35,-552,39.6816,13.0066
56.3,26069,471,36,-573,39.6881,13.0043
59.0,26382,471,48,-569,39.6902,13.0378
65.0,26244,462,39,-521,39.6729,13.0103
57.8,26830,463,34,-575,39.6941,13.0347
59.6,26270,466,30,-564,39.7056,13.0789
54.6,25751,468,35,-601,39.7073,13.0841
62.6,26911,463,44,-548,39.6920,13.0855
65.1,26462,469,34,-503,39.6925,13.0524
65.4,26405,467,36,-511,39.6964,13.0658
63.5,26778,466,38,-519,39.6931,13.0646
63.4,25315,464,41,-515,39.6862,13.0577
62.7,26497,470,36,-528,39.6879,13.0335
53.9,25359,468,39,-598,39.6885,13.0088
55.9,25998,463,39,-581,39.6886,13.0056
62.8,26383,467,44,-525,39.7024,13.0929
59.6,26419,464,44,-568,39.6818,13.0332
58.8,25309,467,44,-543,39.6898,13.0595
55.8,25278,465,39,-569,39.7051,13.0700
62.6,26264,465,36,-513,39.6995,13.0861
59.6,26240,464,29,-544,39.6861,13.0238
66.4,26506,471,37,-505,39.6850,13.0138
58.0,26095,465,32,-560,39.6883,13.0477
58.3,25972,472,40,-563,39.6829,13.0046
67.0,26650,469,42,-500,39.6921,13.1015
60.9,25962,471,37,-526,39.6896,13.0206
66.1,26799,471,39,-503,39.6848,13.0241
65.5,25693,464,30,-495,39.7047,13.0958
55.9,25285,471,43,-578,39.6931,13.0483
68.0,25933,471,35,-479,39.7007,13.0652
59.3,25650,463,39,-544,39.7001,13.0924
58.3,26174,463,32,-552,39.6984,13.0784
61.1,25717,467,42,-533,39.6977,13.0868
55.4,26726,464,34,-607,39.6851,13.0047
56.2,26648,470,46,-592,39.6912,13.0478
62.8,26151,472,35,-527,39.6916,13.0965
56.1,25626,469,44,-592,39.6867,13.0281
55.8,25667,465,33,-580,39.6959,13.0182
62.0,26538,463,42,-533,39.6891,13.0304
52.4,25268,464,44,-622,39.6954,13.0389
55.6,25992,462,35,-595,39.6853,13.0281
55.4,24966,472,34,-567,39.7013,13.0689
60.3,25513,468,36,-540,39.7016,13.0865
65.2,25924,470,38,-496,39.6977,13.0887
64.9,25725,469,28,-493,39.6907,13.0680
62.3,25156,471,37,-521,39.6922,13.0917
60.5,26042,466,32,-545,39.6883,13.0198
55.5,25106,467,44,-573,39.6972,13.0554
56.0,25294,469,45,-585,39.6818,13.0032
62.7,25820,464,32,-523,39.6917,13.0324
55.9,26341,463,35,-591,39.6997,13.0379
56.0,25299,463,28,-564,39.6890,13.0303
58.3,26295,465,30,-564,39.6911,13.0158
64.6,25362,471,37,-502,39.6903,13.0629
56.0,25462,467,41,-565,39.6909,13.0337
60.8,26844,466,33,-565,39.6859,13.0553
61.1,25657,466,31,-525,39.6899,13.0195
58.2,25010,469,39,-544,39.6852,13.0431
57.5,26225,467,30,-574,39.6945,13.0754
55.4,25057,463,38,-589,39.6965,13.0888
56.9,25036,468,44,-569,39.6870,13.0501
58.9,25598,469,39,-551,39.6763,13.0075
56.8,26770,467,43,-591,39.7023,13.0712
54.0,25005,466,40,-604,39.7019,13.0604
58.8,25863,466,33,-547,39.7040,13.0925
63.4,26519,466,34,-511,39.7016,13.0872
63.3,26323,465,35,-530,39.6900,13.0547
61.4,25872,471,32,-522,39.6791,13.0139
55.8,26580,463,39,-600,39.7052,13.0856
55.9,26430,467,30,-593,39.6993,13.0811
60.1,26881,465,26,-550,39.7062,13.0903
56.1,26352,470,33,-578,39.6863,13.0360
65.0,26925,467,39,-516,39.6975,13.0699
58.3,25553,470,42,-571,39.6930,13.0799
65.1,26122,465,42,-511,39.6940,13.0944
60.3,26657,468,37,-564,39.6879,13.0798
53.4,25320,463,40,-601,39.6841,13.0192
57.4,26013,466,37,-558,39.6854,13.0368
65.4,26660,464,38,-519,39.6974,13.0798
62.3,25659,471,41,-525,39.6789,13.0340
61.2,26478,470,29,-538,39.7055,13.0958
55.8,26315,467,41,-595,39.6959,13.0891
66.2,25550,467,31,-481,39.6909,13.0763
53.7,24937,466,42,-588,39.7062,13.0854
56.4,25981,469,31,-563,39.7002,13.0723
66.9,26060,465,30,-481,39.6916,13.0482
60.5,25422,463,34,-541,39.6789,13.0137
61.3,25943,468,37,-530,39.6998,13.0813
58.7,25430,466,32,-551,39.6852,13.0023
61.0,25982,467,34,-545,39.7026,13.0740
61.9,26279,469,40,-539,39.7015,13.0978
54.5,26378,464,45,-627,39.6986,13.0515
60.0,25511,471,34,-552,39.6951,13.0724
56.2,25788,468,37,-586,39.6841,13.0148
63.8,25878,466,36,-512,39.6885,13.0301
58.2,25649,468,47,-563,39.6918,13.0486
56.3,25291,467,30,-569,39.6861,13.0343
65.3,25761,472,37,-495,39.6902,13.0472
56.9,24995,470,40,-562,39.6953,13.0505
67.4,26476,467,38,-496,39.6989,13.0927
61.9,25250,468,37,-530,39.6781,13.0265
60.3,25470,470,41,-541,39.6886,13.0117
57.0,26290,465,36,-575,39.7005,13.0505
60.0,26680,466,34,-565,39.6951,13.0555
64.2,25036,462,39,-496,39.6946,13.0670
60.1,26037,466,40,-550,39.6912,13.0289
59.1,25539,471,36,-537,39.7062,13.0713
56.7,26325,465,38,-580,39.7080,13.0889
56.1,26651,471,43,-596,39.6922,13.0200
62.6,25498,469,40,-521,39.6841,13.0695
58.3,25974,464,42,-559,39.6788,13.0175
65.6,26437,464,38,-510,39.7049,13.0995
59.9,26044,464,34,-540,39.7047,13.0803
54.9,26174,463,43,-602,39.6950,13.0595
62.3,26567,467,34,-523,39.6979,13.0936
68.0,26689,470,34,-488,39.6780,13.0308
64.9,26806,471,42,-510,39.6816,13.0500
58.4,26274,471,37,-566,39.6973,13.0647
59.8,25398,472,33,-542,39.6930,13.0654
66.5,25538,471,31,-483,39.6877,13.0268
55.6,25421,468,39,-577,39.7021,13.0774
60.6,26424,465,33,-550,39.6860,13.0252
60.3,26691,467,42,-547,39.6877,13.0528
57.9,26252,465,24,-556,39.6967,13.0699
64.4,26512,469,37,-505,39.6939,13.0294
55.8,26387,465,32,-589,39.6986,13.0928
56.1,25610,472,35,-566,39.6915,13.0011
62.1,25489,470,31,-515,39.6863,13.0379
55.9,26449,472,34,-586,39.6902,13.0325
68.1,26456,470,37,-487,39.6939,13.0956
58.9,26430,467,42,-553,39.7051,13.0887
63.0,25187,469,34,-499,39.6973,13.0558
56.5,25844,471,42,-588,39.6878,13.0088
62.0,26610,463,46,-546,39.6950,13.0846
56.4,26856,468,38,-589,39.6977,13.0726
56.6,25922,469,33,-588,39.6954,13.0296
56.4,26654,464,37,-594,39.7068,13.0915
65.6,25322,468,27,-482,39.7033,13.0872
58.0,25058,466,38,-548,39.6882,13.0485
64.6,25560,472,33,-505,39.6862,13.0131
62.4,26914,465,31,-534,39.6945,13.0593
56.1,25600,467,37,-582,39.6850,13.0241
54.6,26352,465,46,-608,39.6825,13.0320
62.5,26416,468,35,-515,39.6846,13.0272
55.9,25962,464,30,-573,39.6944,13.0561
65.6,25523,471,30,-493,39.6942,13.0747
57.8,26485,466,48,-580,39.6775,13.0317
60.1,26681,466,41,-546,39.6880,13.0634
60.8,26428,462,33,-547,39.6903,13.0527
56.9,26307,465,40,-577,39.7000,13.0585
63.0,26778,463,42,-529,39.6891,13.0787
67.1,26500,464,30,-496,39.6983,13.0614
63.5,26762,463,30,-518,39.7077,13.0845
55.5,26740,466,43,-600,39.6966,13.0908
58.7,26023,468,34,-562,39.6924,13.0574
60.4,25296,467,41,-521,39.6896,13.0764
55.5,26887,470,39,-620,39.6908,13.0570
63.1,25292,465,44,-511,39.6896,13.0544
64.4,26357,462,35,-513,39.6892,13.0403
57.5,26806,466,42,-580,39.6861,13.0502
59.2,25330,467,29,-543,39.6982,13.0761
61.1,25739,463,32,-527,39.7008,13.0515
58.7,25677,470,41,-551,39.6924,13.0550
57.0,26470,464,42,-593,39.7009,13.0560
62.6,26358,469,29,-523,39.6990,13.0653
66.2,26056,471,33,-498,39.6795,13.0100
58.0,26404,468,43,-583,39.6934,13.0458
62.3,26487,470,33,-524,39.6861,13.0258
62.8,25186,465,31,-512,39.6957,13.0566
60.8,26192,465,32,-533,39.6879,13.0122
59.7,25348,467,43,-536,39.6929,13.0722
64.4,25085,469,43,-507,39.6818,13.0129
59.8,26682,470,34,-549,39.7014,13.0851
64.6,25388,464,34,-505,39.6914,13.0750
60.2,25947,469,39,-546,39.6978,13.0770
57.8,25361,464,46,-554,39.6889,13.0713
60.9,25899,467,34,-520,39.6957,13.0524
59.3,25946,470,35,-545,39.7061,13.0973
53.4,25724,470,39,-614,39.6821,13.0279
63.7,25970,470,40,-529,39.6814,13.0509
60.7,25549,464,42,-546,39.6848,13.0776
60.9,25204,467,31,-522,39.6922,13.0300
58.5,25954,465,40,-554,39.6895,13.0429
62.6,25626,469,27,-509,39.6966,13.0634
61.2,25336,470,42,-533,39.6825,13.0101
58.5,26060,469,40,-547,39.7024,13.0872
66.3,26207,471,37,-508,39.6902,13.0824
61.5,25286,463,42,-535,39.6952,13.0802
61.9,25439,469,44,-522,39.6973,13.0708
58.7,25055,465,38,-545,39.6971,13.0567
61.3,26753,468,30,-546,39.6876,13.0566
61.5,26180,470,40,-546,39.6892,13.0580
59.5,26240,467,32,-551,39.6970,13.0807
56.5,25810,467,42,-569,39.6896,13.0160
62.1,25529,466,40,-528,39.6923,13.0361
68.5,26399,468,30,-479,39.7037,13.1009
57.9,25450,469,49,-571,39.6828,13.0242
67.8,26877,464,29,-491,39.6922,13.0613
66.8,25493,463,31,-484,39.6966,13.0788
57.7,25728,467,30,-560,39.6904,13.0029
60.4,25731,464,37,-543,39.7022,13.0930
56.3,26807,467,44,-605,39.6943,13.0845
60.7,25863,470,29,-531,39.7006,13.0532
62.8,26079,464,41,-534,39.6988,13.0604
63.8,25930,466,40,-519,39.6925,13.0421
55.3,25772,468,29,-580,39.6958,13.0443
60.1,26042,471,26,-535,39.6896,13.0247
65.1,25890,469,45,-502,39.6966,13.0723
57.7,25724,466,31,-562,39.6887,13.0218
66.1,25659,469,41,-496,39.6966,13.0982
64.0,25727,463,35,-517,39.6980,13.0689
64.7,26025,466,30,-499,39.7043,13.0839
58.9,25987,468,24,-545,39.6968,13.0735
62.8,26769,468,27,-537,39.6841,13.0210
60.6,25133,470,33,-525,39.6879,13.0324
62.6,26321,469,40,-529,39.6927,13.0473
61.0,26164,472,30,-532,39.6828,13.0117
64.4,25236,464,25,-494,39.6917,13.0044
62.8,25597,471,43,-526,39.6855,13.0390
55.1,26203,464,39,-601,39.6778,13.0199
66.0,26560,466,33,-497,39.7002,13.0847
56.7,26512,469,33,-589,39.6918,13.0682
62.4,26618,470,40,-548,39.6845,13.0387
61.6,26037,467,31,-529,39.6859,13.0306
58.6,26778,471,28,-574,39.6939,13.0241
57.3,26916,472,33,-588,39.6978,13.0549
55.3,26185,467,34,-590,39.6942,13.0276
56.1,26193,466,37,-582,39.7023,13.0944
59.7,25243,468,43,-543,39.6895,13.0216
64.5,26046,471,37,-508,39.6809,13.0087
53.4,25949,463,43,-621,39.6839,13.0364
59.5,25912,466,29,-544,39.6989,13.0502
61.9,25711,463,33,-521,39.7005,13.0544
61.6,25026,463,40,-508,39.6899,13.0169
63.6,25292,470,33,-507,39.6787,13.0143
57.1,25378,465,46,-566,39.6946,13.0734
62.1,25656,470,36,-523,39.6863,13.0462
67.1,26122,465,32,-490,39.7002,13.0916
54.7,26598,466,42,-610,39.7051,13.0863
63.1,26707,465,27,-515,39.6878,13.0076
55.4,25295,469,26,-568,39.7020,13.0816
55.1,25464,470,45,-578,39.6909,13.0165
56.2,25576,471,35,-576,39.6882,13.0247
63.5,26851,467,27,-529,39.6977,13.0737
60.4,25583,463,40,-535,39.6844,13.0180
56.3,25146,466,42,-564,39.6926,13.0730
62.3,26647,466,39,-526,39.6971,13.0911
62.0,25780,464,33,-519,39.6972,13.0524
57.8,25381,468,37,-556,39.7077,13.0937
54.2,25014,462,42,-592,39.6983,13.0851
57.9,26146,466,35,-563,39.6999,13.0358
56.8,26314,468,35,-580,39.6974,13.0315
59.1,26472,466,40,-572,39.6892,13.0368
61.3,25387,468,29,-528,39.6919,13.0521
55.8,26051,471,32,-598,39.6866,13.0186
57.4,26767,465,32,-578,39.7037,13.0813
63.5,26589,469,35,-515,39.6995,13.0425
54.1,24975,467,40,-595,39.6759,13.0065
55.3,25867,469,31,-582,39.6863,13.0281
62.6,25772,465,43,-530,39.6909,13.0476
55.0,26465,471,43,-602,39.6934,13.0702
63.4,25143,465,34,-499,39.7041,13.0738
59.2,26644,469,38,-556,39.6912,13.0747
58.3,25548,471,40,-569,39.6999,13.0651
64.5,26096,463,34,-508,39.7011,13.0828
68.9,26885,468,37,-486,39.6815,13.0436
56.0,25624,469,40,-575,39.6962,13.0224
64.7,26499,465,35,-514,39.6879,13.0620
63.7,25749,463,26,-504,39.7001,13.0935
65.2,26803,468,37,-524,39.6846,13.0656
64.9,24974,467,33,-486,39.7089,13.0990
65.9,25566,464,36,-491,39.6972,13.0462
58.0,26117,466,31,-562,39.6888,13.0036
55.1,25720,472,43,-587,39.6935,13.0620
56.8,25369,464,36,-564,39.7035,13.0964
55.2,25262,472,43,-583,39.6836,13.0228
62.9,26840,469,35,-525,39.6916,13.0562
55.4,26543,470,41,-603,39.6782,13.0160
63.9,24989,465,34,-505,39.7032,13.1003
64.0,25178,469,31,-506,39.6864,13.0111
57.5,26490,470,34,-577,39.6821,13.0315
60.1,25320,464,36,-546,39.6987,13.0825
55.4,24947,462,34,-569,39.6943,13.0516
64.9,26389,464,33,-513,39.6905,13.0179
67.4,25413,466,30,-473,39.6975,13.0642
55.7,25330,467,41,-582,39.6982,13.0747
64.5,26617,470,43,-525,39.6837,13.0589
57.1,25389,465,34,-557,39.7072,13.0693
60.1,25835,469,26,-541,39.6989,13.0365
54.5,26202,468,33,-605,39.6935,13.0667
58.8,26592,467,41,-566,39.6959,13.0462
59.2,25755,467,39,-547,39.7012,13.0727
58.1,25655,470,41,-572,39.6831,13.0272
61.3,25609,464,30,-521,39.6847,13.0436
62.9,26807,465,36,-538,39.6904,13.0193
56.9,25753,471,36,-570,39.6965,13.0443
53.6,25419,465,39,-605,39.6984,13.0739
57.4,26295,466,32,-562,39.6917,13.0440
59.0,26713,467,33,-558,39.6993,13.0927
61.9,25518,466,39,-529,39.6937,13.0743
65.6,26121,467,31,-497,39.6913,13.0425
53.8,25153,467,46,-603,39.6848,13.0426
60.9,25546,467,41,-534,39.7032,13.0788
59.2,26338,464,36,-553,39.6955,13.0334
56.4,25752,469,45,-590,39.7023,13.0752
64.2,25566,468,36,-504,39.6776,13.0189
58.3,25997,468,46,-569,39.6908,13.0839
67.1,26363,472,30,-494,39.6825,13.0196
61.9,25981,466,44,-537,39.6860,13.0736
62.7,25878,467,35,-525,39.7008,13.0629
58.4,25200,465,39,-542,39.7030,13.0715
54.2,25228,470,43,-591,39.6946,13.0582
54.1,25089,470,47,-608,39.6936,13.0665
68.8,26581,469,40,-474,39.6915,13.0552
60.5,26511,463,38,-551,39.6892,13.0156
57.4,26838,466,43,-581,39.6973,13.0510
57.3,25302,463,35,-567,39.6924,13.0664
58.2,25244,462,42,-550,39.6870,13.0160
62.2,25869,467,41,-530,39.6859,13.0108
57.5,26074,463,38,-561,39.6926,13.0299
53.9,25065,464,33,-595,39.6991,13.0255
56.6,26483,465,41,-588,39.6910,13.0451
59.1,26251,464,40,-554,39.6934,13.0446
58.4,25297,469,38,-536,39.6878,13.0354
55.5,25750,471,32,-581,39.6972,13.0553
54.9,24939,472,45,-585,39.6840,13.0116
60.4,25563,469,44,-527,39.6896,13.0567
55.7,26563,465,41,-591,39.7000,13.0754
66.2,26329,463,32,-487,39.7041,13.0924
56.0,25143,462,34,-585,39.6876,13.0503
67.4,26347,466,39,-489,39.6974,13.0721
57.5,26826,468,25,-570,39.6898,13.0355
60.5,26590,472,34,-557,39.7046,13.0876
60.4,26905,463,32,-551,39.6887,13.0395
57.0,26711,469,38,-578,39.6912,13.0678
54.0,25074,466,32,-591,39.7011,13.0689
62.7,26814,462,43,-537,39.6810,13.0189
59.0,26341,464,31,-555,39.6922,13.0306
66.4,25784,470,32,-494,39.6907,13.0545
62.8,26158,470,35,-518,39.6801,13.0173
56.7,26318,469,36,-578,39.6999,13.0780
67.7,26813,463,40,-493,39.6857,13.0413
62.8,26756,469,40,-538,39.6952,13.0888
61.2,25652,468,34,-534,39.6933,13.0385
59.5,25907,472,38,-561,39.6908,13.0286
53.5,25153,465,45,-613,39.6949,13.0541
55.8,25602,464,39,-591,39.7064,13.0922
55.5,26048,467,36,-600,39.7075,13.0838
61.1,26016,462,39,-535,39.6927,13.0642
59.8,26846,471,36,-559,39.6827,13.0132
59.6,26239,467,38,-558,39.6947,13.0664
54.3,25586,464,39,-611,39.7031,13.0628
66.1,26635,466,33,-501,39.6966,13.0901
54.6,25344,466,35,-591,39.7008,13.0456
59.6,25497,466,39,-545,39.6817,13.0194
59.8,25290,469,32,-541,39.6998,13.0783
61.5,26827,469,39,-538,39.6853,13.0306
66.2,26386,470,28,-490,39.6808,13.0082
61.2,25122,470,31,-517,39.6996,13.0492
64.3,25788,463,27,-503,39.6905,13.0568
58.9,24984,464,33,-542,39.7050,13.0904
68.3,26849,467,30,-493,39.6799,13.0262
63.1,25744,467,36,-507,39.7025,13.0612
53.6,25246,467,42,-596,39.6972,13.0780
62.9,25808,464,26,-514,39.6979,13.0456
61.6,25137,467,47,-530,39.6927,13.0590
60.1,26258,471,35,-546,39.6887,13.0209
55.5,25012,470,29,-576,39.6847,13.0226
64.9,25260,472,32,-486,39.6916,13.0438
62.3,24992,465,44,-518,39.6974,13.0791
57.4,25051,466,41,-553,39.6985,13.0673
64.5,26407,470,31,-507,39.6904,13.0892
56.5,26875,467,26,-589,39.6862,13.0113
60.4,25276,472,42,-535,39.7017,13.0938
59.4,25255,463,34,-549,39.7035,13.0875
58.8,25634,463,37,-552,39.7110,13.0951
63.0,25628,469,34,-513,39.6828,13.0178
54.1,25243,469,39,-599,39.6899,13.0419
58.8,25510,470,44,-554,39.7038,13.1003
63.2,26434,462,35,-522,39.6949,13.0881
53.7,26027,467,44,-626,39.6821,13.0292
61.1,25037,465,36,-518,39.6995,13.0827
57.9,26185,466,36,-558,39.6983,13.0546
56.4,25470,469,38,-580,39.7029,13.0833
65.3,26288,469,35,-515,39.6949,13.0958
56.5,26530,472,40,-579,39.7051,13.0973
59.8,26656,465,35,-546,39.6819,13.0356
58.1,26036,468,33,-555,39.6941,13.0576
57.1,26348,470,26,-566,39.7086,13.0809
58.8,25291,470,40,-551,39.6867,13.0263
68.4,26924,464,29,-489,39.6797,13.0213
65.4,25670,466,43,-506,39.6879,13.0777
62.9,26465,466,33,-531,39.6878,13.0472
65.0,26066,464,44,-518,39.6876,13.0452
54.9,25777,466,39,-586,39.6904,13.0313
53.3,24961,465,32,-598,39.7034,13.0871
57.4,26594,471,31,-573,39.6882,13.0100
66.3,26624,463,25,-498,39.6888,13.0229
56.6,26253,465,43,-585,39.6880,13.0161
67.5,26227,468,34,-478,39.6993,13.0954
64.4,26118,468,29,-505,39.6923,13.0576
59.3,25007,470,31,-534,39.6969,13.0615
63.9,25887,470,32,-518,39.6945,13.0439
62.4,25089,469,35,-521,39.6908,13.0467
60.8,25406,464,39,-528,39.6976,13.0609
60.7,26508,472,39,-547,39.7026,13.0929
60.1,25475,471,39,-544,39.6933,13.0656
61.7,25745,468,41,-538,39.6918,13.0755
55.0,26476,464,39,-606,39.6885,13.0325
60.5,26274,472,39,-542,39.6916,13.0336
65.0,26432,463,30,-501,39.6992,13.0811
62.0,25557,470,41,-518,39.7008,13.0757
53.5,25216,470,40,-609,39.6858,13.0038
58.7,25206,463,43,-548,39.6920,13.0760
62.3,26159,471,32,-524,39.7014,13.0925
55.5,25622,469,44,-574,39.6825,13.0141
60.3,26825,464,33,-558,39.7031,13.0930
64.3,25523,470,36,-503,39.6915,13.0206
57.1,26288,466,36,-563,39.6980,13.0691
56.2,25300,467,30,-561,39.6841,13.0261
55.0,26515,468,38,-611,39.7011,13.0692
61.5,25594,469,31,-537,39.6921,13.0638
60.6,26042,464,44,-554,39.6880,13.0209
62.8,26605,465,41,-530,39.6947,13.0625
59.5,25281,472,34,-531,39.6792,13.0245
62.4,26362,463,32,-540,39.6999,13.0990
55.2,25892,462,41,-601,39.6867,13.0501
61.2,24963,469,46,-531,39.6888,13.0572
65.1,26915,468,43,-520,39.6951,13.0571
64.5,25063,468,34,-494,39.7042,13.0956
65.3,26756,470,40,-502,39.7038,13.0961
59.2,25446,472,35,-546,39.6924,13.0545
68.3,25942,467,28,-473,39.6830,13.0287
65.6,25586,469,40,-487,39.6882,13.0400
63.0,26437,472,33,-522,39.6866,13.0534
65.9,26171,462,24,-493,39.6919,13.0167
58.0,25784,467,36,-546,39.7002,13.0742
63.9,26216,465,31,-508,39.6915,13.0456
59.5,25797,463,34,-546,39.6839,13.0280
55.1,24988,470,47,-587,39.6871,13.0449
57.7,26063,470,37,-561,39.7025,13.0741
64.6,25474,466,35,-513,39.6832,13.0492
66.2,26092,465,31,-493,39.6922,13.0344
67.6,26924,466,32,-493,39.6950,13.0756
65.3,26550,472,38,-517,39.6846,13.0364
60.0,25687,468,33,-541,39.6770,13.0151
56.1,25524,471,33,-575,39.7000,13.0397
61.8,25555,466,33,-533,39.6912,13.0257
64.0,26069,464,36,-517,39.6947,13.1000
56.1,25279,472,44,-571,39.7055,13.0877
63.8,26113,463,37,-521,39.6908,13.0625
57.2,25562,464,36,-568,39.6973,13.0839
59.2,25349,469,30,-549,39.7051,13.0906
53.8,24952,470,40,-607,39.7037,13.0722
57.7,26047,466,43,-560,39.7072,13.0892
58.0,25212,467,34,-553,39.6889,13.0036
56.7,26703,462,42,-585,39.6844,13.0113
64.1,26793,470,29,-529,39.6988,13.0780
59.1,25613,468,39,-549,39.7008,13.0582
55.8,25335,462,41,-582,39.6811,13.0176
59.1,26616,464,47,-574,39.6896,13.0357
62.3,26201,467,30,-525,39.6992,13.0653
62.2,26168,471,26,-517,39.6912,13.0362
57.2,24966,469,37,-562,39.6993,13.0733
58.6,25789,470,27,-551,39.7002,13.0673
57.6,24975,466,30,-544,39.6963,13.0807
67.0,26908,464,34,-502,39.6931,13.0827
56.0,25988,463,36,-573,39.6822,13.0099
64.2,25134,469,41,-504,39.6901,13.0551
58.2,26017,462,45,-559,39.6830,13.0159
63.2,26843,463,32,-529,39.6824,13.0466
64.3,26299,465,41,-516,39.6969,13.0841
61.4,24942,467,44,-522,39.7021,13.0987
58.4,25612,463,32,-550,39.6929,13.0296
64.7,26106,464,42,-506,39.6836,13.0492
62.1,25397,469,40,-518,39.6977,13.0723
58.4,24962,470,49,-550,39.6894,13.0787
58.4,25250,467,37,-542,39.7026,13.0804
62.3,26261,463,35,-529,39.6927,13.0798
57.6,25067,466,42,-558,39.6983,13.0786
59.5,25626,462,29,-535,39.6957,13.0738
62.8,26868,471,30,-536,39.6865,13.0366
56.2,26525,470,43,-598,39.6778,13.0216
67.5,26333,472,39,-491,39.6962,13.0973
56.0,25029,462,44,-566,39.6833,13.0375
55.5,24989,464,45,-584,39.7022,13.0655
53.2,25111,464,40,-613,39.6847,13.0282
60.3,25031,469,45,-531,39.6904,13.0305
63.1,25206,464,30,-501,39.6917,13.0801
60.9,25128,470,40,-525,39.6876,13.0210
60.9,25668,468,40,-543,39.6809,13.0067
56.8,25104,466,41,-569,39.7025,13.0751
56.2,25768,468,41,-577,39.6909,13.0310
62.5,26615,472,38,-526,39.6842,13.0130
62.6,26762,470,31,-532,39.6977,13.0502
61.3,25233,464,39,-512,39.7011,13.0852
58.6,26385,464,29,-555,39.6911,13.0204
64.5,25665,468,38,-510,39.7016,13.1007
57.5,26437,472,40,-586,39.6825,13.0209
61.2,24997,466,32,-514,39.6920,13.0588
61.1,25998,468,43,-544,39.6767,13.0219
60.8,25658,468,37,-531,39.6903,13.0319
62.6,26072,472,35,-524,39.6939,13.0747
60.5,25027,470,39,-530,39.6839,13.0263
65.7,26755,463,37,-513,39.6898,13.0431
65.8,25853,463,31,-503,39.6954,13.0729
59.3,25018,463,42,-549,39.6850,13.0059
60.4,25405,465,43,-535,39.6921,13.0792
63.4,26025,472,42,-522,39.6830,13.0405
62.3,26153,470,31,-532,39.6870,13.0449
61.5,25084,468,41,-518,39.6871,13.0657
57.5,25790,462,46,-575,39.6892,13.0863
58.4,25311,471,33,-549,39.6954,13.0471
64.4,25088,467,33,-490,39.6980,13.0635
57.7,26351,466,38,-580,39.7052,13.0929
61.1,25778,469,30,-535,39.6928,13.0264
55.1,25051,472,38,-587,39.6898,13.0311
61.1,25378,469,36,-518,39.6879,13.0525
67.8,26746,465,31,-494,39.6886,13.0332
58.8,26119,468,27,-551,39.6958,13.0237
55.0,25807,463,48,-598,39.6858,13.0236
68.4,25632,466,27,-464,39.6886,13.0476
63.1,26705,464,35,-527,39.7044,13.0767
65.5,25611,467,36,-501,39.6947,13.0411
61.8,25551,462,34,-509,39.6919,13.0122
62.3,25230,468,32,-516,39.6761,13.0120
60.0,26719,470,30,-560,39.6873,13.0224
63.4,26378,465,41,-528,39.6880,13.0129
63.4,26491,472,34,-510,39.6874,13.0148
58.5,26512,468,37,-556,39.7124,13.0892
61.3,25719,471,28,-521,39.7084,13.0878
63.0,26391,465,30,-516,39.6771,13.0085
63.0,25947,467,40,-526,39.6800,13.0154
66.8,26003,468,34,-491,39.7014,13.0794
53.3,25321,465,36,-610,39.6882,13.0203
57.0,25710,467,47,-578,39.6817,13.0456
55.7,26739,472,43,-601,39.6859,13.0651
59.8,25604,466,34,-544,39.6946,13.0363
60.6,26371,467,27,-539,39.6996,13.0667
61.1,25112,464,42,-522,39.6915,13.0766
62.9,26172,464,30,-524,39.6860,13.0198
64.6,25838,463,46,-518,39.6820,13.0094
58.0,26065,468,33,-550,39.6894,13.0472
56.0,26606,470,35,-595,39.6937,13.0535
65.1,25930,462,39,-510,39.6960,13.0811
65.9,25570,464,31,-490,39.7009,13.0772
58.2,25753,470,46,-565,39.6956,13.0773
65.7,25696,471,26,-486,39.7032,13.0892
57.9,25600,468,38,-557,39.6954,13.0667
61.7,26625,465,37,-545,39.6968,13.0726
64.6,26144,469,28,-500,39.7037,13.0962
55.5,26407,466,42,-605,39.6906,13.0223
62.5,25136,467,26,-505,39.6950,13.0597
58.1,26631,467,23,-556,39.6988,13.0362
59.0,25025,464,40,-555,39.6936,13.0797
67.5,26291,469,29,-482,39.6878,13.0496
57.2,26662,466,37,-580,39.6995,13.0404
54.5,25333,468,41,-579,39.6835,13.0205
63.1,25432,468,37,-526,39.6817,13.0373
53.8,25454,465,47,-596,39.6953,13.0302
57.0,26498,465,26,-576,39.6859,13.0296
54.8,26622,463,44,-618,39.6853,13.0125
62.0,25336,468,30,-523,39.7074,13.0835
64.2,24973,468,39,-496,39.6798,13.0361
58.5,26455,470,45,-565,39.6780,13.0104
57.7,26792,469,36,-575,39.6836,13.0051
54.8,26051,470,38,-594,39.7004,13.0770
58.8,26839,463,42,-575,39.6857,13.0134
60.8,26828,469,33,-546,39.6997,13.0844
59.4,24941,463,41,-533,39.6792,13.0235
54.5,25456,462,40,-584,39.6956,13.0392
60.0,26126,467,44,-558,39.6852,13.0303
54.7,25157,464,37,-592,39.7014,13.0631
64.3,25192,467,40,-504,39.6819,13.0110
65.1,26345,465,33,-507,39.7100,13.0968
57.3,25864,466,38,-554,39.6950,13.0708
62.7,26545,467,38,-526,39.6883,13.0223
53.3,24967,463,35,-598,39.6894,13.0339
58.9,25073,466,34,-536,39.6951,13.0484
59.6,26767,463,35,-565,39.6889,13.0607
61.0,26472,470,34,-539,39.6785,13.0317
58.4,26708,465,35,-563,39.6891,13.0322
65.7,25387,469,41,-494,39.6855,13.0719
57.2,25541,465,41,-559,39.6880,13.0469
60.2,25812,469,33,-535,39.6861,13.0242
61.5,26648,462,35,-540,39.6857,13.0366
57.6,26323,472,38,-577,39.7005,13.0636
61.2,26802,470,30,-539,39.6984,13.0413
65.3,25914,467,37,-499,39.6884,13.0347
52.5,25472,466,50,-630,39.6838,13.0137
59.8,26875,463,35,-556,39.6788,13.0239
60.9,26235,464,36,-555,39.6947,13.0545
62.7,25076,465,37,-513,39.6878,13.0037
61.5,26870,467,47,-548,39.6842,13.0478
63.9,25709,464,37,-513,39.6796,13.0107
56.1,25637,467,36,-585,39.6888,13.0073
65.8,25893,462,30,-495,39.6954,13.0752
60.3,26605,463,40,-557,39.6885,13.0387
57.2,25342,463,32,-552,39.6970,13.0315
58.7,25629,468,32,-547,39.6862,13.0112
55.7,26436,463,38,-597,39.6814,13.0317
57.1,25500,465,39,-575,39.6959,13.0952
62.4,25188,469,45,-527,39.6891,13.0666
56.6,25744,463,35,-569,39.7033,13.0907
54.0,25356,465,41,-597,39.7023,13.0911
64.8,26025,468,28,-512,39.6864,13.0140
67.3,26710,472,28,-490,39.6957,13.0528
62.7,25682,464,33,-507,39.6948,13.0693
61.1,26030,469,28,-533,39.6908,13.0317
61.3,25722,471,35,-532,39.6850,13.0177
52.5,25099,471,46,-621,39.6765,13.0140
54.4,26230,472,35,-618,39.7003,13.0777
60.0,26560,466,40,-558,39.6955,13.0860
62.1,25218,470,36,-528,39.6780,13.0144
66.3,25095,467,29,-480,39.6832,13.0218
57.1,26741,466,35,-590,39.6981,13.0776
65.3,25775,468,35,-494,39.6916,13.0816
63.1,25012,470,44,-510,39.6851,13.0274
63.1,25208,469,32,-503,39.6970,13.0837
63.7,25162,468,35,-501,39.7015,13.1006
56.0,26085,468,37,-585,39.6988,13.0825
54.8,25177,472,38,-578,39.6988,13.0502
62.6,25460,470,40,-517,39.6783,13.0182
58.7,26230,470,32,-551,39.6956,13.0521
52.1,24981,471,40,-629,39.6957,13.0530
54.3,25092,469,34,-586,39.6947,13.0574
60.3,25493,467,42,-538,39.6910,13.0532
54.8,26067,463,32,-597,39.6909,13.0448
64.1,26784,468,43,-533,39.6855,13.0246
58.4,26362,469,43,-570,39.6905,13.0580
66.3,25388,472,33,-488,39.6912,13.0533
60.4,25014,464,41,-537,39.6866,13.0553
58.2,26559,470,39,-567,39.6850,13.0153
54.5,25203,463,49,-597,39.6844,13.0313
64.1,25627,468,35,-501,39.7005,13.0697
55.5,25857,462,43,-591,39.7080,13.0877
58.3,26004,466,38,-565,39.6882,13.0179
55.9,25736,470,27,-577,39.6922,13.0029
59.4,26707,466,33,-553,39.6956,13.0771
55.9,25111,465,39,-563,39.7008,13.0535
61.1,26097,469,40,-538,39.6931,13.0356
58.6,26782,466,31,-562,39.7017,13.0970
63.5,26307,467,31,-516,39.6883,13.0417
59.9,25067,464,41,-540,39.6995,13.0760
58.6,26311,469,41,-563,39.6881,13.0237
68.7,26021,463,27,-470,39.6997,13.0528
58.6,26600,470,42,-569,39.6930,13.0763
59.2,26909,467,40,-575,39.6846,13.0274
56.2,25129,472,42,-579,39.6892,13.0436
62.0,26089,469,39,-526,39.6815,13.0095
57.8,25699,464,39,-563,39.6938,13.0329
65.6,25361,467,35,-487,39.6997,13.0923
61.9,25792,470,28,-522,39.6950,13.0484
59.4,25399,471,35,-533,39.6986,13.0545
55.2,25305,469,34,-579,39.6956,13.0604
66.1,26787,472,33,-507,39.6882,13.0788
65.0,26474,465,35,-505,39.6985,13.0966
62.6,25040,467,31,-512,39.6846,13.0086
55.5,25008,469,37,-562,39.6997,13.0774
59.1,26029,471,34,-568,39.6877,13.0421
65.0,26365,471,32,-516,39.6799,13.0068
55.4,25085,471,35,-575,39.6812,13.0110
61.6,26614,462,34,-532,39.7033,13.0666
62.5,25525,470,30,-505,39.7006,13.0944
58.6,25430,465,38,-542,39.7008,13.0760
55.1,26026,464,35,-594,39.6933,13.0140
56.6,26129,471,35,-562,39.7046,13.0905
67.8,26696,462,35,-498,39.6945,13.0730
65.3,26050,472,36,-505,39.7087,13.0908
60.6,25495,466,36,-535,39.6993,13.0749
54.3,26257,469,44,-622,39.6878,13.0530
60.5,26821,463,38,-550,39.6968,13.0800
61.5,26674,470,39,-550,39.6833,13.0133
55.8,26820,468,46,-604,39.6996,13.0886
58.9,26185,464,42,-564,39.6874,13.0762
67.2,26876,464,37,-487,39.7024,13.0974
57.5,25268,466,36,-557,39.6851,13.0423
69.6,26046,462,32,-461,39.6912,13.0687
60.4,25400,467,37,-529,39.6979,13.0988
58.4,26502,463,36,-564,39.6891,13.0492
57.8,25568,472,28,-549,39.6905,13.0275
62.4,25679,471,29,-513,39.7012,13.0937
63.1,26305,465,33,-526,39.7033,13.0630
63.4,25305,464,34,-512,39.6772,13.0102
63.4,26256,468,35,-517,39.6822,13.0368
57.1,25083,470,36,-549,39.6859,13.0281
60.6,25259,468,29,-519,39.6941,13.0247
58.2,26695,468,33,-571,39.6904,13.0304
62.1,26066,470,28,-523,39.6933,13.0234
55.0,25864,468,36,-601,39.6983,13.0849
54.4,25128,464,45,-578,39.6975,13.0940
64.5,26381,471,38,-524,39.6809,13.0401
62.6,25093,464,35,-520,39.6840,13.0131
61.7,26229,463,43,-535,39.6877,13.0358
54.5,25315,467,49,-594,39.6956,13.0552
65.1,26163,467,47,-509,39.6798,13.0307
63.1,25307,470,30,-511,39.6972,13.0904
55.0,25124,469,41,-583,39.7067,13.0765
62.0,25249,464,37,-531,39.7074,13.0922
58.6,26165,463,42,-562,39.6982,13.0899
66.8,25186,469,25,-474,39.6911,13.0533
64.5,25385,469,41,-493,39.6855,13.0382
62.1,26839,472,44,-551,39.6748,13.0271
62.5,26835,467,35,-540,39.6910,13.0088
61.6,25970,465,34,-530,39.6876,13.0654
57.7,26891,469,28,-569,39.6963,13.0673
56.7,26338,466,37,-576,39.6998,13.0891
59.8,26048,464,31,-537,39.7042,13.0907
55.7,25741,468,28,-578,39.6827,13.0077
61.1,26871,468,38,-542,39.6871,13.0076
58.4,25423,462,45,-557,39.6803,13.0443
60.3,25322,468,39,-539,39.7050,13.0812
64.0,26617,470,28,-521,39.6895,13.0244
63.4,26042,465,38,-506,39.6799,13.0063
59.8,26204,471,41,-561,39.7025,13.0784
65.8,26452,469,35,-500,39.7028,13.0952
59.7,24945,465,40,-538,39.6937,13.0584
61.5,25253,465,37,-507,39.6896,13.0254
55.9,26393,463,35,-594,39.6889,13.0131
59.8,25014,467,41,-533,39.6852,13.0485
55.9,24989,463,36,-560,39.6928,13.0695
63.5,26494,469,33,-526,39.7032,13.0914
59.5,26222,470,37,-557,39.6920,13.0566
61.7,26810,464,40,-551,39.7030,13.0947
56.0,26239,470,38,-596,39.6933,13.0418
66.8,26864,463,27,-492,39.6889,13.0701
56.4,24983,470,46,-580,39.6991,13.0854
57.6,26715,472,34,-586,39.6922,13.0374
59.4,26055,462,40,-555,39.6936,13.0626
58.2,26247,468,46,-579,39.7052,13.0977
58.0,25044,463,32,-544,39.6894,13.0010
66.6,25588,472,27,-484,39.7032,13.0855
57.6,25151,467,43,-568,39.6994,13.0705
56.8,25356,472,40,-575,39.6982,13.0634
63.1,25021,468,31,-502,39.6936,13.0678
57.3,26749,466,34,-572,39.6881,13.0332
61.1,25578,465,42,-526,39.6824,13.0291
62.7,25034,471,41,-522,39.6981,13.0963
58.3,26783,470,33,-564,39.6914,13.0095
56.4,25475,470,44,-562,39.6768,13.0110
56.6,26636,472,43,-583,39.6836,13.0236
57.6,26195,469,30,-562,39.7068,13.0830
56.9,26227,464,39,-582,39.7049,13.0658
63.2,26056,463,33,-523,39.6950,13.0836
61.3,26054,464,42,-544,39.6979,13.0854
64.2,24999,471,37,-489,39.6909,13.0372
67.3,26360,465,34,-487,39.6937,13.0581
57.6,26778,469,37,-574,39.6853,13.0096
58.4,25780,471,35,-554,39.6966,13.0822
63.6,26886,470,37,-524,39.6961,13.0469
57.1,25866,469,30,-561,39.6834,13.0069
62.5,26030,468,36,-520,39.6777,13.0138
61.7,26653,470,38,-547,39.6838,13.0417
62.0,26792,468,42,-532,39.6979,13.0741
63.4,25790,463,31,-512,39.6855,13.0193
54.7,26097,467,44,-602,39.6839,13.0196
67.1,26541,467,36,-487,39.6857,13.0255
61.9,25391,468,34,-516,39.6872,13.0181
59.8,25695,467,33,-535,39.6929,13.0529
55.1,25023,462,32,-571,39.6871,13.0071
65.1,26415,469,34,-505,39.6933,13.0607
64.3,26779,467,38,-528,39.6917,13.0790
62.5,25947,471,41,-528,39.6816,13.0124
55.1,24977,470,37,-577,39.6851,13.0477
57.2,25449,469,42,-569,39.6834,13.0288
62.1,24973,469,40,-502,39.6803,13.0068
55.4,25616,472,41,-571,39.6991,13.0806
59.5,25506,466,39,-548,39.7012,13.0613
62.3,25364,465,31,-507,39.6798,13.0121
64.1,25052,471,45,-502,39.6833,13.0412
54.3,25321,463,41,-590,39.6924,13.0023
56.4,25701,468,42,-577,39.6832,13.0091
60.7,25420,466,31,-519,39.6900,13.0039
63.8,26095,464,38,-514,39.7060,13.0967
60.7,26702,469,38,-563,39.6976,13.0797
55.5,25283,466,36,-574,39.7041,13.0924
60.2,26050,464,42,-554,39.6995,13.0906
55.2,24979,463,31,-563,39.6959,13.0241
53.9,26254,468,45,-623,39.6821,13.0055
56.7,25485,470,38,-571,39.7009,13.0937
57.4,24962,466,32,-550,39.6918,13.0590
62.3,26331,462,27,-527,39.6983,13.0949
59.7,25344,465,32,-541,39.7051,13.0811
56.2,26597,464,39,-583,39.6850,13.0368
60.0,26578,466,27,-547,39.6871,13.0346
55.3,26815,472,36,-612,39.6765,13.0039
62.7,26849,462,31,-533,39.6828,13.0182
64.2,26209,466,39,-527,39.6973,13.0874
57.3,26646,469,32,-581,39.6918,13.0197
65.0,24975,470,32,-493,39.6804,13.0115
61.4,25520,469,29,-512,39.7113,13.0967
61.6,25633,464,32,-529,39.6905,13.0556
61.7,26603,469,29,-529,39.6922,13.0593
66.9,26150,466,39,-494,39.6978,13.0451
64.1,26719,471,35,-525,39.6873,13.0600
62.3,26878,470,24,-529,39.7038,13.0708
61.8,26257,470,34,-519,39.6923,13.0475
60.4,24950,471,32,-528,39.6832,13.0114
57.0,26225,468,36,-586,39.6909,13.0093
54.4,25040,466,33,-580,39.6866,13.0280
64.3,26591,467,34,-519,39.6910,13.0442
61.7,25027,465,39,-526,39.6912,13.0832
53.3,25312,466,41,-605,39.6944,13.0258
64.0,26052,462,35,-516,39.6935,13.0471
60.8,25041,472,38,-535,39.6982,13.0899
64.2,25603,468,27,-498,39.6896,13.0438
64.9,25946,471,39,-499,39.6877,13.0363
67.1,26161,464,43,-494,39.6972,13.0963
57.0,25021,470,26,-553,39.7026,13.0651
58.9,26584,464,41,-568,39.7026,13.0772
54.6,26502,471,45,-614,39.6989,13.0901
54.4,25913,471,38,-602,39.6908,13.0474
62.1,26264,467,31,-532,39.6898,13.0329
55.2,25656,472,35,-581,39.6917,13.0200
57.2,26487,465,30,-579,39.6914,13.0189
56.8,26698,470,33,-584,39.6878,13.0249
54.0,25379,470,41,-601,39.7070,13.0781
60.2,26839,470,36,-549,39.6990,13.0346
56.0,25082,467,42,-578,39.6897,13.0496
60.0,26757,470,35,-560,39.6975,13.1004
55.9,24935,469,30,-563,39.7056,13.0904
59.6,25635,467,32,-536,39.7053,13.0878
55.9,26631,464,30,-597,39.6961,13.0543
62.1,26080,469,35,-533,39.6973,13.0946
59.2,25108,470,40,-537,39.6879,13.0305
52.9,25072,467,42,-606,39.7036,13.0773
64.5,26007,466,33,-503,39.6994,13.0944
63.5,26394,467,35,-528,39.6993,13.0935
66.1,26663,466,29,-502,39.6960,13.0986
58.1,26041,466,33,-563,39.6949,13.0393
65.3,26038,470,26,-494,39.6794,13.0157
59.2,25437,463,45,-563,39.6932,13.0386
56.3,25448,467,39,-576,39.7055,13.0944
56.4,26298,471,38,-580,39.6992,13.0559
55.0,25132,464,36,-588,39.6912,13.0031
57.4,26173,469,42,-584,39.6971,13.0702
66.6,26816,465,40,-507,39.6942,13.0529
62.5,25326,470,43,-517,39.6839,13.0395
64.6,25679,470,37,-494,39.7002,13.0704
57.5,26877,463,36,-583,39.7026,13.0724
60.8,26753,466,25,-536,39.7043,13.0725
58.5,25663,471,34,-547,39.6936,13.0390
66.3,26498,464,41,-497,39.6940,13.0508
63.3,26133,468,28,-508,39.6939,13.0545
56.5,25736,469,33,-579,39.6996,13.0749
60.0,26600,471,45,-557,39.6851,13.0233
58.6,26577,469,34,-579,39.6863,13.0109
57.9,26886,466,41,-574,39.6971,13.0777
55.5,25402,464,46,-583,39.6914,13.0710
62.7,26053,468,43,-528,39.6951,13.0850
59.4,25127,464,37,-535,39.6926,13.0905
59.5,26693,469,35,-549,39.6896,13.0039
61.2,24930,470,41,-514,39.6907,13.0134
56.3,26919,468,39,-608,39.6834,13.0447
61.3,26560,472,41,-556,39.6888,13.0462
60.8,26764,465,44,-560,39.6885,13.0308
65.5,26524,471,40,-510,39.6867,13.0676
58.0,26405,462,35,-569,39.6936,13.0272
64.5,25613,463,41,-500,39.6886,13.0799
65.4,25544,469,41,-502,39.6827,13.0681
58.4,26061,468,40,-546,39.6846,13.0342
60.9,24969,468,48,-537,39.6784,13.0194
58.0,25104,466,34,-558,39.6899,13.0447
55.9,25565,463,33,-569,39.7025,13.0768
65.0,26252,465,39,-503,39.6910,13.0680
55.0,24962,466,31,-563,39.7106,13.0800
64.0,26795,465,30,-513,39.6804,13.0280
66.3,26296,470,43,-504,39.6805,13.0283
63.6,25501,466,36,-515,39.6787,13.0218
65.1,26048,470,32,-509,39.6884,13.0488
62.6,25119,463,44,-511,39.6847,13.0556
59.1,26417,471,32,-556,39.7001,13.0669
58.1,26757,467,36,-575,39.6908,13.0241
60.9,26432,463,38,-548,39.6802,13.0248
58.3,26008,467,40,-575,39.6868,13.0085
58.3,25718,465,34,-560,39.7072,13.0945
64.6,25005,464,42,-490,39.6894,13.0621
56.4,26470,465,34,-578,39.7035,13.0724
55.3,25119,464,29,-564,39.6860,13.0211
66.4,26053,463,32,-494,39.6804,13.0162
58.7,25843,466,36,-558,39.6818,13.0199
63.6,25418,469,39,-495,39.6987,13.0841
53.4,25155,464,38,-611,39.6935,13.0814
61.1,26890,471,33,-541,39.6937,13.0420
66.4,25335,465,31,-482,39.6913,13.0428
62.2,25924,472,39,-530,39.6835,13.0470
59.8,25494,466,33,-546,39.6927,13.0235
59.1,26481,470,28,-548,39.6808,13.0086
66.9,25931,468,43,-489,39.6949,13.0906
63.6,26091,470,29,-515,39.6839,13.0291
55.0,26372,469,44,-617,39.6984,13.0736
55.3,25846,466,41,-589,39.6899,13.0502
59.0,26872,463,33,-558,39.7029,13.0624
64.0,25141,470,39,-508,39.6872,13.0497
59.4,26471,462,34,-552,39.6802,13.0191
58.0,26556,465,31,-587,39.6811,13.0035
59.7,26348,467,28,-553,39.6952,13.0714
64.4,26866,470,38,-516,39.6790,13.0325
65.5,26702,466,44,-514,39.6899,13.0612
60.7,25499,463,40,-550,39.6856,13.0230
55.2,25824,463,40,-593,39.7006,13.0686
54.9,25378,467,33,-585,39.6946,13.0545
54.9,25953,467,43,-600,39.6985,13.0889
61.2,25137,463,33,-511,39.6912,13.0269
63.0,25026,468,50,-522,39.6792,13.0259
58.0,24954,470,40,-543,39.6865,13.0075
63.1,26106,467,34,-522,39.7058,13.0876
63.1,26179,469,37,-516,39.6991,13.0827
56.0,26266,468,41,-593,39.6863,13.0261
63.5,26841,465,31,-530,39.6896,13.0456
60.5,26849,468,38,-566,39.6884,13.0627
57.9,26395,469,38,-580,39.7080,13.0852
57.4,25548,472,27,-548,39.6867,13.0235
57.2,26405,464,39,-588,39.7012,13.0667
62.6,26684,470,40,-539,39.6756,13.0262
61.7,25813,470,41,-534,39.6965,13.0816
59.3,25325,469,39,-548,39.6858,13.0046
53.7,24990,468,32,-591,39.6901,13.0112
56.2,26463,470,32,-588,39.7007,13.0862
63.7,25914,469,44,-525,39.6870,13.0513
58.7,26107,462,34,-556,39.6902,13.0318
64.0,24957,464,35,-502,39.7043,13.0976
61.7,26537,467,31,-527,39.7009,13.0965
58.3,25968,469,38,-562,39.6892,13.0457
64.9,25313,464,37,-507,39.6872,13.0318
66.6,26709,470,43,-510,39.6835,13.0722
63.8,26614,462,36,-526,39.6924,13.0923
56.8,26438,464,42,-579,39.6910,13.0395
63.4,25689,468,31,-510,39.6918,13.0507
55.6,25767,463,36,-592,39.6770,13.0116
58.2,25742,467,39,-547,39.6935,13.0183
58.2,25793,465,36,-556,39.6947,13.0566
57.1,26574,463,34,-569,39.7005,13.0597
62.4,25892,468,36,-523,39.6983,13.0861
60.2,25298,468,40,-545,39.6953,13.0778
66.5,26055,464,36,-496,39.6933,13.0669
63.2,26040,469,27,-517,39.6974,13.0783
57.4,25278,471,33,-554,39.6854,13.0159
64.7,26828,467,36,-528,39.6875,13.0777
56.9,25453,464,40,-565,39.6929,13.0269
54.0,25365,465,44,-614,39.7016,13.0708
56.1,26905,470,41,-594,39.6962,13.0538
65.5,26436,465,37,-500,39.6918,13.0848
64.1,25387,471,38,-502,39.6933,13.0670
61.5,25701,465,37,-523,39.6840,13.0084
66.4,26753,471,38,-504,39.6900,13.0586
56.6,26271,471,39,-578,39.6936,13.0189
63.2,24962,464,39,-509,39.7009,13.0977
66.2,24968,472,36,-473,39.6991,13.0830
56.5,26283,466,40,-568,39.6930,13.0125
59.1,26455,468,34,-566,39.6945,13.0417
63.7,25404,471,38,-517,39.6848,13.0370
56.8,25865,469,42,-572,39.7011,13.0540
58.2,25770,465,38,-563,39.6950,13.0678
58.9,26792,467,33,-577,39.6826,13.0130
66.8,25796,465,31,-484,39.6861,13.0168
61.2,26235,471,34,-534,39.6967,13.0390
55.5,25515,470,43,-580,39.6964,13.0907
63.6,26229,467,33,-508,39.6853,13.0248
59.2,26722,471,34,-558,39.6965,13.0795
63.5,26452,463,42,-530,39.6917,13.0403
65.4,26342,471,38,-502,39.6826,13.0312
60.5,25517,464,34,-538,39.6833,13.0111
59.7,26781,470,37,-569,39.6891,13.0034
59.0,25636,469,29,-541,39.6895,13.0178
63.9,26087,468,32,-503,39.7042,13.0832
58.8,26280,469,34,-572,39.6966,13.0542
55.0,26489,469,36,-610,39.6983,13.0572
56.1,25104,465,43,-582,39.6741,13.0128
57.3,26210,463,28,-562,39.6995,13.0492
55.0,25818,467,44,-588,39.6857,13.0291
54.5,26350,470,32,-614,39.6957,13.0481
57.7,25797,466,33,-561,39.6867,13.0383
63.3,26419,470,40,-517,39.6957,13.0864
60.0,25529,467,32,-530,39.7064,13.0962
56.5,26366,466,45,-588,39.6996,13.0634
62.8,25546,465,41,-522,39.6782,13.0193
61.3,26646,468,32,-531,39.6988,13.0605
56.3,26670,470,40,-584,39.6972,13.0554
56.2,25254,471,33,-568,39.6885,13.0505
59.8,26640,470,41,-547,39.6905,13.0501
60.4,25009,471,40,-535,39.6888,13.0411
61.8,24977,462,39,-516,39.6982,13.0521
66.1,26735,468,31,-498,39.6911,13.0443
61.6,25239,469,44,-535,39.7076,13.0957
60.3,25641,467,32,-527,39.6886,13.0305
60.9,26677,462,27,-536,39.6828,13.0073
56.5,25868,471,46,-581,39.6988,13.0921
59.0,26430,463,33,-559,39.7042,13.0596
58.0,25076,466,35,-557,39.6916,13.0243
55.3,25036,464,35,-592,39.6866,13.0023
55.5,25468,468,39,-577,39.7084,13.0859
58.9,25903,465,44,-572,39.6927,13.0271
58.5,25782,472,38,-557,39.6864,13.0193
54.6,24996,468,28,-577,39.7070,13.0596
62.1,26738,469,47,-551,39.6833,13.0408
59.7,26399,469,44,-558,39.7038,13.0922
53.5,25339,465,40,-603,39.6878,13.0181
62.3,25521,471,44,-526,39.6964,13.0498
54.9,25229,467,41,-583,39.6912,13.0196
63.3,25213,466,33,-498,39.6805,13.0273
56.2,26452,471,40,-587,39.6891,13.0251
60.4,25061,469,43,-530,39.6898,13.0607
62.7,26640,463,42,-530,39.6887,13.0512
57.3,25877,467,38,-570,39.6982,13.0581
54.1,26174,465,46,-624,39.6869,13.0509
56.7,26264,467,42,-577,39.6933,13.0469
63.6,26175,464,37,-529,39.6988,13.0980
58.2,25626,471,48,-568,39.6842,13.0462
64.2,26560,463,35,-525,39.6765,13.0263
62.3,26747,470,29,-529,39.6949,13.0809
58.5,24933,472,35,-542,39.6936,13.0595
59.5,25498,471,32,-537,39.6792,13.0178
63.9,25064,462,37,-505,39.6855,13.0119
61.3,26719,466,33,-538,39.6847,13.0054
61.5,25013,469,32,-514,39.6939,13.0407
60.7,26718,463,27,-549,39.6954,13.0399
57.6,26584,462,43,-578,39.7026,13.0794
59.7,26144,467,36,-555,39.6984,13.0931
64.1,26265,472,41,-525,39.6929,13.0695
62.7,25195,469,51,-524,39.6922,13.0812
53.9,24961,464,42,-591,39.6965,13.0786
57.5,24979,465,44,-564,39.7023,13.0799
67.7,26184,471,30,-479,39.6943,13.0278
63.5,26188,466,43,-525,39.6830,13.0160
56.9,26242,468,35,-570,39.7045,13.0525
61.2,25321,465,41,-529,39.6774,13.0093
59.0,26303,470,39,-568,39.7050,13.0944
61.6,26602,463,37,-532,39.6850,13.0384
57.6,26924,463,42,-572,39.6941,13.0576
65.2,26325,469,38,-509,39.6777,13.0152
65.3,24994,471,36,-478,39.6909,13.0189
59.5,26296,471,33,-538,39.7038,13.0922
64.9,26614,472,31,-510,39.6918,13.0312
56.2,26244,464,31,-580,39.6808,13.0142
57.8,25999,464,36,-556,39.6964,13.0960
55.4,25250,470,38,-572,39.6860,13.0154
65.1,26431,463,36,-494,39.6838,13.0480
61.8,26772,469,34,-541,39.7064,13.0922
59.3,24980,470,31,-535,39.6957,13.0635
66.3,26877,464,39,-505,39.6897,13.0810
59.6,26820,471,41,-554,39.6932,13.0831
57.0,26537,470,40,-595,39.6936,13.0708
57.9,25958,468,36,-561,39.6965,13.0449
59.0,26412,467,32,-548,39.6913,13.0198
53.5,25770,466,49,-613,39.6937,13.0712
57.3,26138,468,33,-581,39.6890,13.0161
67.1,26419,467,38,-497,39.6869,13.0188
55.5,25276,465,45,-584,39.6992,13.0959
61.5,26167,469,35,-529,39.6938,13.0318
66.9,26346,471,40,-499,39.6967,13.0926
60.4,25567,465,45,-545,39.6912,13.0745
54.3,25001,471,33,-577,39.7039,13.0785
56.9,25091,467,41,-562,39.6983,13.0917
65.2,25994,467,30,-504,39.6931,13.0358
57.3,25268,472,43,-568,39.7005,13.0925
57.6,25952,471,39,-574,39.7015,13.0880
63.1,25379,468,37,-518,39.6886,13.0390
61.5,26616,470,28,-529,39.6983,13.0581
62.4,26022,464,40,-532,39.6801,13.0110
64.7,25397,465,38,-504,39.6884,13.0548
53.6,26297,470,52,-631,39.6835,13.0226
63.7,25235,466,41,-518,39.6851,13.0519
69.2,26918,471,42,-484,39.6802,13.0423
56.8,26797,469,35,-578,39.7047,13.0590
55.4,25741,468,36,-583,39.6837,13.0148
62.9,26232,463,35,-535,39.6965,13.0626
57.7,25454,471,51,-571,39.6769,13.0125
58.7,26527,470,32,-566,39.6954,13.0481
55.0,25522,465,34,-585,39.6850,13.0217
64.9,26081,470,31,-509,39.6846,13.0558
65.1,25803,463,35,-494,39.6961,13.0573
58.6,26027,464,35,-549,39.6894,13.0095
64.1,25752,467,34,-508,39.6987,13.0893
59.5,26602,468,32,-565,39.6883,13.0152
62.2,25874,465,33,-524,39.6986,13.0426
62.8,25247,469,34,-511,39.6814,13.0439
57.1,26210,472,40,-567,39.6838,13.0209
66.5,26311,463,26,-487,39.6886,13.0221
63.7,26574,464,30,-507,39.6868,13.0117
61.8,26057,470,36,-530,39.6928,13.0527
58.8,25227,469,26,-536,39.6914,13.0279
56.9,25446,465,36,-560,39.6894,13.0341
55.7,26108,471,37,-581,39.6981,13.0752
68.6,26867,471,35,-480,39.6949,13.0412
59.8,26708,464,40,-565,39.6895,13.0411
62.4,25450,467,33,-521,39.6801,13.0120
65.0,25570,465,36,-503,39.6821,13.0363
58.0,26660,464,37,-566,39.7008,13.0715
64.3,25325,466,26,-492,39.6850,13.0292
57.8,25741,469,38,-562,39.6886,13.0241
65.3,25885,466,45,-504,39.6933,13.0590
59.9,26427,464,36,-564,39.6972,13.0846
55.7,25454,464,37,-571,39.7045,13.0653
59.4,26882,467,37,-558,39.6874,13.0180
60.0,25187,463,36,-534,39.6892,13.0141
56.3,26532,466,42,-594,39.7007,13.0570
55.8,25394,463,46,-594,39.6811,13.0317
54.0,25016,464,37,-589,39.6979,13.0593
64.1,26269,468,31,-512,39.6906,13.0652
60.9,25055,469,38,-517,39.6962,13.0528
57.5,25794,464,32,-567,39.7062,13.0836
56.6,26594,470,48,-603,39.6812,13.0299
58.5,26765,471,38,-567,39.6954,13.0783
62.7,26301,470,39,-534,39.6912,13.0345
62.8,26770,462,39,-530,39.6970,13.0630
62.6,25999,464,40,-513,39.6902,13.0399
56.8,25876,462,41,-577,39.6923,13.0243
60.0,26849,469,34,-548,39.7059,13.0884
55.4,25264,469,33,-581,39.6894,13.0430
63.8,25919,471,41,-516,39.6827,13.0567
61.8,25102,471,34,-513,39.6823,13.0345
57.1,25081,467,45,-561,39.6789,13.0161
61.1,25607,469,39,-521,39.7039,13.0767
62.5,25172,466,37,-516,39.6933,13.0677
67.7,26600,466,33,-492,39.6884,13.0446
61.2,25501,470,36,-541,39.6817,13.0253
65.4,25138,464,34,-490,39.6871,13.0482
56.0,26048,466,35,-592,39.6902,13.0125
61.5,26538,467,38,-544,39.6961,13.0672
63.4,26108,469,33,-505,39.7069,13.0861
63.2,25276,464,31,-507,39.6788,13.0193
55.7,25431,466,44,-582,39.7042,13.0978
58.6,25415,465,37,-559,39.6945,13.0358
63.0,26209,468,36,-526,39.6876,13.0198
53.8,24930,470,41,-589,39.6893,13.0466
61.4,26338,465,38,-551,39.6880,13.0251
58.3,25279,469,35,-548,39.6872,13.0343
66.2,26505,467,35,-514,39.6914,13.0765
58.4,25913,471,39,-567,39.6976,13.0635
57.1,24968,471,36,-559,39.6914,13.0418
58.2,26725,470,29,-559,39.6854,13.0237
56.9,25465,464,37,-568,39.6896,13.0093
66.8,26664,466,23,-490,39.6999,13.0936
55.1,26279,462,44,-613,39.7033,13.0570
60.2,26808,462,34,-559,39.6886,13.0098
65.3,25943,470,41,-514,39.6775,13.0209
67.2,26565,469,47,-504,39.6932,13.1028
64.8,26459,469,40,-523,39.6988,13.0917
67.5,26754,467,41,-501,39.6945,13.0759
55.0,25190,471,37,-574,39.7058,13.0846
55.1,24992,466,40,-570,39.6928,13.0195
60.6,26727,468,32,-548,39.6793,13.0159
57.1,25814,466,27,-562,39.6953,13.0355
69.4,26726,472,33,-473,39.6907,13.0306
63.4,26452,471,44,-534,39.6867,13.0213
59.2,25808,468,29,-540,39.6811,13.0271
58.8,26616,469,32,-559,39.6968,13.0700
61.2,25191,472,36,-529,39.6996,13.0959
68.2,26613,470,37,-490,39.6975,13.0903
57.4,26149,471,41,-573,39.6913,13.0610
54.3,26030,466,45,-609,39.6822,13.0284
64.0,25749,463,43,-516,39.6791,13.0303
61.4,25169,471,37,-516,39.6818,13.0295
66.9,25868,467,42,-487,39.6970,13.0552
55.2,25533,462,33,-596,39.6866,13.0202
66.3,25651,470,35,-484,39.6918,13.0699
58.1,26236,468,38,-573,39.6883,13.0430
58.9,25720,465,33,-554,39.6827,13.0249
62.7,26800,466,27,-528,39.6947,13.0495
64.1,26003,462,44,-515,39.6827,13.0361
63.2,24995,471,33,-513,39.6856,13.0412
55.6,25271,471,31,-567,39.6919,13.0716
59.6,26630,465,36,-554,39.6890,13.0090
67.5,26395,464,37,-481,39.6905,13.0726
64.2,25302,464,32,-491,39.6912,13.0477
60.5,26062,470,32,-547,39.6867,13.0423
61.3,25185,471,37,-527,39.6811,13.0166
66.8,26625,471,32,-490,39.6883,13.0124
55.8,25992,468,42,-584,39.6935,13.0273
57.2,26307,468,35,-560,39.6902,13.0362
56.5,26454,465,44,-589,39.6991,13.0713
62.2,26281,463,34,-530,39.7023,13.0788
61.0,25148,470,33,-522,39.6944,13.0317
57.3,26486,469,35,-596,39.6947,13.0784
56.4,25822,469,40,-584,39.6775,13.0178
58.8,26396,472,35,-553,39.6967,13.0485
63.5,26587,463,27,-513,39.6840,13.0225
58.2,24968,467,24,-537,39.7038,13.0810
54.9,26170,469,40,-600,39.6984,13.0962
58.9,26707,464,35,-552,39.7045,13.0679
56.0,26251,470,36,-580,39.6836,13.0098
55.2,25544,469,36,-588,39.6889,13.0524
66.4,26583,469,29,-491,39.6859,13.0472
55.0,24932,464,36,-571,39.7056,13.0900
64.4,25543,466,41,-502,39.6821,13.0125
64.8,25653,463,30,-497,39.6875,13.0152
61.7,25596,469,37,-532,39.6904,13.0579
61.4,26794,464,40,-546,39.6821,13.0369
60.7,25924,465,31,-538,39.6961,13.0340
65.3,25639,462,28,-489,39.6965,13.0427
59.6,25719,467,34,-541,39.6964,13.0560
56.0,25253,464,41,-575,39.6814,13.0105
68.3,26201,470,26,-474,39.6925,13.0642
61.3,25864,466,38,-534,39.7046,13.0676
59.8,26918,463,38,-556,39.6841,13.0304
58.7,26790,472,36,-582,39.6887,13.0649
57.9,26047,465,44,-571,39.6983,13.0650
65.9,25726,470,29,-499,39.6892,13.0306
63.7,25686,462,36,-502,39.6939,13.0250
65.6,25988,465,38,-490,39.6946,13.0576
63.6,25971,471,26,-510,39.7028,13.0964
60.0,26435,465,36,-538,39.6860,13.0175
61.1,25817,467,39,-539,39.6854,13.0496
67.0,26182,462,32,-496,39.6986,13.0763
53.7,25105,464,35,-611,39.6953,13.0580
66.5,26779,468,39,-514,39.6850,13.0606
65.5,26648,462,33,-504,39.6929,13.0915
55.9,26167,470,41,-581,39.6897,13.0111
61.7,25498,468,45,-527,39.6867,13.0627
61.8,25157,466,40,-529,39.6951,13.0823
54.2,25556,471,44,-594,39.7043,13.0819
64.8,26013,472,38,-500,39.6891,13.0413
60.5,25880,471,32,-532,39.6889,13.0177
61.1,25987,462,36,-549,39.6911,13.0338
56.0,26352,470,30,-597,39.7012,13.0536
57.1,26100,470,37,-574,39.6802,13.0126
62.3,25244,462,39,-517,39.6858,13.0453
59.5,26731,465,43,-553,39.6764,13.0089
61.0,25597,464,31,-530,39.7028,13.0771
54.0,25752,471,43,-608,39.6942,13.0508
58.1,25220,470,36,-551,39.6853,13.0073
52.8,24951,465,43,-605,39.7075,13.0848
59.9,26662,469,27,-545,39.7030,13.0684
60.3,25176,472,35,-535,39.6965,13.0858
54.9,25828,470,44,-598,39.7038,13.0717
52.1,25198,465,36,-627,39.6895,13.0111
63.8,25699,471,34,-501,39.6785,13.0134
57.1,25633,470,32,-553,39.6968,13.0466
59.7,26656,462,41,-558,39.6890,13.0077
64.9,26861,463,35,-512,39.7040,13.0789
54.6,25046,465,48,-586,39.6862,13.0103
61.9,25013,472,41,-530,39.6907,13.0720
64.4,25965,468,30,-507,39.7037,13.0958
56.7,26668,467,41,-583,39.6846,13.0108
58.2,25027,462,43,-560,39.6936,13.0671
62.3,25113,467,38,-510,39.7033,13.0947
62.1,25814,465,45,-529,39.7005,13.0952
57.3,25112,470,35,-563,39.7039,13.0582
53.8,25197,463,37,-593,39.7009,13.0639
60.3,25759,471,29,-536,39.6972,13.0645
60.0,26188,463,36,-545,39.6831,13.0365
61.3,26560,464,43,-556,39.6912,13.0774
58.6,26269,462,28,-557,39.6832,13.0124
55.4,25314,462,38,-568,39.7023,13.0657
55.7,25590,463,41,-577,39.6869,13.0009
64.9,26404,463,39,-516,39.6787,13.0097
63.9,25250,462,26,-497,39.6824,13.0158
61.0,26400,465,42,-542,39.7081,13.0990
65.1,25800,462,36,-501,39.6913,13.0444
53.5,25046,470,34,-591,39.6976,13.0947
67.1,26650,464,27,-497,39.6974,13.0966
53.4,25577,465,34,-615,39.6964,13.0535
62.6,26381,468,35,-532,39.6875,13.0300
64.7,25188,465,35,-506,39.6879,13.0681
59.8,26741,463,35,-563,39.6962,13.0455
63.2,25836,471,31,-516,39.6900,13.0625
57.4,25124,465,31,-550,39.7060,13.0788
60.4,26440,468,35,-542,39.6886,13.0206
62.0,26650,469,28,-540,39.6873,13.0449
64.3,25206,469,30,-496,39.6883,13.0502
61.3,25712,466,37,-523,39.6939,13.0598
55.7,26871,471,36,-606,39.6944,13.0585
59.6,26077,463,42,-548,39.6976,13.0982
56.5,25854,465,27,-574,39.6977,13.0576
55.7,25128,468,42,-576,39.6949,13.0607
64.5,25210,470,35,-497,39.6868,13.0281
63.1,26405,471,34,-514,39.6963,13.0969
57.9,25450,466,40,-554,39.6996,13.0666
59.9,25391,464,35,-529,39.7090,13.0784
56.0,24980,467,36,-563,39.6959,13.0595
60.2,26611,470,32,-549,39.6817,13.0330
63.8,25376,462,38,-514,39.6952,13.0682
65.5,26471,464,35,-502,39.6911,13.0790
66.0,25664,469,32,-490,39.7029,13.0613
61.7,25826,462,31,-517,39.7036,13.0589
61.3,25162,470,38,-517,39.6999,13.0638
60.6,26782,469,31,-545,39.6907,13.0320
58.8,26526,470,34,-557,39.7017,13.0806
54.4,25216,464,29,-583,39.6869,13.0025
60.2,25141,467,39,-537,39.6896,13.0581
62.3,26269,463,29,-528,39.6815,13.0096
66.7,26697,468,30,-497,39.6863,13.0590
54.7,25468,468,32,-592,39.6960,13.0577
62.2,25786,463,34,-519,39.6847,13.0301
62.5,25494,469,40,-522,39.6869,13.0612
54.4,24961,468,36,-578,39.7062,13.0723
55.2,25988,464,44,-593,39.6907,13.0587
62.3,25927,464,32,-515,39.6888,13.0132
56.0,26518,467,39,-609,39.6931,13.0804
63.5,25351,465,31,-504,39.7024,13.0692
54.8,25214,466,42,-583,39.6974,13.0824
58.5,26791,464,37,-564,39.7063,13.0699
64.6,26012,469,39,-514,39.6846,13.0277
57.7,25593,471,36,-567,39.6807,13.0341
60.8,26186,469,34,-548,39.6864,13.0683
59.6,24948,464,35,-525,39.7036,13.0938
66.0,26182,463,34,-493,39.6933,13.0461
57.2,26445,466,45,-588,39.6936,13.0787
55.9,25387,464,33,-575,39.6977,13.0811
60.5,26123,467,29,-530,39.6843,13.0150
57.7,26467,463,46,-587,39.6920,13.0748
65.2,26553,469,40,-511,39.6842,13.0269
55.1,26564,463,40,-607,39.6827,13.0317
66.2,26492,465,38,-510,39.6890,13.0458
53.5,25529,463,44,-607,39.6870,13.0316
65.6,26096,467,38,-505,39.6932,13.0863
64.2,26706,469,32,-511,39.6890,13.0336
54.3,25184,471,37,-590,39.6857,13.0210
56.3,25958,471,38,-594,39.6851,13.0354
56.2,26233,467,40,-587,39.7001,13.0866
57.9,25501,466,33,-556,39.6964,13.0713
67.0,26044,466,35,-491,39.6931,13.0334
63.1,25528,471,35,-503,39.6892,13.0027
56.9,25929,466,35,-561,39.7018,13.0543
66.5,25318,472,31,-484,39.6914,13.0521
60.6,25687,462,37,-552,39.6964,13.0908
65.8,26129,469,37,-504,39.6851,13.0498
62.5,25565,463,40,-524,39.6904,13.0394
59.4,26740,464,36,-567,39.6775,13.0187
62.5,25443,468,29,-516,39.6980,13.0987
57.8,25634,467,35,-565,39.6960,13.0854
56.4,26116,466,27,-571,39.6967,13.0634
59.0,26576,463,40,-562,39.7068,13.0871
55.4,25827,464,43,-583,39.6884,13.0566
65.4,26532,462,43,-514,39.6942,13.0555
66.2,26005,472,35,-501,39.6950,13.0939
57.3,25412,470,42,-558,39.6976,13.0701
56.1,26454,467,30,-582,39.7030,13.0795
60.1,26838,469,29,-545,39.6930,13.0280
65.6,26794,469,37,-508,39.6798,13.0360
60.5,26730,469,43,-563,39.6938,13.0736
59.1,25697,464,36,-545,39.6844,13.0320
59.0,26532,465,32,-577,39.6852,13.0327
59.6,25871,462,37,-557,39.6918,13.0764
64.5,24931,470,36,-497,39.7033,13.0864
56.3,24977,469,37,-578,39.6942,13.0815
64.1,25640,464,40,-516,39.6803,13.0367
60.8,25427,472,44,-530,39.6798,13.0327
67.3,25180,466,29,-467,39.7048,13.0721
55.1,26273,472,46,-610,39.6946,13.0417
58.7,26282,463,26,-557,39.7023,13.0840
62.1,26400,471,32,-530,39.6787,13.0121
60.9,25073,467,38,-517,39.7019,13.0737
64.9,25985,469,29,-494,39.6880,13.0323
65.2,26926,464,34,-510,39.6922,13.0748
66.7,25029,465,39,-468,39.6857,13.0252
59.1,25104,465,43,-532,39.6872,13.0341
59.6,25814,471,36,-556,39.6914,13.0764
61.4,25588,464,34,-525,39.6898,13.0208
56.3,25055,470,47,-576,39.6961,13.0707
55.2,25587,467,41,-587,39.6917,13.0296
60.4,26664,472,38,-556,39.6893,13.0213
55.8,26306,462,26,-585,39.7050,13.0794
57.3,26844,463,39,-577,39.6945,13.0510
53.9,25423,472,37,-604,39.7113,13.0870
61.6,25768,466,33,-519,39.6820,13.0275
62.1,25270,463,35,-525,39.6971,13.0523
54.9,25146,465,43,-580,39.7092,13.0922
59.3,25121,464,24,-527,39.7020,13.0437
63.6,26043,467,38,-509,39.6883,13.0399
62.3,25144,470,43,-516,39.7009,13.0753
55.1,25269,469,30,-586,39.7035,13.0712
60.5,26183,466,29,-546,39.6936,13.0330
64.7,26489,466,43,-509,39.6734,13.0108
59.5,25156,464,28,-539,39.6998,13.0786
54.5,25307,464,38,-581,39.7002,13.0696
55.0,25275,467,33,-583,39.7007,13.0406
59.4,25091,466,38,-534,39.6953,13.0562
57.9,26203,469,38,-582,39.6896,13.0356
59.5,25554,469,45,-542,39.7035,13.0924
54.3,26673,468,42,-625,39.6978,13.0753
63.4,26095,465,32,-523,39.6904,13.0111
65.7,26455,467,41,-507,39.6955,13.1002
58.9,26273,469,34,-554,39.6933,13.0441
55.4,24959,471,34,-559,39.6990,13.0897
58.9,24952,469,48,-550,39.6843,13.0205
55.3,25195,468,42,-580,39.6899,13.0214
60.8,25897,465,33,-540,39.6905,13.0580
63.9,26596,463,33,-531,39.6811,13.0501
64.4,25575,470,38,-510,39.6992,13.0803
66.1,25139,468,29,-476,39.6853,13.0184
62.2,26184,466,35,-521,39.6880,13.0612
54.8,25315,471,45,-587,39.6928,13.0735
56.8,25698,469,32,-558,39.6911,13.0424
65.5,25989,466,37,-505,39.6917,13.0489
61.2,26376,470,27,-532,39.6915,13.0157
60.0,25741,463,34,-543,39.6982,13.0656
59.7,26747,464,32,-557,39.6861,13.0340
61.3,25921,463,37,-529,39.7004,13.0750
65.4,26622,467,29,-518,39.6831,13.0093
65.8,26280,466,27,-494,39.6880,13.0234
66.0,26227,466,37,-504,39.6952,13.0577
56.4,25013,470,37,-551,39.7111,13.0747
65.8,26581,470,43,-512,39.6835,13.0387
59.3,25826,471,36,-543,39.7050,13.0675
68.0,26329,463,23,-475,39.6822,13.0088
57.3,26900,471,39,-594,39.6811,13.0137
60.6,25732,465,38,-528,39.6957,13.0824
59.0,26279,469,39,-556,39.6932,13.0379
59.8,25899,465,53,-562,39.6908,13.0985
56.4,25722,470,35,-571,39.7078,13.0849
59.3,25587,466,31,-550,39.6935,13.0539
65.3,25532,467,29,-491,39.6838,13.0246
66.5,25477,470,43,-484,39.6947,13.1060
59.3,26595,463,31,-559,39.6976,13.0780
59.2,26823,462,37,-550,39.7030,13.0836
55.7,25534,466,29,-579,39.7017,13.0946
59.6,25970,464,34,-542,39.6936,13.0455
62.5,26254,468,44,-524,39.6948,13.0918
58.7,26332,469,33,-566,39.7010,13.0879
62.3,25901,467,41,-514,39.7018,13.0982
66.6,25719,463,33,-484,39.6838,13.0459
54.7,25560,468,35,-588,39.6891,13.0014
55.2,25871,466,37,-599,39.6834,13.0295
57.5,26357,468,33,-573,39.6976,13.0883
55.4,26452,468,36,-599,39.6966,13.0269
57.7,26195,472,31,-574,39.6948,13.0734
62.1,25490,463,39,-518,39.7038,13.0740
66.5,26896,462,35,-498,39.6891,13.0121
60.8,25050,469,41,-530,39.6787,13.0244
64.9,25572,467,30,-495,39.6811,13.0335
65.9,26890,465,35,-514,39.6933,13.0999
59.9,25333,463,40,-546,39.6810,13.0146
58.3,26148,463,27,-554,39.7043,13.0602
60.0,26470,462,39,-555,39.6812,13.0057
53.3,25396,464,45,-611,39.7032,13.0736
60.2,26193,464,34,-544,39.6968,13.0393
58.6,24942,463,35,-554,39.6926,13.0297
56.5,26874,465,51,-602,39.6863,13.0264
56.3,25968,469,33,-571,39.6957,13.0387
62.2,25540,471,41,-536,39.6762,13.0207
59.3,26272,471,31,-548,39.6914,13.0117
62.5,26432,471,30,-522,39.7099,13.0914
60.9,26402,466,41,-532,39.6785,13.0151
65.4,25853,464,30,-499,39.6858,13.0386
65.0,25157,464,38,-490,39.6883,13.0147
64.9,25909,467,27,-500,39.7015,13.0954
63.0,25363,466,41,-506,39.6821,13.0117
56.8,25288,470,35,-557,39.6962,13.0206
58.4,26520,462,31,-554,39.6933,13.0670
61.9,25402,469,30,-522,39.6840,13.0399
57.5,26134,462,31,-568,39.6905,13.0518
58.8,26613,465,39,-566,39.6873,13.0229
57.8,25974,469,29,-555,39.6959,13.0373
58.1,25015,471,40,-559,39.7045,13.0941
61.2,26214,463,36,-547,39.6884,13.0718
56.4,26744,464,33,-587,39.6904,13.0301
56.2,25676,465,40,-576,39.6944,13.0495
53.6,25038,467,40,-597,39.6919,13.0590
67.0,25754,468,43,-485,39.6931,13.0523
61.5,25432,467,29,-523,39.7057,13.0924
63.4,25599,471,35,-507,39.6961,13.0911
57.0,25785,466,42,-569,39.7038,13.0919
59.5,26649,466,34,-558,39.6871,13.0062
54.6,26158,470,42,-606,39.6955,13.0586
57.2,25528,464,40,-547,39.6934,13.0278
55.2,26486,469,43,-607,39.7003,13.0899
64.5,26234,466,41,-505,39.6833,13.0338
61.5,26324,470,41,-544,39.6976,13.0749
57.8,25792,471,25,-549,39.6960,13.0217
67.6,26712,469,41,-501,39.6982,13.0787
64.3,26646,462,39,-528,39.6831,13.0635
57.1,24938,466,42,-550,39.7040,13.0824
55.5,26046,462,34,-590,39.6995,13.0593
57.8,25415,472,38,-559,39.7010,13.0549
65.3,25213,469,32,-495,39.6935,13.0738
55.4,25780,468,32,-578,39.6979,13.0951
58.5,25692,469,34,-547,39.6912,13.0288
56.6,25975,463,44,-590,39.6880,13.0614
65.3,25254,471,38,-485,39.6938,13.0658
68.1,26407,470,32,-478,39.6919,13.0520
58.5,25025,466,39,-556,39.6881,13.0300
60.0,26097,467,39,-534,39.6950,13.0382
59.1,25729,469,31,-536,39.6864,13.0252
65.1,26021,469,31,-504,39.6983,13.0879
58.5,25733,467,48,-569,39.6840,13.0130
58.0,26567,464,30,-574,39.7035,13.0724
66.3,25933,463,40,-502,39.6985,13.0986
60.2,26004,465,28,-539,39.6857,13.0299
56.0,26447,467,36,-588,39.6825,13.0141
67.7,26925,470,32,-506,39.6908,13.0554
65.7,26254,468,43,-506,39.6780,13.0449
59.8,26809,463,42,-571,39.6975,13.0636
60.1,25484,467,35,-533,39.6924,13.0401
60.3,25002,463,38,-535,39.6893,13.0483
57.0,26830,463,34,-582,39.6795,13.0196
62.3,25875,467,43,-529,39.6815,13.0213
62.6,25577,463,41,-520,39.6889,13.0735
59.3,25414,463,40,-553,39.6817,13.0067
57.4,26091,466,41,-568,39.7099,13.0929
60.8,26739,464,44,-551,39.6823,13.0309
64.7,25725,470,43,-509,39.6804,13.0355
67.0,26712,467,27,-494,39.6800,13.0132
64.4,26298,465,33,-515,39.6988,13.0667
63.6,26663,462,30,-522,39.6934,13.0746
53.6,26238,463,50,-630,39.6951,13.0564
57.7,26350,464,35,-581,39.6781,13.0068
62.8,25824,465,33,-509,39.6832,13.0285
55.9,25611,466,38,-571,39.6866,13.0021
61.8,26877,470,34,-550,39.6876,13.0248
64.7,26002,466,42,-520,39.6890,13.0939
62.7,25793,468,45,-523,39.6772,13.0277
57.2,24995,470,32,-540,39.7077,13.0933
55.7,25395,465,41,-586,39.6855,13.0465
60.1,25306,471,46,-547,39.6792,13.0247
59.0,26289,464,31,-552,39.6810,13.0082
55.8,25976,471,34,-585,39.7056,13.0912
56.3,25611,472,46,-589,39.6961,13.0969
55.8,26487,469,38,-586,39.6984,13.0999
60.2,25179,466,39,-541,39.6816,13.0342
63.7,26816,467,37,-528,39.6972,13.0909
59.9,26856,471,39,-553,39.6921,13.0384
57.1,25087,468,49,-566,39.6917,13.0784
64.5,26659,466,40,-526,39.7046,13.0786
63.0,26483,462,32,-532,39.6959,13.0657
56.4,25343,470,50,-579,39.6916,13.0623
59.2,26625,463,36,-568,39.6990,13.0930
59.7,26029,467,40,-553,39.6941,13.0323
55.6,25399,462,36,-587,39.6864,13.0139
63.5,25215,462,43,-501,39.6828,13.0228
59.3,25098,468,38,-533,39.6884,13.0456
58.4,25756,472,38,-566,39.6766,13.0201
59.8,26710,462,36,-551,39.6858,13.0149
61.0,25831,464,34,-530,39.7015,13.0570
55.3,25033,471,48,-576,39.6928,13.0722
57.3,26566,472,38,-574,39.6840,13.0042
66.0,25532,463,34,-491,39.6883,13.0327
54.7,25439,469,44,-583,39.6969,13.0582
57.6,26173,471,42,-580,39.6839,13.0304
63.6,26557,465,35,-525,39.6846,13.0373
65.2,26712,464,43,-517,39.6896,13.0429
64.2,25442,466,35,-504,39.6982,13.0577
68.3,26453,469,35,-484,39.6826,13.0332
57.8,25469,462,39,-563,39.6912,13.0287
55.8,25807,465,44,-582,39.6948,13.0878
65.5,26465,467,38,-505,39.7005,13.0644
55.9,25225,467,32,-578,39.6906,13.0428
64.5,26880,462,27,-521,39.6950,13.0298
61.2,24943,466,45,-530,39.6941,13.1008
58.2,25827,466,29,-560,39.7003,13.0483
55.3,26366,463,44,-597,39.6944,13.0658
56.3,25453,472,39,-579,39.7031,13.0811
62.6,25884,469,34,-513,39.7029,13.0886
58.3,26596,467,40,-571,39.6941,13.0735
60.6,26593,470,38,-549,39.6978,13.0961
59.6,25776,471,39,-542,39.6767,13.0127
55.9,25359,464,26,-563,39.6994,13.0453
58.1,26105,471,31,-558,39.6883,13.0222
62.6,26322,467,36,-530,39.6862,13.0072
67.4,25794,472,34,-475,39.6903,13.0728
57.0,25764,472,34,-565,39.7025,13.0850
56.1,25315,467,37,-559,39.7131,13.0822
63.9,25449,470,46,-513,39.6965,13.1002
54.3,26252,468,36,-612,39.6951,13.0910
58.7,26643,464,40,-579,39.6816,13.0171
55.6,25674,463,44,-581,39.6907,13.0402
57.3,25048,467,47,-566,39.6799,13.0112
58.2,26908,467,40,-579,39.6920,13.0543
62.9,26111,463,39,-512,39.6890,13.0621
62.0,25472,464,33,-519,39.6927,13.0753
64.9,25917,471,27,-506,39.6951,13.0511
61.7,26399,471,32,-526,39.7068,13.0861
60.3,25706,464,38,-547,39.6952,13.0738
56.3,25323,464,37,-583,39.6921,13.0680
60.6,25912,462,39,-543,39.6922,13.0307
59.2,25399,464,40,-560,39.6857,13.0220
56.8,26919,467,38,-589,39.6979,13.0623
57.8,26342,465,39,-574,39.6976,13.0567
55.6,25871,465,36,-577,39.7025,13.0403
68.0,26159,464,32,-480,39.6949,13.0769
57.8,25289,471,42,-561,39.6854,13.0470
56.4,26889,464,50,-608,39.7021,13.0892
65.1,26464,466,41,-504,39.6887,13.0266
55.2,25125,471,35,-567,39.6952,13.0429
60.9,26160,466,32,-540,39.6778,13.0066
64.6,26711,463,40,-524,39.7006,13.1036
55.9,25286,472,45,-579,39.6891,13.0261
63.7,26756,465,25,-520,39.6842,13.0244
62.4,26319,471,26,-519,39.6923,13.0148
65.4,26703,463,33,-515,39.6929,13.0621
63.0,25445,467,38,-511,39.7015,13.0862
61.9,26345,467,42,-546,39.7027,13.0727
65.6,24987,471,27,-488,39.6932,13.0307
60.7,25996,469,40,-544,39.6934,13.0530
64.9,25694,465,40,-495,39.6840,13.0423
64.3,26446,468,30,-514,39.6820,13.0247
63.7,25481,465,36,-517,39.6877,13.0168
64.4,26002,464,38,-520,39.6933,13.0429
55.2,25558,464,46,-595,39.6849,13.0211
60.9,25378,466,40,-532,39.6934,13.0504
55.6,25755,465,44,-586,39.6820,13.0125
58.0,25151,467,32,-548,39.6918,13.0092
58.1,25382,470,32,-543,39.6979,13.0376
54.1,24998,467,36,-587,39.6849,13.0040
60.0,26329,464,30,-551,39.6895,13.0578
55.3,26462,468,43,-608,39.7122,13.0941
60.5,25981,463,34,-532,39.6979,13.0953
60.1,26245,468,45,-556,39.6984,13.0657
58.0,26805,472,35,-579,39.6886,13.0183
63.8,26898,467,34,-524,39.7016,13.0726
65.2,25903,463,41,-508,39.7006,13.0872
62.1,26354,470,31,-521,39.6841,13.0244
58.9,26550,462,36,-564,39.6841,13.0136
63.9,25433,468,42,-511,39.6865,13.0617
61.3,25279,469,39,-537,39.6829,13.0181
66.1,25594,471,41,-492,39.6733,13.0079
69.5,26893,462,31,-475,39.6918,13.0565
58.5,25885,464,38,-560,39.6862,13.0033
63.6,26901,463,28,-524,39.6906,13.0509
62.3,25142,468,34,-511,39.6927,13.0751
55.6,26034,464,43,-595,39.6849,13.0268
57.3,26914,466,42,-584,39.6924,13.0625
60.5,25576,468,34,-540,39.7048,13.0866
55.9,26013,468,46,-600,39.6956,13.0706
60.4,26452,465,25,-534,39.6921,13.0227
59.8,26200,469,44,-562,39.6886,13.0528
54.9,24928,462,32,-569,39.6983,13.0543
54.4,25722,467,39,-605,39.6951,13.0364
62.6,25785,464,46,-532,39.6921,13.0642
54.9,25200,466,47,-594,39.6957,13.0355
64.7,26217,472,37,-497,39.6969,13.0483
60.4,25556,466,43,-540,39.6965,13.0770
58.0,25430,466,37,-553,39.7048,13.0854
64.6,25035,465,36,-496,39.7000,13.0886
61.4,26450,470,26,-531,39.6834,13.0115
56.0,26652,462,36,-588,39.6867,13.0289
55.7,25221,467,33,-571,39.6934,13.0570
53.9,25732,470,48,-608,39.6846,13.0252
62.1,26189,466,44,-529,39.6956,13.0643
56.6,25612,464,40,-575,39.7023,13.0723
58.3,25345,465,34,-545,39.6962,13.0637
64.9,25872,468,34,-497,39.6840,13.0329
59.7,25035,470,37,-545,39.7030,13.0874
61.9,26495,470,38,-544,39.6893,13.0637
57.4,26584,472,31,-578,39.6988,13.0698
58.7,26086,469,38,-563,39.6988,13.0820
56.7,26777,463,37,-589,39.6921,13.0691
54.1,26034,468,42,-617,39.6896,13.0301
53.8,25466,470,48,-610,39.6856,13.0069
55.9,26526,463,33,-588,39.6911,13.0436
60.5,26654,469,35,-536,39.6988,13.0365
54.9,26032,469,30,-595,39.6861,13.0041
67.4,26784,463,27,-489,39.6986,13.0407
63.5,26859,465,41,-537,39.6822,13.0560
65.3,26165,468,38,-507,39.6887,13.0331
60.0,26810,465,34,-568,39.6929,13.0496
61.2,26686,463,44,-546,39.6942,13.0611
60.7,25123,468,32,-516,39.6839,13.0216
63.1,25737,470,35,-512,39.6913,13.0266
63.7,25417,470,40,-513,39.6766,13.0245
58.1,25448,465,36,-557,39.7015,13.0638
58.8,25996,472,37,-559,39.6934,13.0510
58.0,25314,464,36,-552,39.6860,13.0415
53.9,24984,469,44,-583,39.6889,13.0058
58.6,26320,464,35,-553,39.6862,13.0501
53.4,26244,463,51,-634,39.6815,13.0377
53.5,25350,462,41,-604,39.7011,13.0769
57.7,25642,467,36,-556,39.6863,13.0068
67.9,26152,472,34,-471,39.7002,13.0787
60.7,26181,470,30,-542,39.6854,13.0182
60.8,25429,471,34,-539,39.6855,13.0177
57.2,26693,466,38,-598,39.6907,13.0366
57.2,25627,471,36,-568,39.6889,13.0550
59.7,25920,463,34,-542,39.6982,13.0720
57.2,25605,467,34,-553,39.6908,13.0083
64.7,25784,467,31,-501,39.6798,13.0219
66.2,26654,464,40,-501,39.6916,13.0733
58.9,26498,462,33,-565,39.6981,13.0778
57.8,26614,471,36,-566,39.6894,13.0598
59.7,26509,465,37,-551,39.6851,13.0252
66.8,26460,465,34,-493,39.7033,13.0812
60.3,26065,471,37,-547,39.7034,13.0889
63.2,26677,467,35,-522,39.6859,13.0296
65.2,26267,467,38,-503,39.6865,13.0207
62.8,26558,465,31,-535,39.6985,13.0550
55.6,25245,465,42,-592,39.6871,13.0450
55.7,25394,466,40,-585,39.6887,13.0511
58.3,25710,472,39,-563,39.6992,13.0791
66.0,26840,464,36,-500,39.6921,13.0649
55.5,25994,464,41,-592,39.6932,13.0563
66.1,26630,466,42,-504,39.6972,13.0720
56.7,26408,468,35,-589,39.6901,13.0450
65.2,26468,469,39,-503,39.6897,13.0766
57.3,26409,472,31,-568,39.6942,13.0237
63.4,25758,471,29,-507,39.6987,13.0783
56.3,26235,469,40,-591,39.6965,13.0679
57.1,25759,464,44,-580,39.6890,13.0240
64.4,26345,469,29,-504,39.6917,13.0608
63.3,25971,463,35,-521,39.6777,13.0093
56.3,25756,464,45,-581,39.6850,13.0306
56.2,25726,470,37,-578,39.6835,13.0368
57.8,24967,464,25,-535,39.6987,13.0395
60.2,25808,471,30,-543,39.6894,13.0512
63.6,26512,471,42,-532,39.6840,13.0278
55.2,25726,465,49,-605,39.6736,13.0030
61.8,26202,469,46,-534,39.6786,13.0257
54.6,25222,467,44,-597,39.6816,13.0158
63.7,26413,465,38,-513,39.6947,13.0454
56.0,26230,463,34,-581,39.6804,13.0051
64.4,25265,464,42,-513,39.6922,13.0876
57.1,25148,467,39,-552,39.7023,13.0677
55.7,25976,466,43,-578,39.7035,13.0922
63.8,26324,463,34,-527,39.6852,13.0215
58.8,26792,465,38,-563,39.6885,13.0332
58.1,25570,469,29,-547,39.6858,13.0118
64.4,25722,471,33,-504,39.6818,13.0081
59.6,25701,469,31,-537,39.6880,13.0345
66.1,25270,463,40,-482,39.7063,13.0877
55.2,25921,465,38,-583,39.6931,13.0110
65.8,26137,471,49,-513,39.6721,13.0376
65.7,26299,470,29,-499,39.7002,13.0788
52.7,25093,470,46,-610,39.7044,13.0818
55.0,25914,466,39,-600,39.6943,13.0200
56.9,26093,467,33,-577,39.6882,13.0380
63.2,25651,466,37,-521,39.6924,13.0679
69.5,26687,465,30,-473,39.6939,13.0918
57.7,25268,466,41,-569,39.6838,13.0177
56.5,25405,471,43,-564,39.6990,13.0956
62.2,26195,468,37,-536,39.6844,13.0188
55.4,25718,470,43,-575,39.6800,13.0085
66.5,26080,466,24,-486,39.7014,13.0804
64.8,25912,469,40,-511,39.6948,13.0932
56.0,25782,467,43,-583,39.6930,13.0297
61.0,26197,466,45,-542,39.6899,13.0485
59.9,25532,468,45,-546,39.7006,13.0804
64.3,25777,468,37,-519,39.6947,13.0695
56.4,25096,469,30,-566,39.6860,13.0249
57.2,25939,468,39,-581,39.6926,13.0400
56.2,25426,465,37,-569,39.6970,13.0875
66.2,25180,470,32,-480,39.6945,13.0258
65.3,26472,471,37,-507,39.6878,13.0196
64.7,25928,462,39,-501,39.6875,13.0457
59.8,25988,469,36,-533,39.6954,13.0582
62.0,25921,470,36,-536,39.6944,13.0733
63.2,26731,471,38,-538,39.6932,13.0811
58.8,25288,471,40,-544,39.6882,13.0376
63.8,26201,470,35,-519,39.7033,13.0859
61.5,25993,463,38,-520,39.6952,13.0243
59.1,26584,468,44,-561,39.6886,13.0470
64.0,25884,463,30,-502,39.6901,13.0717
59.1,25703,472,31,-543,39.6873,13.0013
66.4,25489,468,32,-482,39.6886,13.0526
62.6,26880,466,35,-537,39.6911,13.0736
55.7,25873,462,27,-575,39.6936,13.0216
59.1,25410,468,33,-529,39.6984,13.0785
54.4,25260,464,35,-602,39.6922,13.0362
61.8,26135,470,35,-525,39.6783,13.0223
55.3,25012,463,45,-584,39.7078,13.0931
63.5,25600,466,37,-516,39.7001,13.0752
55.8,26272,467,41,-597,39.7024,13.0793
61.7,25702,464,41,-521,39.6947,13.0463
53.7,25324,463,38,-605,39.7001,13.0897
61.2,24966,465,31,-513,39.6777,13.0081
62.6,26238,471,30,-528,39.6857,13.0151
55.7,26199,467,40,-590,39.6922,13.0415
58.4,26676,470,34,-567,39.6936,13.0535
60.2,25656,462,31,-529,39.7024,13.0954
66.4,26593,466,30,-510,39.6886,13.0676
56.0,26031,463,36,-595,39.6907,13.0690
57.3,25055,468,38,-563,39.6859,13.0214
63.5,25173,463,31,-519,39.6808,13.0055
57.4,26648,469,25,-568,39.6848,13.0148
62.7,26458,468,37,-525,39.6967,13.0828
58.4,26090,470,32,-561,39.6956,13.0502
58.7,26081,468,44,-572,39.6897,13.0550
63.7,26798,462,38,-530,39.6911,13.0381
61.3,26348,463,31,-540,39.6930,13.0571
59.5,25287,471,36,-548,39.6856,13.0053
55.2,25986,468,31,-598,39.6952,13.0396
57.8,25904,465,38,-562,39.7077,13.0924
59.0,26197,462,30,-549,39.6865,13.0338
63.6,25882,463,29,-506,39.7044,13.0863
55.9,25424,471,43,-586,39.6873,13.0454
62.2,26171,465,40,-537,39.6931,13.0784
68.6,26172,465,30,-469,39.6861,13.0477
64.5,25634,469,38,-499,39.6838,13.0424
56.3,26284,462,26,-574,39.7074,13.0670
61.3,26451,467,32,-539,39.6965,13.0532
64.0,26327,472,33,-509,39.6911,13.0131
57.4,26042,468,40,-564,39.6928,13.0174
56.6,25185,469,39,-575,39.6830,13.0283
55.7,26621,463,45,-610,39.6943,13.0508
55.5,25359,471,38,-586,39.6797,13.0176
57.8,26411,464,30,-569,39.6852,13.0295
60.3,26012,463,32,-547,39.6936,13.0461
60.8,26371,469,43,-551,39.6870,13.0582
58.5,26588,470,36,-578,39.6869,13.0301
55.8,25019,467,45,-573,39.6878,13.0073
55.8,26126,470,39,-591,39.6886,13.0140
61.9,26032,472,43,-534,39.6874,13.0513
63.5,25747,471,32,-524,39.7012,13.0890
58.8,25622,468,29,-558,39.7044,13.0884
54.5,25088,463,36,-588,39.6998,13.0433
56.9,25679,468,39,-583,39.6878,13.0143
52.7,25721,463,43,-631,39.6884,13.0310
56.6,26526,462,38,-573,39.6993,13.0815
62.9,25993,463,42,-518,39.7008,13.1001
67.2,26603,470,33,-495,39.6889,13.0293
60.7,24972,463,47,-528,39.6956,13.0904
56.1,26535,470,33,-591,39.7009,13.0900
56.3,25838,471,47,-593,39.6842,13.0188
65.6,25865,463,47,-508,39.6844,13.0220
62.3,25604,468,29,-509,39.6999,13.0938
57.7,24983,463,41,-549,39.6993,13.0448
57.2,25971,469,31,-560,39.6928,13.0177
54.5,25846,466,41,-603,39.6892,13.0351
63.0,26368,464,34,-532,39.7050,13.0954
61.0,25528,467,30,-529,39.7058,13.0876
68.4,26064,470,32,-470,39.7110,13.0963
64.6,25826,466,26,-498,39.6903,13.0406
57.5,26539,468,38,-571,39.6926,13.0522
60.2,25497,470,43,-542,39.6916,13.0663
59.1,25714,466,30,-538,39.6979,13.0685
64.9,25041,471,35,-485,39.6772,13.0168
61.6,26630,470,44,-544,39.6916,13.0371
62.1,25057,466,32,-522,39.6997,13.0604
57.3,26024,470,43,-575,39.6911,13.0155
58.7,25897,464,36,-562,39.6969,13.0966
63.6,25435,467,33,-503,39.6922,13.0550
53.9,25859,467,37,-616,39.6863,13.0145
61.1,26252,464,26,-538,39.6988,13.0879
57.8,25926,465,39,-574,39.6993,13.0688
62.5,26214,471,32,-539,39.7029,13.0882
56.7,25809,467,41,-578,39.6934,13.0566
64.5,25787,466,35,-504,39.7032,13.0935
61.5,26815,466,33,-549,39.7021,13.0855
63.1,25982,467,48,-531,39.6931,13.0947
54.3,25634,464,41,-590,39.6965,13.0564
53.1,25180,462,31,-608,39.6977,13.0716
52.7,25081,463,41,-616,39.7047,13.0863
55.4,25491,462,42,-582,39.6872,13.0427
59.7,26055,467,30,-536,39.6779,13.0090
61.0,25553,462,35,-531,39.7075,13.0950
62.9,26276,469,39,-532,39.6868,13.0482
57.6,26015,469,32,-578,39.6922,13.0403
61.7,25664,465,30,-528,39.7066,13.0881
55.9,26672,470,41,-604,39.7041,13.0891
57.3,26846,470,31,-585,39.7066,13.0920
65.9,26628,462,37,-507,39.6862,13.0721
55.1,25262,464,31,-576,39.7057,13.0805
62.4,26572,466,45,-538,39.6849,13.0187
55.7,24952,466,40,-573,39.6896,13.0242
63.4,25908,470,42,-516,39.6818,13.0126
55.5,26022,468,39,-584,39.6972,13.0337
67.7,26652,470,34,-495,39.6762,13.0243
59.7,26267,471,39,-540,39.7065,13.0984
61.1,26256,467,33,-548,39.6936,13.0260
66.3,26534,471,36,-498,39.6893,13.0718
64.4,26350,462,46,-530,39.6942,13.0957
60.2,24965,464,26,-517,39.7009,13.0392
56.3,26265,465,47,-596,39.6883,13.0751
58.0,25103,467,41,-560,39.6894,13.0567
58.6,25591,464,31,-560,39.6993,13.0666
59.3,25350,462,29,-532,39.6917,13.0517
65.8,26738,471,42,-516,39.6792,13.0363
63.8,25396,468,34,-507,39.7003,13.0704
66.7,26564,465,40,-490,39.6931,13.0621
54.1,25093,468,40,-597,39.7004,13.0767
67.8,26510,468,37,-478,39.6858,13.0243
68.5,26562,462,27,-474,39.6837,13.0239
55.7,26138,467,33,-599,39.6868,13.0152
60.1,26307,462,39,-561,39.6869,13.0571
63.8,26448,469,31,-512,39.6822,13.0230
59.7,26357,468,34,-544,39.6934,13.0680
58.6,26308,467,37,-570,39.6950,13.0464
57.9,26413,467,45,-567,39.7058,13.0910
65.3,26605,470,32,-508,39.6860,13.0214
66.2,25660,470,32,-490,39.6847,13.0077
57.7,26146,463,30,-567,39.6952,13.0338
59.3,26644,470,39,-557,39.6965,13.0766
56.8,25681,465,41,-567,39.7035,13.0843
57.0,26801,466,33,-587,39.6994,13.0907
56.9,26437,472,36,-571,39.6908,13.0182
58.8,25488,466,38,-539,39.6877,13.0154
63.0,25062,463,46,-510,39.6976,13.0912
55.6,26699,462,35,-613,39.6960,13.0834
63.7,25469,465,32,-503,39.6809,13.0081
54.9,26775,466,35,-619,39.6927,13.0281
54.6,25932,470,34,-597,39.6871,13.0259
61.2,26745,464,37,-552,39.7004,13.0825
66.1,25518,462,35,-493,39.6790,13.0195
58.8,26615,465,37,-558,39.7056,13.0774
53.3,25553,468,42,-614,39.6818,13.0325
63.3,25112,470,44,-505,39.6998,13.0806
54.9,26712,462,34,-618,39.6959,13.0591
55.9,26459,466,36,-596,39.6920,13.0580
63.2,25032,471,38,-519,39.7044,13.0894
66.9,26639,468,30,-489,39.6965,13.0722
62.1,25989,468,29,-533,39.6782,13.0160
57.2,26397,462,31,-579,39.6996,13.0867
56.1,25054,463,28,-554,39.6967,13.0548
61.1,25787,472,28,-527,39.6947,13.0652
58.0,26078,468,37,-564,39.7021,13.0680
57.1,25389,472,38,-571,39.6996,13.0789
59.5,26295,464,35,-552,39.6896,13.0131
65.1,26324,470,28,-498,39.6957,13.0942
55.0,26862,466,41,-621,39.6965,13.0681
57.3,26835,464,31,-574,39.7010,13.0826
66.7,25276,472,37,-474,39.6895,13.0782
62.9,26702,470,40,-538,39.6908,13.0546
56.8,25946,471,47,-581,39.6926,13.0600
57.6,25010,463,31,-545,39.6953,13.0636
64.4,25317,466,35,-511,39.6832,13.0376
58.4,26884,464,39,-572,39.6995,13.0770
56.3,26040,465,36,-585,39.7052,13.0691
57.6,26655,466,40,-581,39.6960,13.0636
56.8,25842,471,31,-569,39.6941,13.0605
59.4,24992,469,39,-543,39.6954,13.0628
59.3,26245,462,37,-551,39.6755,13.0148
63.8,25384,469,34,-511,39.7037,13.0835
53.1,25515,469,42,-620,39.6995,13.0627
57.4,25731,466,33,-562,39.6850,13.0251
64.1,25710,462,27,-501,39.7033,13.0793
65.4,26807,463,33,-509,39.6849,13.0562
63.1,24962,467,38,-507,39.6946,13.0385
55.6,26055,467,44,-601,39.6910,13.0402
54.9,25060,468,44,-590,39.6958,13.0732
53.9,25074,467,45,-596,39.6956,13.0475
59.1,25619,466,34,-546,39.6972,13.0811
58.0,25602,472,35,-563,39.6992,13.0951
59.6,25249,465,31,-535,39.6810,13.0045
67.0,25592,471,33,-472,39.7004,13.0683
66.6,26389,464,37,-502,39.6732,13.0203
54.2,25388,463,43,-594,39.6986,13.0657
62.1,26543,464,31,-530,39.6984,13.0816
59.9,26705,465,33,-574,39.7015,13.0679
64.4,26399,472,35,-522,39.6923,13.0470
59.4,26827,465,38,-574,39.6852,13.0320
63.5,25107,469,32,-503,39.6967,13.0748
61.7,26301,469,48,-538,39.6848,13.0308
56.7,25295,471,34,-551,39.6909,13.0089
59.0,25118,469,41,-538,39.6877,13.0522
65.3,26103,464,41,-502,39.7023,13.0978
67.6,25743,464,28,-479,39.7062,13.0788
55.8,26447,467,34,-595,39.6811,13.0035
58.3,26824,470,35,-587,39.7002,13.0635
60.5,26092,470,40,-561,39.6803,13.0097
65.8,26369,468,37,-501,39.6822,13.0442
56.0,25903,469,38,-591,39.6938,13.0687
64.7,26750,469,39,-524,39.6932,13.0698
64.8,26755,471,47,-533,39.6871,13.0729
63.0,25955,462,36,-527,39.6963,13.0578
66.4,26668,466,40,-496,39.6971,13.0727
60.2,25965,465,39,-544,39.7059,13.0790
55.4,26440,467,45,-610,39.6915,13.0246
61.0,25233,462,48,-527,39.6805,13.0208
65.3,25641,472,31,-506,39.6850,13.0415
56.8,26327,464,36,-572,39.6963,13.0743
57.1,25800,472,39,-565,39.6899,13.0505
55.1,26123,466,37,-597,39.6893,13.0592
64.8,26393,467,33,-509,39.7027,13.0711
53.2,25778,465,40,-622,39.6789,13.0107
58.6,25198,470,39,-530,39.7043,13.0844
58.4,26418,471,32,-553,39.7059,13.0879
65.3,26511,465,39,-521,39.6982,13.0741
56.2,25681,470,33,-572,39.6924,13.0277
65.7,25878,469,31,-510,39.6841,13.0569
65.6,26231,471,43,-512,39.6855,13.0200
54.5,26790,470,40,-626,39.6825,13.0062
62.9,26926,467,28,-524,39.6911,13.0308
55.8,26791,471,36,-608,39.7004,13.0590
64.3,26867,471,28,-517,39.6930,13.0739
66.8,26536,466,39,-500,39.6903,13.0290
59.0,25277,465,41,-549,39.6947,13.0483
65.2,25255,466,27,-492,39.7055,13.0866
62.2,26924,462,33,-542,39.6849,13.0137
61.0,26697,470,38,-551,39.6945,13.0667
59.6,25685,469,30,-539,39.7061,13.0796
61.6,26724,466,42,-547,39.6789,13.0159
55.0,26615,462,35,-609,39.7044,13.0772
61.2,25277,464,45,-528,39.6819,13.0547
62.0,26535,466,39,-533,39.6936,13.0413
59.0,25652,464,28,-541,39.6902,13.0119
57.0,25497,462,39,-555,39.6968,13.0856
55.5,25491,468,41,-597,39.6905,13.0416
62.9,26803,463,27,-526,39.6853,13.0153
65.6,25330,471,35,-497,39.6974,13.0766
68.0,26857,470,31,-496,39.6747,13.0142
60.1,25886,471,26,-534,39.6871,13.0140
65.1,25519,465,28,-499,39.6879,13.0173
60.5,26708,471,36,-560,39.6843,13.0135
54.4,25573,465,28,-595,39.7025,13.0925
64.2,26533,467,40,-531,39.6941,13.0668
61.7,26215,466,29,-524,39.6868,13.0089
64.0,25250,465,28,-505,39.6921,13.0634
59.5,26767,464,32,-561,39.7016,13.0837
62.7,25809,465,41,-520,39.6922,13.0852
58.4,25089,464,29,-551,39.7050,13.0930
62.9,26800,470,33,-528,39.7056,13.0831
58.3,26644,471,40,-558,39.6864,13.0194
63.4,26437,464,35,-517,39.6868,13.0491
56.3,25493,463,39,-582,39.6904,13.0316
62.7,25297,467,33,-516,39.6933,13.0720
67.0,26735,469,38,-497,39.7046,13.0918
56.4,26310,469,39,-572,39.7042,13.0780
62.4,25622,470,30,-512,39.6916,13.0634
60.0,25566,468,44,-542,39.6890,13.0695
55.1,25836,469,42,-597,39.6982,13.0489
56.0,25296,465,34,-569,39.6894,13.0378
56.4,25386,472,31,-576,39.6999,13.0448
56.5,26023,464,38,-579,39.7056,13.0960
58.5,25662,470,43,-558,39.6895,13.0209
64.0,26395,471,36,-532,39.6952,13.0741
59.8,25760,465,39,-550,39.6839,13.0189
59.9,26556,469,35,-554,39.6809,13.0053
56.9,26899,471,38,-591,39.6931,13.0881
62.9,26733,470,39,-528,39.7049,13.0925
59.8,24939,465,36,-538,39.6912,13.0556
66.4,26099,468,28,-487,39.6931,13.0653
59.3,26761,464,43,-568,39.6926,13.0620
55.8,26854,463,46,-605,39.6975,13.0677
64.6,25439,464,39,-497,39.6786,13.0176
64.1,25001,462,34,-501,39.6910,13.0231
58.3,26461,470,50,-584,39.6821,13.0544
54.6,25488,465,38,-583,39.6981,13.0540
61.8,25492,463,38,-527,39.7045,13.0912
55.2,26627,469,42,-618,39.6873,13.0152
56.5,26845,463,39,-597,39.7126,13.0947
62.2,25070,469,30,-514,39.6882,13.0334
58.8,26716,471,34,-575,39.7003,13.0593
56.4,26580,464,35,-586,39.6912,13.0477
65.4,25065,471,38,-491,39.6935,13.0933
58.6,24973,471,34,-543,39.6882,13.0603
53.7,25060,467,35,-590,39.6916,13.0655
58.2,25276,469,32,-548,39.6958,13.0787
54.7,25674,465,39,-596,39.6956,13.0879
66.7,26322,465,40,-500,39.6970,13.0606
65.6,26494,462,36,-498,39.6904,13.0283
63.6,26699,470,29,-521,39.6985,13.0617
56.3,26902,463,37,-595,39.6987,13.0436
61.4,26153,468,40,-535,39.6898,13.0407
67.4,26420,467,35,-496,39.6872,13.0299
61.5,26728,469,36,-540,39.6826,13.0318
56.1,25426,463,39,-586,39.7018,13.0859
58.4,25607,467,43,-561,39.6963,13.0772
66.4,26251,466,33,-504,39.6821,13.0157
64.3,25284,462,34,-514,39.6907,13.0778
58.2,25857,469,46,-570,39.6919,13.0561
56.2,25385,465,34,-573,39.6882,13.0354
64.4,25146,469,33,-499,39.7017,13.0858
55.4,25900,463,40,-597,39.7036,13.0783
61.6,26498,466,36,-530,39.6993,13.0858
63.0,25417,468,27,-500,39.6971,13.0496
63.6,25779,465,30,-512,39.6971,13.0947
63.1,25897,464,39,-524,39.6914,13.0571
66.6,26380,469,33,-488,39.7010,13.0751
58.8,25364,466,33,-534,39.6855,13.0404
58.4,26056,470,33,-574,39.6863,13.0511
60.3,26550,470,36,-551,39.6901,13.0427
61.8,26603,470,35,-543,39.6966,13.0887
59.6,25420,470,28,-542,39.6974,13.0470
55.4,25314,466,34,-581,39.6773,13.0045
55.0,25016,467,39,-584,39.6958,13.0656
58.0,26115,464,36,-563,39.7005,13.0942
60.6,26429,468,40,-545,39.6979,13.0511
55.1,25460,467,31,-587,39.6988,13.0922
60.2,26654,471,43,-563,39.6968,13.0483
58.6,25975,463,43,-556,39.7003,13.0992
62.8,24999,468,36,-512,39.7000,13.0723
53.9,26536,464,39,-628,39.7012,13.0646
55.9,25906,464,40,-589,39.6832,13.0357
67.3,25075,463,34,-466,39.6844,13.0268
64.4,25331,465,28,-487,39.6887,13.0530
63.7,25965,471,41,-517,39.7061,13.0914
57.2,24944,472,36,-574,39.6905,13.0269
68.3,26919,470,28,-490,39.7002,13.0943
55.5,25750,469,31,-580,39.6819,13.0070
56.0,26159,471,40,-599,39.6875,13.0745
54.9,25939,463,45,-605,39.6947,13.0326
65.4,25462,469,28,-500,39.6983,13.0523
62.0,26918,469,34,-541,39.6893,13.0859
60.8,25270,472,33,-517,39.6918,13.0172
61.6,26781,466,41,-536,39.6935,13.0497
57.4,25815,466,32,-552,39.6861,13.0121
62.7,26171,471,36,-535,39.6950,13.0923
66.4,25000,468,38,-473,39.6866,13.0550
60.8,25022,469,37,-519,39.6994,13.0717
55.4,26080,467,36,-585,39.7065,13.0894
57.4,26802,471,31,-585,39.6903,13.0117
64.0,26086,469,32,-518,39.7010,13.0626
55.2,26698,471,38,-616,39.6994,13.0586
60.0,25055,469,32,-536,39.7001,13.0546
58.4,26219,472,38,-577,39.6843,13.0537
62.5,26672,472,35,-527,39.6873,13.0253
59.8,26599,466,38,-555,39.6968,13.0776
54.6,25867,471,35,-603,39.6936,13.0585
61.0,25405,465,29,-525,39.6905,13.0053
64.6,26472,468,48,-529,39.6909,13.0655
64.6,26639,463,25,-505,39.6923,13.0094
54.6,25222,471,33,-574,39.7100,13.0872
60.9,26233,471,46,-546,39.6817,13.0529
66.0,26589,464,27,-494,39.7037,13.0929
59.0,25337,467,33,-539,39.6937,13.0774
57.3,26127,471,36,-578,39.7089,13.0865
59.4,25941,463,32,-554,39.6976,13.0584
65.5,25735,467,41,-501,39.6916,13.0392
57.8,25333,464,39,-565,39.6861,13.0024
63.3,26250,470,32,-518,39.6858,13.0376
58.9,26193,471,38,-560,39.6957,13.0631
60.7,26020,469,45,-544,39.6867,13.0441
55.8,25829,472,41,-581,39.6892,13.0095
56.0,26377,467,38,-585,39.7028,13.0617
62.1,26131,464,38,-530,39.6862,13.0219
66.0,26836,463,44,-517,39.6840,13.0218
66.2,25762,464,41,-495,39.6865,13.0685
59.1,26481,470,31,-551,39.6906,13.0250
57.5,25322,462,31,-558,39.6958,13.0259
64.9,26844,468,43,-525,39.6857,13.0211
68.6,26394,469,31,-473,39.6914,13.0489
66.9,26564,467,27,-489,39.6931,13.0872
57.9,25554,470,39,-557,39.6953,13.0255
63.5,26705,462,30,-528,39.6753,13.0138
64.2,26063,466,34,-513,39.6954,13.0840
66.2,26679,468,30,-502,39.6947,13.0913
62.1,26583,471,31,-535,39.6866,13.0654
57.9,25402,464,36,-554,39.6937,13.0542
55.1,25530,469,35,-599,39.6988,13.0747
66.8,26540,469,33,-492,39.6977,13.0894
64.8,26338,469,36,-503,39.7076,13.0968
64.1,25722,464,28,-497,39.6906,13.0483
54.1,25327,469,35,-601,39.6957,13.0822
58.2,26900,470,45,-572,39.6840,13.0242
63.6,26461,462,34,-521,39.6893,13.0686
61.7,26304,467,29,-533,39.6829,13.0148
65.2,24994,470,43,-492,39.6869,13.0453
55.8,26523,469,36,-598,39.6926,13.0236
62.1,25282,467,31,-516,39.6965,13.0876
63.7,25800,468,33,-515,39.6774,13.0255
62.3,26555,467,42,-539,39.6866,13.0221
57.0,26461,471,36,-585,39.6949,13.0625
62.6,26582,468,38,-526,39.6898,13.0201
64.6,25586,470,31,-494,39.6817,13.0202
66.0,26864,464,35,-515,39.6824,13.0727
68.5,26890,466,28,-488,39.6979,13.0677
56.4,25620,472,39,-560,39.7015,13.0740
60.8,25869,471,38,-540,39.6926,13.0186
55.6,25225,471,37,-568,39.6787,13.0152
64.5,26567,468,43,-523,39.6779,13.0329
59.3,25387,469,40,-544,39.6900,13.0075
67.7,25962,469,37,-476,39.6909,13.0779
53.8,25647,462,44,-605,39.6865,13.0363
56.9,24932,462,34,-551,39.7027,13.0755
59.4,25453,468,44,-556,39.6820,13.0395
61.6,25331,464,44,-530,39.6951,13.0824
60.8,26487,465,42,-557,39.7013,13.0722
60.9,26302,470,39,-550,39.7011,13.0698
65.7,25500,465,37,-485,39.6834,13.0147
67.2,26512,462,41,-489,39.6868,13.0238
56.7,25489,470,42,-572,39.7035,13.0731
53.8,25575,468,33,-608,39.6931,13.0279
60.2,26319,463,35,-537,39.6990,13.0738
58.2,25025,466,37,-535,39.7059,13.0856
54.4,25449,464,45,-607,39.6978,13.0843
56.7,25141,469,38,-566,39.6992,13.0646
60.9,26900,468,31,-540,39.6951,13.0614
55.5,24952,468,39,-569,39.6926,13.0280
55.7,25617,463,36,-587,39.6864,13.0327
57.7,25064,463,34,-544,39.6904,13.0055
64.5,24975,465,42,-500,39.6847,13.0492
55.7,25593,468,41,-592,39.6879,13.0087
63.4,25693,470,31,-504,39.7062,13.0943
65.0,25736,471,30,-507,39.6914,13.0551
60.0,26454,465,32,-556,39.6939,13.0580
60.1,26822,468,34,-563,39.7047,13.0757
54.0,25901,469,41,-609,39.6912,13.0521
57.5,26369,468,37,-561,39.7094,13.0904
58.4,25591,472,38,-552,39.6919,13.0593
59.0,26322,467,33,-556,39.6899,13.0647
55.2,25955,464,35,-588,39.7053,13.0779
59.3,25519,471,33,-538,39.6856,13.0290
58.9,25908,470,43,-561,39.7035,13.0919
53.3,25224,463,34,-605,39.7084,13.0812
61.6,26353,465,30,-535,39.7003,13.0968
61.6,25213,465,38,-516,39.6851,13.0117
54.1,25189,467,37,-597,39.6960,13.0787
62.6,26425,467,36,-521,39.7045,13.0842
63.0,25811,464,31,-511,39.6978,13.0736
52.8,24998,472,46,-616,39.6895,13.0568
65.7,25721,466,33,-492,39.6920,13.0510
62.4,25151,467,29,-513,39.6958,13.0439
61.8,26691,465,40,-544,39.7009,13.0664
65.9,25038,463,27,-475,39.6851,13.0087
56.9,26083,462,35,-560,39.6917,13.0097
57.8,26087,470,42,-577,39.6937,13.0703
69.1,26876,471,33,-484,39.6826,13.0222
56.7,25972,469,39,-562,39.6831,13.0209
62.2,26278,465,44,-547,39.6844,13.0724
68.1,26886,470,35,-495,39.6941,13.0982
58.7,26728,471,46,-572,39.6850,13.0294
63.3,26139,471,34,-517,39.6783,13.0129
67.0,26854,468,33,-495,39.6948,13.0437
67.3,26066,464,39,-488,39.6986,13.0752
65.4,25118,469,30,-485,39.7036,13.0989
55.0,26164,462,33,-594,39.6954,13.0093
58.2,25302,465,41,-555,39.7026,13.0756
59.0,26635,465,39,-564,39.7000,13.0972
58.5,26487,469,43,-579,39.6963,13.0604
58.6,26361,469,43,-565,39.6952,13.0797
54.7,25412,463,33,-586,39.7026,13.0882
62.0,26048,465,38,-521,39.7006,13.1006
55.4,25086,470,42,-579,39.6938,13.0214
65.2,26050,470,35,-505,39.6876,13.0534
58.9,25867,464,29,-550,39.6912,13.0100
63.8,26206,470,25,-505,39.6974,13.0501
59.1,25696,464,43,-544,39.6839,13.0058
55.5,25629,471,39,-580,39.6927,13.0338
59.6,26807,465,46,-560,39.6908,13.0594
61.7,25571,466,37,-530,39.6912,13.0569
57.3,26020,463,29,-555,39.6984,13.0422
56.9,26089,466,35,-573,39.7011,13.0501
63.2,25133,466,38,-500,39.6947,13.0377
60.2,25195,463,44,-532,39.6940,13.0453
53.0,25423,463,46,-613,39.6983,13.0498
64.3,25660,471,41,-514,39.6889,13.0682
64.7,26582,465,33,-514,39.6993,13.0773
56.4,26345,467,41,-593,39.6937,13.0637
59.9,25728,465,36,-529,39.6941,13.0562
53.0,25028,468,39,-608,39.6886,13.0513
55.8,26483,462,49,-611,39.6914,13.0808
63.7,25755,462,45,-522,39.6821,13.0334
58.2,26919,470,41,-563,39.6843,13.0317
54.6,25015,471,30,-580,39.6978,13.0261
64.9,25370,467,40,-501,39.6984,13.0866
60.5,26901,462,36,-562,39.6968,13.0933
69.6,26796,466,24,-470,39.6979,13.0710
60.2,25285,469,41,-534,39.6829,13.0171
57.2,25355,470,42,-574,39.6973,13.0893
65.9,25837,469,39,-493,39.6925,13.0703
57.0,25521,470,44,-578,39.6952,13.0687
67.2,24950,471,32,-463,39.6873,13.0239
54.2,25519,462,41,-610,39.6793,13.0053
55.8,25463,463,29,-565,39.6857,13.0333
64.6,26125,469,31,-511,39.6999,13.0797
54.7,25165,464,37,-573,39.7051,13.0681
61.0,25181,465,36,-519,39.7043,13.0733
59.1,25550,463,26,-531,39.6994,13.0795
61.5,26243,466,37,-535,39.6909,13.0324
58.3,25605,471,33,-559,39.6951,13.0683
60.4,25123,469,35,-528,39.6825,13.0135
57.9,25481,468,41,-554,39.6907,13.0125
64.2,26452,468,26,-505,39.7099,13.0960
62.8,25531,468,41,-517,39.6944,13.0493
58.8,25711,467,39,-550,39.6934,13.0869
54.8,25548,468,43,-590,39.7030,13.0797
60.0,25432,465,36,-544,39.6819,13.0121
59.5,25768,472,35,-537,39.6995,13.0929
58.7,25107,470,47,-546,39.6789,13.0128
60.5,25578,469,35,-535,39.6877,13.0139
66.2,26335,463,30,-491,39.6995,13.0754
64.2,26713,468,29,-520,39.7015,13.0640
64.0,25285,469,29,-499,39.7055,13.0959
62.2,26611,470,28,-529,39.6879,13.0362
54.9,25041,463,39,-576,39.7096,13.0863
54.9,26605,465,41,-617,39.7010,13.0879
57.0,26554,463,34,-580,39.6987,13.0672
53.4,25122,472,45,-609,39.6948,13.0849
62.4,25368,464,37,-527,39.6846,13.0333
59.0,25355,463,39,-541,39.6979,13.0522
56.5,26314,465,44,-591,39.6948,13.0860
56.8,25973,465,39,-575,39.6867,13.0294
54.4,26161,466,44,-612,39.6955,13.0651
58.6,26529,468,46,-570,39.6912,13.0338
61.5,24942,468,30,-509,39.6998,13.0878
55.2,25316,471,40,-575,39.7013,13.0787
60.0,26253,468,32,-554,39.6900,13.0310
60.9,26876,465,32,-541,39.6874,13.0354
65.2,25380,466,34,-486,39.6874,13.0306
61.5,26868,463,37,-540,39.6934,13.0311
64.9,26899,469,34,-506,39.6953,13.0547
53.6,25463,468,44,-604,39.7009,13.0697
55.2,25471,470,42,-597,39.7014,13.0657
62.6,26102,465,35,-529,39.6923,13.0929
64.5,25022,463,42,-503,39.6836,13.0249
60.5,25136,468,34,-524,39.6963,13.0766
65.2,25026,468,29,-480,39.7006,13.0814
54.8,25810,471,36,-589,39.7020,13.0674
57.6,25596,470,42,-556,39.6800,13.0106
55.6,25637,471,44,-587,39.6874,13.0092
56.3,25383,470,36,-575,39.6842,13.0316
63.8,26877,466,36,-529,39.6945,13.0702
54.9,25479,462,36,-580,39.6857,13.0131
65.9,26864,471,36,-502,39.6888,13.0385
62.6,26179,468,29,-512,39.6899,13.0360
66.8,26623,471,38,-508,39.6724,13.0229
54.4,24989,466,30,-582,39.7056,13.0920
65.8,26878,469,33,-511,39.6820,13.0271
55.7,24966,463,42,-574,39.7064,13.0928
56.1,25257,463,32,-565,39.6984,13.0634
61.3,26428,466,42,-555,39.6815,13.0360
66.0,26758,467,37,-508,39.6826,13.0578
61.2,26730,468,34,-552,39.7022,13.0869
64.3,26416,464,36,-521,39.6983,13.0702
56.0,26077,471,33,-594,39.6964,13.0452
57.9,26824,469,37,-586,39.6880,13.0068
62.3,26752,467,28,-531,39.6925,13.0146
55.0,25532,469,46,-602,39.7017,13.0788
60.7,25277,468,37,-534,39.6989,13.0947
60.3,26832,469,40,-561,39.6838,13.0475
65.0,25801,468,37,-500,39.6905,13.0356
65.0,26363,470,34,-504,39.6832,13.0090
63.8,25959,467,38,-528,39.7048,13.0976
63.1,25304,467,25,-500,39.7102,13.0801
68.1,26477,464,29,-484,39.6958,13.0498
55.8,26647,466,38,-604,39.7001,13.0548
57.6,26507,472,37,-574,39.6810,13.0281
53.3,26065,464,41,-630,39.6979,13.0950
57.1,25427,466,39,-559,39.6866,13.0085
55.5,25054,471,40,-577,39.7099,13.0924
62.5,25708,464,36,-524,39.7036,13.0816
55.3,26340,465,37,-598,39.6956,13.0630
60.8,26849,469,40,-548,39.6975,13.0589
64.2,26301,471,28,-503,39.7019,13.0935
59.6,26455,468,36,-547,39.6879,13.0264
62.3,26414,467,31,-524,39.6931,13.0411
66.7,25962,465,29,-488,39.6960,13.0864
55.9,25112,462,45,-578,39.6959,13.0926
63.2,25431,467,37,-498,39.7038,13.0945
58.8,25811,468,34,-549,39.7030,13.0782
63.6,25804,462,34,-514,39.6986,13.0634
54.3,24966,463,32,-590,39.7019,13.0504
64.7,25285,469,33,-494,39.6825,13.0412
54.0,25938,465,39,-607,39.7064,13.0911
56.8,26312,470,39,-592,39.6872,13.0190
55.5,25848,463,36,-591,39.6873,13.0112
58.8,25957,463,31,-547,39.6890,13.0027
53.9,24949,466,43,-594,39.6897,13.0341
61.6,25920,469,40,-529,39.6951,13.0457
57.8,26393,470,36,-568,39.6982,13.0891
65.8,25875,465,35,-503,39.6744,13.0294
64.4,25112,471,36,-486,39.6862,13.0077
64.1,25384,467,36,-507,39.6932,13.0900
56.5,25367,471,33,-577,39.6876,13.0007
54.9,26164,467,34,-603,39.6946,13.0352
58.9,25585,462,43,-563,39.6804,13.0433
65.4,25378,464,37,-493,39.7041,13.0932
64.9,26328,469,33,-498,39.6955,13.0354
58.5,25123,467,38,-547,39.6973,13.0978
60.9,25107,464,38,-531,39.6813,13.0424
54.3,25128,467,50,-599,39.6965,13.0655
60.4,25308,464,45,-538,39.6798,13.0349
63.5,26277,471,42,-524,39.6895,13.0547
59.4,25843,464,31,-537,39.6888,13.0573
58.4,25597,467,39,-557,39.6816,13.0282
57.9,26843,470,38,-590,39.6878,13.0680
62.3,25147,468,38,-527,39.6991,13.0725
66.9,25695,469,44,-485,39.6867,13.0620
62.8,26138,471,34,-530,39.6812,13.0196
58.9,25597,467,28,-547,39.6945,13.0582
67.4,26743,466,39,-487,39.6899,13.0666
57.0,26659,464,31,-568,39.6853,13.0342
64.6,25905,467,34,-500,39.6913,13.0728
64.7,25889,469,41,-515,39.7049,13.0873
61.2,26854,469,42,-552,39.6853,13.0265
65.1,26442,472,42,-513,39.6925,13.0895
67.8,26296,470,31,-488,39.6871,13.0237
63.3,24957,472,32,-512,39.6907,13.0486
56.1,25248,462,42,-561,39.7086,13.0831
59.2,26631,469,36,-567,39.6936,13.0427
56.0,25950,472,46,-592,39.7020,13.0818
58.4,26108,467,42,-567,39.6908,13.0627
63.3,26856,463,40,-527,39.6912,13.0901
63.8,25682,470,45,-514,39.6914,13.0961
66.8,25188,468,36,-470,39.6972,13.0694
62.1,26719,472,32,-533,39.6820,13.0279
64.8,25673,467,32,-501,39.6952,13.0856
56.0,26183,464,28,-589,39.6950,13.0636
59.3,25530,470,42,-547,39.6957,13.0770
63.8,26361,469,33,-511,39.6906,13.0316
55.5,25030,463,35,-571,39.6859,13.0339
64.0,26449,468,33,-513,39.6806,13.0269
55.4,25224,468,29,-574,39.6952,13.0172
61.4,26225,468,40,-550,39.6802,13.0238
65.8,26465,464,35,-508,39.6813,13.0158
56.7,26051,465,35,-572,39.6878,13.0325
67.1,26200,465,27,-496,39.6795,13.0068
65.2,25347,470,41,-488,39.6857,13.0139
63.3,26700,466,40,-532,39.6821,13.0205
56.1,25323,463,38,-567,39.6959,13.0262
56.2,25934,463,40,-583,39.6993,13.0617
62.9,25599,472,36,-517,39.6974,13.0542
63.2,25457,469,36,-514,39.7014,13.0703
53.5,25235,465,40,-604,39.6946,13.0632
60.7,25435,466,40,-541,39.7004,13.0948
57.7,26794,470,23,-567,39.7070,13.0668
54.7,25065,471,30,-577,39.6978,13.0513
57.5,25802,463,33,-566,39.6922,13.0413
58.2,26262,465,33,-575,39.6866,13.0440
66.6,26910,467,39,-508,39.6801,13.0498
60.7,25551,466,31,-535,39.7000,13.0742
54.8,25021,468,38,-571,39.7102,13.0942
57.4,26843,466,44,-576,39.6868,13.0025
67.2,26421,471,39,-488,39.6818,13.0433
64.7,26557,466,34,-512,39.6995,13.0968
54.9,25004,469,38,-576,39.7113,13.0873
57.3,26479,466,39,-594,39.6910,13.0442
56.1,26189,465,40,-602,39.6948,13.0454
64.2,24954,468,39,-492,39.6913,13.0340
58.5,25884,467,37,-558,39.6826,13.0061
64.8,26606,465,34,-515,39.6829,13.0320
66.5,25344,472,27,-480,39.6867,13.0271
57.9,24983,467,32,-542,39.6942,13.0587
63.6,26521,467,47,-534,39.6860,13.0443
60.1,25156,464,43,-543,39.6958,13.0495
66.9,25616,466,38,-481,39.6860,13.0158
54.2,25975,464,46,-607,39.6981,13.0546
62.3,25116,463,38,-508,39.6844,13.0115
66.3,26739,462,29,-507,39.6815,13.0087
61.1,25920,466,31,-536,39.6984,13.0680
63.3,26763,464,40,-529,39.6978,13.0636
58.3,24977,463,32,-546,39.7010,13.0477
58.8,25219,468,39,-553,39.6978,13.0680
59.9,26087,468,35,-538,39.7071,13.0913
63.0,25898,463,44,-516,39.6967,13.0986
61.2,26153,469,39,-538,39.6884,13.0300
59.5,26020,471,44,-547,39.6967,13.0575
57.6,25122,463,36,-545,39.7020,13.0610
61.7,25996,463,32,-531,39.6933,13.0655
56.3,26908,462,32,-590,39.6978,13.0927
59.3,24991,469,37,-540,39.6894,13.0432
63.8,25774,465,40,-516,39.6943,13.0615
54.7,25026,469,38,-584,39.6828,13.0382
64.9,26535,469,42,-526,39.6899,13.0832
56.2,25467,467,44,-579,39.6974,13.0511
57.5,25226,462,35,-559,39.7065,13.0810
62.2,26715,469,35,-539,39.7007,13.0909
57.2,26221,464,39,-564,39.6876,13.0358
56.7,26465,470,42,-594,39.6950,13.0812
65.5,26103,463,36,-498,39.6923,13.0460
59.9,26531,472,30,-546,39.7054,13.0738
63.1,26268,469,30,-520,39.6833,13.0322
59.0,26695,465,33,-558,39.7038,13.0745
63.6,25804,465,35,-514,39.7019,13.0822
60.9,25098,467,38,-531,39.6855,13.0190
63.2,26760,469,43,-543,39.6890,13.0295
66.1,25917,462,35,-487,39.6843,13.0148
59.9,26471,462,38,-549,39.6836,13.0477
59.6,26459,463,34,-553,39.7073,13.0819
61.7,25033,467,42,-530,39.6913,13.0735
55.4,25473,468,31,-577,39.7019,13.0925
56.6,25402,463,38,-573,39.6880,13.0022
58.4,26324,466,30,-563,39.7077,13.0919
54.3,25442,470,50,-600,39.7028,13.0821
53.6,25448,468,32,-605,39.6879,13.0370
55.1,25631,471,34,-590,39.7040,13.0943
58.0,24976,462,32,-552,39.6796,13.0034
64.6,25786,472,41,-501,39.6805,13.0340
59.2,25157,467,35,-542,39.6860,13.0112
65.7,26390,462,36,-503,39.6913,13.0836
66.9,26755,463,38,-497,39.6933,13.0707
66.8,26799,464,28,-492,39.7040,13.0882
58.0,26614,470,40,-575,39.6942,13.0392
53.2,25565,469,34,-617,39.7003,13.0547
57.8,26570,465,41,-580,39.7010,13.0970
59.5,25169,463,31,-530,39.7053,13.0581
62.6,26635,471,46,-546,39.6917,13.0530
65.5,25799,468,40,-499,39.6936,13.0957
63.2,25277,465,29,-510,39.7016,13.0951
62.8,26479,467,38,-540,39.7008,13.0846
64.0,26858,466,27,-515,39.6917,13.0123
67.0,26376,468,30,-488,39.6907,13.0801
64.1,25181,467,30,-495,39.6899,13.0312
68.9,26337,465,37,-473,39.6791,13.0137
56.1,25305,468,46,-574,39.6899,13.0340
58.2,25335,467,43,-558,39.6956,13.0953
63.3,25922,467,31,-523,39.6863,13.0303
57.0,26303,463,34,-575,39.6880,13.0310
63.1,26875,469,27,-517,39.6961,13.0646
56.4,25332,470,34,-565,39.7003,13.0826
60.1,26271,466,35,-556,39.6909,13.0722
58.7,25901,468,30,-550,39.6987,13.0726
65.3,26866,467,38,-512,39.6965,13.1002
62.3,26209,467,34,-522,39.6945,13.0764
59.7,24985,464,42,-543,39.7004,13.0872
61.5,25975,469,42,-534,39.6863,13.0261
57.2,26151,466,32,-575,39.7032,13.0810
62.6,26333,471,30,-525,39.7060,13.0778
56.7,25833,471,34,-574,39.6870,13.0582
65.2,26349,465,31,-518,39.6939,13.0842
61.3,26120,467,39,-543,39.6787,13.0085
56.7,26116,467,43,-584,39.6847,13.0354
66.7,26910,465,30,-510,39.6832,13.0318
62.6,25893,468,39,-532,39.7003,13.0872
65.7,25097,465,28,-488,39.7018,13.0759
58.0,26204,467,34,-565,39.6911,13.0168
69.2,26571,468,35,-472,39.6864,13.0667
65.4,25716,470,37,-506,39.7021,13.0732
61.5,25076,464,37,-525,39.7043,13.0994
62.3,26086,470,32,-530,39.6943,13.0633
63.5,25740,464,32,-513,39.6874,13.0136
60.9,25334,471,32,-525,39.7070,13.0934
58.0,25028,470,46,-554,39.7050,13.0904
61.5,26369,470,30,-542,39.6859,13.0480
55.5,25686,464,39,-574,39.7057,13.0818
58.0,26088,471,26,-556,39.6982,13.0442
55.8,25349,466,44,-579,39.7042,13.0819
58.4,25077,467,45,-553,39.6791,13.0152
55.8,25210,471,43,-568,39.6948,13.0311
60.1,25811,468,37,-553,39.6948,13.0919
54.6,25020,471,41,-582,39.7106,13.0898
60.2,25423,471,36,-530,39.6876,13.0127
54.4,26002,463,42,-605,39.7036,13.0970
54.8,25313,466,31,-577,39.6990,13.0965
67.6,26516,463,28,-484,39.6998,13.0976
55.1,25318,466,29,-574,39.7036,13.0736
63.3,26845,467,33,-541,39.6801,13.0082
55.5,26553,467,32,-599,39.6905,13.0384
53.6,24949,471,35,-589,39.6857,13.0225
67.4,26486,469,31,-490,39.6934,13.0722
68.0,26444,472,29,-490,39.6998,13.0681
52.6,25054,467,35,-621,39.6916,13.0342
61.0,26303,463,24,-526,39.6973,13.0560
59.0,25691,465,40,-566,39.6846,13.0504
64.0,25159,468,41,-506,39.6847,13.0129
55.3,26452,471,32,-602,39.7006,13.0939
60.6,26655,469,41,-555,39.6923,13.0573
66.1,26511,470,44,-510,39.6741,13.0322
57.3,26926,466,32,-575,39.6963,13.0600
57.2,25624,472,44,-577,39.6943,13.0439
54.8,25572,467,40,-583,39.6855,13.0253
54.3,25696,465,39,-595,39.6859,13.0322
64.1,26838,470,39,-527,39.6998,13.0933
60.1,25604,470,44,-538,39.6843,13.0321
63.6,25026,464,35,-505,39.6935,13.0299
55.3,25544,472,40,-576,39.6839,13.0112
54.9,25189,471,31,-586,39.6979,13.0477
58.8,26428,471,39,-560,39.6958,13.0688
64.6,26838,465,31,-510,39.6862,13.0319
56.5,25832,469,29,-563,39.6842,13.0296
57.7,25029,467,39,-551,39.7027,13.0519
59.5,25352,470,29,-538,39.7047,13.0945
62.1,25486,464,35,-519,39.6904,13.0367
63.2,26248,466,32,-515,39.6898,13.0502
57.0,26817,467,38,-583,39.6798,13.0180
58.8,26361,472,41,-560,39.6947,13.0979
53.1,24967,462,42,-611,39.6852,13.0330
61.7,25884,464,35,-535,39.6861,13.0089
59.5,26109,470,35,-550,39.6900,13.0490
59.0,26439,465,38,-553,39.6799,13.0099
58.0,25902,469,35,-562,39.6783,13.0241
64.0,26135,472,33,-523,39.6823,13.0220
61.8,25352,467,43,-512,39.6976,13.0894
62.1,24970,472,38,-499,39.6873,13.0141
67.1,26406,470,31,-489,39.6907,13.0346
61.7,26351,466,39,-536,39.6938,13.0238
56.5,26915,470,44,-605,39.6796,13.0280
64.1,26801,471,39,-528,39.6860,13.0518
56.4,25106,464,46,-574,39.7019,13.0945
60.3,26626,471,35,-547,39.7021,13.0899
55.7,24965,472,44,-572,39.6995,13.0793
57.0,26565,469,37,-594,39.6974,13.0524
63.1,25571,465,31,-509,39.6999,13.0753
61.8,26720,466,32,-541,39.6961,13.0927
62.6,26400,471,39,-524,39.7075,13.0911
64.2,26554,468,37,-519,39.6781,13.0173
60.0,26203,470,42,-560,39.6909,13.0861
63.7,25494,465,38,-497,39.7011,13.0767
56.3,26503,471,35,-583,39.6981,13.0855
64.2,26461,467,27,-509,39.6931,13.0360
59.0,26327,464,33,-556,39.6946,13.0432
64.3,26520,463,30,-520,39.7029,13.0875
59.6,25659,468,36,-559,39.6855,13.0195
54.7,25093,471,45,-592,39.6887,13.0133
57.6,25033,466,34,-551,39.6961,13.0338
64.6,26327,468,33,-514,39.6754,13.0200
58.3,25257,467,42,-559,39.7048,13.0889
55.8,25155,469,43,-576,39.6856,13.0369
67.0,25261,469,32,-476,39.6971,13.0561
56.3,25032,470,47,-572,39.6899,13.0495
57.6,26015,464,33,-570,39.6927,13.0178
55.9,26722,469,32,-597,39.7091,13.0839
62.4,25659,464,46,-526,39.6801,13.0267
58.9,26113,462,42,-561,39.6777,13.0173
69.3,26384,470,38,-471,39.7023,13.0985
53.3,25023,466,45,-601,39.6850,13.0480
61.6,25002,472,28,-514,39.6946,13.0568
59.5,25194,471,34,-534,39.7058,13.0923
68.4,26739,463,24,-481,39.7066,13.0786
56.6,26051,465,41,-579,39.6969,13.0443
59.5,25929,463,40,-550,39.6833,13.0155
65.1,24997,472,36,-495,39.6828,13.0205
62.2,26142,463,37,-522,39.6989,13.0407
57.2,25681,466,43,-580,39.7040,13.0781
56.9,26570,465,37,-593,39.6901,13.0115
68.2,26534,469,30,-484,39.6965,13.0763
56.6,24961,471,37,-569,39.6935,13.0660
55.4,26384,462,43,-609,39.6869,13.0293
62.8,25406,464,27,-503,39.6888,13.0378
59.1,25306,472,42,-546,39.7005,13.0939
64.4,25606,463,47,-517,39.6744,13.0269
60.5,25094,469,39,-527,39.6921,13.0293
57.2,26451,466,28,-572,39.6980,13.0532
68.3,26615,469,32,-486,39.6898,13.0040
66.1,26699,463,31,-503,39.7013,13.0982
64.5,26521,466,31,-502,39.6938,13.0615
55.2,25430,462,46,-589,39.7021,13.0987
55.3,25199,463,38,-578,39.6978,13.0609
61.7,25815,467,34,-524,39.6940,13.0906
62.3,25998,467,32,-518,39.6958,13.0461
61.5,26851,470,38,-543,39.6969,13.0655
60.3,25010,471,42,-531,39.6897,13.0254
61.8,26472,468,33,-541,39.6943,13.0447
69.6,26423,469,30,-467,39.6943,13.0592
56.5,25436,466,44,-565,39.6829,13.0227
67.2,25764,463,25,-479,39.7101,13.0926
63.2,25460,471,33,-504,39.7037,13.0777
53.9,24994,472,37,-584,39.7025,13.0710
61.4,25044,466,38,-521,39.6957,13.0789
59.1,26128,468,36,-565,39.6796,13.0375
60.2,26379,465,39,-551,39.6962,13.0240
62.9,26426,469,34,-529,39.6977,13.0813
56.0,25149,469,47,-583,39.6985,13.0769
57.0,26810,472,40,-573,39.7109,13.0900
63.4,25970,466,45,-521,39.6931,13.0436
54.1,25757,466,41,-606,39.6905,13.0400
64.8,26023,463,36,-495,39.7076,13.0890
63.1,24952,466,43,-507,39.6892,13.0816
66.2,26678,471,37,-509,39.6876,13.0864
57.5,26083,462,40,-566,39.6892,13.0075
60.9,26207,467,37,-553,39.7052,13.0929
53.1,24980,468,40,-606,39.6900,13.0716
59.3,25552,464,31,-542,39.6935,13.0751
65.2,26070,471,37,-509,39.6952,13.0635
53.7,25882,468,38,-617,39.6852,13.0330
62.4,26734,464,44,-543,39.6834,13.0362
68.3,26325,467,32,-481,39.6861,13.0163
55.5,26828,465,35,-601,39.7036,13.0837
63.6,25722,468,34,-505,39.7028,13.0894
58.9,25786,468,38,-563,39.6896,13.0446
54.2,24967,468,32,-581,39.7031,13.0740
63.4,26496,463,30,-529,39.6770,13.0125
55.7,26709,470,41,-601,39.6962,13.0389
65.0,25235,468,38,-492,39.6882,13.0268
63.2,25746,469,35,-520,39.6964,13.0945
57.4,26482,471,31,-573,39.6889,13.0418
63.0,25201,470,43,-509,39.6920,13.0388
63.7,25958,465,40,-517,39.6913,13.0468
59.0,25175,471,38,-555,39.6816,13.0302
64.6,26438,469,27,-512,39.6930,13.0265
53.9,25607,463,42,-604,39.6990,13.0611
54.1,26346,469,43,-624,39.6870,13.0043
63.0,26546,469,41,-543,39.6929,13.0926
55.2,26420,469,39,-603,39.6917,13.0537
63.8,26588,465,37,-528,39.6830,13.0227
58.3,25606,470,34,-554,39.6853,13.0459
54.2,25359,465,41,-602,39.6894,13.0209
57.4,26425,469,30,-572,39.6898,13.0148
57.7,26584,464,41,-580,39.6915,13.0664
57.4,26839,471,37,-579,39.6838,13.0203
52.3,24934,468,37,-614,39.6952,13.0428
56.2,26383,465,30,-578,39.7044,13.0919
58.3,25616,470,27,-540,39.7056,13.0797
64.5,26546,468,29,-527,39.6957,13.0727
53.6,25412,467,35,-602,39.7017,13.0942
58.3,25790,463,38,-554,39.6829,13.0213
62.0,26860,470,41,-537,39.6822,13.0432
56.0,24997,470,41,-576,39.7033,13.0939
59.8,26259,469,30,-539,39.7041,13.0807
58.1,25971,472,44,-561,39.6980,13.0690
62.3,25078,464,40,-516,39.6852,13.0305
67.4,26057,462,39,-487,39.6938,13.1014
54.1,25880,470,45,-611,39.6805,13.0079
63.8,24996,465,38,-514,39.6940,13.0637
62.0,25635,464,34,-515,39.6976,13.0608
64.8,25633,463,31,-501,39.7046,13.0886
59.8,25833,468,31,-535,39.6966,13.0425
61.5,26356,464,35,-544,39.6960,13.0930
63.1,25779,471,40,-515,39.6876,13.0405
54.7,25721,462,40,-587,39.6954,13.0538
60.7,25164,471,35,-526,39.6880,13.0183
65.3,25247,465,36,-494,39.6931,13.0637
57.1,26604,469,38,-573,39.6956,13.0499
58.4,26921,465,34,-558,39.6827,13.0047
62.9,25043,464,27,-503,39.6947,13.0566
64.0,25873,471,34,-518,39.6950,13.0351
64.2,25419,472,38,-514,39.6810,13.0526
56.7,25113,469,42,-563,39.6853,13.0067
57.1,26717,463,31,-588,39.6889,13.0041
58.0,26641,471,43,-571,39.6965,13.0629
62.8,26655,467,29,-525,39.7014,13.0787
56.2,24972,468,44,-569,39.7007,13.0897
61.9,26187,465,34,-525,39.6920,13.0817
54.3,25035,471,43,-588,39.6948,13.0655
64.9,26197,462,38,-507,39.7022,13.0854
56.5,26147,468,33,-583,39.6951,13.0401
58.9,26704,466,30,-551,39.6938,13.0039
63.4,26409,468,34,-530,39.6898,13.0858
60.2,25898,470,33,-531,39.6846,13.0305
65.9,26916,470,41,-524,39.6869,13.0675
59.7,25201,464,30,-531,39.6931,13.0239
60.6,25763,471,40,-534,39.6822,13.0249
62.2,26282,469,43,-528,39.6995,13.0708
55.3,26614,467,38,-608,39.6959,13.0614
62.8,26355,469,39,-524,39.6853,13.0623
60.4,25676,468,26,-525,39.6952,13.0393
67.1,26388,466,41,-500,39.6947,13.0796
66.8,26849,465,29,-502,39.6781,13.0130
56.1,26848,464,36,-614,39.7038,13.0832
65.9,25214,471,35,-484,39.7006,13.0844
59.8,26352,467,39,-543,39.6853,13.0361
60.1,25267,468,45,-538,39.6740,13.0113
54.9,25516,467,41,-579,39.6894,13.0079
54.9,26014,463,33,-592,39.6826,13.0196
58.5,25030,464,35,-551,39.7008,13.0874
65.4,26172,464,31,-498,39.6885,13.0393
58.0,25296,465,36,-548,39.6946,13.0311
55.9,26740,465,40,-609,39.6852,13.0049
58.4,25371,468,36,-545,39.6996,13.0812
63.6,25572,462,37,-517,39.6889,13.0878
60.6,25948,464,38,-542,39.6943,13.0815
63.6,26016,464,36,-525,39.6861,13.0390
68.0,25871,468,35,-474,39.6788,13.0206
54.5,26315,469,36,-617,39.6869,13.0501
67.3,26307,470,36,-485,39.6987,13.0784
56.2,25539,469,33,-571,39.7042,13.0826
58.3,26784,467,29,-566,39.7135,13.0942
63.3,25554,463,36,-504,39.6942,13.0940
58.6,26216,464,35,-549,39.6931,13.0556
63.0,26597,471,38,-517,39.6889,13.0520
64.4,26138,463,42,-514,39.7003,13.0913
59.5,26815,464,34,-558,39.6956,13.0457
56.6,26450,469,35,-592,39.6949,13.0817
62.5,25803,463,29,-517,39.7010,13.0889
62.4,26500,469,28,-518,39.6940,13.0317
61.4,26240,462,36,-532,39.7012,13.0451
54.3,26240,468,39,-617,39.6890,13.0281
61.9,26029,468,33,-520,39.6916,13.0326
59.9,26573,469,38,-546,39.6984,13.0597
63.8,25647,467,39,-517,39.6830,13.0445
60.1,26254,463,43,-547,39.7008,13.0783
62.4,25572,468,37,-520,39.6929,13.0816
64.4,25715,470,39,-508,39.6775,13.0220
58.3,26588,467,33,-570,39.7076,13.0856
54.4,25535,467,34,-599,39.6976,13.0394
65.5,26044,464,31,-500,39.7039,13.0941
58.8,25722,466,47,-556,39.6905,13.0344
59.3,24957,468,34,-545,39.6971,13.0532
57.5,25288,471,37,-576,39.6890,13.0623
54.0,25822,467,33,-606,39.6863,13.0317
59.3,24946,467,27,-531,39.6905,12.9987
60.9,26434,472,38,-555,39.6869,13.0550
58.9,25945,467,27,-547,39.6898,13.0056
59.0,25158,462,39,-541,39.6775,13.0101
63.9,25926,469,31,-513,39.6982,13.0568
55.5,25837,467,38,-575,39.7003,13.0795
59.7,26730,464,44,-563,39.6845,13.0171
61.5,25497,470,36,-533,39.6949,13.0700
64.2,26816,463,34,-522,39.6852,13.0370
68.5,26662,464,37,-477,39.6977,13.0753
58.1,26628,463,40,-569,39.6883,13.0439
57.6,26038,463,30,-558,39.6951,13.0602
55.0,26014,463,39,-607,39.7053,13.0855
54.1,25672,468,51,-611,39.6803,13.0087
60.6,26140,463,36,-537,39.6895,13.0783
60.3,26199,464,41,-551,39.6964,13.0606
56.5,26815,464,34,-591,39.7017,13.0870
57.4,26000,472,33,-578,39.6838,13.0257
60.5,26565,470,38,-565,39.6935,13.0728
59.6,26852,468,40,-564,39.6924,13.0528
62.9,26557,465,32,-531,39.6895,13.0544
60.8,25698,462,41,-530,39.6970,13.0569
58.9,26165,471,44,-568,39.6853,13.0241
56.3,25253,470,35,-577,39.6945,13.0557
68.1,26897,465,34,-489,39.6984,13.0932
69.3,26218,471,29,-467,39.6920,13.0234
65.3,25674,462,36,-492,39.6969,13.0433
61.5,25869,469,35,-531,39.6960,13.0512
64.0,26235,463,37,-520,39.7014,13.0985
58.3,26327,467,34,-555,39.6847,13.0121
59.6,24983,465,50,-540,39.6799,13.0154
54.9,25343,467,30,-576,39.6971,13.0193
58.3,26116,466,30,-552,39.6942,13.0740
63.4,25554,468,38,-512,39.6995,13.0817
55.1,25376,465,36,-586,39.7061,13.0956
69.1,26005,468,28,-465,39.6908,13.0220
63.7,26045,467,40,-508,39.6782,13.0183
62.4,24993,463,29,-519,39.6962,13.0734
58.9,25078,470,32,-536,39.6874,13.0449
60.9,26081,465,38,-551,39.6811,13.0182
60.7,25986,468,33,-548,39.6910,13.0348
59.6,26396,464,45,-564,39.6940,13.0597
62.0,25985,464,31,-518,39.7135,13.0926
56.6,26584,472,37,-579,39.6848,13.0237
59.6,25738,464,33,-529,39.7051,13.0851
67.1,26857,469,32,-513,39.6845,13.0392
56.2,25086,471,34,-566,39.6993,13.0829
61.7,25469,472,32,-513,39.7073,13.0695
66.6,25992,465,42,-494,39.6857,13.0693
57.0,25318,467,34,-575,39.6950,13.0605
62.3,25702,471,36,-529,39.6883,13.0341
55.0,25010,470,39,-578,39.7045,13.0907
56.4,25365,466,34,-564,39.6870,13.0149
60.3,26456,467,30,-545,39.6842,13.0474
66.5,25927,467,41,-497,39.6773,13.0116
54.7,26472,463,37,-609,39.6807,13.0225
57.8,25502,471,49,-569,39.6908,13.0810
61.2,26223,470,42,-532,39.6949,13.0498
56.1,25244,471,47,-571,39.6988,13.0796
67.2,26771,464,35,-491,39.6972,13.0858
62.5,26707,467,29,-528,39.6884,13.0159
57.2,25239,467,37,-564,39.6900,13.0405
57.5,26189,462,38,-574,39.6794,13.0180
61.4,26002,462,39,-543,39.6842,13.0287
64.0,25868,466,41,-515,39.6942,13.0995
55.7,25630,463,34,-572,39.6886,13.0105
62.5,26906,469,35,-538,39.7042,13.0861
60.2,26554,470,41,-562,39.7018,13.0770
61.7,26111,467,31,-529,39.6957,13.0820
60.0,26542,472,34,-553,39.6883,13.0576
56.7,25534,469,48,-577,39.6909,13.0738
63.2,26672,465,40,-533,39.6936,13.0503
60.3,25035,470,47,-537,39.6938,13.0665
69.5,26587,469,26,-471,39.6953,13.0572
57.1,26830,469,39,-583,39.7019,13.0826
58.4,25857,463,34,-565,39.6949,13.0797
53.6,25165,472,45,-608,39.6840,13.0047
58.5,25060,472,33,-549,39.6869,13.0052
58.6,26668,463,35,-575,39.6821,13.0174
58.4,26571,467,37,-568,39.6855,13.0338
56.9,26365,468,43,-576,39.6844,13.0442
56.7,26159,470,41,-581,39.6945,13.0687
62.7,26056,470,33,-525,39.6911,13.0877
62.0,26798,462,47,-553,39.7037,13.0968
64.1,25075,468,28,-488,39.7013,13.0717
63.5,25425,471,38,-510,39.6899,13.0528
54.8,25726,470,32,-590,39.6992,13.0386
55.9,25723,467,38,-581,39.6960,13.0438
66.4,25830,462,33,-488,39.6912,13.0723
62.9,24931,472,34,-504,39.6844,13.0181
60.4,25862,465,37,-541,39.7072,13.0955
61.6,26380,471,31,-536,39.6901,13.0791
56.2,25304,469,37,-582,39.6950,13.0655
55.2,26059,470,36,-600,39.6900,13.0495
61.4,25363,467,44,-520,39.6906,13.0525
60.5,25565,462,35,-529,39.6966,13.1004
60.3,26814,471,41,-547,39.6774,13.0073
57.2,25597,463,43,-568,39.6878,13.0390
60.5,26232,470,40,-542,39.6873,13.0361
64.1,26753,470,39,-519,39.6936,13.0412
62.6,25069,462,38,-502,39.7038,13.1004
59.8,25681,463,37,-549,39.6889,13.0092
56.8,25127,467,46,-569,39.6854,13.0233
59.4,25803,467,42,-560,39.6837,13.0126
57.8,25583,463,39,-555,39.6899,13.0525
60.0,26927,467,26,-548,39.6890,13.0043
55.0,25728,471,29,-587,39.6874,13.0001
54.0,25361,462,39,-611,39.6888,13.0120
62.2,26088,471,38,-542,39.6826,13.0362
56.6,25560,471,36,-561,39.7071,13.0966
61.2,25242,470,46,-535,39.6834,13.0249
61.8,25897,462,39,-524,39.6951,13.0410
66.2,26878,467,31,-505,39.6834,13.0453
59.0,25793,472,31,-547,39.7037,13.0950
60.1,25051,464,34,-523,39.7068,13.0818
54.5,25740,472,45,-608,39.7057,13.0808
59.8,24950,464,37,-537,39.6900,13.0359
61.2,26414,466,36,-541,39.6841,13.0268
61.2,25395,469,35,-532,39.6860,13.0401
57.4,25002,468,40,-554,39.6833,13.0470
58.6,25210,470,36,-535,39.6951,13.0613
68.7,26181,465,29,-472,39.6761,13.0107
59.2,25227,464,37,-554,39.7014,13.0798
59.7,26256,468,40,-534,39.6970,13.0526
60.6,24980,465,46,-521,39.7009,13.0959
61.0,26020,470,38,-528,39.7101,13.0918
53.7,24990,466,33,-590,39.6936,13.0252
56.7,26021,468,45,-574,39.6824,13.0096
58.6,25058,465,37,-537,39.6838,13.0135
53.7,24954,464,33,-590,39.6986,13.0617
56.2,25330,466,34,-582,39.6860,13.0347
58.3,26018,464,35,-549,39.6884,13.0234
68.6,26618,471,39,-484,39.6952,13.0948
57.5,25604,470,36,-562,39.6914,13.0593
59.8,26596,463,30,-555,39.6894,13.0034
57.7,25556,468,39,-550,39.6997,13.0602
56.9,26043,465,35,-570,39.6904,13.0236
57.1,26057,468,32,-572,39.6859,13.0192
66.8,26728,466,34,-491,39.6879,13.0675
64.9,25696,464,28,-500,39.6784,13.0218
55.5,25424,462,35,-572,39.6946,13.0742
61.7,25439,470,34,-528,39.6849,13.0524
53.5,25625,465,35,-608,39.7037,13.0724
60.9,25991,471,46,-546,39.6951,13.0846
59.3,26390,464,23,-547,39.6973,13.0539
61.1,25698,469,39,-532,39.6820,13.0325
56.2,24976,467,40,-570,39.6912,13.0115
56.9,26088,471,37,-579,39.6966,13.0548
59.6,25883,462,35,-541,39.6879,13.0381
60.5,26643,470,34,-546,39.6980,13.0514
54.5,26157,467,37,-603,39.6885,13.0594
57.3,26043,463,34,-569,39.6797,13.0311
55.9,26722,468,44,-601,39.6887,13.0203
61.6,26812,462,42,-546,39.6923,13.0541
57.6,26918,463,30,-578,39.6923,13.0457
59.4,25991,468,32,-544,39.6969,13.0563
67.5,26599,463,30,-487,39.6983,13.0958
65.5,25701,466,38,-493,39.6948,13.0495
60.6,25241,464,32,-527,39.7041,13.0907
58.0,25963,471,41,-568,39.6802,13.0111
63.0,25149,464,33,-510,39.6927,13.0440
58.3,26200,468,27,-551,39.6906,13.0334
65.0,25947,468,27,-501,39.6816,13.0060
56.4,26103,462,37,-584,39.6816,13.0130
56.2,25746,467,33,-566,39.7050,13.0832
65.2,26610,464,41,-512,39.6890,13.0618
60.8,26448,464,31,-544,39.6972,13.0752
63.5,25579,466,41,-508,39.6980,13.0731
56.9,26286,464,37,-573,39.6922,13.0520
55.0,25887,467,32,-595,39.6994,13.0444
62.2,26655,466,36,-521,39.7063,13.1008
58.7,26345,468,38,-548,39.6903,13.0364
57.2,26665,471,36,-572,39.6845,13.0287
60.8,25932,467,27,-522,39.6925,13.0720
65.5,25285,471,41,-486,39.6985,13.0618
62.5,26909,466,38,-529,39.6969,13.0556
57.3,25485,464,30,-557,39.6864,13.0043
54.2,25022,469,35,-597,39.7010,13.0763
59.4,25084,468,41,-545,39.6985,13.0880
61.8,26734,467,35,-548,39.6863,13.0230
62.6,26715,468,30,-538,39.6882,13.0539
57.5,25597,470,49,-567,39.6956,13.1007
58.1,25959,462,28,-551,39.6806,13.0154
63.2,26647,470,40,-539,39.6966,13.0835
56.6,25241,462,32,-563,39.6862,13.0185
62.2,26427,464,40,-545,39.6870,13.0698
63.9,25035,465,39,-501,39.6845,13.0071
55.6,26690,470,30,-601,39.7009,13.0944
64.9,25477,464,29,-491,39.7050,13.0719
55.9,25984,471,39,-579,39.6818,13.0156
63.2,25518,465,30,-503,39.6958,13.0721
62.1,25789,462,37,-524,39.6880,13.0388
69.8,26358,468,27,-463,39.6965,13.0484
52.5,25253,468,49,-629,39.6907,13.0391
54.4,25027,463,31,-573,39.6987,13.0462
62.5,25331,467,38,-514,39.6944,13.0358
63.0,26463,466,36,-514,39.6897,13.0216
64.8,26485,467,37,-508,39.6863,13.0350
65.6,25222,462,40,-488,39.6923,13.0329
57.2,25240,469,42,-555,39.6870,13.0103
54.3,25193,469,40,-599,39.7013,13.0698
64.5,26795,467,40,-509,39.6865,13.0412
66.6,26586,471,36,-503,39.6979,13.0841
58.4,26773,467,30,-574,39.7020,13.0590
64.3,26324,472,31,-510,39.6960,13.0531
59.7,26706,467,34,-542,39.6999,13.0951
59.4,25557,464,34,-547,39.6889,13.0297
63.3,25696,472,39,-508,39.6860,13.0520
53.7,24930,467,44,-583,39.6994,13.0526
55.0,25158,462,41,-585,39.6907,13.0342
59.3,25096,464,40,-544,39.6916,13.0428
59.4,25733,469,35,-558,39.7032,13.0926
64.5,26229,469,37,-508,39.6848,13.0476
63.0,25705,469,44,-525,39.6954,13.0712
64.0,25915,469,29,-502,39.6974,13.0599
62.0,25539,465,34,-522,39.6926,13.0887
61.3,25832,472,29,-525,39.7083,13.0928
64.5,26009,469,41,-501,39.6859,13.0566
55.3,25434,462,31,-586,39.6979,13.0704
57.8,25370,471,36,-559,39.6966,13.0628
55.9,26471,467,36,-603,39.6982,13.0821
54.6,25060,466,39,-579,39.6910,13.0332
61.7,25816,463,47,-537,39.6961,13.0692
65.1,26726,466,42,-520,39.6821,13.0209
56.7,25105,467,41,-564,39.6962,13.0876
65.5,24929,470,43,-487,39.6848,13.0194
56.7,26397,468,32,-584,39.6920,13.0395
66.3,25862,463,34,-490,39.6963,13.0745
61.0,26535,463,33,-539,39.7009,13.0700
55.3,25671,464,45,-585,39.6948,13.0666
54.5,26358,464,33,-610,39.6913,13.0480
61.6,26640,471,27,-537,39.6871,13.0140
57.1,26411,466,32,-564,39.6826,13.0062
61.0,25527,466,47,-544,39.6959,13.0796
64.0,25609,469,37,-515,39.6787,13.0049
60.1,25655,471,41,-555,39.6789,13.0196
67.6,25866,466,30,-482,39.6884,13.0144
60.2,25856,469,41,-539,39.6950,13.0493
63.1,26892,466,31,-521,39.6953,13.0419
64.6,26086,467,24,-495,39.6781,13.0056
56.1,26291,468,42,-584,39.6807,13.0097
67.1,26493,472,33,-497,39.6946,13.0557
59.9,26358,472,40,-549,39.6900,13.0384
56.3,25169,466,43,-576,39.7007,13.0967
64.4,26486,472,36,-515,39.6822,13.0339
58.3,24975,465,41,-544,39.6888,13.0374
57.2,25384,464,46,-575,39.6984,13.0892
65.9,26263,466,38,-490,39.6916,13.0696
56.1,25687,471,48,-591,39.6890,13.0408
64.6,25336,468,33,-510,39.6922,13.0590
63.9,26866,469,41,-530,39.6896,13.0551
59.0,25748,463,32,-554,39.6905,13.0221
57.3,25096,463,32,-550,39.6879,13.0113
66.7,25868,467,35,-481,39.7006,13.0820
63.8,25842,464,35,-513,39.6940,13.0678
65.5,26569,468,37,-509,39.6880,13.0554
60.3,25358,464,36,-543,39.6923,13.0693
62.8,26051,468,30,-512,39.6980,13.0710
67.2,25982,470,30,-490,39.6926,13.0242
55.1,26193,462,36,-607,39.7018,13.0756
64.5,25976,469,36,-514,39.6871,13.0608
53.6,25567,466,39,-610,39.6968,13.0285
62.3,26574,469,27,-519,39.7063,13.0770
61.7,25319,463,28,-507,39.6856,13.0147
61.4,26577,464,38,-534,39.6891,13.0502
55.8,26305,464,39,-595,39.7120,13.0928
54.5,25746,464,44,-604,39.6793,13.0103
55.3,26712,467,40,-606,39.6825,13.0139
59.9,25456,464,42,-543,39.6860,13.0426
59.3,26810,467,45,-576,39.6803,13.0175
55.8,25867,465,32,-570,39.7025,13.0732
56.7,25832,468,31,-576,39.6952,13.0828
53.5,25252,463,43,-614,39.6899,13.0444
58.1,25115,470,48,-556,39.6908,13.0802
61.6,24949,464,33,-507,39.7075,13.0868
54.9,26588,472,35,-608,39.6922,13.0250
60.7,26531,471,43,-556,39.6784,13.0273
57.2,25242,470,42,-552,39.6875,13.0486
57.1,25170,463,42,-562,39.6837,13.0382
63.0,25918,468,30,-516,39.6775,13.0149
54.9,25060,462,43,-588,39.7087,13.0827
69.2,26743,467,31,-481,39.7035,13.0829
55.0,25482,463,47,-600,39.7047,13.0705
61.6,25602,469,39,-516,39.6996,13.0486
63.1,26351,468,32,-528,39.7037,13.0694
62.4,25016,472,38,-512,39.7005,13.1033
56.4,25291,467,39,-562,39.6940,13.0783
62.7,25574,467,39,-529,39.6964,13.0929
59.2,25825,465,32,-548,39.6888,13.0536
55.8,26409,465,36,-588,39.6889,13.0311
54.6,25302,463,46,-593,39.6919,13.0366
60.6,25371,465,34,-535,39.7030,13.0965
62.8,25654,467,36,-518,39.6831,13.0407
54.1,25183,467,37,-595,39.7064,13.0880
64.9,25225,464,36,-490,39.6962,13.0504
58.1,25863,471,31,-561,39.6985,13.0453
62.3,25375,471,32,-514,39.6960,13.0707
57.0,26895,467,44,-598,39.6975,13.0656
60.3,25033,464,34,-533,39.7071,13.0859
56.3,25357,468,43,-570,39.6779,13.0088
64.2,25588,467,37,-496,39.6820,13.0112
64.0,25844,472,37,-502,39.6974,13.0806
56.9,25354,466,41,-572,39.6863,13.0141
53.2,25350,464,38,-608,39.6886,13.0551
55.8,26383,466,36,-593,39.6947,13.0778
58.5,26613,465,33,-563,39.6893,13.0286
60.3,26219,466,33,-550,39.6894,13.0165
58.4,25109,467,47,-555,39.6886,13.0264
65.1,25939,464,29,-499,39.6906,13.0106
58.0,26184,464,42,-563,39.6875,13.0092
64.6,26256,469,41,-519,39.7004,13.0948
58.4,25775,466,45,-566,39.6835,13.0378
59.2,25953,465,29,-545,39.6917,13.0587
64.4,25423,470,37,-494,39.6929,13.0469
59.0,25952,470,37,-552,39.6995,13.0794
57.9,25644,468,44,-571,39.6969,13.0952
60.6,26102,463,40,-542,39.6798,13.0248
64.4,25843,470,35,-505,39.6792,13.0090
57.7,26465,466,41,-571,39.6832,13.0210
60.4,26166,469,31,-542,39.6931,13.0746
58.9,25780,469,40,-549,39.6860,13.0108
58.3,26059,465,44,-569,39.6858,13.0062
64.5,26683,463,40,-530,39.6986,13.0848
60.0,26342,470,34,-544,39.6905,13.0137
62.5,26427,464,40,-519,39.6857,13.0060
63.9,25245,463,33,-501,39.7057,13.0749
65.3,26048,465,43,-506,39.6850,13.0708
55.9,26889,469,34,-606,39.7006,13.0822
58.5,25826,469,27,-543,39.6914,13.0255
63.5,26180,466,45,-520,39.6786,13.0391
63.2,26041,465,32,-517,39.6982,13.0756
55.4,24945,466,31,-560,39.6972,13.0542
54.9,26062,463,41,-605,39.6826,13.0331
56.7,25443,472,43,-569,39.7066,13.0967
60.1,26328,465,31,-559,39.7077,13.0895
56.1,26308,471,32,-590,39.6933,13.0520
62.2,26726,470,34,-540,39.6933,13.0630
65.1,25190,466,39,-488,39.6899,13.0450
58.1,25957,466,40,-554,39.6964,13.0837
59.7,25055,463,43,-537,39.6981,13.0560
62.0,25729,469,49,-535,39.6774,13.0320
59.0,26742,464,24,-551,39.6910,13.0129
59.0,25299,467,36,-535,39.6950,13.0406
64.0,25931,467,31,-501,39.6831,13.0101
66.8,26489,464,34,-500,39.6819,13.0086
58.1,26653,465,41,-586,39.6982,13.0838
67.4,26543,469,33,-500,39.6919,13.0262
59.2,26824,465,33,-557,39.6870,13.0473
59.1,26283,463,42,-550,39.6802,13.0186
66.4,26409,469,37,-512,39.6841,13.0340
57.8,25800,463,38,-561,39.6847,13.0241
55.5,25349,467,48,-596,39.6986,13.0795
55.9,25632,471,38,-567,39.6943,13.0129
64.6,26242,469,38,-504,39.6932,13.0411
62.3,26147,469,30,-521,39.6917,13.0722
58.3,25022,467,34,-543,39.6891,13.0225
59.6,25386,465,42,-538,39.6809,13.0285
55.0,25005,467,47,-585,39.6916,13.0278
60.8,26408,465,31,-537,39.6859,13.0183
58.2,25229,470,37,-548,39.7034,13.0869
63.5,25038,472,28,-501,39.6791,13.0088
65.0,26411,464,38,-514,39.6926,13.0678
62.8,25499,464,30,-517,39.6965,13.0811
56.7,25246,471,34,-557,39.6979,13.0469
64.4,25334,472,41,-508,39.6887,13.0206
54.1,25547,469,41,-601,39.6950,13.0643
59.1,26181,465,33,-558,39.6901,13.0531
55.2,26166,468,44,-600,39.6832,13.0356
64.2,25657,471,31,-503,39.7040,13.0722
65.2,26313,468,33,-514,39.6931,13.0581
57.8,26755,472,30,-574,39.7003,13.0599
56.2,25762,468,44,-584,39.6914,13.0503
56.2,26708,472,43,-599,39.7083,13.0942
65.6,25871,463,39,-504,39.6822,13.0103
68.0,26574,462,29,-491,39.7034,13.0904
62.9,26028,466,32,-517,39.6765,13.0135
65.5,25917,470,45,-506,39.6780,13.0443
58.9,26455,469,35,-563,39.6914,13.0052
65.3,25907,467,36,-493,39.6859,13.0298
60.5,26695,471,35,-544,39.7027,13.0911
59.1,25113,464,30,-536,39.6889,13.0208
61.2,25628,471,40,-535,39.6772,13.0100
57.1,25902,469,46,-586,39.6900,13.0420
59.0,26664,470,35,-549,39.6999,13.0724
59.5,26670,463,38,-560,39.6945,13.0999
57.3,26423,470,38,-587,39.6957,13.0723
65.0,26699,464,32,-515,39.6946,13.0800
62.3,26381,470,39,-530,39.6856,13.0437
65.5,26680,465,44,-518,39.6916,13.0807
56.1,26346,471,34,-579,39.6850,13.0123
60.9,25818,462,40,-545,39.6884,13.0041
65.2,26747,468,37,-506,39.6743,13.0083
62.2,25169,469,41,-514,39.6828,13.0434
58.8,26091,469,36,-551,39.6803,13.0181
57.8,26193,466,27,-553,39.6903,13.0413
56.5,26610,467,33,-591,39.6936,13.0246
62.0,26075,469,29,-519,39.6927,13.0741
55.2,25330,463,42,-586,39.6915,13.0302
56.8,25042,467,40,-569,39.7000,13.0740
63.7,25957,465,34,-522,39.6849,13.0051
54.3,25943,466,39,-603,39.6989,13.0896
63.0,25101,466,38,-512,39.6795,13.0101
56.7,25360,471,36,-552,39.6940,13.0265
55.3,24942,469,41,-588,39.7028,13.0858
62.8,26376,470,37,-522,39.7011,13.0865
57.0,26893,469,34,-591,39.6856,13.0350
59.4,25655,469,39,-542,39.6984,13.0564
63.1,26020,471,30,-507,39.6855,13.0033
58.6,26084,472,28,-552,39.6819,13.0211
60.5,25744,462,42,-542,39.6853,13.0329
55.9,26219,464,35,-587,39.6925,13.0756
59.2,25510,463,46,-547,39.6982,13.0839
60.5,26815,469,41,-561,39.6928,13.0651
62.8,25288,462,35,-503,39.6796,13.0349
56.4,25392,470,41,-583,39.6991,13.0440
58.8,25730,470,37,-558,39.6942,13.0440
54.2,25246,467,42,-588,39.6832,13.0081
56.6,24998,465,31,-558,39.7015,13.0480
66.6,25537,469,35,-482,39.6981,13.0874
54.7,25510,472,41,-594,39.6883,13.0083
54.3,25499,464,46,-590,39.6988,13.0946
66.9,26614,463,38,-507,39.6984,13.0934
66.0,25099,466,36,-475,39.6980,13.0608
61.7,26564,464,36,-549,39.6918,13.0720
58.4,25017,466,33,-551,39.6869,13.0203
56.1,25425,467,31,-562,39.6896,13.0229
61.8,25511,471,29,-529,39.6935,13.0388
58.1,26611,470,43,-578,39.6952,13.0370
61.0,26199,471,41,-547,39.6884,13.0752
62.6,26290,467,43,-526,39.6836,13.0453
57.4,24990,471,39,-552,39.6831,13.0190
60.1,26706,465,35,-545,39.6948,13.0786
60.6,26117,465,40,-539,39.7039,13.0924
65.2,26885,464,42,-518,39.6912,13.0879
56.7,25756,471,29,-560,39.6831,13.0164
62.8,26519,464,28,-528,39.6999,13.0769
61.9,26547,470,38,-539,39.7006,13.0733
57.5,24999,470,26,-538,39.6984,13.0355
65.8,26872,469,36,-508,39.6796,13.0415
64.1,25716,463,35,-503,39.6927,13.0902
58.7,26738,465,47,-579,39.6997,13.0832
67.6,26781,465,34,-494,39.6969,13.0556
60.2,26725,464,34,-555,39.6916,13.0726
62.7,26249,468,35,-522,39.6832,13.0330
65.3,25944,470,30,-495,39.6958,13.0758
53.6,25025,464,39,-593,39.6886,13.0480
56.4,25301,463,25,-560,39.7066,13.0778
65.3,26624,464,31,-509,39.7034,13.0679
54.6,26111,470,38,-607,39.6939,13.0364
64.6,26790,471,33,-528,39.6939,13.0576
57.8,26501,471,40,-565,39.7043,13.0781
63.0,26050,463,33,-520,39.6940,13.0754
55.1,25171,467,36,-580,39.6864,13.0335
60.6,26765,471,32,-536,39.6861,13.0229
65.5,26314,469,33,-512,39.6809,13.0142
63.1,25580,472,41,-515,39.6820,13.0493
57.5,25420,464,33,-553,39.6865,13.0150
62.3,25187,470,30,-521,39.6924,13.0709
54.9,26300,462,42,-600,39.6885,13.0035
60.0,25765,471,39,-531,39.6904,13.0382
60.8,26845,462,32,-558,39.6794,13.0213
55.5,25822,471,34,-583,39.7047,13.0791
55.6,26387,470,30,-597,39.6888,13.0480
64.4,25338,466,37,-501,39.6907,13.0291
66.2,25827,465,35,-500,39.6881,13.0626
61.7,25448,469,34,-530,39.6907,13.0584
54.5,25142,471,34,-583,39.6838,13.0131
61.2,25312,471,36,-520,39.6857,13.0264
67.2,26132,471,31,-492,39.6906,13.0411
63.4,25553,465,39,-512,39.6941,13.0542
63.2,25060,466,33,-498,39.6948,13.0577
56.0,26703,470,42,-595,39.6861,13.0182
60.8,26518,467,29,-542,39.6838,13.0190
54.3,25130,462,37,-588,39.7048,13.0585
54.8,25681,465,39,-598,39.6891,13.0179
60.0,26636,464,44,-553,39.6843,13.0556
62.9,25093,471,50,-521,39.6911,13.0664
65.5,26672,468,32,-510,39.7012,13.0666
63.2,25322,468,31,-504,39.6997,13.0779
57.9,25208,465,46,-564,39.6886,13.0390
63.7,25140,468,26,-495,39.6862,13.0361
61.4,25063,466,35,-517,39.6806,13.0053
55.5,26313,467,41,-595,39.6856,13.0279
64.4,26061,469,40,-521,39.6843,13.0420
62.6,26284,470,38,-527,39.6882,13.0289
62.9,25085,468,33,-503,39.7056,13.0935
54.2,26283,470,50,-622,39.6933,13.0842
61.6,25795,462,30,-526,39.6891,13.0143
58.7,25549,471,43,-556,39.6855,13.0279
57.0,26576,467,42,-589,39.6962,13.0457
53.6,25151,462,36,-608,39.7031,13.0672
66.0,25298,471,33,-484,39.6844,13.0609
64.3,25495,465,37,-513,39.6867,13.0382
57.4,26458,470,31,-576,39.6868,13.0499
61.9,25178,468,31,-516,39.6985,13.0760
56.9,26437,471,30,-573,39.7056,13.0851
55.8,25034,467,35,-578,39.6964,13.0424
61.9,25632,463,32,-516,39.6963,13.0811
57.2,25961,467,42,-577,39.6911,13.0174
63.0,25619,472,30,-513,39.6955,13.0816
67.9,25545,465,30,-467,39.6998,13.0612
58.8,26920,466,27,-558,39.6875,13.0386
55.2,25507,465,44,-591,39.6914,13.0659
58.0,26873,469,41,-590,39.6924,13.0677
62.7,25826,467,33,-517,39.6824,13.0324
58.6,25317,465,36,-548,39.6991,13.0697
54.2,25703,463,41,-611,39.6946,13.0734
64.5,25060,464,42,-495,39.6800,13.0232
66.8,25832,467,36,-486,39.6910,13.0691
54.8,24961,469,46,-592,39.6789,13.0059
67.5,26541,465,35,-497,39.6962,13.0660
54.9,25457,468,38,-599,39.6866,12.9991
56.5,25712,471,37,-569,39.6851,13.0263
54.7,25460,471,30,-589,39.6842,13.0153
60.9,26188,468,39,-535,39.6929,13.0522
55.4,25561,464,33,-580,39.6970,13.0305
67.0,26064,464,33,-489,39.6784,13.0137
57.4,24932,468,38,-541,39.6899,13.0115
61.4,24990,463,40,-526,39.6895,13.0796
65.3,25760,467,27,-497,39.6895,13.0185
55.3,25164,462,37,-579,39.6889,13.0417
58.9,26564,468,44,-579,39.6850,13.0684
62.5,26598,467,36,-532,39.6778,13.0196
63.1,25837,465,34,-523,39.6802,13.0156
61.0,25145,468,41,-532,39.6968,13.0640
56.8,25097,465,31,-550,39.7030,13.0838
56.6,25225,465,32,-557,39.7036,13.0837
57.1,25897,469,41,-584,39.6789,13.0264
66.8,26391,464,29,-498,39.6933,13.0596
59.0,26641,466,37,-558,39.6939,13.0180
58.7,26905,469,24,-554,39.6931,13.0189
61.5,25120,470,46,-528,39.6780,13.0193
59.9,26291,464,31,-552,39.7030,13.0829
66.7,26782,466,39,-503,39.6875,13.0299
56.3,26854,467,27,-594,39.6864,13.0162
55.4,26042,468,40,-588,39.6911,13.0512
63.6,25376,471,41,-523,39.6871,13.0945
61.5,25844,471,34,-542,39.6819,13.0305
59.5,26825,465,32,-563,39.6873,13.0176
62.4,25430,471,38,-512,39.6920,13.0344
61.6,25245,471,33,-516,39.6911,13.0427
57.9,26206,467,35,-560,39.6920,13.0513
60.2,25961,465,43,-553,39.6887,13.0579
61.2,26692,464,38,-531,39.6959,13.0635
58.6,25028,470,40,-543,39.6925,13.0334
58.2,25945,468,33,-561,39.6944,13.0465
62.7,26086,472,35,-537,39.6896,13.0721
55.7,25119,465,33,-564,39.6981,13.0396
64.1,26048,472,38,-508,39.6795,13.0218
62.8,26080,464,32,-523,39.7026,13.0597
56.3,26453,467,44,-588,39.6927,13.0429
64.8,25686,465,32,-505,39.6947,13.0382
67.3,26717,465,43,-506,39.6825,13.0448
59.7,26274,463,37,-563,39.6952,13.0905
64.2,26846,469,40,-516,39.6839,13.0449
55.9,26272,464,35,-580,39.6901,13.0267
61.8,26893,468,38,-552,39.6799,13.0430
66.0,25229,470,42,-489,39.6862,13.0414
61.4,26194,466,42,-538,39.6920,13.0426
52.6,25038,467,41,-615,39.6989,13.0613
63.9,26203,468,32,-512,39.6973,13.0788
59.6,26499,468,31,-555,39.6898,13.0439
56.9,26049,470,39,-578,39.7027,13.0769
64.0,25192,463,43,-495,39.6853,13.0469
63.9,26161,469,39,-521,39.6959,13.0935
55.9,25128,472,48,-582,39.6937,13.0573
57.0,26213,465,44,-581,39.6987,13.0823
62.7,26011,470,43,-519,39.6847,13.0645
55.9,25709,471,43,-584,39.6784,13.0194
62.4,26840,463,49,-546,39.6971,13.0935
57.5,25549,467,39,-562,39.7011,13.0456
62.9,26519,462,41,-540,39.6849,13.0726
55.8,25969,465,30,-576,39.7079,13.0826
56.8,25434,468,43,-577,39.6932,13.0569
56.1,25124,462,43,-568,39.6852,13.0235
56.0,25391,468,37,-568,39.6913,13.0355
65.9,26080,470,36,-491,39.6875,13.0219
58.1,26911,470,45,-577,39.6962,13.0767
53.7,25257,465,44,-609,39.6863,13.0243
55.1,25028,469,45,-582,39.6946,13.0752
61.1,26334,470,41,-546,39.6885,13.0534
64.5,25144,467,36,-499,39.6961,13.0936
62.9,26832,465,40,-548,39.6871,13.0046
60.6,26734,469,33,-564,39.6827,13.0105
58.6,25555,463,41,-553,39.6899,13.0773
65.6,26607,471,37,-515,39.6838,13.0171
54.4,26420,464,48,-619,39.6964,13.0599
59.0,25088,471,31,-541,39.6819,13.0074
57.4,26065,470,33,-574,39.6949,13.0704
57.5,26414,466,30,-558,39.6983,13.0794
61.0,25042,465,33,-522,39.6970,13.0479
57.2,26533,462,53,-596,39.6910,13.0473
58.2,25550,462,41,-558,39.7086,13.0964
60.0,26249,469,30,-542,39.6926,13.0255
58.4,25621,472,37,-545,39.6897,13.0432
64.1,25008,463,29,-494,39.7047,13.0792
57.0,25271,470,35,-558,39.6964,13.0202
62.4,25191,469,38,-521,39.6938,13.0717
60.1,25219,463,44,-536,39.6879,13.0185
59.4,25121,470,39,-533,39.6929,13.0689
55.6,25602,471,38,-588,39.7005,13.0808
54.9,25118,466,39,-576,39.6803,13.0076
59.9,24943,472,35,-525,39.6857,13.0285
64.5,26650,468,32,-517,39.7056,13.0985
64.5,26172,463,29,-515,39.6891,13.0256
64.2,26237,471,39,-516,39.6890,13.0344
62.6,26492,471,32,-532,39.6863,13.0290
61.7,25728,469,43,-524,39.6805,13.0312
60.7,26684,468,36,-559,39.6872,13.0418
57.3,26152,467,36,-575,39.6783,13.0108
61.6,25355,466,37,-540,39.6896,13.0289
65.0,26084,465,42,-506,39.6842,13.0396
61.0,25851,467,33,-523,39.6911,13.0337
60.8,26023,471,32,-537,39.7010,13.0676
57.1,26720,463,35,-576,39.6924,13.0560
59.0,25223,468,33,-535,39.6953,13.0789
57.7,26055,462,35,-555,39.6998,13.0933
59.3,26760,467,46,-567,39.6892,13.0356
57.8,26814,467,42,-589,39.6812,13.0087
57.3,26333,465,48,-592,39.6956,13.0600
60.0,26249,470,32,-546,39.6928,13.0379
61.8,25349,466,33,-516,39.6996,13.0442
61.2,26538,472,38,-556,39.6922,13.0610
57.1,25805,472,41,-583,39.6792,13.0223
59.1,26177,471,39,-558,39.6949,13.0293
67.6,25829,465,36,-478,39.6925,13.0908
58.1,25391,469,37,-543,39.6886,13.0047
56.6,25659,468,40,-578,39.6798,13.0143
52.7,25187,464,39,-623,39.6989,13.0835
64.8,26469,469,36,-510,39.6961,13.0638
62.0,25211,464,36,-506,39.6977,13.0885
55.9,25798,467,38,-570,39.6991,13.0226
65.8,26681,468,32,-513,39.6889,13.0554
63.9,25278,465,41,-514,39.6903,13.0371
59.2,26639,468,33,-553,39.6836,13.0406
65.2,26032,463,37,-510,39.6944,13.0586
59.9,24944,469,31,-526,39.7041,13.0791
61.7,26569,467,28,-533,39.6886,13.0229
65.5,26564,472,39,-505,39.6908,13.0575
57.4,26649,467,34,-583,39.7102,13.0856
56.4,26808,463,31,-593,39.6928,13.0475
64.4,25671,471,40,-510,39.6843,13.0466
63.9,26402,463,30,-512,39.6972,13.0522
56.0,25389,471,41,-569,39.6873,13.0049
64.7,25726,472,38,-502,39.6945,13.0688
57.8,26210,469,36,-570,39.6943,13.0725
59.0,24995,466,40,-550,39.6968,13.0404
66.5,26293,467,39,-487,39.7040,13.0965
61.8,24978,465,35,-504,39.6976,13.0676
59.2,26093,468,32,-559,39.6922,13.0491
60.3,26832,468,35,-554,39.6920,13.0222
65.0,25520,466,37,-492,39.6854,13.0451
59.5,26116,463,40,-550,39.6919,13.0788
56.4,25676,464,33,-576,39.6874,13.0471
58.5,25602,465,31,-550,39.6860,13.0477
64.9,26757,469,36,-512,39.6792,13.0243
59.7,26027,467,37,-540,39.7011,13.0791
62.4,26311,464,33,-519,39.7029,13.0857
61.9,25161,466,34,-520,39.6848,13.0434
57.7,26110,471,40,-567,39.6817,13.0091
67.5,26170,471,34,-479,39.6879,13.0346
58.1,26279,466,31,-568,39.6854,13.0045
58.4,25028,465,43,-555,39.6964,13.0642
58.6,26302,466,33,-555,39.6959,13.0419
61.4,25735,463,30,-533,39.6855,13.0036
62.6,26882,465,26,-532,39.7033,13.0811
58.2,25146,463,38,-555,39.6963,13.0515
63.8,26872,466,36,-536,39.6967,13.0766
57.7,25320,471,49,-567,39.6963,13.0993
56.9,26610,472,43,-594,39.6867,13.0496
65.9,26761,466,43,-509,39.6748,13.0224
55.9,26099,470,34,-581,39.7004,13.0666
60.4,25541,472,46,-544,39.6939,13.0951
57.9,25941,469,33,-553,39.6909,13.0187
62.1,26145,466,38,-540,39.6823,13.0344
62.5,25693,469,42,-517,39.6785,13.0216
58.6,26483,463,43,-566,39.6861,13.0156
60.1,25839,471,31,-539,39.6843,13.0039
66.8,26294,462,31,-492,39.6801,13.0175
55.3,25596,469,31,-577,39.7061,13.0896
61.8,25625,465,39,-537,39.6801,13.0439
62.2,25538,469,34,-525,39.7008,13.0904
65.5,26319,466,38,-507,39.6814,13.0213
52.5,25104,468,42,-622,39.6982,13.0843
52.9,25115,462,46,-604,39.6991,13.0895
54.8,26196,466,40,-611,39.6998,13.0662
58.7,25901,469,33,-557,39.6879,13.0478
56.7,26427,469,37,-596,39.7037,13.0843
56.8,26597,466,36,-575,39.7022,13.0542
59.2,25468,463,31,-540,39.7043,13.0816
63.4,26627,466,34,-534,39.6814,13.0212
58.6,26612,470,33,-572,39.6909,13.0338
60.9,25981,465,37,-532,39.6865,13.0584
69.0,26265,469,27,-473,39.6916,13.0699
57.8,25043,471,39,-560,39.6802,13.0245
57.2,26533,470,32,-570,39.6953,13.0280
56.8,25685,463,43,-584,39.6950,13.0417
61.7,25893,471,33,-534,39.6961,13.0473
56.2,26246,466,40,-591,39.7075,13.0853
65.7,25263,471,36,-491,39.6752,13.0153
61.3,26143,465,30,-536,39.6958,13.0610
54.8,25231,465,39,-580,39.6994,13.0864
63.4,25806,465,39,-517,39.6959,13.0924
64.0,26843,464,29,-518,39.6952,13.0753
60.1,26554,471,32,-556,39.6897,13.0458
59.8,26407,471,39,-556,39.6941,13.0919
55.5,25237,470,31,-579,39.7090,13.0913
55.8,26429,468,44,-607,39.6987,13.0759
61.5,25497,465,26,-519,39.6956,13.0253
57.6,26769,464,42,-575,39.6909,13.0520
55.8,25463,465,37,-580,39.7011,13.0559
55.0,26333,467,41,-599,39.6884,13.0263
58.5,25681,463,31,-549,39.6772,13.0051
58.9,25203,469,41,-552,39.6828,13.0427
60.0,26501,464,32,-551,39.7000,13.0852
64.3,25589,470,32,-515,39.6883,13.0102
58.1,26251,463,33,-558,39.6865,13.0070
59.4,25660,469,35,-547,39.6869,13.0480
55.6,26907,469,44,-612,39.6938,13.0822
66.6,26502,462,32,-508,39.6825,13.0176
57.6,26142,464,41,-569,39.6821,13.0260
58.9,25674,467,31,-562,39.6911,13.0103
63.8,26466,462,39,-519,39.6796,13.0288
55.4,25266,464,29,-573,39.6956,13.0670
66.2,26385,466,46,-510,39.6908,13.1033
61.0,25514,465,37,-524,39.6981,13.0893
54.8,26147,464,46,-606,39.6855,13.0033
63.4,26192,467,43,-529,39.6925,13.0735
65.5,26684,464,40,-513,39.6797,13.0455
65.4,25766,468,40,-508,39.6964,13.0662
55.7,26098,468,39,-585,39.6931,13.0442
60.7,26713,462,29,-543,39.6852,13.0075
64.6,25967,465,32,-503,39.6901,13.0131
55.8,25546,465,36,-579,39.6899,13.0219
65.2,25871,464,37,-510,39.6875,13.0507
67.7,26385,464,41,-489,39.6904,13.0569
66.4,25956,466,42,-491,39.6845,13.0543
58.1,25825,467,42,-562,39.6975,13.0966
59.7,26318,468,38,-555,39.6936,13.0321
64.3,25524,467,32,-505,39.6846,13.0153
53.7,25940,463,45,-622,39.6871,13.0326
70.0,26820,467,29,-471,39.6958,13.0617
60.2,26772,464,38,-560,39.6842,13.0159
56.8,26719,470,35,-586,39.6795,13.0073
58.4,25797,469,38,-568,39.6966,13.0638
56.9,25467,468,32,-554,39.6945,13.0681
58.8,26073,472,37,-561,39.6785,13.0293
55.7,25418,469,33,-573,39.6807,13.0089
59.8,26904,462,45,-568,39.6887,13.0505
59.9,24929,463,43,-533,39.6999,13.0964
58.3,26799,467,28,-573,39.6847,13.0265
55.5,26576,471,35,-600,39.6858,13.0207
59.4,26674,467,35,-557,39.6883,13.0222
57.4,25167,470,51,-570,39.6919,13.0764
61.1,25542,469,33,-539,39.6786,13.0192
58.7,25569,462,24,-534,39.6913,13.0053
59.3,25159,463,38,-547,39.6912,13.0396
64.1,26673,464,23,-509,39.6994,13.0808
60.1,26582,462,46,-563,39.6901,13.0917
56.4,26752,470,30,-589,39.6917,13.0069
65.2,26696,465,43,-527,39.6817,13.0415
62.0,25787,465,35,-529,39.6896,13.0722
59.1,25628,468,31,-548,39.7031,13.0804
61.2,26098,470,34,-541,39.6928,13.0704
61.4,26345,466,40,-548,39.6868,13.0244
57.0,26288,464,33,-567,39.6987,13.0593
61.0,25724,472,36,-520,39.6878,13.0129
57.2,26166,468,39,-581,39.7066,13.0979
60.5,25369,470,35,-548,39.6897,13.0569
60.0,26438,463,40,-561,39.6996,13.0861
64.5,25433,469,33,-491,39.6842,13.0264
54.2,24949,463,33,-584,39.6978,13.0781
57.5,25002,464,41,-558,39.6939,13.0423
67.0,26668,462,39,-502,39.6966,13.0573
64.0,24996,465,32,-507,39.6944,13.0816
64.0,26615,463,33,-513,39.7027,13.0963
65.4,26027,467,30,-504,39.6954,13.0717
60.9,26838,471,38,-559,39.6910,13.0813
62.2,26441,468,40,-534,39.6749,13.0142
67.3,26690,463,39,-502,39.6942,13.0348
65.5,26063,465,35,-507,39.6840,13.0540
63.8,26061,463,33,-528,39.6891,13.0473
62.8,25192,467,39,-513,39.6890,13.0417
63.9,26879,471,45,-528,39.6905,13.0969
66.6,26493,471,38,-497,39.6767,13.0182
58.1,25374,469,39,-565,39.6850,13.0069
52.5,25347,464,49,-628,39.6852,13.0299
54.3,26773,465,48,-629,39.6811,13.0417
64.9,25422,463,44,-503,39.6765,13.0100
54.6,25199,466,30,-580,39.6848,13.0073
55.4,25907,463,37,-602,39.6859,13.0078
66.6,26203,470,36,-497,39.6802,13.0394
60.6,24952,464,34,-523,39.6771,13.0246
61.7,26819,463,34,-541,39.6871,13.0400
54.7,25044,471,46,-584,39.7004,13.0812
56.9,25493,464,32,-551,39.6961,13.0712
58.7,26421,471,30,-561,39.6895,13.0388
53.5,25143,467,36,-598,39.6881,13.0039
62.7,26207,467,28,-518,39.6961,13.0957
66.4,26786,472,27,-504,39.6936,13.0646
65.5,26214,470,35,-502,39.6935,13.0844
59.0,26531,465,28,-565,39.7061,13.0868
64.0,25099,470,36,-501,39.6928,13.0416
55.7,26558,468,35,-590,39.7009,13.0850
59.3,26412,470,42,-553,39.6961,13.0660
57.0,25592,466,27,-552,39.6905,13.0523
65.1,26619,467,35,-517,39.6915,13.0600
62.6,25688,464,35,-523,39.6936,13.0519
59.2,25542,469,37,-542,39.6893,13.0332
64.0,26081,468,39,-527,39.6765,13.0330
61.6,26793,466,47,-546,39.7023,13.0909
54.9,25121,469,35,-570,39.6966,13.0098
61.3,26845,464,38,-536,39.6830,13.0431
57.2,25791,469,40,-571,39.7017,13.0772
60.4,25278,469,44,-534,39.6888,13.0392
60.4,25882,467,49,-558,39.6939,13.0865
56.4,26480,464,37,-586,39.6865,13.0503
65.6,26455,463,38,-521,39.6911,13.0482
62.5,26343,464,45,-524,39.6903,13.0539
60.6,25692,471,35,-537,39.6921,13.0553
56.8,26616,465,40,-579,39.7127,13.0894
57.3,25294,471,34,-552,39.6994,13.0630
57.7,25770,466,37,-549,39.6853,13.0332
56.4,25209,462,37,-566,39.6907,13.0224
62.7,25356,471,39,-526,39.6775,13.0363
61.0,25891,465,27,-529,39.6937,13.0512
64.2,25790,468,42,-511,39.6968,13.0965
67.2,26902,470,24,-490,39.7057,13.0762
65.1,25703,464,39,-496,39.6982,13.0938
59.8,26189,469,46,-565,39.6830,13.0540
57.4,26276,464,25,-560,39.7080,13.0600
60.4,26716,467,40,-561,39.6990,13.0775
63.0,26767,463,42,-535,39.6983,13.0811
54.0,25585,468,37,-608,39.6933,13.0744
57.3,26504,462,38,-587,39.6880,13.0410
68.8,26654,469,32,-483,39.6863,13.0455
58.3,25144,465,30,-537,39.7003,13.0819
63.0,25890,466,48,-527,39.6928,13.0673
65.2,25286,467,34,-500,39.6954,13.0580
58.2,25389,471,38,-554,39.6968,13.0674
61.6,25927,462,40,-536,39.6779,13.0168
57.4,25868,471,39,-570,39.6879,13.0062
58.4,25367,463,40,-549,39.6907,13.0372
57.0,26911,468,39,-592,39.6864,13.0444
57.0,25760,470,41,-572,39.6862,13.0048
65.8,26526,465,39,-495,39.6881,13.0393
59.1,26850,470,44,-577,39.6834,13.0411
55.2,25803,464,33,-588,39.6961,13.0853
64.0,25715,463,36,-512,39.7006,13.0964
55.7,26040,466,40,-600,39.6764,13.0059
65.3,26774,470,31,-514,39.6899,13.0204
56.4,25289,465,38,-565,39.7012,13.0817
56.6,25717,463,28,-563,39.6904,13.0411
58.4,26911,468,37,-573,39.6957,13.0799
55.5,25166,467,31,-567,39.6867,13.0274
64.3,25733,462,35,-501,39.6868,13.0047
55.8,24936,463,40,-552,39.6980,13.0850
66.2,26761,465,39,-520,39.6939,13.0683
59.9,26518,465,32,-551,39.6950,13.0388
65.6,25711,468,39,-492,39.6766,13.0146
58.3,26454,472,41,-568,39.6805,13.0141
55.2,25872,471,48,-601,39.6981,13.0826
57.3,26473,471,45,-577,39.6946,13.0860
53.1,25021,465,37,-603,39.6967,13.0551
56.9,26094,464,39,-571,39.7009,13.0578
57.5,24961,471,41,-546,39.7017,13.0876
55.3,26365,466,43,-601,39.7012,13.0521
62.0,26329,467,39,-527,39.7055,13.0847
65.9,26702,466,31,-503,39.6836,13.0549
65.7,26884,467,28,-504,39.6849,13.0141
62.0,25440,464,29,-522,39.6971,13.0540
65.0,25923,462,35,-500,39.6829,13.0439
68.0,25792,466,33,-472,39.6903,13.0285
61.2,25353,468,38,-525,39.7001,13.0721
67.7,25894,472,31,-480,39.7026,13.0775
66.2,25760,472,34,-496,39.6926,13.0784
59.2,24955,466,27,-534,39.6794,13.0033
65.1,26570,471,36,-510,39.7020,13.1020
63.0,26529,471,31,-533,39.6857,13.0084
54.0,26026,471,37,-615,39.6907,13.0689
56.3,26742,465,33,-596,39.7006,13.0915
57.1,25137,471,41,-549,39.6866,13.0191
57.2,26851,463,38,-587,39.6860,13.0170
62.4,26475,464,42,-543,39.6898,13.0294
66.9,25902,469,29,-486,39.6892,13.0295
64.8,25219,463,39,-494,39.7001,13.0924
61.6,25910,469,33,-520,39.6899,13.0168
61.4,26297,464,30,-544,39.6919,13.0165
61.1,25369,468,36,-529,39.6903,13.0221
60.5,25595,468,46,-539,39.6922,13.0900
61.1,26899,464,38,-541,39.6954,13.0802
54.1,24958,465,32,-585,39.6803,13.0056
59.9,26123,471,37,-549,39.6933,13.0668
66.3,26561,471,43,-505,39.6811,13.0244
57.2,26217,469,31,-572,39.6879,13.0524
60.9,25842,467,34,-529,39.6945,13.0682
65.9,25658,471,38,-494,39.6879,13.0446
64.4,25189,463,27,-496,39.6890,13.0613
58.5,26896,470,42,-580,39.6928,13.0319
65.7,26000,464,38,-502,39.6967,13.0502
64.3,26799,464,41,-524,39.6972,13.0811
60.8,24934,469,36,-535,39.7004,13.0908
56.7,26493,468,38,-584,39.6883,13.0065
56.0,26358,467,33,-589,39.6999,13.0560
55.7,25797,465,33,-577,39.6950,13.0777
60.0,26343,466,34,-536,39.6899,13.0191
61.8,26544,469,37,-535,39.6948,13.0312
59.6,25078,463,29,-538,39.6860,13.0189
67.3,26920,470,42,-504,39.6951,13.0685
61.9,25537,462,34,-519,39.6935,13.0664
59.5,26679,468,32,-551,39.6951,13.0392
60.8,26062,469,30,-546,39.6956,13.0732
54.7,25296,462,32,-589,39.6982,13.0494
59.9,26242,465,40,-551,39.7015,13.0997
60.6,25481,470,36,-537,39.7004,13.0860
55.7,26118,472,35,-587,39.7040,13.0954
66.3,25153,468,38,-474,39.6913,13.0422
58.5,25767,472,44,-552,39.6863,13.0382
61.0,25437,469,39,-532,39.6937,13.0487
56.1,25056,469,37,-568,39.6909,13.0580
61.5,25350,463,35,-522,39.6896,13.0420
54.2,26090,465,42,-611,39.6904,13.0188
59.9,25173,471,26,-526,39.7028,13.0603
63.0,25643,464,34,-515,39.6918,13.0590
55.5,25505,466,34,-569,39.6971,13.0185
64.8,25607,465,30,-499,39.6891,13.0352
66.3,25441,471,31,-484,39.6842,13.0322
66.0,25064,468,31,-484,39.6938,13.0739
62.5,25732,464,40,-523,39.6959,13.0778
57.2,26634,467,30,-587,39.6958,13.0262
62.9,26608,468,46,-533,39.6925,13.0590
55.4,26852,464,38,-621,39.6937,13.0363
59.6,26525,472,49,-574,39.6938,13.0955
63.4,25653,469,38,-505,39.7044,13.0944
57.3,26230,466,42,-570,39.6949,13.0709
57.9,26281,464,44,-574,39.6990,13.0899
62.6,26771,469,33,-543,39.6824,13.0342
56.0,26860,472,44,-598,39.7019,13.0750
62.0,25527,466,40,-533,39.6916,13.0415
57.5,25799,465,37,-571,39.6920,13.0268
53.5,25599,463,42,-611,39.6913,13.0114
64.8,25800,464,38,-507,39.6886,13.0193
57.0,24988,471,41,-566,39.6863,13.0256
54.3,25365,469,45,-598,39.7020,13.0729
66.3,25994,467,27,-497,39.6856,13.0113
61.4,24976,470,38,-514,39.6950,13.0632
67.2,26250,469,39,-488,39.6953,13.0643
64.6,26324,464,46,-515,39.6884,13.0587
64.6,26052,467,45,-515,39.6800,13.0376
67.9,26856,467,39,-498,39.6896,13.0787
61.7,25101,472,38,-517,39.7064,13.0950
56.8,26588,462,48,-597,39.6949,13.1013
61.1,25386,463,44,-531,39.6842,13.0333
56.9,25424,470,31,-578,39.6937,13.0583
65.4,25834,468,33,-504,39.6943,13.0643
63.4,26302,469,27,-511,39.6957,13.0593
57.8,25721,472,45,-572,39.6938,13.0743
60.8,25968,469,34,-530,39.6804,13.0282
56.0,25341,464,39,-587,39.6982,13.0680
64.4,26433,468,31,-518,39.6739,13.0076
64.6,26505,469,27,-509,39.7020,13.0805
61.0,25926,463,31,-526,39.7072,13.0798
64.0,25871,464,37,-514,39.6823,13.0247
58.9,25713,466,34,-548,39.6964,13.0920
55.6,26686,463,38,-597,39.6910,13.0520
61.2,25957,466,33,-539,39.6896,13.0543
58.2,24979,467,34,-554,39.6938,13.0671
54.1,25203,468,35,-603,39.6985,13.0645
63.8,26586,468,36,-520,39.6875,13.0254
57.6,24937,464,31,-548,39.7087,13.0819
58.7,26260,469,38,-565,39.7034,13.0907
59.5,25435,467,39,-533,39.6937,13.0849
57.7,26094,466,39,-557,39.6888,13.0583
66.6,26648,470,36,-498,39.6951,13.0748
67.2,26921,471,33,-505,39.6807,13.0080
65.5,26607,469,38,-508,39.7051,13.0876
54.3,25900,470,47,-607,39.6997,13.0839
61.5,25120,470,29,-523,39.7034,13.0943
60.3,25573,463,44,-541,39.6933,13.0490
66.0,26225,463,33,-496,39.6835,13.0107
60.4,26168,463,32,-540,39.7029,13.0658
67.7,26358,463,33,-489,39.6840,13.0352
58.8,26692,468,35,-563,39.7021,13.0823
63.3,25001,467,32,-502,39.6942,13.0856
62.3,25531,465,37,-523,39.6898,13.0220
53.2,25801,465,44,-629,39.6863,13.0457
62.4,26805,462,31,-522,39.6902,13.0695
56.0,26402,471,40,-589,39.6903,13.0546
60.7,26695,469,32,-547,39.7010,13.0874
55.1,25187,469,41,-595,39.6962,13.0614
69.5,26466,470,35,-470,39.6821,13.0347
59.1,25939,467,35,-559,39.6944,13.0969
57.0,26642,471,39,-601,39.6935,13.0609
56.2,26080,469,36,-590,39.6930,13.0379
59.2,25303,469,32,-542,39.7030,13.0977
64.9,25491,471,34,-496,39.6898,13.0494
54.5,25846,470,43,-594,39.6873,13.0092
65.4,25461,463,41,-498,39.6968,13.0776
55.4,26244,472,34,-593,39.7005,13.0933
66.1,26807,469,34,-510,39.6801,13.0055
64.4,26279,463,31,-510,39.6942,13.0750
54.7,25732,467,32,-588,39.6862,13.0144
61.2,25124,464,30,-521,39.6898,13.0541
67.3,25816,471,43,-485,39.6967,13.0673
57.4,26118,463,33,-570,39.6981,13.0671
64.1,25679,466,39,-504,39.6819,13.0139
56.1,26576,468,31,-582,39.6897,13.0617
57.4,25306,469,41,-557,39.6801,13.0191
55.9,25413,470,32,-573,39.6890,13.0462
55.8,25790,471,45,-599,39.6855,13.0191
65.7,25940,462,28,-498,39.6914,13.0725
57.9,26547,465,36,-571,39.6913,13.0620
57.7,26824,466,38,-568,39.6939,13.0559
59.1,26697,469,33,-559,39.7031,13.0664
59.0,26811,464,40,-578,39.6924,13.0410
59.3,25163,468,31,-530,39.6998,13.0686
61.2,26064,463,38,-547,39.6888,13.0091
59.0,26341,463,47,-561,39.6964,13.0822
66.5,25443,462,30,-483,39.6951,13.0511
55.6,26241,463,45,-598,39.6877,13.0121
60.4,26832,468,33,-555,39.6797,13.0217
59.7,26581,469,35,-554,39.6998,13.0747
60.5,25604,462,38,-529,39.6959,13.0688
61.6,25598,467,33,-542,39.6838,13.0159
55.4,25990,470,47,-594,39.6950,13.0631
57.2,25451,466,39,-560,39.7040,13.0677
60.0,25339,466,41,-539,39.6861,13.0317
59.0,25482,463,32,-544,39.6812,13.0134
68.1,26928,466,29,-499,39.6812,13.0377
55.2,26155,468,33,-602,39.7090,13.0809
58.3,25691,465,41,-547,39.6837,13.0339
56.5,26783,468,37,-591,39.7002,13.0769
64.8,25831,463,37,-501,39.6835,13.0186
58.1,26523,466,38,-572,39.6974,13.0706
62.2,26530,472,37,-523,39.6922,13.0403
61.5,26595,469,45,-547,39.6860,13.0265
55.1,25951,469,42,-584,39.6978,13.0885
55.4,25933,468,41,-598,39.6804,13.0141
55.7,25095,472,41,-570,39.6915,13.0630
54.2,25104,470,30,-589,39.6954,13.0209
67.0,26851,470,41,-502,39.6846,13.0588
63.5,26236,471,31,-509,39.6937,13.0409
65.6,26543,463,25,-501,39.6872,13.0444
56.0,25610,469,45,-592,39.6834,13.0335
53.6,25537,467,38,-613,39.6955,13.0291
64.3,25716,471,37,-516,39.6808,13.0218
56.0,26150,466,35,-599,39.6991,13.0565
56.1,25262,465,38,-582,39.6933,13.0280
55.4,26654,467,36,-603,39.6914,13.0571
60.4,25103,470,33,-519,39.6961,13.0565
60.8,26279,469,31,-541,39.6971,13.0340
59.1,25754,464,30,-545,39.7017,13.0896
61.7,25311,464,38,-529,39.6945,13.1004
61.6,25480,466,38,-531,39.6893,13.0631
62.7,25650,465,40,-518,39.6985,13.0920
61.3,26686,467,29,-540,39.6985,13.0917
57.4,26129,463,33,-573,39.7026,13.0619
61.9,25560,462,41,-533,39.6848,13.0324
59.1,25684,471,36,-546,39.6941,13.0266
58.5,25947,466,30,-545,39.6979,13.0902
65.9,26134,469,33,-497,39.6923,13.0674
55.6,26443,462,38,-594,39.6969,13.0608
58.3,26790,465,36,-576,39.6956,13.0795
63.4,26384,469,30,-525,39.6860,13.0105
54.5,25155,472,39,-588,39.6842,13.0299
61.7,26846,472,40,-545,39.6917,13.0271
64.6,26463,465,34,-527,39.6981,13.1011
60.3,26190,465,31,-560,39.6956,13.0814
56.4,25610,467,41,-584,39.7044,13.0837
62.8,26564,470,32,-534,39.6807,13.0414
62.3,25223,465,42,-526,39.6974,13.0679
58.9,25504,464,42,-549,39.6925,13.0316
63.2,26852,469,29,-515,39.6848,13.0541
57.5,25947,467,34,-551,39.7090,13.0797
57.9,26811,463,36,-571,39.6963,13.0807
55.7,25390,472,47,-591,39.6911,13.0664
53.3,25411,465,41,-617,39.6898,13.0410
53.9,25911,471,43,-614,39.6793,13.0064
59.1,26188,464,29,-540,39.7061,13.0921
54.5,25673,462,44,-609,39.6915,13.0853
53.0,25136,466,38,-609,39.6880,13.0479
57.9,25504,466,34,-563,39.6955,13.0846
54.7,25794,469,38,-605,39.6880,13.0054
53.5,25756,464,40,-614,39.6806,13.0028
58.6,25327,472,33,-542,39.6943,13.0571
56.1,26654,465,34,-589,39.6803,13.0288
55.9,26590,467,30,-599,39.6916,13.0086
54.1,26246,464,42,-616,39.6864,13.0093
62.3,24990,467,38,-518,39.6845,13.0071
54.5,25254,469,37,-593,39.6890,13.0160
66.8,25578,463,33,-476,39.6890,13.0484
63.2,26378,470,42,-531,39.6927,13.0349
58.7,26574,469,36,-566,39.6846,13.0374
60.9,26308,467,28,-533,39.6963,13.0338
55.1,25301,466,35,-582,39.7037,13.0657
55.9,25728,466,32,-580,39.6903,13.0462
58.1,25890,463,40,-575,39.6835,13.0541
65.4,26066,471,32,-511,39.6840,13.0214
58.8,25568,468,31,-542,39.6829,13.0198
64.6,25577,467,43,-503,39.6856,13.0121
58.8,26133,463,31,-556,39.6862,13.0332
56.2,24938,466,30,-558,39.6990,13.0839
58.5,24948,472,30,-537,39.6867,13.0344
54.7,26223,469,43,-606,39.6997,13.0508
54.3,24950,465,37,-593,39.6968,13.0486
65.6,26600,466,28,-506,39.6895,13.0227
60.6,25652,471,38,-547,39.6854,13.0264
56.1,26738,471,30,-590,39.7030,13.0512
63.1,26077,469,36,-529,39.6922,13.0914
56.3,25229,466,45,-581,39.6922,13.0570
62.0,25561,467,32,-516,39.6840,13.0498
63.0,25404,467,33,-515,39.6975,13.0925
63.2,25199,463,35,-505,39.6925,13.0478
56.1,26866,466,34,-598,39.6914,13.0460
59.7,25665,463,45,-541,39.6827,13.0098
56.5,26159,469,38,-583,39.6906,13.0139
57.6,25446,463,34,-569,39.7081,13.0833
60.8,26010,463,35,-552,39.6926,13.0799
57.1,25670,470,30,-558,39.6947,13.0199
54.7,25905,465,45,-600,39.6961,13.0518
58.0,25532,471,40,-554,39.6903,13.0443
64.2,26452,469,36,-514,39.7022,13.0782
55.3,25271,469,34,-585,39.6888,13.0005
61.7,25567,465,30,-522,39.6958,13.0756
59.2,25525,472,40,-538,39.6908,13.0209
60.3,26106,468,46,-542,39.6924,13.0890
66.5,26131,465,39,-490,39.6825,13.0240
60.7,25819,465,27,-523,39.6977,13.0558
56.7,26431,463,38,-586,39.6908,13.0685
56.9,26734,469,42,-578,39.6930,13.0284
59.3,25341,465,43,-554,39.6940,13.0693
64.7,26528,463,28,-508,39.6900,13.0574
56.9,25001,465,33,-551,39.6850,13.0041
55.9,25177,472,44,-576,39.6940,13.0393
56.0,25966,464,39,-592,39.6910,13.0185
60.4,25022,470,44,-532,39.7078,13.0966
59.2,25988,463,47,-571,39.6943,13.0601
63.0,26555,469,24,-518,39.6876,13.0227
66.8,25635,467,31,-480,39.6978,13.0530
61.5,25328,472,28,-510,39.6958,13.0493
58.9,25988,467,38,-544,39.7099,13.0915
61.9,26898,466,44,-554,39.6942,13.0443
58.1,26926,466,46,-583,39.6924,13.0836
63.5,25433,464,40,-519,39.6929,13.0713
56.6,26115,466,28,-564,39.6887,13.0435
56.8,26266,471,33,-583,39.6902,13.0199
66.9,25712,469,38,-480,39.6766,13.0166
56.7,25854,471,35,-577,39.6984,13.0548
56.3,25153,468,38,-565,39.7016,13.0790
61.6,25463,466,36,-520,39.6953,13.0562
62.9,25002,464,32,-503,39.7067,13.0956
62.8,26129,467,43,-535,39.6883,13.0616
58.0,25306,463,38,-564,39.6918,13.0663
57.3,25344,472,34,-577,39.7014,13.0911
67.1,26803,464,36,-509,39.6903,13.0585
64.7,26617,465,42,-518,39.6933,13.0632
66.7,25459,464,38,-483,39.6956,13.0317
65.6,26373,470,41,-499,39.6826,13.0231
65.7,26284,464,28,-492,39.7002,13.0869
54.8,25882,463,33,-607,39.6824,13.0072
55.3,26115,464,30,-596,39.7053,13.0681
56.7,26241,464,44,-581,39.6857,13.0281
53.9,25849,470,47,-612,39.6926,13.0609
61.2,25408,464,26,-518,39.7059,13.0913
61.2,25920,465,37,-537,39.6848,13.0289
57.1,26205,464,41,-574,39.6942,13.0335
61.7,26257,472,41,-533,39.6803,13.0075
59.3,26890,471,38,-561,39.6930,13.0388
55.7,24942,464,36,-565,39.6847,13.0313
60.4,26162,468,33,-551,39.6890,13.0392
58.1,26482,465,40,-587,39.6819,13.0196
65.2,25620,470,32,-497,39.6951,13.0381
66.4,26288,465,32,-493,39.6759,13.0071
59.9,26740,465,37,-550,39.6909,13.0519
66.2,25029,472,32,-481,39.6987,13.0650
64.2,26866,467,38,-524,39.6921,13.0547
57.9,26464,467,30,-571,39.7063,13.0763
68.6,26214,468,33,-475,39.6911,13.0582
57.0,25297,468,37,-561,39.6872,13.0197
65.9,25826,469,33,-500,39.6819,13.0147
60.0,26159,466,33,-558,39.6930,13.0626
67.1,25475,467,38,-476,39.7052,13.0958
66.3,26308,463,31,-497,39.6777,13.0203
61.7,26729,471,37,-550,39.6896,13.0624
62.8,26851,468,42,-535,39.6768,13.0165
63.8,25753,469,50,-521,39.6754,13.0451
64.7,26548,465,33,-522,39.7008,13.0673
57.7,25743,470,41,-556,39.6970,13.0562
52.9,25400,465,43,-618,39.7058,13.0749
65.8,26497,467,34,-497,39.6909,13.0339
65.9,25661,471,34,-490,39.6918,13.0523
67.2,26072,466,42,-490,39.6991,13.0956
56.7,26874,462,48,-601,39.6927,13.0509
57.1,26474,465,37,-581,39.6980,13.0487
59.5,25003,468,39,-535,39.6982,13.0666
63.3,26864,470,32,-525,39.6966,13.1004
58.1,25644,469,38,-554,39.6938,13.0426
54.4,26270,465,49,-611,39.6757,13.0163
57.5,25165,462,31,-562,39.6938,13.0208
58.4,26016,469,34,-562,39.7086,13.0951
55.9,25147,462,33,-566,39.6926,13.0548
53.7,25058,465,35,-590,39.6919,13.0461
63.4,26255,469,42,-521,39.6762,13.0204
53.7,25601,464,32,-606,39.7067,13.0841
67.6,25810,463,31,-473,39.6942,13.0728
59.8,26116,467,37,-540,39.7013,13.0855
55.9,24979,469,33,-561,39.7067,13.0730
61.4,24935,470,40,-523,39.6935,13.0819
64.4,24939,472,46,-497,39.6920,13.0766
59.9,26351,465,36,-544,39.6917,13.0116
54.8,24967,470,45,-582,39.6899,13.0286
57.4,25450,463,48,-568,39.7004,13.0686
64.1,26666,467,38,-519,39.6969,13.0833
54.5,25047,471,40,-592,39.6846,13.0405
60.3,26478,466,36,-554,39.7075,13.0976
60.3,25150,467,45,-543,39.6846,13.0264
57.1,26165,468,42,-585,39.6972,13.0435
58.1,24960,469,35,-552,39.6919,13.0512
63.8,25224,469,28,-501,39.6926,13.0199
61.1,25378,467,44,-531,39.6866,13.0055
61.9,25856,465,38,-528,39.6926,13.0555
62.7,25178,471,40,-512,39.7048,13.0889
66.5,26770,470,31,-508,39.6847,13.0460
64.7,25462,465,34,-501,39.6928,13.0934
53.0,25059,467,39,-606,39.7053,13.0631
57.4,26273,469,32,-570,39.7015,13.0805
66.2,25422,469,28,-478,39.7069,13.0965
64.1,25567,469,35,-519,39.6851,13.0094
56.8,25870,471,34,-581,39.6921,13.0398
60.1,25954,465,38,-536,39.6920,13.0252
59.2,26525,472,36,-559,39.6866,13.0091
62.4,26778,465,33,-522,39.6929,13.0662
56.1,25885,462,29,-573,39.6957,13.0343
56.8,26203,465,39,-581,39.6961,13.0668
62.9,25881,464,30,-517,39.6939,13.0349
54.4,25460,470,31,-590,39.7000,13.0429
63.6,25785,463,39,-521,39.6827,13.0068
56.1,26707,469,36,-591,39.6855,13.0268
62.7,26587,463,31,-531,39.6942,13.0575
67.6,26693,465,34,-500,39.6893,13.0395
58.8,26327,463,45,-566,39.6948,13.0677
55.9,25372,467,30,-570,39.6922,13.0282
68.7,26731,463,24,-480,39.7035,13.0789
60.5,25869,471,45,-556,39.6977,13.0879
57.7,25538,467,35,-555,39.6927,13.0262
55.6,26815,469,40,-605,39.6923,13.0564
65.5,25918,470,40,-493,39.6921,13.0763
58.7,25497,465,28,-548,39.7078,13.0820
57.7,26194,464,29,-563,39.6999,13.0888
62.8,25488,464,36,-516,39.6824,13.0105
63.7,26830,466,39,-520,39.6811,13.0415
60.5,25266,468,35,-521,39.6850,13.0107
62.8,26153,471,34,-528,39.6843,13.0494
56.5,26882,470,42,-596,39.6934,13.0664
56.7,25500,471,33,-558,39.6927,13.0247
59.8,26068,465,47,-559,39.7057,13.0961
61.1,25742,463,44,-532,39.6966,13.0660
61.3,25254,465,25,-513,39.6927,13.0484
64.3,26853,469,32,-514,39.6919,13.0313
64.7,25384,467,45,-508,39.6791,13.0260
55.3,25670,470,40,-602,39.6833,13.0019
58.1,25538,467,27,-553,39.6900,13.0223
59.6,26316,469,40,-562,39.6761,13.0251
56.3,25156,470,38,-561,39.6913,13.0580
65.3,26806,464,36,-520,39.6838,13.0218
62.3,25958,471,41,-534,39.6823,13.0066
53.9,26098,463,40,-615,39.6990,13.0762
53.0,25507,465,46,-623,39.6930,13.0380
53.7,25151,465,46,-596,39.7039,13.0935
54.0,25292,465,36,-601,39.7015,13.0842
64.8,26391,468,44,-510,39.6799,13.0238
62.6,25604,469,44,-520,39.6845,13.0669
61.2,25136,469,30,-530,39.7044,13.0752
64.4,26796,468,35,-509,39.6925,13.0631
55.2,26834,470,34,-611,39.6982,13.0329
64.3,26395,462,32,-527,39.6748,13.0104
65.1,24951,470,31,-486,39.6880,13.0538
60.4,25639,466,41,-526,39.6950,13.0360
59.5,25821,470,39,-556,39.6936,13.0640
63.1,26181,465,36,-520,39.6947,13.0576
53.6,25472,464,39,-605,39.6914,13.0162
64.6,25883,466,36,-511,39.6797,13.0237
58.2,26495,472,40,-578,39.6872,13.0707
54.8,25661,465,35,-583,39.6945,13.0148
69.8,26916,468,38,-474,39.6866,13.0211
64.9,25581,469,31,-497,39.6964,13.0470
56.4,26413,465,42,-583,39.6924,13.0356
63.5,26919,472,35,-535,39.6958,13.0913
57.6,26617,467,40,-583,39.6896,13.0106
60.3,24948,465,29,-518,39.6846,13.0419
62.2,25028,464,29,-503,39.6994,13.0593
57.1,25207,467,45,-562,39.6948,13.0872
54.8,25652,468,39,-592,39.6939,13.0580
64.4,24960,469,34,-502,39.6916,13.0540
67.2,26293,465,30,-484,39.6937,13.0662
59.8,26207,470,36,-547,39.6860,13.0534
57.4,24999,464,35,-563,39.6820,13.0208
61.1,25655,466,40,-538,39.6941,13.0624
63.4,25789,463,38,-522,39.7063,13.0970
55.7,25414,470,30,-571,39.6844,13.0134
65.1,26768,463,33,-511,39.6925,13.0574
59.7,25402,465,34,-545,39.7014,13.0967
58.2,26184,464,33,-553,39.6971,13.0527
66.4,26125,471,27,-492,39.7055,13.0828
54.8,25093,469,38,-574,39.6906,13.0157
63.5,25561,467,41,-510,39.6939,13.0730
66.1,25989,468,40,-499,39.6816,13.0373
55.5,25895,466,30,-583,39.6835,13.0111
55.1,24988,463,34,-577,39.6988,13.0329
55.0,26518,470,35,-603,39.6793,13.0039
61.7,26273,466,28,-529,39.7034,13.0686
57.0,25018,471,26,-545,39.7065,13.0769
59.5,25038,465,45,-532,39.6867,13.0092
56.6,26532,465,41,-594,39.6879,13.0361
60.0,26566,464,33,-564,39.6944,13.0711
57.5,25202,472,32,-551,39.6987,13.0375
64.6,26665,471,37,-516,39.6865,13.0667
62.3,25853,466,40,-537,39.6968,13.0876
61.1,26332,472,40,-534,39.6983,13.0637
68.3,26869,463,45,-493,39.6850,13.0796
61.7,25313,467,25,-508,39.7032,13.0739
61.9,26777,465,31,-543,39.6821,13.0188
61.5,25198,472,27,-516,39.6986,13.0408
61.1,25828,465,30,-531,39.6826,13.0052
63.1,26489,465,36,-531,39.6862,13.0457
60.7,25381,469,32,-528,39.7041,13.0906
55.6,25655,471,48,-597,39.6910,13.0634
60.6,25885,463,39,-544,39.6874,13.0109
54.4,25403,471,39,-600,39.6890,13.0194
56.7,26409,465,40,-568,39.6884,13.0480
56.0,25797,465,36,-584,39.6957,13.0764
64.8,26035,472,30,-505,39.6842,13.0418
65.2,26247,462,33,-512,39.6802,13.0206
60.0,25382,465,45,-545,39.6958,13.0546
55.6,25602,464,33,-578,39.6883,13.0096
54.4,25200,467,39,-590,39.6921,13.0255
66.8,26787,469,38,-501,39.6857,13.0563
57.6,25210,467,33,-563,39.6980,13.0620
66.7,26101,466,38,-484,39.6950,13.0601
64.1,26552,471,40,-515,39.6999,13.0890
56.3,25067,463,41,-568,39.6882,13.0265
65.0,25980,464,37,-496,39.6866,13.0404
62.8,26897,467,26,-526,39.6967,13.0295
64.1,26642,472,27,-517,39.6976,13.0916
55.0,25609,463,34,-588,39.7050,13.0773
56.5,26031,469,42,-589,39.6988,13.0746
64.0,25179,472,43,-512,39.6879,13.0938
58.8,26046,470,36,-555,39.7056,13.0598
65.9,26431,467,34,-504,39.6831,13.0306
60.6,25130,471,44,-544,39.6792,13.0266
57.3,25990,462,33,-574,39.6855,13.0101
67.0,26105,462,33,-493,39.6731,13.0184
58.4,25509,465,30,-544,39.6907,13.0445
63.0,25805,470,30,-504,39.6886,13.0350
63.9,26447,466,42,-522,39.6983,13.0780
64.1,26381,471,34,-510,39.6755,13.0077
66.2,24971,466,35,-472,39.6894,13.0540
69.0,26583,469,26,-480,39.6891,13.0487
60.3,25044,467,36,-531,39.6863,13.0201
63.0,25713,472,30,-506,39.6895,13.0125
65.5,26875,471,33,-501,39.6963,13.1014
62.0,25527,469,33,-513,39.6931,13.0630
65.0,26275,463,28,-509,39.6828,13.0326
67.0,26106,467,37,-491,39.6920,13.0570
59.6,26502,466,38,-551,39.7034,13.0780
57.9,26084,471,41,-578,39.6851,13.0152
57.2,26629,463,34,-580,39.7000,13.0601
61.4,26694,465,36,-537,39.6945,13.0631
63.8,24978,470,36,-495,39.6873,13.0570
58.6,25252,469,30,-547,39.7009,13.0561
58.1,26642,467,32,-578,39.6805,13.0030
65.5,25037,471,35,-489,39.6844,13.0673
59.4,26087,467,30,-549,39.6972,13.0885
56.2,26902,464,35,-612,39.6971,13.0705
62.2,25109,469,33,-511,39.6930,13.0926
61.9,26794,468,28,-529,39.6945,13.0659
54.4,25477,462,48,-600,39.6946,13.0463
63.0,25033,463,42,-518,39.6990,13.0951
55.2,25704,470,33,-594,39.6987,13.0334
66.3,25225,466,35,-483,39.6823,13.0452
53.6,25717,465,33,-612,39.6940,13.0182
60.2,25930,464,35,-542,39.6819,13.0164
64.6,26287,464,32,-512,39.6958,13.0598
67.0,25584,466,29,-483,39.6799,13.0302
57.9,26695,467,38,-573,39.7028,13.0893
57.3,25254,469,30,-549,39.7041,13.0833
52.7,25262,471,54,-622,39.6853,13.0404
53.9,25328,463,42,-610,39.7039,13.0722
57.9,26032,462,39,-559,39.7001,13.0483
59.9,26013,463,35,-550,39.7032,13.0766
61.3,26781,465,36,-528,39.6837,13.0293
56.2,25973,464,42,-577,39.6886,13.0425
62.1,25080,466,31,-516,39.6864,13.0379
61.0,26001,470,28,-531,39.6903,13.0289
58.8,25861,471,35,-550,39.6925,13.0675
54.1,25244,472,40,-587,39.6870,13.0329
54.2,25711,464,37,-610,39.6994,13.0499
58.4,26762,466,32,-565,39.6916,13.0026
61.1,26049,466,32,-538,39.6846,13.0164
56.4,26095,463,42,-595,39.6769,13.0129
55.3,26322,470,32,-599,39.6981,13.0842
58.1,24958,465,29,-534,39.7095,13.0897
63.2,26834,465,36,-540,39.6934,13.0815
60.1,25765,468,39,-543,39.6962,13.0232
55.4,25323,465,39,-563,39.6973,13.0476
55.2,25566,471,34,-578,39.7005,13.0737
55.4,25425,466,34,-574,39.6917,13.0516
54.0,26141,469,42,-618,39.6857,13.0391
64.5,26487,470,34,-511,39.6976,13.0943
58.7,26574,462,32,-556,39.6849,13.0077
58.2,25656,470,39,-564,39.6893,13.0192
64.9,26391,468,33,-510,39.6737,13.0235
57.2,26660,462,42,-583,39.7037,13.0811
57.3,25108,472,33,-547,39.6918,13.0441
63.3,25146,462,31,-503,39.6913,13.0700
53.4,25459,463,49,-615,39.6794,13.0121
62.6,26529,469,41,-529,39.6951,13.0911
61.7,25504,467,35,-526,39.6868,13.0111
62.5,26066,466,37,-526,39.6946,13.0728
56.1,26058,462,44,-589,39.6839,13.0354
64.3,25955,471,32,-502,39.6962,13.1002
62.0,26283,468,35,-537,39.7062,13.0799
64.8,25813,464,38,-502,39.6998,13.0895
64.2,26708,471,33,-533,39.6907,13.0435
54.6,24984,463,39,-599,39.6938,13.0296
62.9,26252,470,35,-515,39.6939,13.0550
56.5,25772,467,37,-575,39.6858,13.0135
58.4,26116,464,43,-563,39.6845,13.0295
54.5,25741,467,40,-601,39.7092,13.0902
56.3,25892,467,43,-585,39.6895,13.0716
54.4,25354,468,46,-608,39.6784,13.0114
57.7,25934,469,37,-558,39.7066,13.0884
57.7,26640,468,43,-569,39.6893,13.0653
56.8,26374,467,38,-587,39.6777,13.0185
55.6,25580,470,40,-585,39.6987,13.0646
60.3,26360,468,40,-553,39.6915,13.0734
53.9,25535,470,41,-608,39.7025,13.0950
61.8,26053,465,42,-530,39.6921,13.0876
59.9,26461,465,35,-566,39.6955,13.0433
58.6,25421,469,41,-566,39.6884,13.0076
62.6,25618,470,37,-514,39.7015,13.0731
59.5,26137,469,39,-568,39.6814,13.0354
63.6,26197,464,37,-514,39.6903,13.0145
64.2,26708,471,44,-525,39.6993,13.0907
66.4,26261,470,31,-504,39.6875,13.0292
59.3,25133,464,36,-543,39.6980,13.0686
60.1,26557,469,32,-550,39.6967,13.0501
54.1,25500,472,34,-595,39.6986,13.0858
64.4,25030,462,36,-502,39.6875,13.0527
58.0,25359,462,26,-546,39.6961,13.0667
55.7,25254,468,46,-591,39.6881,13.0573
61.3,25501,462,42,-533,39.6925,13.0232
61.7,25033,463,30,-511,39.6833,13.0360
57.0,26861,463,41,-577,39.6896,13.0486
57.8,26463,469,39,-581,39.7040,13.0816
59.6,26752,467,33,-546,39.6895,13.0623
57.9,24932,469,40,-548,39.6903,13.0495
54.2,25822,467,43,-603,39.6929,13.0177
54.4,25087,462,42,-581,39.6891,13.0480
66.1,26059,471,34,-496,39.6872,13.0395
64.6,25751,463,37,-494,39.6963,13.0834
67.9,26789,470,34,-497,39.6938,13.0757
64.2,26594,469,36,-508,39.7100,13.0935
54.0,25390,470,47,-609,39.6942,13.0447
55.0,25384,467,32,-576,39.6934,13.0438
57.3,25216,463,28,-557,39.6881,13.0046
54.6,25463,470,37,-581,39.6838,13.0069
57.7,26155,468,36,-562,39.7034,13.0758
59.6,25418,462,27,-526,39.7021,13.0625
59.9,26150,463,30,-543,39.6944,13.0113
64.9,26500,470,45,-518,39.6958,13.0712
55.9,26211,467,34,-595,39.7050,13.0681
61.4,26691,472,30,-550,39.6902,13.0630
55.1,25639,471,31,-589,39.6945,13.0388
56.1,25225,469,38,-578,39.6870,13.0140
54.1,25684,469,49,-616,39.6820,13.0034
64.7,24986,470,31,-495,39.6814,13.0339
55.6,25857,467,33,-591,39.7002,13.0836
57.5,26507,472,38,-579,39.6767,13.0130
59.2,25389,463,35,-539,39.6998,13.0683
53.2,25181,467,33,-610,39.6903,13.0407
57.8,26568,467,34,-587,39.6961,13.0453
54.9,25558,463,36,-595,39.7074,13.0894
53.3,25870,463,46,-622,39.6880,13.0237
58.2,26364,465,29,-563,39.7095,13.0870
63.2,25954,462,39,-517,39.6952,13.0768
54.2,25156,466,34,-589,39.6924,13.0598
62.6,25517,467,34,-518,39.7031,13.0924
55.4,25101,471,40,-565,39.6898,13.0032
61.5,26606,470,28,-534,39.6984,13.0855
58.4,25651,465,36,-549,39.6846,13.0347
58.5,26138,467,36,-567,39.6832,13.0084
63.9,26079,470,45,-517,39.6892,13.0427
63.3,26191,470,33,-522,39.6870,13.0339
64.5,25031,471,32,-496,39.6904,13.0571
59.7,25972,470,34,-548,39.6966,13.0750
53.8,25241,465,40,-608,39.6969,13.0587
64.7,25865,466,47,-518,39.6821,13.0443
58.7,26842,465,27,-562,39.6981,13.0288
57.4,25637,467,42,-569,39.6950,13.0557
61.5,26603,464,44,-545,39.6832,13.0073
59.4,26149,465,33,-554,39.6892,13.0373
60.7,24931,470,39,-516,39.6968,13.0398
63.3,25628,463,31,-506,39.6978,13.0671
57.3,26736,467,35,-586,39.6860,13.0108
66.2,26536,463,40,-513,39.6981,13.0998
57.9,26040,464,37,-558,39.6854,13.0223
58.8,25767,471,31,-553,39.7089,13.0902
60.9,26437,471,32,-541,39.6892,13.0287
61.6,25421,467,38,-521,39.6905,13.0301
56.9,25351,472,40,-559,39.7011,13.0587
55.2,25719,465,36,-590,39.6938,13.0733
60.7,25998,463,33,-542,39.6946,13.0392
62.2,26779,465,31,-532,39.7026,13.0722
58.8,25710,467,33,-558,39.6990,13.0674
61.8,26196,472,39,-541,39.6792,13.0210
59.2,25629,469,43,-550,39.7033,13.0823
55.8,25410,465,37,-576,39.6869,13.0232
65.1,26597,464,37,-510,39.7049,13.0962
55.5,26331,467,33,-607,39.6945,13.0478
56.7,26376,466,38,-581,39.6820,13.0096
56.3,25460,470,38,-564,39.6918,13.0257
60.9,26655,468,45,-560,39.6765,13.0177
59.1,25643,469,34,-547,39.6935,13.0447
57.7,25437,468,41,-571,39.6798,13.0176
57.0,26767,463,40,-587,39.6865,13.0088
58.9,26920,467,34,-557,39.6824,13.0180
58.6,26452,468,43,-570,39.6772,13.0066
65.3,26626,465,38,-504,39.6983,13.0727
54.5,25262,467,48,-600,39.6885,13.0266
55.8,25675,464,29,-576,39.7064,13.0671
55.0,25223,468,31,-581,39.6855,13.0209
58.3,26321,471,34,-558,39.6832,13.0100
56.0,26705,471,36,-607,39.6864,13.0512
68.3,25921,463,40,-470,39.6871,13.0589
57.8,26281,470,30,-559,39.6865,13.0300
57.0,26836,472,35,-584,39.6942,13.0178
59.8,25411,467,45,-540,39.6962,13.0613
56.4,25428,472,43,-568,39.6779,13.0192
64.1,25316,468,37,-500,39.6915,13.0529
54.8,25370,466,32,-582,39.6950,13.0755
56.8,26284,466,43,-575,39.6885,13.0308
59.9,25353,463,43,-550,39.6892,13.0346
62.5,26665,465,42,-549,39.6843,13.0252
59.4,25884,469,42,-549,39.6857,13.0344
63.9,26635,470,33,-514,39.6946,13.0717
66.3,26516,469,32,-504,39.6944,13.0531
60.0,26850,465,30,-545,39.7073,13.0930
57.1,25875,469,37,-564,39.6885,13.0355
66.8,26243,465,37,-481,39.6814,13.0265
55.8,25330,464,43,-583,39.6983,13.0807
56.9,26593,462,29,-573,39.7060,13.0751
54.8,25653,467,32,-590,39.6917,13.0323
57.9,25514,463,33,-561,39.6914,13.0170
60.5,24948,469,43,-535,39.6826,13.0473
58.2,24936,468,30,-534,39.6921,13.0091
55.1,25004,470,37,-571,39.7016,13.0598
58.7,26235,466,42,-562,39.6918,13.0301
66.0,26869,467,43,-517,39.6980,13.0922
59.9,25108,463,39,-535,39.6918,13.0702
54.5,24938,467,30,-578,39.7106,13.0944
67.0,25763,471,34,-479,39.6958,13.0774
58.9,26736,468,37,-571,39.6926,13.0687
65.0,25600,465,34,-493,39.6901,13.0570
63.4,26453,462,29,-518,39.6975,13.0421
55.6,26470,470,34,-604,39.6857,13.0301
67.8,26858,467,27,-483,39.6914,13.0698
65.1,26068,465,39,-494,39.6825,13.0099
61.6,25386,469,26,-521,39.7000,13.0411
55.9,25697,470,33,-585,39.7048,13.0956
61.6,24955,466,48,-525,39.6903,13.0435
61.8,25026,471,44,-526,39.6858,13.0422
55.1,26190,472,43,-600,39.6944,13.0309
55.7,25508,463,44,-583,39.6921,13.0459
54.6,24942,471,36,-590,39.6844,13.0308
64.5,25300,468,39,-496,39.6894,13.0630
55.9,25252,471,32,-570,39.6819,13.0012
64.8,25940,467,34,-505,39.6784,13.0223
55.5,26549,465,44,-600,39.6789,13.0203
58.9,25993,469,38,-549,39.6897,13.0511
59.7,25336,465,37,-535,39.6950,13.0176
66.5,25983,464,34,-499,39.7042,13.0981
57.7,25112,466,36,-547,39.7011,13.0808
60.4,26806,465,33,-557,39.6961,13.0489
58.7,26744,470,40,-576,39.6743,13.0120
58.6,25578,464,38,-554,39.7001,13.0677
58.6,26172,462,33,-554,39.7050,13.0891
59.8,25767,470,39,-540,39.6904,13.0119
58.3,26602,467,48,-576,39.6923,13.0682
61.7,26836,470,34,-534,39.7076,13.0828
59.3,25288,470,32,-538,39.6977,13.0759
57.2,26526,472,46,-594,39.6833,13.0100
53.6,25005,470,42,-602,39.6961,13.0635
63.2,26433,465,33,-530,39.6969,13.0815
60.6,25399,469,28,-517,39.6982,13.0694
56.0,26497,463,41,-589,39.6875,13.0075
57.1,26342,471,37,-565,39.7045,13.0640
66.6,25546,466,28,-484,39.6909,13.0528
61.4,25231,465,31,-515,39.6879,13.0390
59.9,24992,464,44,-527,39.6956,13.0658
56.7,25576,468,28,-554,39.7027,13.0743
60.9,24969,467,45,-531,39.6913,13.0266
65.6,26559,463,38,-508,39.6918,13.0660
62.0,25851,468,44,-528,39.6931,13.0845
63.7,25914,465,42,-516,39.6986,13.0688
59.0,25809,464,38,-559,39.6937,13.0789
63.0,26536,470,33,-530,39.6877,13.0170
57.5,26487,462,29,-572,39.6840,13.0052
62.2,25572,463,40,-527,39.7079,13.0876
59.9,26090,470,27,-544,39.6881,13.0111
57.2,26309,463,31,-570,39.6922,13.0415
56.7,26421,466,42,-582,39.6894,13.0104
62.4,26305,469,38,-531,39.6869,13.0517
55.8,26450,469,36,-600,39.6946,13.0396
55.0,25509,465,33,-599,39.7058,13.0725
56.0,25637,470,38,-569,39.6834,13.0063
57.5,25120,466,33,-547,39.6996,13.0874
57.0,25468,464,42,-567,39.6988,13.0545
62.4,25986,463,40,-538,39.6837,13.0149
57.1,25678,471,42,-558,39.6823,13.0112
58.6,26258,472,32,-553,39.7019,13.0870
58.0,26668,466,31,-578,39.6945,13.0663
59.2,26853,468,31,-554,39.6767,13.0116
54.9,24982,466,32,-577,39.7023,13.0823
66.2,25935,463,25,-486,39.6925,13.0351
63.3,25213,470,39,-505,39.7004,13.0835
62.4,25010,471,37,-514,39.6946,13.0700
60.5,26769,463,40,-543,39.6929,13.0674
63.2,25973,463,33,-512,39.6905,13.0212
57.0,25552,470,29,-558,39.6911,13.0103
59.5,26088,463,35,-549,39.6901,13.0582
61.3,26914,471,24,-533,39.7047,13.0626
56.7,26019,470,39,-580,39.7039,13.0975
59.9,25569,464,34,-550,39.6912,13.0281
57.2,25761,468,41,-562,39.6919,13.0477
57.5,25330,464,41,-565,39.6967,13.0662
66.7,26081,466,27,-489,39.7045,13.0969
60.1,26778,463,24,-543,39.6990,13.0326
57.4,26013,470,30,-575,39.7097,13.0947
57.7,25695,465,30,-560,39.6943,13.0646
67.5,26747,471,35,-492,39.6869,13.0287
59.8,26041,469,40,-550,39.6864,13.0060
57.9,26236,468,42,-578,39.6866,13.0419
67.9,26365,469,35,-485,39.6849,13.0612
55.4,25665,466,31,-577,39.6899,13.0545
63.2,24934,465,36,-500,39.7104,13.0969
58.4,25175,472,33,-536,39.6917,13.0343
57.3,25859,472,31,-567,39.6971,13.0581
57.5,25341,467,34,-563,39.6884,13.0240
54.0,25277,469,40,-611,39.6886,13.0410
56.4,25038,468,34,-566,39.6952,13.0351
55.0,26075,466,38,-598,39.6973,13.0504
59.6,26064,467,36,-549,39.6999,13.0612
65.7,26668,463,26,-504,39.6982,13.0704
54.4,25343,471,41,-598,39.6824,13.0216
56.6,25085,468,43,-566,39.6835,13.0052
59.2,26446,463,45,-561,39.7003,13.0895
60.6,25177,472,32,-525,39.6897,13.0507
67.8,26894,465,32,-499,39.6789,13.0199
62.0,26916,471,26,-530,39.6979,13.0663
57.2,25059,463,26,-542,39.6965,13.0395
66.2,26178,471,37,-501,39.6821,13.0444
59.6,25265,471,32,-537,39.6998,13.0436
56.8,26492,465,36,-578,39.6890,13.0445
61.9,26183,463,39,-538,39.6832,13.0572
58.7,25844,467,34,-567,39.6872,13.0416
62.8,25075,472,40,-501,39.6786,13.0114
67.8,26535,471,28,-481,39.6844,13.0159
57.1,26583,471,46,-596,39.6897,13.0514
65.1,26270,466,37,-513,39.6813,13.0437
63.3,26538,468,41,-524,39.6788,13.0164
61.9,26455,471,38,-541,39.6889,13.0476
54.0,25829,463,41,-606,39.6978,13.0651
61.9,25932,467,43,-531,39.6808,13.0251
57.7,25084,469,33,-561,39.6865,13.0458
57.4,25304,468,37,-574,39.6856,13.0282
57.4,25266,464,27,-542,39.7030,13.0649
57.5,26621,468,42,-591,39.6920,13.0583
63.7,25643,464,34,-502,39.6951,13.0636
58.0,26568,465,35,-574,39.7035,13.0710
57.9,25902,471,41,-572,39.6856,13.0086
59.4,25053,466,36,-541,39.6855,13.0054
62.4,26372,462,27,-523,39.6993,13.0711
59.0,26315,468,37,-574,39.6868,13.0081
58.8,26743,471,35,-562,39.7002,13.0663
63.9,25165,466,38,-492,39.6790,13.0154
55.1,26144,466,35,-600,39.6918,13.0193
55.7,26617,471,40,-600,39.6953,13.0748
57.3,26797,469,30,-586,39.6914,13.0123
55.9,26006,466,40,-590,39.7078,13.0958
61.0,25803,466,36,-532,39.7050,13.0717
60.2,26763,469,42,-560,39.7004,13.0903
59.3,25330,471,34,-545,39.6807,13.0277
55.3,25947,467,37,-587,39.6813,13.0054
59.6,25106,463,30,-531,39.6953,13.0327
61.6,26064,469,39,-533,39.6890,13.0732
68.8,26609,468,30,-475,39.7078,13.0965
58.7,26404,471,38,-561,39.6895,13.0496
55.1,25203,465,42,-571,39.6996,13.0864
55.8,25635,469,45,-576,39.6860,13.0294
64.6,26719,472,32,-510,39.6790,13.0339
66.9,26672,468,41,-511,39.6887,13.0554
66.4,25267,470,38,-480,39.6990,13.0956
53.3,25185,471,39,-605,39.6868,13.0267
60.3,26481,464,36,-549,39.6939,13.0696
64.1,26622,469,31,-522,39.6942,13.0840
60.1,25440,463,46,-554,39.6950,13.0907
68.0,26602,465,39,-489,39.6844,13.0233
67.8,26627,463,39,-495,39.6902,13.0884
60.4,26053,470,38,-542,39.7058,13.0970
67.0,26760,462,23,-488,39.6858,13.0053
54.8,25114,467,39,-581,39.6852,13.0129
58.8,25659,472,35,-552,39.6894,13.0375
60.7,26846,465,35,-558,39.6827,13.0266
65.2,26430,471,38,-501,39.7028,13.0911
66.2,25191,465,36,-479,39.6837,13.0112
60.5,26476,465,38,-552,39.6980,13.0678
64.2,25757,472,42,-519,39.6875,13.0645
64.2,25714,462,34,-503,39.6786,13.0145
54.2,25364,472,38,-594,39.6891,13.0321
53.1,25097,463,39,-611,39.6882,13.0193
65.5,26304,464,45,-520,39.6830,13.0317
59.6,26051,463,47,-555,39.6883,13.0282
64.2,26353,466,39,-511,39.6937,13.0887
56.9,26814,468,30,-589,39.6915,13.0410
62.1,26229,466,27,-518,39.7034,13.0593
55.2,25077,471,36,-573,39.6898,13.0228
59.2,25846,468,39,-553,39.7015,13.0797
67.7,26326,466,34,-482,39.6900,13.0137
64.5,26134,471,37,-497,39.6796,13.0115
55.6,25851,465,36,-577,39.6926,13.0210
56.7,25876,467,42,-565,39.7010,13.0916
63.5,25701,463,41,-511,39.6904,13.0740
68.7,26880,470,35,-489,39.6781,13.0099
55.4,25947,471,30,-581,39.6878,13.0506
56.6,26806,470,36,-585,39.7017,13.0868
68.4,26162,465,36,-477,39.6789,13.0136
57.1,26907,468,31,-582,39.6977,13.0447
63.4,25323,465,48,-522,39.6801,13.0131
58.3,26150,465,42,-572,39.6968,13.0722
55.1,25778,465,39,-582,39.6818,13.0112
59.1,25769,465,39,-552,39.7037,13.0618
54.9,25421,465,42,-588,39.7036,13.0932
55.6,25031,469,31,-571,39.6997,13.0669
62.5,26484,467,38,-533,39.7039,13.0975
61.0,25706,468,40,-531,39.7002,13.0595
62.6,26892,463,40,-545,39.6967,13.0941
56.9,25825,468,42,-581,39.6913,13.0628
64.0,24961,471,44,-503,39.6932,13.0746
54.7,25551,466,36,-593,39.6912,13.0363
57.7,26206,465,37,-560,39.6935,13.0378
60.6,25493,467,40,-527,39.6826,13.0064
59.5,25512,468,45,-546,39.6934,13.0527
66.1,26780,471,33,-507,39.6981,13.0890
55.6,25858,467,32,-594,39.6882,13.0026
57.3,25463,471,45,-576,39.7020,13.0720
65.9,25946,462,30,-496,39.6862,13.0391
67.2,26347,465,37,-492,39.6889,13.0741
57.9,24982,464,33,-542,39.7055,13.0978
64.0,25257,464,32,-507,39.6931,13.0581
62.6,26089,470,45,-531,39.6877,13.0415
61.0,26317,469,46,-550,39.6955,13.0609
55.4,25284,469,25,-568,39.7012,13.0454
55.3,26289,462,36,-594,39.7000,13.0729
54.2,24956,462,35,-593,39.6948,13.0320
65.9,26658,462,37,-507,39.6781,13.0088
62.8,26130,462,26,-511,39.6908,13.0182
58.6,25075,466,38,-543,39.6978,13.0423
54.7,25612,472,44,-593,39.6841,13.0300
63.3,26593,466,27,-520,39.6883,13.0069
66.7,26283,468,34,-499,39.6922,13.0827
64.9,26153,463,40,-508,39.6843,13.0154
56.0,25040,468,40,-562,39.6912,13.0533
55.2,25821,471,40,-582,39.6973,13.0562
58.3,25394,470,28,-539,39.6809,13.0105
57.8,26007,470,33,-570,39.6879,13.0315
61.2,26282,472,37,-552,39.6792,13.0283
65.9,26153,462,41,-510,39.6872,13.0484
62.4,25503,469,42,-521,39.6872,13.0588
56.4,25190,462,31,-567,39.6912,12.9997
55.4,25201,463,39,-588,39.7019,13.0738
61.1,24951,463,34,-514,39.6940,13.0783
59.8,26315,464,43,-550,39.6948,13.0487
61.2,25745,468,35,-534,39.6856,13.0273
57.8,26045,463,26,-555,39.6807,13.0037
63.1,25889,463,36,-526,39.6749,13.0179
62.6,25641,466,31,-514,39.7025,13.0612
58.9,26156,466,44,-566,39.6854,13.0353
60.6,26429,465,38,-546,39.6772,13.0219
65.8,26066,463,27,-491,39.7010,13.0988
63.5,26017,468,36,-512,39.6885,13.0576
65.6,26302,464,41,-518,39.6815,13.0073
62.8,25264,463,34,-515,39.6987,13.0704
63.0,25159,464,32,-514,39.6910,13.0354
64.6,25961,470,44,-509,39.6903,13.0460
65.3,26815,467,32,-511,39.7020,13.0870
55.8,26239,465,39,-590,39.6865,13.0484
54.9,26423,463,45,-603,39.6880,13.0316
61.2,25308,471,40,-526,39.7003,13.0727
53.9,25148,467,48,-601,39.6811,13.0166
64.1,25580,462,38,-509,39.6930,13.1002
66.8,26182,463,29,-496,39.6975,13.0815
56.3,25946,468,39,-574,39.6977,13.0428
55.4,26252,467,37,-591,39.6975,13.0790
63.6,25626,471,35,-517,39.7017,13.0962
60.7,26843,472,25,-537,39.6923,13.0242
60.9,26672,468,38,-546,39.6991,13.0916
59.2,26857,470,32,-568,39.6794,13.0055
62.7,25594,470,39,-502,39.6964,13.0746
59.4,25203,464,38,-530,39.6912,13.0243
62.5,26698,464,34,-542,39.6776,13.0152
63.6,26202,469,45,-523,39.6942,13.0988
62.0,26867,469,31,-531,39.6893,13.0247
56.2,26478,471,37,-582,39.6917,13.0385
57.1,25443,468,42,-568,39.6992,13.0786
67.2,25849,463,38,-487,39.6818,13.0365
56.6,26263,470,38,-579,39.7023,13.0851
56.5,25640,472,25,-563,39.6995,13.0480
60.1,26750,466,31,-550,39.6977,13.0926
59.0,24982,469,42,-538,39.6942,13.0673
62.6,25239,468,31,-510,39.6902,13.0204
57.8,25816,467,42,-561,39.6857,13.0066
64.8,25344,467,38,-486,39.6899,13.0387
54.6,25126,463,42,-584,39.7068,13.0734
64.4,25706,466,40,-507,39.7061,13.0961
58.8,25176,467,40,-539,39.7010,13.0851
62.6,24984,462,35,-501,39.6970,13.0237
60.9,25268,463,42,-521,39.6928,13.0344
60.9,26448,470,43,-548,39.6893,13.0226
63.7,25197,463,35,-504,39.6942,13.0446
54.7,25889,469,39,-594,39.7015,13.0647
56.5,25091,465,41,-556,39.6916,13.0219
61.0,26063,469,32,-525,39.6959,13.0220
63.4,26006,464,31,-509,39.7040,13.0879
64.6,25408,470,36,-513,39.6875,13.0337
65.8,26179,471,42,-508,39.6912,13.0812
58.3,26440,466,30,-555,39.6934,13.0051
61.0,26868,471,28,-538,39.6896,13.0051
63.9,25292,463,28,-501,39.6935,13.0751
59.2,26155,469,42,-557,39.6849,13.0288
64.3,26362,467,39,-517,39.6886,13.0800
62.0,25904,469,31,-523,39.7050,13.0685
63.9,26701,471,31,-524,39.6970,13.0756
63.2,25147,472,36,-506,39.6762,13.0080
57.6,26546,472,37,-584,39.6892,13.0565
54.9,26271,466,40,-598,39.6911,13.0410
58.8,26343,467,34,-568,39.7014,13.0932
61.0,25352,465,33,-534,39.6866,13.0624
67.4,26364,472,34,-491,39.6883,13.0432
62.4,26169,466,32,-522,39.6991,13.0612
62.8,24938,467,39,-499,39.6948,13.0475
60.1,25235,471,42,-539,39.6923,13.0634
61.7,25002,470,38,-513,39.6922,13.0136
56.5,25870,464,32,-565,39.6868,13.0219
55.2,24990,467,42,-566,39.6886,13.0141
58.5,25313,466,41,-541,39.6935,13.0678
55.8,24938,471,43,-581,39.6801,13.0135
63.1,26695,470,27,-529,39.6928,13.0405
55.7,25646,470,42,-576,39.7031,13.0857
61.7,26320,467,39,-532,39.6852,13.0227
62.1,25366,472,35,-517,39.7064,13.0869
59.0,25005,465,27,-536,39.6854,13.0243
62.6,25562,465,34,-516,39.6907,13.0435
57.3,26439,467,28,-575,39.7040,13.0718
55.0,26254,465,35,-608,39.6973,13.0685
66.2,26075,467,32,-486,39.6946,13.0282
63.6,24951,469,39,-507,39.6859,13.0302
58.4,26608,463,38,-560,39.6878,13.0256
64.9,26121,469,36,-517,39.6949,13.0787
59.3,25258,469,45,-547,39.6992,13.1002
58.5,26499,469,37,-581,39.6846,13.0139
62.9,26370,464,30,-520,39.7000,13.0709
57.6,26709,468,30,-577,39.7099,13.0881
54.9,24990,472,33,-579,39.6950,13.0312
64.5,26198,472,29,-503,39.6929,13.0574
57.3,26847,467,45,-591,39.6956,13.0383
59.2,26096,468,41,-568,39.6904,13.0896
57.2,24996,471,34,-569,39.6791,13.0117
62.6,25612,467,25,-508,39.6951,13.0504
64.3,25218,463,38,-503,39.6893,13.0492
61.2,26115,466,43,-537,39.6874,13.0388
66.1,26683,463,41,-508,39.6860,13.0537
59.1,26584,471,29,-561,39.6904,13.0568
56.2,25616,472,37,-568,39.6936,13.0519
56.4,25688,464,41,-571,39.6825,13.0275
64.1,26513,471,34,-533,39.6823,13.0255
62.8,26225,465,31,-523,39.6971,13.0614
57.2,25794,471,31,-565,39.6885,13.0242
56.2,25944,469,31,-581,39.6935,13.0191
65.2,25681,468,32,-493,39.7005,13.0987
64.9,26417,466,41,-515,39.6835,13.0438
60.2,25916,465,42,-548,39.6953,13.0335
55.3,25624,463,40,-580,39.7017,13.0660
62.0,26083,469,32,-524,39.7037,13.0582
58.0,25285,471,29,-547,39.6997,13.0377
66.2,26045,463,40,-489,39.6866,13.0232
64.2,26440,464,36,-521,39.6926,13.0726
59.6,25484,463,39,-534,39.6855,13.0416
61.7,25844,468,40,-542,39.6970,13.0827
67.6,26184,470,27,-477,39.6754,13.0166
57.4,26517,468,39,-571,39.6978,13.0653
67.2,26181,464,27,-483,39.7039,13.0992
60.3,25689,465,44,-547,39.6991,13.0827
61.2,25596,468,45,-540,39.6868,13.0448
57.2,26451,464,35,-578,39.6960,13.0461
58.7,26450,469,32,-558,39.6781,13.0070
57.8,25372,466,38,-553,39.6861,13.0547
57.7,26399,464,40,-573,39.7075,13.0741
63.0,25312,462,23,-499,39.7060,13.0625
66.3,26038,466,34,-489,39.6910,13.0188
63.9,25348,462,31,-502,39.6975,13.0758
56.2,25122,462,33,-565,39.6977,13.0889
57.6,25165,466,28,-555,39.6951,13.0144
52.8,25554,467,43,-624,39.6822,13.0063
65.2,26776,468,42,-519,39.6804,13.0249
55.9,25539,463,38,-576,39.6903,13.0162
66.3,25261,467,39,-484,39.7035,13.0856
59.4,26415,468,35,-557,39.6797,13.0063
60.7,26396,469,34,-550,39.6907,13.0708
59.7,25253,464,39,-543,39.6887,13.0300
58.1,25771,467,46,-560,39.6852,13.0476
54.4,26119,471,40,-610,39.7019,13.0549
59.3,25042,462,28,-529,39.6957,13.0504
62.7,26201,467,37,-521,39.6975,13.0533
60.0,25412,466,40,-535,39.7041,13.0635
55.3,25550,471,38,-578,39.6936,13.0429
63.9,26770,465,43,-523,39.6885,13.0400
56.9,26239,469,39,-568,39.7069,13.0747
61.7,26811,464,35,-547,39.6960,13.0902
62.4,25715,472,32,-515,39.6840,13.0451
56.7,25430,470,33,-565,39.7011,13.0573
57.2,26812,467,44,-582,39.6919,13.0330
55.4,25260,462,27,-564,39.7000,13.0297
59.3,26203,470,36,-559,39.6906,13.0702
62.7,24983,466,32,-522,39.6866,13.0293
56.9,26918,465,31,-588,39.6889,13.0084
55.4,25366,464,41,-579,39.6974,13.0775
55.6,25924,465,44,-603,39.6918,13.0531
58.8,25997,468,31,-547,39.6901,13.0370
63.3,26014,472,33,-507,39.7077,13.0743
54.0,25161,466,38,-595,39.7015,13.0501
62.8,26495,466,46,-542,39.6886,13.0751
57.1,26561,471,40,-598,39.6751,13.0244
60.8,26257,470,25,-531,39.7044,13.0521
59.3,25928,472,44,-546,39.6794,13.0295
65.4,25051,471,29,-481,39.6925,13.0829
69.5,26819,464,28,-479,39.7047,13.0958
63.9,25370,464,49,-512,39.6928,13.0625
64.4,25373,472,41,-508,39.6925,13.0304
58.7,25416,465,36,-549,39.6771,13.0065
64.2,26224,463,35,-522,39.6957,13.0781
64.9,25634,463,33,-500,39.6830,13.0540
60.7,26376,469,37,-563,39.6926,13.0820
54.9,26432,464,43,-611,39.6977,13.0627
58.7,26822,464,30,-567,39.6830,13.0069
55.3,25090,467,29,-567,39.6835,13.0143
61.5,25223,468,46,-525,39.6881,13.0319
59.8,26403,468,39,-553,39.6868,13.0351
56.3,25022,471,31,-556,39.6895,13.0371
59.3,25524,471,33,-546,39.6866,13.0490
55.0,25392,470,38,-590,39.6828,13.0123
66.5,26776,463,43,-516,39.6859,13.0742
57.1,26595,468,31,-577,39.6806,13.0207
57.0,25075,464,40,-567,39.6913,13.0675
63.8,26204,468,34,-517,39.6822,13.0314
63.5,25228,471,44,-507,39.6941,13.0679
55.7,26463,463,32,-600,39.6830,13.0183
60.4,25938,462,39,-541,39.6785,13.0267
55.2,25909,468,35,-597,39.6982,13.0583
59.3,26114,472,38,-552,39.6945,13.0549
68.5,25828,468,32,-467,39.6912,13.0559
53.5,25896,470,52,-621,39.6923,13.0365
57.6,25364,465,42,-564,39.6966,13.0434
55.4,25848,466,35,-590,39.6892,13.0183
57.0,26350,469,38,-571,39.6842,13.0280
53.7,25205,469,30,-593,39.7059,13.0729
61.3,26885,464,40,-537,39.6822,13.0294
57.8,25589,467,38,-569,39.7014,13.0880
60.1,25312,471,39,-542,39.7059,13.0845
54.6,25570,470,33,-591,39.6871,13.0011
58.3,25450,464,28,-549,39.6941,13.0457
56.8,26170,468,33,-574,39.7010,13.0887
54.7,25166,469,43,-599,39.6977,13.0675
65.8,26390,469,27,-501,39.6922,13.0498
57.5,26417,470,30,-559,39.7047,13.0755
58.2,26793,464,39,-578,39.6854,13.0076
63.7,26120,468,42,-512,39.6769,13.0215
63.5,26856,470,40,-516,39.6855,13.0467
62.9,24958,466,38,-512,39.6980,13.0945
61.3,25520,469,30,-517,39.6844,13.0291
61.6,26418,462,27,-527,39.6991,13.0442
60.7,25712,463,40,-539,39.7051,13.0778
64.5,25103,462,35,-496,39.7059,13.0937
65.7,26505,472,43,-517,39.6927,13.0799
61.3,26638,470,36,-549,39.6808,13.0102
67.2,26563,469,36,-480,39.6918,13.0803
61.5,25852,462,40,-519,39.7077,13.0940
58.5,25963,462,33,-560,39.7062,13.0702
59.5,26655,465,33,-552,39.6914,13.0433
62.1,26817,471,30,-527,39.6951,13.0786
62.6,26089,463,37,-524,39.6895,13.0356
57.7,25827,466,39,-565,39.7037,13.0922
64.4,26882,470,36,-512,39.6860,13.0200
68.1,25731,471,32,-472,39.6804,13.0117
64.0,26925,470,25,-514,39.6938,13.0482
63.4,26063,463,41,-526,39.6936,13.0823
60.2,25856,469,38,-539,39.6881,13.0438
60.4,26248,469,41,-551,39.6882,13.0506
63.3,25334,469,32,-509,39.6953,13.0635
62.1,25633,469,37,-527,39.6900,13.0624
57.7,26386,470,35,-557,39.6961,13.0124
